stop_id,stop_name,grupo_stop_id
01020A00-CIRGPRIETO,Circuito Interior - Guillermo Prieto,0
0100L1-PANTITLAN,Pantitlán,1
01023D00-TEXACALCOT,Texacalco - Tecamachalco,2
01023D00-TEXACALCO,Texacalco ,3
01023D01-TEXATLATUL,Texacalco - Fuente de Templanza Atlatunco,4
01023D01-ATLATULTLAX,Fuente de Templanza Atlatunco - Tlaxcatitlán,5
01023D01-ATLATULCHAY,Fuente de Templanza Atlatunco - Chayiyicame,6
01023D00-ATLATULCO,Fuente de Templanza Atlatunco - Acuezunco,7
01023D00-FTESTECAMA,Av. de las Fuentes - Tecamachalco,8
0100C831-FTEJUANARCO,Av. de las Fuentes - Fuente Juana de Arco,9
01023D00-TRITONJUANA,Fuente de Tritones - Juana de Arco,9
01023D01-GTAVFUENTS,Glorieta Av. de las Fuentes,9
01023D00-TRITONADAN,Fuente de Tritones - Fuente de Adán,10
01023C00-ESIA,ESIA,11
01023C01-AGUAESIA,Agua Caliente - ESIA,12
01023C00-AGUAESIA,Agua Caliente - ESIA,12
01023C01-AGUALEONES,Agua Caliente - Fuente de los Leones,13
01023C01-NINOAGUILA,Fuente del Niño - Fuente de las Águilas,14
01023C01-TRITONINO,Fuente de Tritones - Fuente del Niño,15
01023B01-SRRSTAROSM,Sierra Santa Rosa - Muinura,16
01023B01-SANISIDRO,San Isidro,17
01023B01-SRRSTAROS4,Sierra Santa Rosa - Calle 4,18
01023B01-SRRSTAROS10,Sierra Santa Rosa - Calle 10,19
01023B01-SRRSTAROS13,Sierra Santa Rosa - Calle 13,20
01023B01-SRRSTAROSA,Sierra Santa Rosa - Calle 16,21
01023B00-ONTARIOATTE,Lago Ontario - Lago Atter,22
01023B00-ONTARIOLORE,Lago Ontario - San Lorenzo,23
01023B00-GOLFONTARI,Golfo del Eden - Lago Ontario,24
01023B00-MNALGOLFOE,Av. Marina Nacional - Golfo del Eden,25
01023A00-CETRAMTAC2,CETRAM Tacuba 2,26
010C1900-MTROTACUBA,Base Metro Tacuba,26
01023A00-CETRAMTACU,CETRAM Tacuba,26
01023A00-PIPILANARCI,Blvd. Pipila - Narciso de Mendoza,27
01023A00-PIPILACONSC,Blvd. Pipila - Av. del Conscripto,28
01023A00-LERMAMEDIC,Av. Río Lerma - Especialidades Médicas,29
01023A00-ESPMEDICAS,Especialidades Médicas,30
01023A01-LERMAFCOME,Acueducto Río Lerma - Narciso Mendoza,31
0100C831-FTEPIRAMIDE,Av. de las Fuentes - Fuente Piramide,32
01023A01-AGUILAVFTES,Fuente de las Águilas - Av. de las Fuentes,32
01023A01-TRITONAVFTE,Fuente de Tritones - Av. de las Fuentes,33
01023A01-TRITONAGUIL,Fuente de Tritones - Fuente de las Águilas,34
0100C831-TECTRITONES,Puente de Tecamachalco - Fuente tritones,35
01023A00-IMLTRTECAMA,Industria Militar - Puente Tecamachalco,35
01023A01-IMLTRTECAMA,Industria Militar - Puente Tecamachalco,35
01023A00-IMLTRMEDICS,Industria Militar - Especialidades Médicas,36
01023A01-IMLTRMEDICS,Industria Militar - Especialidades Médicas,36
01023A00-IMLTRCESAR,Industria Militar - Gral. Cesareo Castro,37
01023A01-IMLTRCESAR,Industria Militar - Gral. Cesareo Castro,37
01023A01-IMLTRABRAH,Industria Militar - Gral. Abraham Cepeda,38
01023A00-IMLTRABRAH,Industria Militar - Gral. Abraham Cepeda,39
01023A01-IMLTRILDEFO,Industria Militar - Gral. Ildefonso Vazquez (Velatorio),40
01023A00-IMLTRILDEFO,Industria Militar - Gral. Ildefonso Vazquez (Velatorio),41
01023A00-IMLTRJCABRL,Industria Militar - Gral. Juan Cabral,42
01023A01-IMLTRJCABRL,Industria Militar - Gral. Juan Cabral,42
01023A01-IMLTRAPERIF,Industria Militar - Anillo Periférico,43
01023A00-CLEGARIAPER,Calz. Legaria - Anillo Periférico,44
01023A00-CLEGARIARDZ,Calz. Legaria - Presa Rodríguez,45
01023A01-CLEGARIARDZ,Calz. Legaria - Presa Rodríguez,45
01023A01-CLEGARIAPRD,Calz. Legaria - Presa Endo,46
01023A00-CLEGARIAPRE,Calz. Legaria - Presa Salinillas Presa Don Martín,47
01023A01-CLEGARIAPRE,Calz. Legaria - Presa Angostura,48
01023A00-CLEGARIAMON,Calz. Legaria - Glorieta de la Moneda,49
01023A01-CLEGARIARIO,Calz. Legaria - Río San Joaquín,50
01023A00-CLEGARIARIO,Calz. Legaria - Río San Joaquín,51
01023A01-CLEGARIAGIN,Calz. Legaria - Ginebra,52
01023A00-GTAPANTEONF,Glorieta del Panteón Frances,53
01023A01-CLEGARIAC2,Calz. Legaria - Calle 2,54
01023A00-CLEGARIASTA,Calz. Legaria - Glorieta Santa Cruz Cacalco,55
01023A01-CLEGARIATIT,Calz. Legaria - Lago Atitlan,56
01023A00-CLEGARIATIT,Calz. Legaria - Lago Atitlan,57
01023A01-CLEGARIAGTA,Calz. Legaria - Glorieta Ignacio Allende,58
01023A00-CLEGARIAGTA,Calz. Legaria - Glorieta Ignacio Allende,59
01023A01-CLEGARIAFPE,Calz. Legaria - Felipe Carrillo Puerto,60
010C1100-FCPLEGARIA,Felipe Carrillo Puerto - Calz. de Legaria,60
01023A00-CLEGARIAFPE,Calz. Legaria - Felipe Carrillo Puerto,61
01023A00-CLEGARIAIZA,Calz. Legaria - Lago Izabal,62
01023A00-CLEGARIASUP,Calz. Legaria - Lago Superior,63
010C1150-EJ1NREFORMA,Eje 1 Norte Rayón - Av. Paseo de la Reforma,64
0100Z120-FLORESMAGO1,Flores Magón ,65
010C1150-RFMEJCTRALC,Ricardo Flores Magón - Eje Central Lázaro Cardenas,65
010C1151-RFMEJCTRALC,Ricardo Flores Magón - Eje Central Lázaro Cardenas,65
010C1150-RFMLERDO,Ricardo Flores Magón - Lerdo,66
010C1150-RFMISSSTE,Ricardo Flores Magón - Tienda ISSSTE,67
010C1150-RFMZARCO,Ricardo Flores Magón - Zarco,68
010C1151-RFMZARCO,Ricardo Flores Magón - Zarco,68
010C1150-RFMGUERRERO,Ricardo Flores Magón - Guerrero,69
010C1151-RFMGUERRERO,Ricardo Flores Magón - Guerrero,69
010C1150-RFMZARAGOZA,Ricardo Flores Magón  - Zaragoza,70
0100Z120-FLORESMAGO2,Flores Magón ,70
010C1150-RFMSABINO,Ricardo Flores Magón - Sabino,71
010C1151-RFMFRESNO,Ricardo Flores Magón - Fresno,72
010C1150-RFMLAUREL,Ricardo Flores Magón - Laurel,72
010C1150-RFMFRESNO,Ricardo Flores Magón - Fresno,73
010C1151-RFMCEDRO,Ricardo Flores Magón - Cedro,74
010C1150-RFMCEDRO,Ricardo Flores Magón - Cedro,74
010C1150-RFMNOGAL,Ricardo Flores Magón - Nogal,75
010C1150-MAESGALLOS,Av. de los Maestros - Calz. de los Gallos,76
010C1151-GAONAMILITAR,Rodolfo Gaona - Av. Ingenieros Militares,77
010C1151-SOTELORNO102,Lomas de Sotelo - Retorno 102,78
010C1151-SOTELOJOAQ,Lomas de Sotelo - Av. Río San Joaquín,79
010C1151-JOAQMOLIERE,Av. Río San Joaquin - Moliere,80
010C1151-JOAQ,Av. Río San Joaquin - Lago Erne,81
010C1151-HIELMARJOAQ,Lago Hielmar - Av. Río San Joaquin,82
010C1151-HIELMARGINEB,Lago Hielmar - Lago Ginebra,83
010C1151-CHIEMLGNAUR,Lago Chiem - Lago Naur,84
010C1100-FCPLGOCHIEM,Felipe Carrillo Puerto - Lago Chiem,85
010C1151-FCPLAGOCHIEM,Felipe Carrillo Puerto - Lago Chiem,85
010C1100-FCPCJONLUZ,Felipe Carrillo Puerto - Callejón de la Luz,86
010C1151-FCPCJONLUZ,Felipe Carrillo Puerto - Callejón de la Luz,86
010C1151-FCPSNJUANICO,Felipe Carrillo Puerto - San Juanico,87
010C1100-FCPJUANICO,Felipe Carrillo Puerto - Callejón San Juanico,87
010C1151-FCPESPIRIDIN,Felipe Carrillo Puerto - Lago Espiridino,88
010C1151-FCPCONSTANZ,Felipe Carrillo Puerto - Lago Constanza,89
010C1900-MNALFPECPTO,Marina Nacional - Felipe Carrillo Puerto,89
010C1100-FCPCONSTANZ,Felipe Carrillo Puerto - Lago Constanza,89
010C1151-RFMLERDO,Ricardo Flores Magón - Lerdo,90
010C1151-REFRFLORESM,Av. Paseo de la Reforma - Ricardo Flores Magón,91
0100Z170-MTRO18MARZ,Metro 18 de Marzo,92
0100Z170-PTO41,Punto 41,93
0100Z170-PTO42,Punto 42,94
0100Z170-PTO43,Punto 43,95
0100Z170-PTO44,Punto 44,96
0100Z170-PTO45,Punto 45,97
0100Z170-PTO46,Punto 46,98
0100Z170-PTO47,Punto 47,99
0100Z170-PTO48,Punto 48,100
0100Z170-PTO38,Punto 38,101
0100Z120-MAREJADA,Marejada,101
0100Z170-PTO36,Punto 36,102
0100Z120-ANDADOR23,Andador 23,102
0100Z170-PTO34,Punto 34,103
0100Z120-DESEMBOCA1,Desembocadura,103
0100Z170-PTO35,Punto 35,104
0100Z170-PTO22,Punto 22,105
0100Z170-PTO19,Punto 19,106
0100Z170-PTO21,Punto 21,107
0100Z170-PTO20,Punto 20,108
0100Z170-PTO32,Punto 32,109
0100Z170-PTO18,Punto 18,110
0100Z170-PTO17,Punto 17,111
0100Z170-PTO16,Punto 16,112
0100Z170-PTO31,Punto 31,113
0100Z170-CTOCEREMON,Circuito Ceremonial,114
0100Z170-PTO30,Punto 30,115
0100Z170-AVCAPRI,Av. Capri,116
0100Z170-PTO24,Punto 24,117
0100Z170-VATICANO2,Vaticano,118
0100Z170-VATICANO1,Vaticano,118
0100Z170-PTO23,Punto 23,119
0100Z170-PTO29,Punto 29,120
0100Z170-PTO27,Punto 27,121
0100Z170-PTO28,Punto 28,122
0100Z170-PTO26,Punto 26,123
0100Z170-STACECILIA,Santa Cecilia,124
0100Z170-IZCALLI,Izcalli,125
0100Z170-PTO10,Punto 10,126
0100Z170-TENAYO,Tenayo,127
0100Z120-MTROLARAZA,Metro La Raza,128
0100C710-EJCTRAMRAZA,Eje Central - Metro La Raza,128
0100Z150-LARAZA,La Raza,128
0100Z150-BUSESNTE,Autobuses del Norte,129
0100Z120-CTRALDELNTE,Central del Norte,129
0100Z150-INSTPETRO,Instituto del Petróleo,130
0100Z150-PTO18,Punto 18,131
0100Z150-PTO17,Punto 17,132
0100Z150-PTO19,Punto 19,133
0100Z150-PTO20,Punto 20,134
0100Z150-PTO21,Punto 21,135
0100Z150-PTO23,Punto 23,136
0100Z120-URANIO,Uranio,136
0100Z120-PUNTO63,Punto 63,137
0100Z150-PTO24,Punto 24,137
0100Z120-AVTICOMAN,Av. Ticomán,138
0100Z150-PTO25,Punto 25,138
0100Z150-PTO26,Punto 26,139
0100Z150-PTO27,Punto 27,140
0100Z150-PTO28,Punto 28,141
0100Z150-PTO29,Punto 29,142
0100Z150-PTO30,Punto 30,143
0100Z120-AVCIMA2,Av. Cima ,143
0100Z150-PTO31,Punto 31,144
0100Z120-DESEMBOCA2,Desembocadura ,144
0100Z150-PTO32,Punto 32,145
0100Z150-PTO33,Punto 33,146
0100Z150-PTO34,Punto 34,147
0100Z150-PUERTO,Puerto,148
0100Z150-PTO46,Punto 46,149
0100Z150-PTO47,Punto 47,150
0100Z150-PTO42,Punto 42,151
0100Z150-PTO41,Punto 41,152
0100Z150-PTO55,Punto 55,153
0100Z150-PTO54,Punto 54,154
0100Z150-PTO40,Punto 40,155
0100Z150-PTO39,Punto 39,156
0100Z150-PTO53,Punto 53,157
0100Z150-PTO52,Punto 52,158
0100Z150-EDOMEX,Estado de México,159
0100Z150-NAYARIT,Nayarit,160
0100Z150-PTO44,Punto 44,161
0100Z150-PTO43,Punto 43,162
0100Z150-CHIAPAS,Chiapas,163
0100Z150-TABASCO,Tabasco,164
0100Z150-PTO50,Punto 50,165
0100Z150-GPECHALMA,Guadalupe Chalma,166
0100Z150-PTO49,Punto 49,167
0100Z150-COLOSIO,Colosio,168
010C1800-MAVILACMAES,Blvd. Manuel Avila C. y de los Maestros,169
0100Z140-PTO119,Punto 119,169
0100Z140-PONCIANOARR,Ponciano Arriaga,170
0100Z140-PTO104,Punto 104,171
0100Z140-SNANDRES,San Andrés,172
0100Z140-PRINCIPAL,Principal,173
0100Z140-CALLEPINO,Calle Pino,174
0100Z140-AVGUSTBAZ,Av. Gustavo Baz,175
0100Z140-AVGVOBAZ,Av. Gustavo Baz,176
0100Z140-AVRIOLERMA,Av. Río Lerma,177
0100Z140-ROBERTOFULT,Roberto Fulton,178
0100Z140-AVHGO,Av. Hidalgo,179
0100Z140-PTO117,Punto 117,180
0100Z140-AYUNTAMIENTO,Ayuntamiento,181
0100Z140-PTO118,Punto 118,182
0100Z140-PTO115,Punto 115,183
0100Z140-ZUMPANGO,Zumpango,184
0100Z140-CUAUHTEMOC,Cuauhtémoc,185
0100Z140-POPOCATEPE,Popocatepetl,186
0100Z140-PTO109,Punto 109,187
0100Z140-MORELS,Morelos,188
0100Z140-MORELOS,Morelos,189
0100Z140-BERRIOZABAL,Berriozabal,190
0100Z140-VGUERRERO,Vicente Guerrero,191
0100Z140-IZTACCIHUATL,Iztaccihuatl,192
0100Z140-MARIOCOLIN,Mario Colin,193
0100Z140-DRAUGUSTO,Av. Doctor Augusto,194
0100Z140-DURANGO,Durango,195
0100Z140-AVSTAROSA,Av. Santa Rosa,196
01ITEC11-COVADONGA,Covadonga,196
01ITEC10-COVADONG,Covadonga,196
0100Z140-AVDROSALES,Av. de los Rosales,197
0100Z140-AVROSALES,Av. de los Rosales,198
0100Z140-SANJUAN,San Juan,199
01ITEC10-SANJUANIXTA,Camino a San Juan Ixtacala,199
0100Z140-BERILIO,Berilio,200
0100Z140-ALAMO,Alamo,201
0100Z140-TENAYUCA,Tenayuca,202
0100Z140-XOCHITL,Xóchitl,203
0100Z140-TEZOZOMOC,Tezozomoc,204
0100Z140-ACUETENAYUC,Acueducto - Tenayuca,205
0100Z140-AND17A,Andador 17-A,206
0100Z140-CALLNTE23A,Calle Norte 23A,207
0100Z140-NTE27,Norte 27,208
0100Z140-PTE134,Poniente 134,209
0100Z140-NTE35,Norte 35,210
0100Z140-MONTEVIDEO,Montevideo,211
0100Z140-PTE146,Poniente 146,212
0100Z140-POLIPARADERO,Paradero Politécnico,213
0100Z140-PTE156,Poniente 156,214
0100Z140-LAPATERA,La Patera,215
0100Z140-JUPITER,Júpiter,216
0100Z140-PINOSUAREZ,Pino Suárez,217
0100Z140-NAUECATEPEC,Naucalpan - Ecatepec,218
0100Z140-TRESENEGAS,Tres Enegas,219
01ITEC10-AV3ACALZVALL,Av. 3A y Calz. Vallejo,220
0100Z140-AV3A,Av. 3A,220
0100Z140-PROGRESONAL,Progreso Nacional,221
0100Z140-CALLE5,Calle 5,222
0100Z140-ROJOGOMEZ,Rojo Gómez,223
0100Z140-CALLE4,Calle 4,224
0100Z140-CJONEZAPATA,Callejón Emiliano Zapata,225
0100Z140-2DACDAEZAPAT,2da cerrada Emiliano Zapata,226
0100Z140-JUVENTINOROS,Juventino Rosas,227
0100Z140-CALLE10,Calle 10,228
0100Z140-VENTISCA,Ventisca,229
0100Z140-AVACUEDUCTO,Av. Acueducto,230
0100Z140-CHEDRAUI,Chedraui,231
0100Z140-51TEMOLUCO,51 del Temoluco,232
0100Z140-TUBERIAS,Tuberias,233
0100Z140-PROINDUSTRIA,Promoción Industrial,234
0100Z140-SOLIDARIDAD,Solidaridad,235
0100Z140-LUISESPINOZA,Luis Espinoza,236
0100Z140-15DICIEMBRE,15 de Diciembre,237
0100Z140-EZAPATA,Emiliano Zapata,238
0100Z140-BJUAREZ,Benito Juárez,239
0100Z140-TENAYCHALMIT,Tenayuca - Chalmita,240
0100Z140-AROANOVA,Antonio Roanova,241
0100Z140-GABINOBARRED,Gabino Barreda,242
0100Z140-JAIMENUNO,Jaime Nuno,243
0100Z140-TECNOLOGICO,Av. Tecnológico,244
0100Z140-CIPRES,Cipres,245
0100Z140-EDOMEX,Estado de México,246
0100Z140-5MAYO,5 de Mayo,247
0100Z140-2DAFCOVILLA,2da Francisco Villa,248
0100Z140-DIAZORDAZ,Díaz Ordaz,249
0100Z140-MORELIA,Morelia,250
0100Z140-1RAFCOVILLA,1ra Francisco Villa,251
0100Z140-FCOVILLA,Francisco Villa,252
0100Z140-RANCHGRANDE,Rancho Grande,253
0100Z140-MLERDOTEJAD,Miguel Lerdo de Tejada,254
0100Z140-SANMIGUEL2,San Miguel,255
0100Z140-SANMIGUEL,San Miguel,256
0100Z140-GONZALOCURI,Gonzalo Curiel,257
0100Z140-GUTYCARDENS,Guty Cárdenas,258
0100Z140-CRROCONEJOS,Cerro de los Conejos,259
0100Z140-BARRCOBRE,Barranca del Cobre,260
0100Z140-CRROCHAPULT,Cerro de Chapultepec,261
0100Z140-CRROCUBILET,Cerro del Cubilete,262
0100Z140-INDIABONITA,India Bonita,263
0100Z140-CERROAZUL,Cerro Azul,263
0100Z140-BSCERROGORD,Base Cerro Gordo,264
0100Z140-LMESCONDIDA,Loma Escondida,265
0100Z140-CDASNMIGUEL,Cerrada San Miguel,266
0100Z140-BARRCHICA,Barranca Chica,267
0100Z140-AQSERDAN,Aquiles Serdán,268
0100Z140-SNMIGUEL,San Miguel,269
0100Z140-IGCOMONFORT,Ignacio Comonfort,270
0100Z140-BRISAS,Brisas,271
0100Z140-BASEMIGUEL,Base Miguel,272
0100Z140-AMAPOLAS,Amapolas,272
0100Z120-AVTEMOLUCO,Av. Temoluco,273
0100Z120-ENRICOMART,Enrico Mart,274
0100Z120-BALDERAS,Balderas,275
0100Z120-TRESGUERRAS,Tres Guerras,276
0100Z120-ATENAS,Atenas,277
010C1901-MRLSREFORM,Morelos  - Paseo de la Reforma,278
0100Z120-REFORMA,Reforma,278
0100Z120-ANTONIOCASO,Antonio Caso,279
0100Z120-VALLARTA,Vallarta,280
0100Z120-PONCIANOARR,Ponciano Arriaga,281
0100Z120-TOMASEDISON,Tomás Alba Edisón,282
010C1201-ALVAEDIARRIA,Tomas Alva Edison y Ponciano Arriaga,282
0100Z120-TOMASALBAE,Tomás Alba Edisón,283
0100Z120-PASEOREFORM,Paseo de la Reforma,283
0100Z120-IGNMARISCAL,Ignacio Mariscal,284
0100Z120-MIGUELHGO,Miguel Hidalgo,285
010C1600-ALVMETROHGO,Puente de Alvarado - Metro Hidalgo,285
010C1601-ALVGUERRERO,Puente de Alvarado - Guerrero,285
0100Z120-BUENAVISTA,Buenavista,286
0100Z120-HERFERROCAR,Héroes Ferrocarrileros,287
0100Z120-DONCELES,Donceles,288
0100Z120-MINA,Mina,289
0100Z120-JMENESES,J. Meneses,290
0100Z120-REPECUADOR,República Ecuador,291
0100Z120-LUNA,Luna,292
0100Z120-MANUCARPIO,Manuel Carpio,293
0100Z120-EJ2NTE,Eje 2 Norte,294
0100Z120-CALZSANSIMON,Calz. San Simón,295
0100Z120-EJE1PTE,Eje 1 Poniente,296
0100Z120-EJ1PTE,Eje 1 Poniente,297
0100Z120-VALLEJO,Vallejo,298
0100Z120-ENRIGRANADS,Enrique Granados,299
0100Z120-DEBUSSY,Debussy,300
0100Z120-JUVENTINORSS,Juventino Rosas,301
01020B00-JUVEROSEJECENT,Juventino Rosas - Eje Central,301
0100Z120-CHOPIN,Chopin,302
0100Z120-MASSENET,Massenet,303
0100Z120-CTOINTERIOR,Circuito Interior,304
0100Z120-AVEJECNTRAL,Av. Eje Central,305
0100Z120-JACLAVE,José A. Clave,306
0100Z120-JACLAVE1,José A. Clave,307
0100Z120-PARADERRAZA,Paradero La Raza,308
0100Z120-PTE106,Poniente 106,309
0100Z120-PTE1122,Poniente 112,310
010C1511-PTE112EJCLC,Poniente 112 - Eje Central Lázaro Cardenas,311
0100Z120-PTE1121,Poniente 112,311
010C1510-EJCTRLCARDEN,Eje Central Lázaro Cardenas Retorno,311
0100Z120-PTE118,Poniente 118,312
0100Z120-LOPEZVELARD,López Velarde,313
0100Z120-IMSS,IMSS,314
0100Z120-LATEJE4,Lat. Eje 4,315
010C1510-EJLCEJ4NFORT,Eje Central Lázaro Cardenas - Eje 4 Norte Av. Fortuna,315
0100Z120-PTE128,Poniente 128,316
0100Z120-PAYSANDU,Paysandu,317
0100Z120-RICARTE,Ricarte,318
0100Z120-ANDADTOR17A,Andador 17-A,319
0100Z120-PTE134,Poniente 134,320
0100Z120-EJ5NTE,Eje 5 Norte,321
0100Z120-OTAVALO,Otavalo,322
0100Z120-MPOLITECNICO,Metro Politécnico,323
0100Z120-POLITECNICO,Politécnico,324
01ITEC10-MPOLI,Metro Politécnico ,325
0100Z120-DIANA,Diana,325
0100Z120-AVEJECTRAL,Av. Eje Central,326
0100Z120-SANTANA,Santa Ana,327
0100Z120-MGLBERNARD,Miguel Bernard,328
0100Z120-PLANSANLUIS1,Plan de San Luis,329
0100Z120-PLANSANLUIS2,Plan de San Luis,329
0100Z120-ESCTURISMO,Escuela de Turismo,330
0100Z120-TEMPLODIANA2,Templo Diana ,331
0100Z120-TEMPLODIANA1,Templo Diana ,331
0100Z120-CANTIL,Cantil,332
0100Z120-AVCUAUTEPEC,Av. Cuautepec,333
0100Z120-AVCIMA1,Av. Cima ,334
0100Z120-INSULA,Insula,335
0100Z120-ANDADOR28,Andador 28,336
0100Z120-RIOSNJAVIER,Río San Javier,337
0100C831-MTEBLNCALPES,Monte Blanco - De los Alpes,338
0100C810-PALMSGORDA,Paseo de las Palmas - Sierra Gorda,339
0100C831-CALIPSOPALMA,MontaNas Calizas - Paseo de las Palmas,339
0100C831-TECACALL19,Puente de Tecamachalco - Calle 19,340
0100C831-FTESANSULPIC,Av. de las Fuentes - Fuente de San Sulpicio,341
0100C831-FTEAGUILAS,Av. de las Fuentes - Fuente de las Aguilas,342
0100C831-FTEAPOLO,Av. de las Fuentes - Fuente de Apolo,343
0100C831-BSQSBLVDLUZ,Av. de los Bosques - Blvd. Bosque de la Luz,344
0100C830-BSQSBLVDLUZ,Av. de los Bosques - Blvd. de la Luz,344
0100C830-BSQSFCASTRO,Av. de los Bosques - Fuente de Castro,345
0100C831-BSQSFCASTRO,Av. de los Bosques - Fuente de Castro,345
0100C830-BSQSLOURDES,Av. de los Bosques - Fuente de Lourdes,346
0100C831-BSQSLOURDES,Av. de los Bosques - Fuentes de Lourdes,346
0100C830-BSQSALEGRIA,Av. de los Bosques - Fuente de Alegría,347
0100C831-BSQSALEGRIA,Av. de los Bosques - Fuente de Alegría,347
0100C830-BSQSFTEMPER,Av. de los Bosques - Fuente del Emperador,348
0100C831-BSQSEMPERAD,Av. de los Bosques - Fuente del Emperador,348
0100C830-TECAMACHALC,Base Tecamachalco Fuente de Troya,349
0100C831-TECAMACHALC,Base Tecamachalco Superama Anáhuac,349
0100C830-FTESNPEDRO,Av. de las Fuentes - Fuente de San Pedro,350
0100C830-FTECONCORDI,Av. de las Fuentes - Fuente de Concordia,351
0100C830-BSQSAPOLO,Av. de los Bosques  - Fuente Apolo,352
0100C821-PLZBOSQUES,Plaza Bosques,353
0100C821-VIRRETARAHUM,De Los Virreyes - Sierra Tarahumara,354
0100C821-VIRREHIMALAY,De Los Virreyes - Montes Himalaya,355
0100C811-URALESVOLCN,Montes Urales - Volcán,356
0100C811-URALANDES,Montes Urales - Coordillera de los Andes,357
0100C811-ANDESMOJADA,Coordillera de los Andes - Sierra Mojada,358
0100C810-MOJACANDES,Sierra Mojada - Coordillera de los Andes,358
0100C810-PALMOJADA,Paseo de las Palmas - Sierra Mojada,359
0100C811-GAMONPALM,Sierra Gamón - Paseo de las Palmas,359
0100C810-PALMGAMON,Paseo de las Palmas - Sierra Gamón,359
0100C810-PALMSTANOVOI,Paseo de las Palmas - Monte Stanovoi,360
0100C811-PALMSTANOVOI,Paseo de las Palmas - Monte Stanovoi,360
0100C811-PALMTORRESP,Paseo de las Palmas - Torres Palmas,361
0100C811-PALMTETABOR,Paseo de las Palmas - Monte Tabor,362
0100C811-PALMSGORDA,Paseo de las Palmas - Sierra Gorda,363
0100C810-PALMVENTANA,Paseo de las Palmas - Sierra Ventana,364
0100C811-PALMPEROTE,Paseo de las Palmas - Cofre de Perote,364
0100C811-PALMCHIMBOR,Paseo de las Palmas - Monte Chimborazo,365
0100C811-PALMACONCAG,Paseo de las Palmas - Sierra Aconcagua,366
0100C810-PALMANTUCO,Paseo de las Palmas - Monte Antuco,367
0100C811-PALMANTUCO,Paseo de las Palmas - Monte Antuco,367
0100C811-PALMLIBANO,Paseo de las Palmas - Monte Líbano,368
0100C810-PALMLIBANO,Paseo de las Palmas - Monte Líbano,368
0100C811-PALMTARAHUM,Paseo de las Palmas - Sierra Tarahumara,369
0100C811-PALMROCALLO,Paseo de las Palmas - MontaNas Rocallosas,370
0100C811-PALMAUVERNIA,Paseo de la Reforma - Sierra Auvernia,371
0100C810-PALMAUVERNIA,Paseo de las Palmas - Auvernias,371
0100C811-PALMPASEOREF,Paseo de las Palmas - Paseo de la Reforma,372
0100C811-REFSIERBRENA,Paseo de la Reforma - Sierra BreNa,373
0100C811-REFWINFORD,Paseo de la Reforma - Castillo Winford,374
0100C811-REFCASTILCHA,Paseo de la Reforma - Castillo de Chapultepec,375
0100C811-REFRIVCUPIA,Paseo de la Reforma - Rivera de Cupia,376
0100C811-REFCONSTIYTS,Paseo de la Reforma - Constituyentes,377
0100C811-PTECONAFRUT,Puente Conafrut,378
010C1801-PREFSUR,Paseo de la Reforma y Prados Sur,379
0100C810-PRADNREFORM,Prado Norte - Paseo de la Reforma,379
0100C810-MOJAPRADONT,Sierra Mojada - Prado Norte,380
0100C810-PALMTETABOR,Paseo de las Palmas - Monte Tabor,381
0100C810-PALMSMAIKA,Paseo de las Palmas - Sierra Maika,382
0100C810-PALMCHIMBOR,Paseo de las Palmas - Monte Chimborazo,383
0100C810-PALMCALIZAS,Paseo de las Palmas - MontaNas Calizas,384
0100C810-PALMACONCAG,Paseo de las Palmas - Sierra Aconcagua,385
0100C810-PALMARARAT,Paseo de las Palmas - Monte Ararat,386
0100C810-PALMTARAHUM,Paseo de las Palmas - Sierra Tarahumara,387
0100C810-PALMROCALLO,Paseo de las Palmas - MontaNas Rocallosas,388
0100C810-REFSIERBRENA,Paseo de la Reforma - Sierra BreNa,389
0100C810-REFCMIRAMAR,Paseo de la Reforma - Castillo de Miramar,390
0100C810-REFRICUPIA,Paseo de la Reforma - Rivera de Cupia,391
0100C810-REFCONSTITYN,Paseo de la Reforma - Av. Constituyentes,392
0100C810-REFACUEDUCT,Paseo de la Reforma - Acueducto,393
0100C81-MCHAPULTEPE,Base Metro Chapultepec,394
010241-DNTECHAP,Sobre Av. Veracruz y Av. Chapultepec,394
0100C81-REFGANDHI,Paseo de la Reforma - Gandhi,395
0100C81-REFPETROLEO,Paseo de la Reforma - Fuente de Petróleos,396
010C1800-PREFPETRO,Paseo de la Reforma y Fuente de Petroleos,396
0100C80-REFURALES,Paseo de la Reforma - Montes Urales,397
0100C81-REFURALES,Paseo de la Reforma - Montes Urales,397
0100C81-REFMTEALTAI,Paseo de la Reforma - Monte Altai,398
0100C81-REFEXPLANADA,Paseo de la Reforma - Explanada,399
0100C81-REFMTEBLANCO,Paseo de la Reforma - Monte Blanco,400
0100C81-REFPRADOSUR,Paseo de la Reforma - Prado Sur,401
0100C81-REFMTELIBANO,Paseo de la Reforma - Monte Líbano,402
0100C80-REFMTELIBANO,Paseo de la Reforma - Monte Líbano,402
0100C81-REFEXPLANAD,Paseo de la Reforma - Explanada,403
0100C81-REFTARAHUPTE,Paseo de la Reforma - Sierra Tarahumara Poniente,404
0100C81-REFAPALACHES,Paseo de la Reforma - Montes Apalaches,405
0100C81-REFAUVERNIA,Paseo de la Reforma - Montes Auvernia,406
0100C81-REFSIXTLAN,Paseo de la Reforma - Sierra Ixtlán,407
0100C81-REFVERTIENTES,Paseo de la Reforma - Sierra Vertientes,408
0100C80-REFVERTIENTES,Paseo de la Reforma  - Sierra Vertientes,408
0100C81-REFAHUEHUETE,Bosque de Reforma - Paseo de los Ahuehuetes,409
0100C81-REFEBANOS,Bosque de Reforma - Bosque de Ebanos,410
0100C80-REFCIRUELOS,Bosques de Reforma - Bosques de Ciruelos,411
0100C81-REFCIRUELOS,Bosque de Reforma - Bosque de Ciruelos,411
0100C81-REFDURAZNOS,Bosque de Reforma - Bosque de Duraznos,412
0100C81-REFCHOPOS,Bosques de la Reforma - Bosques de Chopos,413
0100C81-REFBMAPLE,Bosques de la Reforma - Bosque de Maple,414
0100C81-REFBSQAILES,Bosques de la Reforma - Bosque Ailes,415
0100C81-REFMAGNOLIAS,Bosques de la Reforma - Bosque de Magnolias,416
0100C81-REFGUANACAST,Bosques de la Reforma - Bosque de Guanacastes,417
0100C81-REFPIRULES,Bosques de la Reforma - Bosque de Pirules,418
0100C80-REFCASTILLOS,Bosques de Reforma - Bosques de Castillos,418
0100C81-REFGARDENIAS,Bosques de la Reforma - Bosques de Gardenias,419
0100C81-STIMTERCERAS,Stim - Tercera Stim,420
0100C81-REFSECMARINA,Bosques de la Reforma - Secretaría de la Marina,421
0100C80-REFRECUERDO,Bosques de Reforma - Lomas del Recuerdo,422
0100C81-LRLSRECUERDO,Paseo de los Laureles - Loma del Recuerdo,422
0100C81-LRLSTORONJOS,Paseo de los Laureles - Bosque de Toronjos,423
0100C80-LRLESTORONJS,Paseo de los Laureles - Bosque de Toronjos,423
0100C81-LRLSTOSCANA,Paseo de los Laureles - Toscana,424
0100C81-LRLSTEPONAZTL,Paseo de los Laureles - Teponaztles,425
0100C80-LRLESTEPONAZ,Paseo de los Laureles - Bosque de Teponaztles,425
0100C81-LRLSZARZAS,Paseo de los Laureles - Bosque de Zarzas,426
0100C80-LRLESZARZAS,Paseo de los Laureles - Bosques de las Zarzas,426
0100C80-LRLESTEJOCOT,Paseo de los Laureles - Bosque de Tejocotes,427
0100C81-LRLSTEJOCOTS,Paseo de los Laureles - Bosque de Tejocotes,427
0100C80-LRLESBTULLAS,Paseo de los Laureles - Bosque de Tullas,428
0100C81-LRLSTULLAS,Paseo de los Laureles - Bosque de Tullas,428
0100C81-LRLSYUCAS,Paseo de los Laureles - Bosque de Yucas,429
0100C80-LRLESYUCAS,Paseo de los Laureles - Yucas,429
0100C81-LRLSTABACHINS,Paseo de los Laureles - Bosque de Tabachines,430
0100C81-LRLSALISOS,Paseo de los Laureles - Bosque de Alisos,431
0100C80-TMRNRADIATOS,Paseo de los Tamarindos - Bosque Radiatos,432
0100C81-TMRNRADIATOS,Paseo de los Tamarindos - Bosque de Radiatos,432
0100C81-TMRNPANTALN2,Paseo de los Tamarindos - Torre de Pantalón II,433
0100C80-TMRNPANTALN2,Paseo de los Tamarindos - Torre del Pantalón II,433
0100C80-TMRNPANTALN1,Paseo de los Tamarindos - Torre del Pantalón I,434
0100C81-TMRNPANTALN1,Paseo de los Tamarindos - Torre de Pantalón I,434
0100C81-LILASALISOS,Paseo de las Lilas - Bosque de Alisos,435
0100C80-LILASBALISOS,Paseo de Lilas - Bosque Alisos,435
0100C81-PTAMARINDOS,Base Paseo de los Tamarindos,436
0100C80-TAMARINDOS,Base Paseo de los Tamarindos,436
0100C80-MCHAPULTEP,Base Metro Chapultepec,437
0100C80-REFLAGO,Paseo de la Reforma - Lago,438
0100C80-REFPETROLEOS,Paseo de la Reforma - Fuente de Petróleos,439
0100C80-REFMTEALTAI,Paseo de la Reforma - Monte Altai,440
0100C80-REFEVEREST,Paseo de la Reforma - Monte Everest,441
0100C80-REFMTEBLANC,Paseo de la Reforma - Monte Blanco,442
0100C80-REFMTESPIRINE,Paseo de la Reforma - Montes Pirineos,443
0100C80-REFBACATETE,Paseo de la Reforma - Sierra Bacatete,444
0100C80-REFTARAHUMAR,Paseo de la Reforma - Sierra Tarahumara,445
0100C80-REFROCALLOS,Paseo de la Reforma - MontaNas Rocallosas,446
0100C80-REFMTEAVERNIA,Paseo de la Reforma - Montes Avernia,447
0100C80-REFSIERIXTLAN,Paseo de la Reforma - Sierra Ixtlán,448
0100C80-REFAHUEHUETE,Bosques de Reforma - Bosques de Ahuehuetes,449
0100C80-REFDURAZNOS,Bosques de Reforma - Bosques de Duraznos,450
0100C80-REFMANGOS,Bosques de Reforma - Bosques de Mangos,451
0100C80-REFCAPULINES,Bosques de Reforma - Bosques de Capulines,452
0100C80-REFBSQMAPLE,Bosques de Reforma - Bosque de Maple,453
0100C80-REFABEDULEs,Bosques de Reforma -  Bosques de Abedules,454
0100C80-REFMAGNOLIA,Bosques de Reforma - Bosques de Magnolia,455
0100C80-REFCOLORINES,Bosques de Reforma - Bosques de Colorines,456
0100C80-REFOLIVOS,Bosques de Reforma - Bosques de los Olivos,457
0100C80-REFCACAOS,Bosques de Reforma - Bosque de Cacaos,458
0100C80-STIMTERCERA,Stim - Stim La Tercera,459
0100C80-REFROYALREFO,Bosques de Reforma - Royal Reforma,460
0100C80-REFSMARINA,Bosques de Reforma - Secretaría de Marina,461
0100C80-LRLESTOSCANA,Paseo de los Laureles - Toscana,462
0100C80-LRLESTABACHIN,Paseo de los Laureles - Tabachines,463
010C1141-EJ1NXCALL6,Eje 1 Norte Xochimilco - Calle 6,464
010C1140-EJ1NXCALL6,Eje 1 Xochimilco - Calle 6,464
010C1141-CALL6HUASTEC,Calle 6 - Priv. Huasteca,465
010C1141-CALL6NTE,Calle 6 - Norte,466
010C1141-CALL6SNPABLO,Calle 6 - San Pablo,467
010C1140-CALL6PUEBLA,Calle 6 - Puebla,468
010C1141-CALL6PUEBLA,Calle 6 - Puebla,468
010C1141-IZARAGCALL6,Calz. Ignacio Zaragoza - Calle 6,469
010C1140-CNLSANJUAN,Base Anillo Periférico Canal de San Juan,470
010C1140-CALL6BLNCROS,Calle 6 - Blancas Rosas,471
010C1140-EJ1NXCALL5,Eje 1 Norte Xochimilco - Calle 5,472
010C1111-XCALL4,Xochimilco - Calle 4,473
010C1140-EJ1NXCALL4,Eje 1 Norte Xochimilco - Calle 4,473
010C1140-EJ1NXCALL3,Eje 1 Norte Xochimilco - Calle 3,474
010C1120-METROPANTITL,Base Metro Pantitlan,475
010C1111-MLEBRIJCALL1,Miguel Lebrija - Calle 1,476
010C1110-MIRONMSELVA,Salvador Díaz Mirón - Madre Selva,477
010C1111-MIRONPSL,Base Salvador Díaz Mirón - Plan de San Luis,477
010C1110-BASECALLE7,Base Calle 7,478
010C1110-EJ1NCALL6,Eje 1 Norte Xochimilco - Calle 6,479
010C1110-EJ1NCALL5,Eje 1 Norte Xochimilco - Calle 5,480
010C1110-EJ1NXCALL4,Eje 1 Norte Xochimilco - Calle 4,481
010C1110-EJ1NXCALL3,Eje 1 Norte Xochimilco - Calle 3,482
010C1110-EJ1NCATASTRO,Eje 1 Norte Talleres Gráficos - Catastro,483
010C1110-EJ1NAUDENAR,Eje 1 Norte Manuel Lebrija - Simón Audenaro,484
010C1101-EJ1NCTOINT,Eje 1 Norte José Antonio Alzate - Circuito Interior Av. Intituto Técnico Industrial,485
010C1110-EJ1NOGAL,Eje 1 Norte José Antonio Alzate - Nogal,485
010C1110-MIRONPRIVMIR,Base Salvador Díaz Mirón -  Priv. Díaz Mirón,486
010C1900-DMNTLEBRIJA,Santos Dumont - Eje 1 Norte Miguel Lebrija,487
010C1101-MLEBRISTOSDU,Miguel Lebrija - Santos Dumont,487
010C1101-EJ1NAEROTER2,Eje 1 Norte Fuerza Aérea Mexicana - Aeropuerto Terminal 2,488
010C1101-EJ1NAGRARIA,Eje 1 Norte Fuerza Aérea Mexicana - Comisión Nacional Agraria,489
010C1100-EJ1NAGRARIA,Eje 1 Norte Fuerza Aérea Mexicana - Comisión Nacional Agraria,489
010C1100-EJ1NHANGARES,Eje 1 Norte Fuerza Aérea Mexicana - Metro Hangares,490
010C1101-EJ1NHANGARES,Eje 1 Norte Fuerza Aérea Mexicana - Metro Hangares,490
010C1101-EJ1N17OTE174,Eje 1 Norte 17 - Oriente 174,491
010C1100-EJ1N17OTE178,Eje 1 Norte 17 - Oriente 178,491
010Z4J01-OTE172N171,Oriente 172 y Norte 17,492
010C1101-EJ1N17OTE172,Eje 1 Norte 17 - Oriente 172,492
010Z4J00-OTE172N170,Oriente 172 y Norte 17,492
010C1101-EJ1N17OTE160,Eje 1 Norte 17 - Oriente 160,493
010C1100-EJ1N17OTE156,Eje 1 Norte 17 - Oriente 156,494
010C1100-EJ1N17OTE158,Eje 1 Norte 17 - Oriente 158,494
010C1101-EJ1N17OTE156,Eje 1 Norte 17 - Oriente 156,494
010C1101-EJ1N17OTE146,Eje 1 Norte 17 - Oriente 146,495
010Z4I01-OTE146E1NTE2,Oriente 146 y Eje 1 Nte.,495
010Z4H01-OTE146E1NTE1,Oriente 146 y Eje 1 Nte.,495
010C1101-EJ1N17OTE138,Eje 1 Norte 17 - Oriente 138,496
010C1101-EJ1NFCINSDUS,Eje 1 Norte 17 - F. C. Industrial,497
010C1100-EJ1NCERILLER,Eje 1 Norte Hilanderos - Cerillera,498
010C1101-EJ1NANFORA,Eje 1 Norte Hilanderos - Anfora,498
010C1101-EJ1NEJ3OTE,Eje 1 Norte Hilanderos - Eje 3 Oriente Ing. Eduardo Molina,499
010Z4F01-EDMOLABAN,Eje 3 Ote. Ing Eduardo Molina y Eje 1 Nte. Abañiles,499
010C1100-EJ1NEJ3OTE,Eje 1 Norte Hilanderos - Eje 3 Oriente Eduardo Molina,500
010C1101-EJ1NAMELIA,Eje 1 Norte Hilanderos - Amelia,500
010C1101-EJ1NTAPICERI,Eje 1 Norte Hilanderos - Tapicería,501
010C1101-EJ1NEJ2OTE,Eje 1 Norte Hilanderos - Eje 2 Oriente Honorable Congreso de la Unión,502
010C1101-EJ1NHOJALATE,Eje 1 Norte Av. del Trabajo - Hojalatería,503
010C1101-EJ1NJARDINER,Eje 1 Norte Av. del Trabajo - Jardineros,504
010C1101-EJ1NPREFORM,Eje 1 Norte Mosqueta - Paseo de la Reforma,505
010C1001-MOSQUPREFOR,Mosqueta y Paseo de la Reforma,505
010C1001-MOSQULERDO,Mosqueta y Lerdo,506
010C1101-EJ1NLERDO,Eje 1 Norte Mosqueta - Lerdo,506
010C1101-EJ1NGUERRER,Eje 1 Norte Mosqueta - Metro Guerrero,507
010C1101-EJ1NINSURNTE,Eje 1 Norte Mosqueta - Av. de los Insurgentes Norte,508
010C1101-EJ1NSTAMARIA,Eje 1 Norte José Antonio Alzate - Santa María la Ribera,509
010C1001-JALZASTAMRIB,José Antonio Alzate y Santa María de la Ribera,509
010C1101-EJ1NSABINO,Eje 1 Norte José Antonio Alzate - Sabino,510
010C1101-EJ1NCEDRO,Eje 1 Norte José Antonio Alzate - Cedro,511
010C1100-RURALMAESTR,Maestro Rural - Av. de los Maestros,512
010C1101-MIRONMAESTR,Salvador Díaz Mirón - Av. de los Maestros,512
010C1101-FCPAVMXTCB,Felipe Carrillo Puerto - Av. México Tacuba,513
010C1100-FCPZIRAHUEN,Felipe Carrillo Puerto - Lago Zirahuen,513
010C1100-FCPLGOCHALC,Felipe Carrillo Puerto - Lago Chalco,514
010C1101-FCPLGCHALCO,Felipe Carrillo Puerto - Lago Chalco,514
010C1101-FCPCOLSALESI,Felipe Carrillo Puerto - Colegio Salesiano,515
010C1100-FCPCOLSALESI,Felipe Carrillo Puerto - Colegio Salesiano,515
010C1101-FCPFERROCUE,Felipe Carrillo Puerto - Ferrocarril de Cuernavaca,516
010C1100-FCPTEXCOCO,Felipe Carrillo Puerto - Lago Texcoco,517
010C1101-FCPMARKARA,Felipe Carrillo Puerto - Cerrada Mar de Kara,517
010C1101-FCPMARBLANC,Felipe Carrillo Puerto - Mar Blanco,518
010C1100-FCPLAGOTUS,Felipe Carrillo Puerto - Lago Tus,518
010C1101-FCPMARCHINA,Felipe Carrillo Puerto - Mar de China,519
010C1100-FCPMNOESCOB,Felipe Carrillo Puerto - Mariano Escobedo,520
010C1101-FCPGRALMNOE,Felipe Carrillo Puerto - Calz. Gral. Mariano Escobedo,520
0100C701-MNOEFPEPTO,Av. Mariano Escobedo - Felipe Carrillo Puerto,520
0100C700-MNOECPUERT,Gral. Mariano Escobedo - Carrillo Puerto,520
010C1101-FCPMARJONICO,Felipe Carrillo Puerto - Mar Jónico,521
010C1901-MNALFPECPTO,Marina Nacional - Felipe Carrillo Puerto,522
010C1101-FCPMARIRLAND,Felipe Carrillo Puerto - Mar Irlanda,522
010C1101-NAUCALARISTA,Calz. San Bartolo Naucalpan - Gral. Arista,523
010C1101-CUATROCNOS,Base Cuatro Caminos,524
010C1600-INGMUDEMET,Ingenieros Militares - Unidad Demet,524
010C1100-CUATROCNOS,Base Cuatro Caminos,525
010C1100-CANEBUENOSA,Lago Caneguín - Lago de Buenos Aires,526
010C1100-CANECARDIEL,Lago Caneguín - Lago Cardiel,527
010C1100-CANEVIEDMA,Lago Caneguín - Lago Viedma,528
010C1100-FCPAMANTLA,Felipe Carrillo Puerto - Lago Amantla,529
010C1100-FCPTAULEBE,Felipe Carrillo Puerto - Lago Taulebe,530
010C1100-FCPWINNIPEG,Felipe Carrillo Puerto - Lago Winnipeg,531
010C1100-FCPMARINANAL,Felipe Carrillo Puerto - Marina Nacional,532
010C1100-FCPLAGOCOMO,Felipe Carrillo Puerto - Lago Como,533
010C1100-EJ1NACIONAL,Eje 1 Norte Av. del Trabajo - Nacional,534
010C1100-EJ1NFERROCIN,Eje 1 Norte Av. del Trabajo - Ferrocarril de Cintura,535
010C1100-EJ1NDOBLADO,Eje 1 Norte Héroes de Granditas - Manuel Doblado,536
010C1100-EJ1NFLORIDA,Eje 1 Norte Héroes de Granaditas - Florida,537
010C1100-EJ1NREPARGEN,Eje 1 Norte Rayón - República Argentina,538
010C1100-EJ1NALLENDE,Eje 1 Norte Rayón - Allende,539
010C1100-EJ1NARANJO,Eje 1 Norte José Antonio Alzate - Naranjo,540
010C1100-EJ1NCEDRO,Eje 1 Norte José Antonio Alzate - Cedro,541
010C1100-MAESALZATE,Av. de los Maestros - José Antonio Alzate,542
010C1100-MXTCBMRURAL,Calz. México Tacuba - Maestro Rural,543
010C1601-MXTBRURAL,México-Tacuba - Maestro Rural,543
010C1100-FCPLAGOISEO,Felipe Carrillo Puerto - Lago Iseo,544
010C1100-EJ1NHERRERA,Eje 1 Norte Av. del Trabajo - José Joaquín Herrera,545
010C1100-METROPANTITL,Base Metro Pantitlán,546
010C1100-EJ1N17OTE172,Eje 1 Norte 17 - Oriente 172,547
010C1100-EJ1N17OTE170,Eje 1 Norte 17 - Oriente 170,548
010C1100-EJ1N17OTE152,Eje 1 Norte 17 - Oriente 152,549
010C1100-EJ1N17OTE142,Eje 1 Norte 17 - Oriente 142,550
010C1100-EJ1N17OTE136,Eje 1 Norte 17 - Oriente 136,551
010C1100-EJ1NANFORA,Eje 1 Norte Hilanderos - Anfora,552
010C17A0-AOBREZAPATA,Álvaro Obregón - Emiliano Zapata,553
010C17A1-AOBREIFABELA,Álvaro Obregón - Isidro Fabela,553
010C17A1-AOBREZAPATA,Álvaro Obregón - Emiliano Zapata,554
010C17A0-AOBRETEPETZ,Álvaro Obregón -  Tepetzingo,555
010C17A1-AOBRETEPETZ,Álvaro Obregón - Tepetzingo,555
010C17A1-KISKTONGARIR,Volcán Kiska - Volcán Tongariro,556
010C17A0-KISKTONGARIR,Volcán Kiska - Volcán Tongariro,556
010C17A0-AGUAKISKA,Volcán Agua - Volcán Kiska,557
010C17A1-KISKAGUA,Volcán Kiska - Volcán de Agua,557
010C17A1-AGUAFERNAND,Volcán de Agua - Volcán Fernandina,558
010C17A1-IZTACOAHUILT,Volcán Iztaccihuatl - Coahuiltecos,559
010C17A0-IZTAPOPOCATE,Volcán Iztaccihuatl - Volcán Popocatepetl,559
010C17A1-IZTAPACHES,Volcán Iztaccihuatl - Apaches,560
010C17A0-IZTAELBRUZ,Volcán Iztaccihuatl - Monte Elbruz,561
010C17A1-IZTACHONCHO,Volcán Iztaccihuatl - Chonchos,561
010C17A0-IZTACCOLIMA,Volcán Iztaccihuatl - Volcán Colima,562
010C17A1-IZTACOLIMA,Volcán Iztaccihuatl - Volcán Colima,562
010C17A1-OTOLACANDO,Otomíes - Lacandones,563
010C17A0-OTOLACANDON,Otomíes - Lacandones,563
010C17A1-OTOYAQUIS,Otomíes - Yaquis,564
010C17A1-OTONAHOAS,Otomíes - Nahoas,565
010C17A1-COLONOTOMI,Cristobal Colón - Otomíes,566
010C17A0-BASECANTERA,Base Cantera,567
010C17A0-KISKPURACE,Volcán Kiska - Volcán Purace,568
010C17A0-KISKTELICA,Volcán Kiska - Volcán Telica,569
010C17A0-IZTABATUR,Volcán Iztaccihuatl - Volcán Batur,570
010C17A0-IZTANEVADOT,Volcán Iztacciuatl - Volcán Nevado de Toluca,571
010C17A0-YAQZAPOTEC,Yaquis - Zapotecas,572
010C17A0-YAQNAHOAS,Yaquis - Nahoas,573
010C17A0-YAQTEPEHUAN,Yaquis - Tepehuanos,574
010C17A0-YAQTOTONOCA,Yaquis - Totonacas,575
010C17A0-TLALCOCHICH,Tlalcoligia - Chichimecas,576
010C1791-TLALAXCO,Base Tlalaxco México-Cuernavaca Libre,577
010C1790-TLALAXCO,Base Tlalaxco México-Cuernavaca Libre,577
010C1791-MXCUERKM23,México-Cuernavaca Libre - Km 23 Morelos,578
010C1791-MXCUERCLAVE,México-Cuernavaca Libre - Clavelito,579
010C1790-MXCUERCLAVE,México-Cuernavaca Libre - Clavelito,579
010C1791-MXCUERXOCHI,México-Cuernavaca Libre - Xóchitl,580
010C1790-MXCUERKM23,México-Cuernavaca Linre - Km 23 Morelos,580
010C1790-MXCUERANDRE,México-Cuernavaca Libre - Entrada a San Andrés Reforma,581
010C1791-MXCUERANDRE,México-Cuernavaca Libre - Entrada a San Andres,581
010C1791-MXCUERIXTLE,México-Cuernavaca Libre - Jardín Ixtle,582
010C1791-MXCUERKM21,México-Cuernavaca Libre - Km 21,583
010C1791-MXCUERXOLHA,México-Cuernavaca Libre - Hotel Xol-ha,584
010C1791-MXCUERLIRIO,México-Cuernavaca Libre - Lirio,585
010C1790-MXCUERCLAVL,México-Cuernavaca Libre - Clavel Norte,586
010C1791-MXCUERYUPAN,México-Cuernavaca Libre - Rey Yupanqui ,586
010C1791-CHIMALCANTER,Chimalcoyotl - Plaza Cantera,587
010C1790-MXCUERPRESA,México-Cuernavaca Libre - La Presa,588
010C1790-MXCUERTLALP,México-Cuernavaca Libre - Tlalpuente,589
010C1790-MXCUERKM21,México-Cuernavaca Libre - Km 21,590
0100C241-5MAYDILIGENC,Av. 5 de Mayo - Diligencias,591
010C1790-MXCUER5MAYO,México-Cuernavaca Libre - 5 de Mayo,591
01025B00-MIRAFORTIN,Canal de Miramontes y Fortín,592
01025B01-MIRACARRETA,Canal de Miramontes y Av. La Carreta,592
010C1781-MIRMCARRETE,Canal de Miramontes - Av. la Carretera,592
01025B01-MIRACANTARO,Canal de Miramontes y El Cántaro,593
010C1781-MIRMCANTARO,Canal de Miramontes - El Cantaro,593
010C1781-ACOXCNLMIRAM,Acoxpa - Canal de Miramontes,594
010241-ACOXMIRAM,Sobre Calz. Acoxpa y Canal de Miramontes,594
010C1780-ACOXCNLMIRAM,Acoxpa - Canal de Miramontes,594
010C1781-ACOXCATILLO,Acoxpa - Cerro de Catillo,595
010241-ACOXALTIL,Sobre Calz. Acoxpa y Altillo,595
010241-ACOXDN,Sobre Calz. Acoxpa y Av. División del Norte,596
010C1781-ACOXDVSNTE,Acoxpa - División del Norte,596
010C1781-ACOXJUANDIOS,Acoxpa - San Juan de Dios,597
010C1781-ACOXCLBDVO,Acoxpa - Club Deportivo Veracruz,598
010C1781-ACOXCLBLEON,Acoxpa - Club León,599
010C1781-ACOXPLZPASEO,Acoxpa - Plaza Paseo Acoxpa,600
010C1781-ACOXNECAXA,Acoxpa - Club Deportivo Necaxa,601
010241-ACOXNECX,Sobre Calz. Acoxpa y Club Necaxa,601
010240-ACOXTLAL,Sobre Calz. Acoxpa y Calz. De Tlalpan,602
0100C201-TLALPNACOXP,Tlalpan - Acoxpa,602
010241-CALZACOX,Sobre Calz. Acoxpa,602
010C1781-TLALACOXPA,Tlalpan - Acoxpa,602
010C1780-MIRAMTSZAPAT,Base Canal de Miramontes - Emiliano Zapata ,603
010C1780-ACOXPLZACOX,Acoxpa - Plaza Acoxpa,604
010240-ACOXMARTI,Sobre Calz. Acoxpa frente a Martí Terraza Coapa,604
010240-ACOXDN,Sobre Calz. Acoxpa y Av. División del Norte,605
010C1780-ACOXDVSNTE,Acoxpa - División del Norte,605
010240-ACOXACOX,Sobre Calz. Acoxpa y Av. Acoxpa,606
010C1780-ACOXPLZPASEO,Acoxpa - Plaza Paseo Acoxpa,606
010C1780-ACOXBORDO,Acoxpa - El Bordo,607
010240-ACOXBORD,Sobre Calz. Acoxpa y Av. El Bordo,607
010C1780-TLALVERGEL,Tlalpan- El Vergel,608
010C1771-FERINDUSTRIA,San Fernando - Industria,609
010C1770-FERFCOIMADE,San Fernando - Francisco I. Madero,609
010C1770-FERBJUAREZ,San Fernando - Benito Juárez,610
010C1771-FERMOCTEZUM,San Fernando - Moctezuma,610
010C1771-FERFARISSSTE,San Fernando - Farmacia del ISSSTE,611
010C1771-FERHPSIQUIAT,San Fernando - Hospital de Psiquiatría,612
010C1770-FERCJONSNFE,San Fernando - Callejón San Fernando,612
010C1771-FERGUARDER,San Fernando - Guarderia Infantil IMSS,613
010C1770-FERAYUNTAMI,San Fernando - Ayuntamiento,613
010C1771-FERISSSTE,San Fernando - ISSSTE,614
010C1770-FERIZARAGOZA,San Fernando - Ignacio Zaragoza,614
010C1771-FERZAPOTE,San Fernando - Zapote,615
010C1771-FERKIDZANIA,San Fernando - Entrada a Kidzania,616
010C1771-INSURCORREG,Insurgentes Sur - Corregidora,617
010C1771-CORREGBELISA,Corregidora - Belisario Domínguez,618
010C1771-CORREGISORJ,Corregidora - Sor Juana Inés de la Cruz,619
010C1771-SORJLEONAV,Sor Juana Inés de la Cruz - Leona Vicario,620
010C1771-SORJAYUNTAM,Sor Juana Inés de la Cruz - Ayuntamiento,621
010C1770-FBSORJUANA,Fuentes Brotantes - Sor Juana Inés de la Cruz,621
010C1770-FBMICHOACAN,Fuentes Brotantes - Michoacan,622
010C1771-FBMICHOACAN,Fuentes Brotantes - Michoacán,622
010C1771-FBGUADALAJA,Fuentes Brotantes - Guadalajara,623
010C1771-FBSANJUANRIO,Fuentes Brotantes - San Juan del Río,624
010C1771-FBMHGO,Fuentes Brotantes - Miguel Hidalgo,625
010C1771-FBOMBA,Fuentes Brotantes - La Bomba,626
010C1771-REYNTAMAULP,Reynosa - Tamaulipas,627
010C1770-FUENTESBROT,Base Fuentes Brotantes,627
010C1770-FERMAGISNAL,San Fernando - Magisterio Nacional,628
010C1770-FERLASFUENT,San Fernando - Las Fuentes,629
010C1770-FER11MARTIRE,San Fernando - 11 Mártires,630
010C1770-FERPLZHUIPUL,San Fernando - Plaza Huipulco,631
010C1770-AYUNINSURGS,Ayuntamiento - Insurgentes Sur,632
010C1770-AYUNCONFEDE,Ayuntamiento - Confederación,633
010C1770-AYUNFAMA,Ayuntamiento - La Fama,634
010C1770-FBGUADALAJA,Fuentes Brotantes - Guadalajara,635
010C1770-FBSANJUANRIO,Fuentes Brotantes - San Juan del Río,636
010C1770-FBMHGO,Fuentes Brotantes - Miguel Hidalgo,637
010C1750-FLAMNCPINOS,Base Flamencos y José María Pino Suárez,638
010C1701-BSNEZAPINO,Base Nezahulacoyotl - José María Pino Suárez,638
010C1740-JEROPINOSUA,Base San Jerónimo y José María Pino Suárez,639
010C1731-CUAUHTRABAJ,Cuauhtémoc - Del Trabajo,640
010C1731-EZAPCUAUHTE,Emiliano Zapata - Cuauhtémoc,641
010C1731-EZAPCONSTITU,Emiliano Zapata - Constitución,642
010C1730-EZAPTEPALCAT,Emiliano Zapata - Santiago Tepalcatlalpan,643
010C1731-EZAPTEPALCAT,Emiliano Zapata - Santiago Tepalcatlalpan,643
010C1731-SGOECARRANZ,Santiago Tepalcatlalpan - Emilio Carranza,644
010C1730-TOPIREFORMA,Xochimilco San Pablo Topilejo - Reforma,645
010C1731-TOPIREFORMA,Xochimilco San Pablo Topilejo - Reforma,645
010C1731-SGOCONSTITU,Santiago Tepalcatlalpan - Constitución,646
010C1730-TOPICONSTITU,Xochimilco San Pablo Topilejo - Constitución,646
010C1730-SGORIOTITLA,Santiago Tepalcatlalpan - Río Titla,647
010C1731-SGORIOTITLA,Santiago Tepalcatlalpan - Río Titla,647
010C1731-SGOXOCHIMIL,Santiago Tepalcatlalpan - Xochimilco,648
010C1730-SGOCHEDRAUI,Santiago Tepalcatlalpan - Chedraui,649
010C1731-SGOJACARAND,Santiago Tepalcatlalpan - Jacarandas,649
010C1731-ACUESNPABLO,Acueducto - San Pablo,650
010C1731-ACUECUAUHTE,Acueducto - Cuauhtémoc,651
010C1731-ACUECEREZOS,Acueducto - Cerezos,652
010C1731-ACUEARBOLED,Acueducto - Arboledas,653
010C1731-CNOXGPEIREZ,Antiguo Camino a Xochimilco - Guadalupe Inclan Ramírez,654
010C1711-GPEILANORIA,Guadalupe Inclan Ramírez - La Noria,654
010C1730-BSANTIAGO,Base Santiago,655
010C1730-EZAPNUEVA,Emiliano Zapata - Calle Nueva,656
010C1730-SGOACUEDUCT,Santiago Tepalcatlalpan - Av. Acueducto,657
010C1730-CNOXCRUZAZL,Antiguo Camino a Xochimilco - Deportivo Cruz Azul,658
010C1730-CNOXOLMEDO,Antiguo Camino a Xochimilco - Museo Dolores Olmedo,659
010C1730-CNOXCHGPEI,Antiguo Camino a Xochimilco - Guadalupe Inclan Ramírez,660
010C1721-BSDVOXOCH,Base Deportivo Xochimilco,661
01025A00-FRANCDEPOX0,Francisco Goytia y Deportivo Xochimilco,662
010C1721-FCOGOYDVO,Francisco Goytia - Deportivo,662
01025A01-FRANCDEPOX1,Francisco Goytia y Deportivo Xochimilco,662
010C1721-DVNTEREDENC,Prol. División del Norte - Redención,663
010C1721-20NOVDVSNTE,20 de Noviembre - Prol. División del Norte,664
010C1721-20NOVGARGOL,20 de Noviembre - Gargolas,665
010C1721-20NOVRIOBLNC,20 de Noviembre - Mártires del Río Blanco,666
010C1721-20NOVELSAUZ,20 de Noviembre - El Sauz,667
010C1720-DVOXOCHIMILC,Base Deportivo Xochimilco,668
010C1720-16SEPHELIOTR,16 de Septiembre - Heliotropo,669
010C1720-16SEPGOYTIA,16 de Septiembre - Francisco Goytia,670
010C1720-20NOVAVMX,20 de Noviembre - Av. México,671
010C1711-16SEPINO,16 de Septiembre - Pino,672
01025C00-PINOHID,C. Pino y Hidalgo,672
010C1711-GPEICASTILLO,Guadalupe Inclan Ramírez - Pedro Ramírez del Castillo,673
01025D01-GPEMEXICO,Base en Av. Guadalupe I. Ramírez esquina con Av. México,674
010C1711-GPEIAVMX,Guadalupe Inclan Ramírez - Av. México,674
010C1710-PINOFCELADA,Pino - Fernando Celada,675
01025C01-GPEGLADIOLA1,Av. Guadalupe I. Ramírez y Gladiola,675
01025C00-GPEGLADIOLA0,Av. Guadalupe I. Ramírez y Gladiola,675
010C1711-GPEIGLADIOLA,Guadalupe Inclan Ramírez - Gladiola,675
01025C00-GPETABACH,Av. Guadalupe I. Ramírez y Tabachines,676
010C1711-GPEIZACATECS,Guadalupe Inclan Ramírez - Zacatecas,676
010C1710-GPEITABACHIN,Guadalupe Inclan Ramírez - Tabachines,676
01025C01-GPEZAC,Av. Guadalupe I. Ramírez y Zacatecas,676
01025C01-GPEDIVNORTE1,Av. Guadalupe I. Ramírez y Prol. Div. Del Norte,677
010C1711-GPEIDVSNTE,Guadalupe Inclan Ramírez - Prol. División del Norte,677
010C1711-GPEIDELRASTR,Guadalupe Inclan Ramírez - Del Rastro,678
010C1710-GPEIDVSNTE2,Guadalupe Inclan Ramírez - Prol. División del Norte II,678
010C1711-GPEIRUBELLON,Guadalupe Inclan Ramírez - Rubellón,679
010C1711-GPEIELSAUZ,Guadalupe Inclan Ramírez - El Sauz,680
010C1710-GPEIBERNARDI,Guadalupe Inclan Ramírez - San Bernardino,680
010C1711-GPEI20NOVIEM,Guadalupe Inclan Ramírez - 20 de Noviembre,681
010C1711-GPEICONA12,Guadalupe Inclan Ramírez - Conalep 12,682
010C1711-GPEICNOXCH,Guadalupe Inclan Ramírez - Antiguo Camino a Xochimilco,683
010C1711-GPEIABASOLO,Guadalupe Inclan Ramírez - Mariano Abasolo,684
010C1711-16SEPMHGO,16 de Septiembre - Miguel Hidalgo,685
010C1711-16SEPCALLEY,16 de Septiembre - Calle Y,686
010C1711-16SEPIALDAMA,16 de Septiembre - Ignacio Aldama,687
010C1711-16SEPNBRAVO,16 de Septiembre - Nicolás Bravo,688
010C1711-MXCHPVIRGEN,Calz. México - Xochimilco - Paseo de la Virgen,689
010C1710-GPEITRONQUE,Guadalupe Inclan Ramírez - Tronque,689
010C1710-MXCHTLPERIF,México-Xochimilco - Tren Ligero Periférico,690
010C1711-MXCHTLPERIF,Calz. México-Xochimilco - Tren Ligero Periférico,690
010C1711-MXCHIREHABI,Calz. México-Xochimilco - Instituto Nacional de Rehabilitación,691
010C1700-TLALMXOCHIM,Tlalpan - Calz. México-Xochimilco,692
010C1711-TLALMXOCHIM,Calz. de Tlalpan - México-Xochimilco,692
010C1710-PINOBJUAREZ,Base Pino - Benito Juárez,693
010C1710-PINOCASTILLO,Pino - Pedro Ramírez del Castillo,694
01025C00-PINOMAT,C. Pino y Matamoros,695
010C1710-PINOMATAMRS,Pino - Matamoros,695
010C1710-GPEIDVSNTE,Guadalupe Inclan Ramírez - Prol. División del Norte,696
01025C00-GPEDIVNORTE0,Av. Guadalupe I. Ramírez y Prol. Div. Del Norte,696
010C1710-GPEIRUBELLON,Guadalupe Inclan Ramírez - Rubellon,697
010C1710-GPEILANORIA,Guadalupe Inclan Ramírez - La Noria,698
010C1710-GPEIMHGO,Guadalupe Inclan Ramírez - Miguel Hidalgo,699
010C1710-GPEIALDAMA,Guadalupe Inclan Ramírez - Ignacio Aldama,700
010C1710-GPEINBRAVO,Guadalupe Inclan Ramírez - Nicolás Bravo,701
010C1710-GPEITLTEPEPA,Guadalupe Inclan Ramírez - Tren Ligero Tepepan,702
010C1710-GPEIPERIFERI,Guadalupe Inclan Ramírez - Periférico,703
010C1710-MXCHTRANSM,México-Xochimilco - Transmisiones,704
010C1710-MXCHXOMALI,México-Xochimilco - Xomali,705
010C1701-MXCUERDESNIV,Carretera México-Cuernavaca - Paso a Desnivel,706
0100C200-MXCUERPTBLN,Autopista México-Cuernavaca y Puente Blanco,707
010C1701-MXCUERPFED,Carretera México Cuernavaca - Policia Federal,707
0100C201-MXCUERPALMA,Autopista México-Cuernavaca y La Palma,708
010C1701-MXCUERPALMA,Carretera México-Cuernavaca - Puente Palma,708
0100C200-MXCUERPALMA,Autopista México-Cuernavaca - La Palma,708
010C1701-MXCUERPMILIT,Carretera México-Cuernavaca - Panteón Militar,709
010C1700-MXCUERNVIOL,Carretera México Cuernavaca - Puente Violeta,710
010C1701-MXCUERVIOLE,Carretera México-Cuernavaca - Puente Violeta,710
010C1701-MXCUER2DPTE,Carretera México-Cuernavaca - Segundo Puente,711
0100C200-MXCUERCLVNT,Autopista México-Cuernavaca - Clave Norte,711
010C1701-MXCUERPEDRO,Carretera México-Cuernavaca - Puente San Pedro,712
010C1701-MXCUERCHIMAL,Carretera México-Cuernavaca - Chimalcoyotl,713
0100C200-MXCUERPTEVH,Autopista México-Cuernavaca - Puente Vehícular,713
0100C201-TLALPNROSA,Tlalpan - La Rosa,714
010C1701-TLALAROSA,Tlalpan - La Rosa,714
0100C201-TLALPNSNFER,Tlalpan - San Fernando,715
010C1701-TLALCOAPA,Tlalpan - Coapa,715
010C1701-TLALCHIMALC,Tlalpan - Chimalcoyotl,716
0100C201-TLALPNINER,Tlalpan - INER,716
0100C200-TLALPNINER,Tlalpan e INER,716
010C1701-TLALXONTEPE,Tlalpan - Xontepec,717
0100C201-TLALPNHUIPLC,Tlalpan - Huipulco,718
010C1701-TLALHUIPULCO,Tlalpan - Huipulco,718
0100C211-LEDUCTLALPN,Renato Leduc - Tlalpan,719
010C1701-TLALRLEDUC,Tlalpan - Renato Leduc,719
010240-RLEDUCTLAL,Renato Leduc y Calz. de Tlalpan,719
010240-CTLAL7IMSS,Sobre Calz. Tlalpan y Clínica 7 del IMSS,720
010C1701-TLALCFEDVO,Tlalpan - CFE y Deportivo,720
0100C200-TLALPNHUIPUL,Tlalpan y Glorieta Huipulco,720
010C1701-TLALTLTORRES,Tlalpan - Tren Ligero Las Torres,721
010C1701-TLALMAQ,Tlalpan - Miguel Ángel de Quevedo,722
010C1701-TLALSNANDRES,Tlalpan - San Andrés,723
010C1701-TLALAMERICA,Tlalpan - América,724
010C1701-TLALIRLANDES,Tlalpan - Mártires Irlandeses,725
010C1701-TLALHERO47,Tlalpan - Héroes del 47,726
010C1700-TLALGRALANAY,Tlalpan - Metro General Anaya,727
010C1701-TLALGRALANAY,Tlalpan - Metro General Anaya,727
010C1701-TLALIMSSINDI,Tlalpan - IMSS Sindicato,728
010C1701-TLALVHERMOS,Tlalpan - Vista Hermosa,729
010C1701-TLALPOPOCATE,Tlalpan - Popocatepetl y Eje 8 Sur,730
010C1701-TLALERMITAL2,Tlalpan - Metro Ermita Línea 2,731
010C1701-TLALREPUBLIC,Tlalpan - Repúblicas,732
010C1701-TLALEZAPATA,Tlalpan - Emiliano Zapata,733
010C1701-TLALMPOLIBRE,Tlalpan - Municipio Libre,734
010C1701-TLALPORTALES,Tlalpan - Metro Portales,735
010C1701-TLALSTACRUZ,Tlalpan - Santa Cruz,736
010C1701-TLALIBERTAD,Tlalpan - Libertad,737
010C1701-TLALSNSIMON,Tlalpan - San Simón,738
010C1701-TLALPASCUALR,Tlalpan - Ing. Pascual O. Rubio,739
010C1700-TLALZACAHUIT,Tlalpan - Zacahuitzco,740
010C1701-TLALRODRIGZ,Tlalpan - Antonio Rodríguez,740
010C1701-TLALEJ6SMALT,Tlalpan - Eje 6 Sur Cumbres de Maltrata,741
010C1701-TLALMNATIVIT,Tlalpan - Metro Nativitas,742
010C1701-TLALRMILLAN,Tlalpan - Ramos Millán,743
010C1701-TLALCLINIC10,Tlalpan - Clínica 10,744
010C1701-TLALVILLCORT,Tlalpan - Metro Villa de Cortes,745
010C1700-TLALVILLCORT,Tlalpan - Metro Villa de Cortes,745
010C1701-TLALAPOSTAL,Tlalpan - Ahorro Postal,746
010C1701-TLALGPOSTALS,Tlalpan  - Giros Postales,747
010C1701-TLALUPOSTAL,Tlalpan - Unión Postal,748
010C1701-TLALCUENCA,Tlalpan - Cuenca,749
010C1701-TLALEJ4SXOLA,Tlalpan - Eje 4 Sur Xola,750
010C1701-TLALMXOLA,Tlalpan - Metro Xola,751
010C1701-TLALTOLEDO,Tlalpan - Toledo,752
010C1700-TLALSTANITA,Tlalpan - Santa Anita,753
010C1701-TLALCADIZ,Tlalpan - Cádiz,753
010C1701-TLALSEGOVIA,Tlalpan - Segovia,754
010C1700-TLALMVIADUCT,Tlalpan - Metro Viaducto,755
010C1701-TLALMVIDUCTO,Tlalpan - Metro Viaducto,755
010C1701-ABADTORIBIOM,San Antonio Abad - Toribio Medina,756
010C1701-ABADHDAVALOS,San Antonio Abad - Juan Hernández y Dávalos,757
010C1701-ABADTORQUEM,San Antonio Abad - Torquemada,758
010C1701-ABADCHABACA,San Antonio Abad - Metro Chabacano,759
010C1701-ABADJAMATEO,San Antonio Abad - Juan A. Mateos,760
010C1701-ABADBARCENA,San Antonio Abad - María Roa Bárcenas,761
010C1701-ABADJCUELLAR,San Antionio Abad - José T. Cuellar,762
010C1701-ABADGNAJERA,San Antonio Abad - Gutiérrez Nájera,763
010C1701-ABADMFLORES,San Antonio Abad - Manuel M. Flores,764
010C1701-ABADMTROABA,San Antonio Abad - Metro San Antonio Abad,764
010C1700-ABADMTROABA,San Antonio Abad - Metro San Antonio Abad,764
010C1701-ABADBOTURINI,San Antonio Abad - Lorenzo Boturini,765
010C1700-MXCUERCOBR,Base Carretera México-Cuernavaca - Caseta de Cobro,766
0100C201-MXCUERXOCHP,Autopista México-Cuernavaca y Xochipilli Puente Blanco,767
0100C221-XOCHIPILLI,Autopista - Xochipilli,767
0100C220-MXCUERXICHPL,Autopista México-Cuernavaca - Xochipilli  Puente Blanco,767
010C1700-MXCUERBLANC,Carretera México-Cuernavaca - Puente Blanco,767
010C1700-MXCUERXICAL,Carretera México-Cuernavaca - Puente Xicalco,768
0100C200-MXCUER5MAY,Autopista México-Cuernavaca - 5 de Mayo,769
010C1700-MXCUERN5MAY,Carretera México-Cuernavaca - 5 de Mayo,769
0100C201-MXCUER5MAY,Autopista México-Cuernavaca - 5 de Mayo,769
010C1700-TLALJOJUTLA,Tlalpan - Jojutla,770
010C1700-TLALFERNAND,Tlalpan - San Fernando,771
010C1700-TLALINER,Tlalpan - San Fernando Izq. INER,772
0100C201-TLALPNFERNND,Tlalpan - San Fernando Hospital General,772
010C1700-TLALCENT,Tlalpan - San Fernando Cent.,772
0100C201-TLALPNHUIPUL,Tlalpan - Huipulco Tren Ligero,773
010241-TLALACUE,Sobre Calz. De Tlalpan y Av. Acueducto,773
010C1700-TLALJBOSCO,Tlalpan - San Juan Bosco,773
010C1700-TLALGTAHUIPU,Tlalpan - Glorieta de Huipulco,774
010C1700-TLALICEL,Tlalpan - ICEL,775
0100C200-TLALPNBJUARZ,Tlalpan y Benito Juárez,775
010C1700-TLALPTORICO,Tlalpan - Puerto Rico,776
010C1700-TLALPATINADO,Tlalpan - Patinadores,777
010C1700-TLALNADADOR,Tlalpan - Nadadores,778
010C1700-TLALRCHURUB,Tlalpan - Río Churubusco,779
010C1700-TLALERMITA,Tlalpan - Ermita,780
010C1700-TLALERMITL12,Tlalpan - Metro Ermita Linea 12,781
010C1700-TLALERMITL2,Tlalpan - Metro Ermita Linea 2,782
010C1700-TLALMONTES,Tlalpan - de los Montes,783
010C1700-TLALEZAPATA,Tlalpan - Emiliano Zapata,784
010C1700-TLALMPOLIBRE,Tlalpan - Municipio Libre,785
010C1700-TLALSUIZA,Tlalpan - Suiza,786
010C1700-TLALPORTALES,Tlalpan - Metro Portales,787
010C1700-TLALBRETANA,Tlalpan - BretaNa,788
010C1700-TLALMORELOS,Tlalpan - Morelos,789
010C1700-TLALAGO,Tlalpan - Lago,790
010C1700-TLALMNATIVIT,Tlalpan - Metro Nativitas,791
010C1700-TLAL1MAYO,Tlalpan - 1ro de Mayo,792
010C1700-TLALSANTIAGO,Tlalpan - Santiago,793
010C1700-TLALNAPOLEON,Tlalpan - Napoleon,794
010C1700-TLALMXOLA,Tlalpan - Metro Xola,795
010C1700-ABAD24BATALL,San Antonio Abad - 24 Batallón de Policia Militar,796
010C1700-ABADCHABAC,San Antonio Abad - Chabacano,797
010C1700-ABADCHABACA,San Antonio Abad - Metro Chabacano,798
010C1700-ABADBOTURINi,San Antonio Abad - Lorenzo Boturini,799
010C1700-ABADIXTLILXO,San Antonio Abad - Fernando de Alva Ixtlilxocitl,800
010C1700-ABADFRAYSER,San Antonio Abad - Diagonal Fray Servando,801
010C1700-BSNEZAPINO,Base Nezahualcoyotl-José María Pino Suárez,802
0100C120-BMUERTO,Base Barranca del Muerto,803
010Z2A00-PERIFERICO3,Periferico,803
0100C110-TACUBAYA,Base Tacubaya,804
0100C110-NCNR11ABRIL,Canario - 11 de Abril,805
010C1801-MAVILACHAPU,Blvd. Manuel Avila C. y Parque de Chapultepec,806
0100C100-PERIFHOLI,Base Periférico - Puente Hollywood,806
0100C101-PERIFBLVDLU,Periférico - Blvd. de la Luz,807
0100C101-CNLCHALCO,Base Canal de Chalco,808
0100C101-PERIFECOLOG,Periférico - Parque Ecológico,809
0100C101-PERIFCNLNAL,Periférico - Canal Nacional,810
010240-BLVDVSTH,Sobre Blvd. Adolfo Ruíz Cortines y Hacienda Vista Hermosa,811
0100C101-PERIFCUEMAN,Periférico - Cuemanco,811
0100C101-PERIFTORRECI,Periférico - Hacienda Torrecillas,812
010240-BLVDSAUZL,Sobre Blvd. Adolfo Ruíz Cortines y Av. Sauzales,813
0100C101-PERIFSAUZAL,Periférico - Sauzales,813
0100C101-PERIFCAFETLS,Periférico - Eje 3 Oriente Cafetales,814
010241-PERFAROL,Sobre Anillo Periférico y Av. El Farol,815
0100C101-PERIFVAQUERI,Periférico - Vaqueritos,815
0100C101-PERIFVAQUE2,Periférico - Vaqueritos 2,816
0100C101-PERIFBANAMX,Periférico - Centro Banamex,817
0100C101-PERIFTECMREY,Periférico - Tec de Monterrey,818
0100C100-PERIFTEPEPAN,Periférico - Tepepan,819
0100C101-PERIFTEPEPAN,Periférico - Tepepan,820
0100C101-PERIFESCA,Periférico - ESCA,821
0100C101-PERIFREHABIL,Periférico - Rehabilitación,822
0100C101-PERIFPSIQUIA,Periférico - Psiquiatría,823
0100C101-PERIFCNOREAL,Periférico - Camino Real,824
0100C101-PERIFTLALPN,Periférico - Calz. de Tlalpan,825
0100C101-PERIFHUIPULC,Periférico - Huipulco,826
010240-RLEDUCPERF,Renato Leduc y Anillo Periférico,827
0100C101-PERIFLEDUC,Periférico - Renato Leduc,827
0100C211-PERIFPEDREGL,Periferico - Av. Pedregal,827
0100C101-PERIFCTOAZT,Periférico - Circuito Azteca,828
0100C101-PERIFGRNSUR,Periférico - Gran Sur,829
0100C101-PERIFMX68,Periférico - México 68,830
0100C101-PERIFJFKENNE,Periférico - J. F. Kennedy,831
0100C101-PERIFPEDREGL,Periférico - Villas Pedregal,832
0100C101-PERIFYOLIZTL,Periférico - Sala Ollin Yoliztli,833
0100C101-PERIFCEFIRO,Periférico - Céfiro,834
0100C101-PERIFSELVA,Periférico - Selva,835
0100C101-PERIFINSURG,Periférico - Av. Insurgentes,836
0100C101-PERIFPERISUR,Periférico - Perisur,837
0100C101-PERIFTERES,Periférico - Camino a Santa Teresa,838
0100C101-PERIFIMAGEN,Periférico - Plaza Imagen,839
0100C101-PERIFTVAZTEC,Periférico - TV Azteca,840
0100C101-PERIFTERESA,Periférico - Plaza Santa Teresa,841
0100C101-PERIFHPEMEX,Periférico - Hospital Pemex,842
0100C101-PERIFPFP,Periférico - PFP,843
0100C101-PERIFDIF,Periférico - DIF,844
0100C101-PERIFBLVDLUZ,Periférico - Blvd. de la Luz,845
0100C101-PERIFJERON1,Periférico - Plaza San Jerónimo,846
0100C101-PERIFJERON2,Periférico - Plaza San Jerónimo 2,847
0100C101-PERIFJERONIM,Periférico - Eje 10 Sur San Jerónimo Lídice,848
0100C101-PERIFEPADE,Periférico - Fepade,849
0100C101-PERIFTOLUCA,Periférico - Av. Toluca,850
0100C101-PERIFTELEVIS,Periférico - Televisa,851
0100C101-PERIFALTAVIS,Periférico - Altavista,852
0100C101-PERIFJUZGADS,Periférico - Juzgados,853
0100C100-PERIFJUZGAD,Periférico - Juzgados,853
010Z2A00-AVFLORES,Av. Las Flores,854
0100C101-PERIFLORES,Periférico - Las Flores,854
0100C101-PERIFAGUILAS,Periférico - Calz. de las Aguilas,855
0100C101-PERIFBMUERTO,Periférico - Barranca del Muerto,856
0100C101-PERIFARCINIE,Periférico - Arciniega,857
0100C101-PERIFMIXCOAC,Periférico - Mixcoac,858
010Z2E00-BENVECELLINI,Benvenuto Cellini,859
0100C101-PERIFCELLINI,Periférico - Eje 7 Sur Benvenuto Cellini,859
0100C101-PERIFMURILLO,Periférico - Murillo,860
0100C100-PERIFMURILLO,Periférico - Murillo,860
0100C101-PERIFANTONIO,Periférico - San Antonio,861
0100C100-PERIFCALL10,Periférico - Calle 10,862
0100C101-PERIFCALL10,Periférico - Calle 10,862
0100C101-PERIFCALL8,Periférico - Calle 8,863
0100C101-PERIFCALL4,Periférico - Calle 4,864
0100C100-PERIFCALL4,Periférico - Calle 4,864
0100C101-PERIF11ABRL,Periférico -  11 de Abril,865
0100C101-PERIFOBSERVA,Periférico - Observatorio,866
0100C101-PERIFMHGO,Periférico - Alcaldía Miguel Hidalgo,867
0100C101-PERIFCONSTYT,Periférico - Constituyentes,868
0100C101-PERIFRIACHAP,Periférico - Feria de Chapultepec,869
0100C101-PERIFPINOS,Periférico - Los Pinos,870
0100C101-PERIFALENCAS,Periférico - Alencastre,871
010C1801-MAVILACPLA,Blvd. Manuel Avila C. y Lomas Plaza,872
0100C101-PERIFREFORM,Periférico - Paseo de la Reforma,872
0100C101-PERIFPALMAS,Periférico - Paseo de las Palmas,873
0100C101-PERIFMAZARIK,Periférico - Masaryk,874
010C1800-MAVILACPHOR,Blvd. Manuel Avila C. y Priv. de Horacio,874
010C1801-MAVILACOND,Blvd. Manuel Avila C. y García Conde,875
010C1800-MAVILACHOR,Blvd. Manuel Avila C. y Av. de Horacio,875
0100C101-PERIFHORACIO,Periférico - Horacio,875
0100C101-PERIFEJNAL,Periférico - Ejército Nacional,876
010C1800-MAVILACNAL,Blvd. Manuel Avila C. y Av. Ejército Nacional,876
0100C101-BASE4CNOS,Base Cuatro Caminos,877
010C1210-PERIFEVELAZ,Periférico y Antonio Velázquez,877
010C1800-MAVILACAV,Blvd. Manuel Avila C. y Antonio Velázquez,877
0100C100-CNLCHALCO,Base Periférico Canal de Chalco,878
0100C100-PERIFPRQECOL,Periférico -Parque Ecológico,879
0100C100-PERIFCUEM2,Periférico - Cuemanco 2,880
0100C100-PERIFCUEMAN,Periférico - Cuemanco,881
0100C100-PERIFCAFETLS,Periférico - Cafetales,882
0100C100-PERIFVAQUE2,Periférico - Vaqueritos 2,883
0100C100-PERIFVAQUERT,Periférico - Vaqueritos,884
0100C100-PERIFTECMREY,Periférico - Tec de Monterrey,885
0100C100-PERIFESCA,Periférico - ESCA,886
0100C100-PERIFINE,Periférico - INE,887
0100C100-PERIFCARDIOL,Periférico - Cardiología,888
0100C100-PERIFTLALPN,Periférico - Tlalpan,889
0100C100-PERIFLEDUC,Periférico - Renato Leduc,890
0100C100-PERIFGRNSUR,Periférico - Gran Sur,891
0100C100-PERIF10OTE,Periférico - 10 Oriente,892
0100C100-PERIFOTE3,Periférico - Oriente 3,893
0100C100-PERIFJFKENNE,Periférico - J. F. Kennedy,894
0100C100-PERIFYOLIZTL,Periférico - Sala Ollin Yoliztli,895
0100C100-PERIFCUICUIL,Periférico - Piramide Cuicuilco,896
0100C100-PERIFINSURG,Periférico - Av. Insurgentes,897
0100C100-PERIFPERISUR,Periférico - Perisur,898
0100C100-PERIFTERESA,Periférico - Camino a Santa Teresa,899
0100C100-PERIFHROYAL,Periférico - Hotel Royal,900
0100C100-PERIFBLVDLUZ,Periférico - Blvd. de la Luz,901
0100C100-PERIFTVAZTEC,Periférico - TV Azteca,902
0100C100-PERIFHPEMEX,Periférico - Hospital de Pemex,903
0100C100-PERIFOAXACA,Periférico - Oaxaca,904
0100C100-PERIFCABRERA,Periférico - Luis Cabrera,905
0100C100-PERIFDIF,Periférico - DIF,906
0100C100-PERIFPCIVIL,Periférico - Protección Civil,907
0100C100-PERIFTARASQ2,Periférico - Tarasquillo 2,908
0100C100-PERIFTARASQU,Periférico - Tarasquillo,909
0100C100-PERIFJERONIM,Periférico - San Jerónimo,910
0100C100-PERIFINDEPEN,Periférico - Teatro Independencia,911
0100C100-PERIFEPADE,Periférico - Fepade,912
0100C100-PERIFTOLUCA,Periférico - Av. Toluca,913
0100C100-PERIFTELEVIS,Periférico - Televisa,914
0100C100-PERIFDESIERT,Periférico - Desierto de los Leones,915
0100C100-PERIFALTAVIS,Periférico - Altavista,916
0100C100-PERIFLORES,Periférico - Las Flores,917
0100C100-PERIFAGUILAS,Periférico - Las Aguilas,918
010Z2J00-BARRMUERTO3,Barranca del Muerto,919
0100C100-PERIFBMUERTO,Periférico - Barranca del Muerto,919
0100C100-PERIFMGMZ,Periférico - La Merced Gómez,920
0100C100-PERIFPLATERO,Periférico - Plateros,921
010Z2E00-TIZIANO1,Tiziano,922
0100C100-PERIFMOLINOS,Periférico - Molinos,922
0100C100-PERIFCELLINI,Periférico - Benvenuto Cellini,923
0100C100-PERIFANTONIO,Periférico - San Antonio,924
0100C100-PERIFCOSTCO,Periférico - Costco,925
010Z2J00-CALLE18,Calle 18,925
0100C100-PERIF11ABRIL,Periférico - 11 de Abril,926
0100C100-PERIFJALISCO,Periférico - Av. Jalisco,927
01021D01-RIOTACANA,Rio de Tacubaya y Canario,928
0100C100-PERIFCANARIO,Periférico - Canarios,928
0100C100-PERIFOBSERVA,Periférico - Av. Observatorio,929
0100C100-PERIFCONSTYT,Periférico - Av. Constituyentes,930
0100C100-PERIFERIACHA,Periférico - Feria de Chapultepec,931
0100C100-PERIFALENCAS,Periférico - Alencastre,932
0100C100-PERIFTSPETRO,Periférico - Fuentes de Petróleo,933
0100C100-PERIFPALMAS,Periférico - Palmas,934
0100C100-PERIFHORACIO,Periférico - Horacio,935
010C1961-RNCONFRMREZ,Rincón Gallardo - Gral. F. Ramírez,936
010C1961-EGUIAROCHA,Gob. Agustín Vicente Eguia - Gral. Sostenes Rocha,937
01020A00-CIRVICEEGUIA,Circuito Interior - Vicente Eguía,938
010C1961-VASCEJ4S,Maestro José Vasconcelos - Eje  4 Sur Gob. Agustín Vicente Eguia,938
01021A01-CIRINTBFRANK,Circuito Interior y Benjamin Franklin,938
010C1961-CANOESTEVA,Juan Cano - Gobernador Ignacio Esteva,939
010C1961-SANTOSTORNE,Pedro Antonio de los Santos - Tornel,940
01020A00-CIRMTOJUANA,Circuito Interior - Metro Juanacatlán,941
010C1961-SNTSPEDRAZA,Pedro Antonio de los Santos - Gómez Pedraza,941
010C1961-IZARAGUACLNT,Calz. Ignacio Zaragoza - Agua Caliente,942
010C1961-CALL1LAUREL,Calle 1 - Laurel,943
010C1960-BALNOLIMPICO,Base Balneario Olímpico,944
010C1960-GRAFCALL1,Talleres Gráficos - Calle 1,945
010C1960-GRAFCOMUNAL,Talleres Graficos - Comunal,946
010C1960-LEBRILMATEOS,Miguel Lebrija - Adolfo López Mateos,947
010C1960-AVCHAPULTE,Av. Chapultepec - Metro Chapultepec,948
0100C700-CHAPULTEPEC,Base Cetram Chapultepec,948
010C1960-VASCEJ2SJESC,Maestro José Vasconcelos - Eje 2 Sur Juan Escutia,949
010C1960-VASCREYES,Maestro José Vasconcelos - Alfonso Reyes,950
010C1960-MORANVASCON,Gral. José Morán - Maestro José Vasconcelos,951
0100C940-JMORAPASANT,José Moran y Pedro Antonio de los Santos,951
010C1960-MORANPRQLIRA,Gral. José Morán - Parque Lira,952
0100C920-LIRAJMORAN,Parque Lira y Gob. Gral. José Moran,952
010C1960-PERIFERICO,Base Periférico,953
010C1951-EJ3OLLPARDO,Eje 3 Oriente Francisco del Paso y Troncoso - Luis L. Pardo,954
010C1951-BOTULPAVIA,Lorenzo Boturini - Lázaro Pavia,955
010C1951-BOTUCUCURPE,Lorenzo Boturini - Cucurpe,956
010C1951-BOTUCALL1906,Lorenzo Boturini - Calle 1906,957
010C1951-BOTUCUNION,Lorenzo Boturini  - Congreso de la Unión,958
010Z4A01-E2CONLOREBOTU1,Eje 2 Ote. H Congreso de la Unión y Lorenzo Boturini,958
010C1951-BOTUSUR81,Lorenzo Boturini - Sur 81,959
010C1951-BOTUIXNAHUAL,Lorenzo Boturini - Ixnahualtongo,960
010C1951-BOTUCALZVIGA,Lorenzo Boturini - Calz. de la Viga,961
0100C500-VIGABOTURINI,La Viga y Lorenzo Boturini,961
010Z4A00-E1CLVIGLBOTU,Eje 1 Ote. Calz de la Viga y Lorenzo Boturini,961
010C1951-BOTUTOPACIO,Lorenzo Boturini - Topacio,962
010C1951-BOTUCLAVIJER,Lorenzo Boturini - Francisco J. Clavijero,963
010C1951-BOTUXOCOGO,Lorenzo Boturini - Xocongo,964
010C1951-BOTU5FEBRER,Lorenzo Boturini - 5 de Febrero,965
010C1951-BOTUICATOLIC,Lorenzo Boturini - Isabel la Católica,966
010C1951-BLRADELAPENA,Bolivar - Rafael Ángel de la Peña,967
010C1951-BOLJCUELLAR,Bolivar - José Cuellar,968
010C1951-MMFEJCTRALC,Manuel M. Flores - Eje Central Lázaro Cardenas,969
010C1951-DRTERRES,Dr. Martínez del Río - Dr. José Terres,970
010C1951-TERRVERTIZ,Dr. José Terres - Dr. José María Vértiz,971
010241-NHERBALM,Sobre Av. Niños Heroes y Dr. Balmis,972
010C1951-TERRNHEROES,Dr. José Terres - Niños Héroes,972
010C1951-PSTRLUCIO,Dr. Pasteur - Dr. Rafael Lucio,973
010C1951-PSTRCUAUHTEM,Dr. Pasteur - Av. Cuauhtémoc,974
010C1951-COAMERIDA,Coahuila - Mérida,975
0100C940-MERIDCOAHU,Mérida y Coahuila,975
010C1951-COAORIZABA,Coahuila - Orizaba,976
010C1951-COAYUCATAN,Coahuila - Yucatán,977
010C1951-COATONALA,Coahuila - Tonalá,978
010C1951-COAMNTEREY,Coahuila - Monterrey,979
010C1951-COAMEDELLIN,Coahuila - Medellin,980
010C1951-COAMANZANILL,Coahuila - Manzanillo,981
010C1951-COAHUINSURG,Coahuila - Insurgentes,982
010C1951-MICHNAVMX,Michoacan - Av. México,983
010C1951-AVMXSONORA,Av. México - Sonora,984
010C1951-SNRMX,Av. Sonora - México,985
010C1951-SNREJ2SNVOL,Av. Sonora - Eje 2 Sur Nuevo León,986
010C1951-SNRCOLIMA,Av. Sonora - Colima,987
010C1951-SNRDURANGO,Av. Sonora - Durango,988
010C1951-PUBLTAMPICO,Puebla - Tampico,989
010C1950-EJ3OEJ1SFRAY,Eje 3 Oriente Francisco del Paso y Troncoso - Eje 1 Sur Fray Servando Teresa de Mier,990
010C1950-EJ3ORNO13,Eje 3 Oriente Francisco del Paso y Troncoso - Retorno 13,991
010C1950-EJ2ASACONCHI,Eje 2A Sur  Av. del Taller - Aconchi,992
010C1950-EJ2ASCUCURP,Eje 2A Sur Av. del Taller - Cucurpe,993
010C1950-EJ2ASCAJEME,Eje 2A Sur Av. del Taller - Cajeme,994
010Z4A01-E2CONUNAVTALL,Eje 2 Ote. H Congreso de la Unión y Av. del  Taller,994
0100C501-CUNIONTALLER,Congreso de la Unión y Av. del Taller,995
010C1950-EJ2ASEJ2OTE,Eje 2A Sur Av. del Taller - Eje 2 Oriente Honorable Congreso de la Unión,995
010C1950-EJ2ASTORNO,Eje 2A Sur Av. del Taller - Torno,996
010C1950-EJ2ASRESURRE,Eje 2A Sur Av. del Taller - Callejón de la Resurrección,997
010C1950-EJ2ASEJ1OVIG,Eje 2A Sur Av. del Taller - Eje 1 Oriente Calz. de la Viga,998
010C1950-EJ2AS5FEBRE,Eje 2A Sur Manuel Payno - 5 de Febrero,999
010C1950-EJ2ASICATOLC,Eje 2A Sur Manuel Payno - Isabel la Católica,1000
010C1950-EJ2ASBOLIVAR,Eje 2A Sur Manuel Payno - Bolivar ,1001
010C1950-EJ2ASEJCTRAL,Eje 2A Sur Dr. Balmis - Eje Central Lázaro Cardenas,1002
010C1950-EJ2ASBARRAGA,Eje 2A Sur Dr. Balmis - Dr. Barragan,1003
010C1950-EJ2ASANDRADE,Eje 2A Sur Dr. Balmis - Dr. Andrade,1004
010240-VERTZBALM,Sobre Dr. J. M. Vertiz y Dr. Balmis,1005
010241-BALMVERT,Sobre  Dr. Balmis y Dr. J. M. Vertiz,1005
010C1950-EJ2ASVERTIZ,Eje 2A Sur Dr. Balmis - Dr. José María Vértiz,1005
010C1950-EJ2ASJIMENEZ,Eje 2A Sur Dr. Balmis - Dr. Jiménez,1006
010C1950-EJ2ASRLUCIO,Eje 2A Sur Dr. Balmis - Dr. Rafael Lucio,1007
010C1950-EJ2ASVILLADA,Eje 2A Sur Dr. Balmis - Dr. M. Villada,1008
010C1950-SLPCUAUHTEM,Eje 2A Sur San Luis Potosi - Eje 1 Poniente Av. Cuauhtémoc,1009
0100C940-MERIDSLP,Mérida y San Luis Potosi,1010
010C1950-SLPMERIDA,Eje 2A Sur San Luis Potosi - Mérida,1010
010C1950-SLPORIZABA,Eje 2A Sur San Luis Potosi - Orizaba,1011
010C1950-SLPTONALA,Eje 2A Sur San Luis Potosi - Tonalá,1012
010C1950-SLPEJ2PMREY,San Luis Potosi - Eje 2 Poniente Monterrey,1013
010C1950-SLPEJ3PMEDEL,San Luis Potosi - Eje 3 Poniente Medellin,1014
010C1950-SNRINSURGNT,Av. Sonora - Insurgentes,1015
010C1950-SNRPRQUEMX,Av. Sonora - Parque México,1016
010C1950-SNRAMSTERDA,Av. Sonora - Amsterdam,1017
010C1950-SNRPRQESPAN,Av. Sonora Parque EspaNa,1018
010C1950-SINOLSONORA,Sinaloa - Av. Sonora,1019
010C1950-ACAPLCPUEBL,Acapulco - Puebla,1020
010C1300-MCHAPULTEPE,Metro Chapultepec,1021
010240-CHAPTAMP,Sobre Av. Chapultepec y Tampico,1021
010C1950-CETRAMCHAP,Base Cetram Chapultepec,1021
010C1930-EJ4OHUALQUIL,Eje 4 Oriente Canal Río de Churubusco - Hualquila,1022
010C1931-EJ4OHUALQUIL,Eje 4 Oriente Canal Río de Churubusco - Hualquila,1022
010C1931-EJ4OPLZCTRAL,Eje 4 Oriente Canal Río de Churubusco - Plaza Central,1023
010C1931-EJ4OAPATLACO,Eje 4 Oriente Canal Río de Churubusco - Canal de Apatlaco,1024
010C1931-EJ4OTEZONTLE,Eje 4 Oriente Canal Río de Churubusco - Canal de Tezontle,1025
010C1931-EJ4OMEZCALAP,Eje 4 Oriente Canal Río de Churubusco - Río Mezcalapa,1026
010C1931-EJ4ORODEO,Eje 4 Oriente Canal Río de Churubusco - El Rodeo,1027
010C1931-EJ4OSUR16,Eje 4 Oriente Canal Río de Churubusco - Sur 16,1028
010C1930-EJ4OSUR12,Eje 4 Oriente Canal Río de Churubusco - Sur 12,1029
010C1931-EJ4OSUR12,Eje 4 Oriente Canal Río de Churubusco - Sur 12,1029
010C1931-EJ4OSUR8,Eje 4 Oriente Canal Río Churubusco - Sur 8,1030
010C1931-EJ4OSUR4PTE,Eje 4 Oriente Canal Río de Churubusco - Av. Sur 4 Poniente,1031
010C1931-AVSUROTE217,Av. Sur - Oriente 217,1032
010C1930-CTRALABASTO,Base Central de Abastos,1033
010C1930-EJ4OPLZCTRAL,Eje 4 Oriente Canal Río de Churubusco - Plaza Central,1034
010C1930-EJ4OTEZONTLE,Eje 4 Oriente Canal Río de Churubusco - Canal de Tezontle,1035
010C1930-EJ4OPTECARRI,Eje 4 Oriente Canal Río de Churubusco - Puente Carrizo,1036
010C1930-EJ4OTEAVTE,Eje 4 Oriente Canal Río de Churubusco - Av. Té,1037
010C1400-VAINICHURU,Vainilla y Río Churubusco,1038
010C1930-EJ4OVAINILLA,Eje 4 Oriente Canal Río de Churubusco - Vainilla,1038
010C1920-MTROSEVILLA,Av. Chapultepec - Metro Sevilla,1039
010C1301-SEVILLALOND,Av. Sevilla y Londres,1040
010C1921-CHAPUSEVILLA,Av. Chapultepec - Sevilla,1040
010C1921-CHAPUPRAGA,Av. Chapultepec - Praga,1041
010C1921-CHAPUVARSOV,Av. Chapultepec - Varsovia,1042
010C1920-EJ1SMERIDA,Eje 1 Sur Av. Chapultepec - Mérida,1043
010C1921-CHAPUNAPOLE,Av. Chapultepec - Nápoles,1043
010C1920-EJ1SMORELIA,Eje 1 Sur Av. Chapultepec - Morelia,1044
010C1921-CHAPUVERSAL,Av. Chapultepec - Versalles,1044
010C1900-VERSALLEJ1S,Versalles - Eje 1 Sur Av. Chapultepec,1044
010C1921-CHAPCUAUHT,Av. Chapultepec - Metro Cuauhtémoc,1045
010C1920-CALLE81,Base Calle 81,1046
010C1901-EJ1SCALL77,Eje 1 Sur Gral. Francisco Morazán - Av. 8 Calle 77,1047
010C1900-EJ1SAV8CAL77,Eje 1 Sur - Av. 8 Calle 77,1047
010C1901-EJ1SCALL65,Eje 1 Sur Gral. Francisco Morazán - Av. 8 Calle 65,1048
010C1900-EJ1SCALL57,Eje 1 Sur Gral. Francisco Morazán - Av. 8 Calle 57,1049
010C1901-EJ1SCALL57,Eje 1 Sur Gral.  Francisco Morazán - Av. 8 Calle 57,1049
010C1901-EJ1SCALL47,Eje 1 Sur Gral. Francisco Morazán - Av. 8 Calle 47,1050
010C1901-EJ1SCALL33,Eje 1 Sur Gral. Francisco Morazán - Av. 8 y Calle 33,1051
010C1900-EJ1SCALL33,Eje 1 Sur Gral. Francisco Morazán - Av. 8 Calle 33,1051
010C1901-EJ1SCALL23,Eje 1 Sur Gral. Francisco Morazán - Av. 8 Calle 23,1052
010C1900-EJ1SCALL13,Eje 1 Sur Gral. Francisco Morazán - Av. 8 Calle 13,1053
010C1901-EJ1SCALL13,Eje 1 Sur Gral. Francisco Morazán - Av. 8 Calle 13,1053
010C1901-EJ1SBLVDPTOA,Eje 1 Sur Gral. Francisco Morazán - Av. 8 Cto. Interior Blvd. Puerto Aéreo,1054
010C1900-EJ1SCALL1,Eje 1 Sur Gral. Francisco Morazán - Av. 8 Calle 1,1054
01022A01-RIOCFCOMORAZAN,Rio Churubusco y Francisco Morazán,1054
010C1900-EJ1SGALINDOV,Eje 1 Sur Fray Servando Teresa de Mier - Jesús Galindo y Villa,1055
010C1901-EJ1SJGALINDO,Eje 1 Sur Fray Servando Teresa de Mier - Jesús Galindo y Villa,1055
010C1901-EJ1SRNO22,Eje 1 Sur Fray Servando Teresa de Mier - Retorno 22,1056
010C1901-EJ1SRNO10,Eje 1 Sur Fray Servando Teresa de Mier - Retorno 10,1057
010C1901-EJ1SGENAROG,Eje 1 Sur Fray Servando Teresa de Mier - Génaro García,1058
010C1900-EJ1SRNO7,Eje 1 Sur Fray Servando Teresa de Mier - Retorno 7,1058
010C1901-EJ1SRNO6B,Eje 1 Sur Fray Servando Teresa de Mier - Retorno 6B,1059
010C1901-EJ1SEJ3OTE,Eje 1 Sur Fray Servando Teresa de Mier - Eje 3 Oriente Francisco del Paso y Troncoso,1060
010C1901-EJ3OCECILIOR,Eje 3 Oriente Francisco del Paso y Troncoso - Cecilio Robelo,1061
010C1901-EJ3OUNIDADAN,Eje 3 Oriente Francisco del Paso y Troncoso - Unidad Anaranjada,1062
010C1901-EJ3OROBELO,Eje 3 Oriente Francisco del Paso y Troncoso - Cecilio Robelo II,1063
010C1901-EJ3SEJ2SFRAY,Eje 3 Sur Francisco del Paso y Troncoso -  Eje 2 Sur Fray Servando Teresa de Mier,1064
010C1901-EJ1SLAZAROP,Eje 1 Sur Fray Servando Teresa de Mier - Lázaro Pavia,1065
010C1900-EJ1SLAZAROPA,Eje 1 Sur Fray Servando Teresa de Mier - Lázaro Pavia,1065
010C1901-EJ1SUR103,Eje 1 Sur Fray Servando Teresa de Mier - Sur 103,1066
010C1901-EJ1SCONUNION,Eje 1 Sur Fray Servando Teresa de Mier - Congreso de la Unión,1067
010C1900-EJ1SUR81,Eje 1 Sur Fray Servando Teresa de Mier - Sur 81,1068
010C1901-EJ1SCIPRION,Eje 1 Sur Fray Servando Teresa de Mier - San Ciprion,1068
010C1901-EJ1SCIRCUNVA,Eje 1 Sur Fray Servando Teresa de Mier - Circunvalación,1069
010C1900-EJ1SMSONORA,Eje 1 Sur Fray Servando Teresa de Mier - Mercado Sonora,1069
010C1901-EJ1STOPACIO,Eje 1 Sur Fray Servando Teresa de Mier - Topacio,1070
010Z4H00-SPABTOPA,San Pablo y Topacio,1071
010240-TOPACARRE,Spbre Topacio y Cda. Carretones,1071
010C1901-EJ1ASNPABLO,Eje 1A Sur Topacio - San Pablo,1071
010C1901-EJ1ASJESUSMA,Eje 1A Sur Topacio - Jesús María,1072
010C1901-EJ1ASPINOSUA,Eje 1A Sur José María Izazaga - José María Pino Suárez,1073
010241-IZAZGPINO,Sobre J. M. Izazaga y  J.M. Pino Suárez,1073
010C1901-EJ1AS20NOVIE,Eje 1A Sur José María Izazaga - 20 de Noviembre,1074
010C1901-EJ1ASCATOLCA,Eje 1A Sur José María Izazaga - Isabel la Católica,1075
010241-IZAZGCATO,Sobre J. M. Izazaga e Isabel la Católica,1075
010241-IZAZGBOLI,Sobre J. M. Izazaga y Simón Bolívar,1076
010C1901-EJ1ASBOLIVAR,Eje 1A Sir José María Izazaga - Bolivar,1076
010C1901-EJ1ASIGUALDD,Eje 1A Sur José María Izazaga - Igualdad,1077
010241-IZAZGCTRL,Sobre J. M. Izazaga y Eje Ctral. Lázaro Cárdenas,1078
010C1901-EJ1ASEJCTRAL,Eje 1A Sur José María Izazaga - Eje Central Lázaro Cardenas,1078
010C1901-EJ1ASLTOAGUA,Eje 1A Sur Arcos de Belén - Metro Salto del Agua,1079
010241-BLNBTONO,Sobre Av. Arcos de Belén y Buen Tono,1079
010C1901-EJ1ASLMOYAS,Eje 1A Sur Arcos de Belén - Luis Moyas ,1080
010C1901-EJ1ASBALDERA,Eje 1A Sur Arcos de Belén - Balderas,1081
010241-BLNBALDE,Sobre Av. Arcos de Belén y Balderas,1081
010C1901-EJ1SENRICOM,Eje 1 Sur Av. Chapultepec - Enrico Martínez,1082
010C1901-EJ1SBUCARELI,Eje 1 Sur Av. Chapultepec - Eje 1 Poniente Bucareli ,1083
010C1901-TURINAGLEZ,Turín - Abraham González,1084
010C1901-AGLUCERNA,Abraham González - Lucerna,1085
010C1901-AGRALPRIM,Abraham González - Gral. Prim,1086
010C1901-AGSRIAGOBER,Abraham González - Secretaría de Gobernación,1087
010C1901-AGMORELOS,Abraham González - Morelos,1088
010C1901-CASOMADRID,Maestro Antonio Caso - Madrid,1089
010C1901-CASOINSURG,Maestro Antonio Caso - Insurgentes,1090
010C1901-CASOSCARNOT,Maestro Antonio Caso - Sadi Carnot,1091
010C1901-CASORENDON,Maestro Antonio Caso - Serapio Rendón,1092
010C1901-MNALTERMINS,Marina Nacional - Laguna de Términos,1093
010C1901-MNALXOCHIMI,Marina Nacional  - Lago Xochimilco,1094
010C1901-MNALUNITEC,Marina Nacional - UNITEC,1095
010C1901-MNALUVM,Marina Nacional - UVM,1096
010C1901-MNALESCOBED,Marina Nacional -  Mariano Escobedo,1097
010C1901-MNALGARDA,Marina Nacional - Lago Garda,1098
010C1901-MNALGFSIDRA,Marina Nacional - Golfo de Sidra,1099
010C1900-MNALESPIRDN,Marina Nacional - Lago Espiridino,1100
010C1900-MNALGARDA,Marina Nacional - Lago Garda,1101
010C1900-MNALESCOBED,Marina Nacional - Mariano Escobedo,1102
010C1900-MNALAGOISEO,Marina Nacional - Lago Iseo,1103
010C1900-MNALBOLSENA,Marina Nacional - Lago Bolsena,1104
010C1900-MNALTERMINS,Marina Nacional - Laguna de Términos,1105
010C1900-MNALMAYRAN,Marina Nacional - Laguna de Mayrán,1106
010C1900-MRNALTELMEX,Marina Nacional - Telmex,1107
010C1900-MMCONTLOGIN,Manuel María Contreras - Villalogín,1108
010C1900-LOGINRNAZAS,Villalogín - Río Nazas,1109
010C1900-LOGINRIONEVA,Villalogín - Río Neva,1110
010C1900-LOGINREGORM,Villalogín - Reforma,1111
010C1900-PRIMVIENA,Gral. Prim - Viena,1112
010C1900-PRIMLISBOA,Gral. Prim - Lisboa,1113
010C1900-VERSLIVERPO,Versalles - Liverpool,1114
010C1900-VERSMARSELL,Versalles - Marsella,1115
010C1900-EJ1SGUAYMAS,Eje 1 Sur Av. Chapultepec - Guaymas,1116
010C1900-EJ1SEJ1PTEC,Eje 1 Sur Av. Chapultepec - Eje 1 Poniente Av. Cuauhtémoc,1117
010C1900-EJ1SDRLUCIO,Eje 1 Sur Dr. Río de la Loza - Dr. Lucio,1118
010C1900-EJ1SNHEROES,Eje 1 Sur Río de la Loza - Niños Héroes,1119
010241-NHERLOZA,Sobre Av. Niños Heroes y Av. Dr. Río de la Loza,1119
010C1900-EJ1SDRVERTIZ,Eje 1 Sur Río de la Loza - Dr. Vértiz,1120
010C1900-EJ1SCONCILIA,Eje 1 Sur Río de la Loza - Junta de Conciliación,1121
010240-VERTZLOZA,Sobre Dr. Andrade y Av. Dr. Río de la Loza,1121
010240-LOZACTRAL,Sobre Av. Dr. Río de la Loza y Eje Ctrl. Lázaro Cárdenas,1122
010C1900-EJ1SEJCTRALC,Eje 1 Sur Río de la Loza - Eje Central Lázaro Cardenas,1122
010C1900-EJ1SBOLIVAR,Eje 1 Sur Fray Servando Teresa de Mier - Bolivar,1123
010240-FRAYBOLIV,Sobre Fray Servando Teresa de Mier y Simón Bolívar,1123
010C1900-EJ1SICATOLCA,Eje 1 Sur Fray Servando Teresa de Mier - Isabel la Católica,1124
010240-FRAYCATO,Sobre Fray Servando Teresa de Mier e Isabel la Católica,1124
010Z4H01-MEDMILFSTMIER,Escuela Médico Militar y Eje 1 Sur Fray Servando Teresa de Mier,1125
010240-FRAYXOCON,Sobre Fray Servando Teresa de Mier y Xocongo,1125
010C1900-EJ1SXOCONG,Eje 1 Sur Fray Servando Teresa de Mier - Xocongo,1125
010C1900-EJ1SCLAVJERO,Eje 1 Sur Fray Servando Teresa de Mier - Clavijero,1126
010C1900-EJ1SEJ1OTE,Eje 1 Sur Fray Servando Teresa de Mier - Eje 1 Oriente Anillo de Circunvalación,1127
010C1900-EJ1SEJ2OTE,Eje 1 Sur Fray Servando Teresa de Mier - Eje 2 Oriente Honorable Congreso de la Unión,1128
010C1900-EJ1SUR103,Eje 1 Sur Fray Servando Teresa de Mier - Sur 103,1129
010C1900-EJ1SICALDERO,Eje 1 Sur Fray Servando Teresa de Mier - Fernando Iglesias Calderón,1130
010C1900-EJ1SRNO27,Eje 1 Sur Fray Servando Teresa de Mier - Retorno 27,1131
010C1900-EJ1SCALL39,Eje 1 Sur Gral. Francisco Morazán - Av. 8 Calle 39,1132
010C1900-EJ1SCALL47,Eje 1 Sur Gral. Francisco Morazán - Av. 8 Calle 47,1133
010C1900-EJ1SCALL63,Eje 1 Sur Gral. Francisco Morazán - Av. 8 Calle 63,1134
010C1900-EJ1SAV8CAL73,Eje 1 Sur Gral. Francisco Morazán - Av. 8 Calle 73,1135
010C1900-CALL77AV6,Calle 77 - Av. 6,1136
010C1900-77IZARAGOZA,Calle 77 - Calz. Ignacio Zaragoza,1137
010C1900-LINDRFIERRO,Carlos A. Lindbergh - Roberto Fierro,1138
010C1900-LINDHRUIZ,Carlos A. Lindbergh - Horacio Ruíz,1139
010C1900-JPALBLERIOT,Juan Pablo Aldasoro - Luis Bleriot,1140
010C1900-JPARGARROS,Juan Pablo Aldasoro - Rolando Garros,1141
010C1900-DUMONTVSANA,Santos Dumont - Juan Guillermo Villasana,1142
010C1900-CETRAMPANTIT,Base Cetram Pantitlan,1143
0100C721-AV504AV561,Av. 504 - Av. 561,1144
0100C720-AV504AV561,Av. 504 - Av. 561,1144
0100C721-553EJ3NAV506,Av. 553 - Eje 3 Norte Av. 506,1145
0100C721-553CDA547,Av. 553 - Cuarta Cerrada 547,1146
0100C720-AV504LFABELA,Av. 504 - Loreto Fabela,1147
0100C721-AV504,Base Av. 504,1147
0100C720-AV504,Base Av. 504,1148
010Z4H00-AVOCEDEPOCE0,Av. Oceanía y Deportivo Oceanía,1148
0100C720-AV504AV551,Av. 504 - Av. 551,1149
0100C720-549CDA547,Av. 549 - Tercera Cerrada 547,1150
0100C720-EJ3NAV549,Eje 3 Norte Av. 506 - Av. 549,1151
0100C711-NTE1FPTE110,Norte 1 F - Poniente 110,1152
0100C711-RMTEBASILISO,Real del Monte - Av. Ing. Basiliso Romo,1153
0100C710-EJ3NINSURGNT,Eje 3 Norte Av. Cuitlahuac - Av. Insurgentes Norte,1154
0100C710-EJCTRALCLAVE,Eje Central - Clave,1155
0100C710-BOROSHUMAN,Borodin - Shuman,1156
0100C700-EJ3NTERMONT,Eje 3 Norte Av. Cuitláhuac - Real del Monte,1157
0100C701-MNOEDVOCHA,Gral. Mariano Escobedo - Deportivo Chapultepec,1158
0100C700-MNOEVICHUGO,Gral. Mariano Escobedo - Victor Hugo,1158
010C1301-ESCOBHORAC,Mariano Escobedo y Horacio,1159
0100C701-MNOEHORACIO,Gral. Mariano Escobedo - Horacio,1159
0100C701-MNOEHOMERO,Gral. Mariano Escobedo - Homero,1160
0100C701-MNOEJNALMXN,Gral. Mariano Escobedo - Ejercito Nacional Mexicano,1161
010C1201-BETOESCOB,Lago Alberto y Mariano Escobedo,1162
0100C701-MNOEALBERTO,Gral. Mariano Escobedo - Lago Alberto,1162
0100C701-MNOEMAYRAN,Gral. Mariano Escobedo - Laguna de Mayran,1163
0100C701-MNOETERMINS,Gral. Mariano Escobedo - Laguna de Términos,1164
0100C700-MNOETERMNS,Gral. Mariano Escobedo - Laguna de términos,1164
0100C701-MNOEBOLSENA,Gral. Mariano Escobedo - Lago Bolsena,1165
0100C701-MNOEMARNAL,Gral. Mariano Escobedo - Marina Nacional,1166
0100C700-MNOELGARDA,Gral. Mariano Escobedo - Lago Garda,1166
0100C700-MNOEMARROJO,Av. Mariano Escobedo - Mar Rojo,1167
0100C701-MNOECANTABR,Av. Mariano Escobedo - Mar Cantabrico,1167
0100C701-EJ3NMXTCB,Eje 3 Norte Av. Cuitlahuac - México-Tacuba,1168
0100C701-EJ3NTRUJILLO,Eje 3 Norte Av. Cuitlahuac - Sánchez Trujillo,1169
0100C701-EJ3NPTE44,Eje 3 Norte Av. Cuitlahuac - Poniente 44,1170
0100C701-EJ3NEGIPTO,Eje 3 Norte Av. Cuitlahuac - Egipto,1171
0100C700-EJ3NPTE58,Eje 3 Norte Av. Cuitlahuac - Poniente 58,1172
0100C701-EJ3NCLAVERIA,Eje 3 Norte Av. Cuitlahuac - Av. Clavería,1172
0100C701-EJ3NILO,Eje 3 Norte Av. Cuitlahuac - Nilo,1173
0100C700-EJ3NPTE62,Eje 3 Norte Av. Cuitlahuac - Poniente 62,1173
0100C701-EJ3NCAMARNS,Eje 3 Norte Av. Cuitlahuac - Camarones,1174
0100C701-EJ3NGRANJAS,Eje 3 Norte Av. Cuitlahuac - Las Granjas,1175
0100C700-EJ3NPLATANAL,Eje 3 Norte Av. Cuitlahuac - Platanales,1176
0100C701-EJ3NPLATANLS,Eje 3 Norte Av. Cuitlahuac - Platanales,1176
0100C701-EJ3NUECES,Eje 3 Norte Av. Cuitlahuac - Nueces,1177
0100C700-EJ3NGUANABA,Eje 3 Norte Av. Cuitlahuac - Guanabana,1178
0100C701-EJ3NGUANABAN,Eje 3 Norte Av. Cuitlahuac - Guanabana,1178
0100C701-EJ3NPSL,Eje 3 Norte Av. Cuitlahuac - Plan de San Luis,1179
0100C701-EJ3NCERDENA,Eje 3 Norte Av. Cuitlahuac - CerdeNa,1180
0100C701-EJ3NAVCEYLAN,eje 3 Norte Av. Cuitlahuac - Av. Ceylan,1181
0100C701-EJ3NAVJARDIN,Eje 3 Norte Av. Cuitlahuac - Av. Jardín,1182
0100C701-EJ3NCALL12,Eje 3 Norte Av. Cuitlahuac - Calle 12,1183
0100C700-EJ3NCALL12,Eje 3 Norte Av. Cuitlahuac - Calle 12,1183
0100C701-EJ3NCTRALSUR,Eje 3 Norte Av. Cuitlahuac - Central Sur,1184
0100C701-EJ3NCALL28,Eje 3 Norte Av. Cuitlahuac - Calle 28,1185
0100C700-EJ3NVALLEJO,Eje 3 Norte Av. Cuitlahuac - Eje 1 Poniente Calz. Vallejo,1185
0100C700-EJ3NFCOPERZ,Eje 3 Norte Av. Cuitlahuac - Francisco Pérez,1186
0100C701-EJ3NVALLEJO,Eje 3 Norte Av. Cuitlahuac - Eje 1 Poniente Calz. Vallejo,1186
0100C701-EJ3NTE3A,Eje 3 Norte Av. Cuitlahuac - Norte 3A,1187
0100C700-EJ3NDELATORR,Eje 3 Norte Av. Cuitlahuac - Martínez de la Torre,1187
0100C701-EJ3NTE1G,Eje 3 Norte Av. Cuitlahuac - Norte 1G,1188
0100C700-EJ3NALBENIZ,Eje 3 Norte Av. Cuitláhuac - Albéniz,1188
0100C701-EJ3NREALMTE,Eje 3 Norte Av. Ing. Robles Domínguez - Real del Monte,1189
0100C701-EJ3NBUENTON,Eje 3 Norte Av. Ing. Robles Domínguez - Buentono,1190
0100C700-EJ3NCONSTANT,Eje 3 Norte Av. Ing. Robles Domínguez - Constantino,1190
0100C701-EJ3NMISTERIO,Eje 3 Norte Av. Ing. Alfredo Robles Dominguez - Calz. de los Misterios,1191
0100C700-EJ3NALICIA,Eje 3 Norte Noé - Alicia,1192
0100C701-EJ3NCALZGPE,Eje 3 Norte Noé - Calz. de Guadalupe,1192
0100C700-EJ3NGRACIELA,Eje 3 Norte Noé - Graciela,1193
0100C701-EJ3NGRACIELA,Eje 3 Norte Noé - Graciela,1193
0100C701-EJ3NSARA,Eje 3 Norte Noé - Sara,1194
0100C700-EJ3NEJ1OTE,Eje 3 Norte Noé - Eje 1 Oriente Ferrocarril Hidalgo,1194
0100C701-EJ3NTE48,Eje 3 Norte Ángel Albino Corzo - Norte 48,1195
0100C701-EJ3NTE58,Eje 3 Norte Ángel Albino Corzo - Norte 58,1196
0100C700-EJ3NTE58,Eje 3 Norte Ángel Albino Corzo - Norte 58,1196
0100C701-EJ3NBONDOJIT,Eje 3 Norte Ángel Albino Corzo - Metro Bondojito,1197
0100C701-EJ3NTE70,Eje 3 Norte Ángel Albino Corzo - Norte 70,1198
0100C700-EJ3NTE70,Eje 3 Norte Ángel Albino Corzo - Norte 70,1198
0100C701-EJ3NEJ3OTE,Eje 3 Norte Angel Álbino Corzo - Eje 3 Oriente Ing. Eduardo Molina,1199
0100C700-EJ3NEJ3OTE,Eje 3 Norte Ángel Albino Corzo - Eje 3 Oriente Ing. Eduardo Molina,1199
0100C700-EJ3NTE84,Eje 3 Norte Ángel Albino Corzo - Norte 84,1200
0100C701-EJ3NTE84,Eje 3 Norte Ángel Albino Corzo - Norte 84,1200
0100C700-EJ3NTE92,Eje 3 Norte Ángel Albino Corzo - Norte 92,1201
0100C701-EJ3NTE92,Eje 3 Norte Ángel Albino Corzo - Norte 92,1201
010Z4F01-N92ANGALBCOR,Norte 92 y Eje 3 Nte. Ángel Albino de Corzo,1201
0100C701-503DVOZARCO,Av. 503 - Deportivo Zarco,1202
0100C701-508AV503,Av. 508 - Av. 503,1203
010Z4F00-AV503AV508,Av. 503 y Av. 508,1203
0100C701-508AV519,Av. 508 - Av. 519,1204
0100C701-508AV529,Av. 508 - Av. 529,1205
0100C701-508AV535,Av. 508 - Av. 535,1206
0100C701-508AV547,Av. 508 - Av. 547,1207
0100C701-FABEAV508,José Loreto Fabela - Av. 508,1208
010Z4H00-JLFABAV5080,José Loreto Fabela y Av. 508,1208
0100C701-FABEAV506,Loreto Fabela - Av. 506,1209
0100C701-FABECDA565,Loreto Fabela - 3ra Cerrada de 565,1210
0100C700-MNOETOLSTOI,Gral. Mariano Escobedo - Tolstoi,1211
0100C700-MNOEDARWIN,Gral. Mariano Escobedo - Darwin,1212
010C1301-AVMESCOKANT,Av. Mariano Escobedo y Emanuel Kant,1212
0100C700-MNOEGUTEMB,Gral. Mariano Escobedo - Gutemberg,1213
0100C700-MNOEHORACIO,Gral. Mariano Escobedo - Horacio,1214
0100C700-MNOEUCLIDES,Gral. Mariano Escobedo - Euclides,1215
010C1300-THIERSEJNAL,Thiers y Av. Ejercito Nacional,1216
0100C700-MNOETHIERS,Gral. Mariano Escobedo - Eje 3 Poniente Thiers,1216
0100C700-MNOEALBERTO,Gral. Mariano Escobedo - Lago Alberto,1217
0100C700-MNOEMAYRAN,Gral. Mariano Escobedo - Laguna de Mayran,1218
0100C700-MNOEBOLSENA,Gral. Mariano Escobedo - Lago Bolsena,1219
0100C700-MNOEMARINAL,Gral. Mariano Escobedo - Marina Nacional,1220
0100C700-MNOENEGRO,Av. Mariano Escobedo - Mar Negro,1221
0100C700-EJ3NMXTCB,Eje 3 Norte Av. Cuitlahuac - México-Tacuba,1222
0100C700-EJ3NMARMARA,Eje 3 Norte Av. Cuitlahuac - Mar Mármara,1223
0100C700-EJ3NPTE44,Eje 3 Norte Av. Cuitlahuac - Poniente 44,1224
010C1001-EGIPCUITL,Egipto y Cuitlahuac,1225
0100C700-EJ3NMAXMNEZ,Eje 3 Norte Av. Cuitlahuac - Biol. Maximiliano Martínez,1225
010C1000-BIOLMMCUITL,Biologo Maximino M. y Cuitlahuac,1225
010C1001-CAMARNTE77,Calz. Camarones y Norte 77,1226
0100C700-EJ3NCAMARNS,Eje 3 Norte Av. Cuitlahuac - Calz. Camarones,1226
0100C700-EJ3NPINA,Eje 3 Norte Av. Cuitlahuac - PiNa,1227
0100C700-EJ3NPSL,Eje 3 Norte Av. Cuitlahuac - Plan de San Luis,1228
0100C700-EJ3NFERROCT,Eje 3 Norte Av. Cuitlahuac - Ferrocarril Central,1229
0100C700-EJ3NCEYLAN,Eje 3 Norte Av. Cuitlahuac - Av. Ceylan,1230
0100C700-EJ3NAVJARDIN,Eje 3 Norte Av. Cuitlahuac - Av. Jardín,1231
0100C700-EJ3NCALL8,Eje 3 Norte Av. Cuitlahuac - Calle 8,1232
0100C700-EJ3NCTRALSUR,Eje 3 Norte Av. Cuitlahuac - Central Sur,1233
0100C700-EJ3NCALL24,Eje 3 Norte Av. Cuitlahuac - Calle 24,1234
0100C700-EJ3NLEOAUER,Eje 3 Norte Av. Cuitlahuac - Leopoldo Auer,1235
0100C700-EJ3NREALMTE,Eje 3 Norte Av. Cuitlahuac - Real del Monte,1236
0100C700-EJ3NTETRATZ,Eje 3 Norte Av. Ing. Robles Domínguez - Tetratzini,1237
0100C700-EJ3NCALZGPE,Eje 3 Norte Av. Ing. Robles Domínguez - Calz. de Guadalupe,1238
0100C700-EJ3NMISTERIO,Eje 3 Norte Av. Ing. Robles Domínguez - Calz. Misterios,1239
0100C700-EJ3NTE54A,Eje 3 Norte Ángel Albino Corzo - Norte 54A,1240
010Z4B00-NTE72AEJ3N,Norte 72-A y Eje 3 Nte.,1241
010Z4B01-N72AANALBCOR,Norte 72-A y Eje 3 Nte. Ángel Albino de Corzo,1241
0100C700-EJ3NTE72A,Eje 3 Norte Ángel Albino Corzo - Norte 72A,1241
010Z4A01-E2CONUEJ3NTE,Eje 2 Ote. H Congreso de la Unión y Eje 3 Nte.,1242
0100C700-EJ3NEJ2OTE,Eje 3 Norte Ángel Albino Corzo - Eje 2 Oriente Honorable Congreso de la Unión,1242
0100C501-CUNIONALBINO,Congreso de la Unión y Ángel Albino,1242
0100C700-EJ3NTE88,Eje 3 Norte Ángel Albino Corzo - Norte 88,1243
0100C700-EJ3NTE78A,Eje 3 Norte Ángel Albino Corzo - Norte 78A,1244
0100C700-EJ3NAV507,Eje 3 Norte Av. 506 - Av. 507,1245
0100C700-EJ3NAV503,Eje 3 Norte Av. 506 - Av. 503,1246
010Z4F00-503ANGALNCORZ,Av. 503 y Eje 3 Nte. Ángel Albino de Corzo,1246
0100C700-EJ3NAV521,Eje 3 Norte Av. 506 - Av. 521,1247
010Z4H00-JLFABAV506,José Loreto Fabela y Av. 506,1248
0100C700-EJ3NLFABELA,Eje 3 Norte Av. 506 - Loreto Fabela,1248
0100C700-EJ3NAV561,Eje 3 Norte Av. 506 - Av. 561,1249
0100C700-EJ3NAV551,Eje 3 Norte Av. 506 - Av. 551,1250
0100C700-EJ3NAV541,Eje 3 Norte Av. 506 - Av. 541,1251
0100C700-EJ3NAV535,Eje 3 Norte Av. 506 - Av. 535,1252
0100C700-DVOCEANIA,Base Deportivo Oceanía ,1253
010C1520-POPOSMADRE,Volcan Popocatepetl - Sierra Madre,1254
010C1521-POPOSMADREO,Volcan Popocatepetl - Sierra Madre Oriental,1254
010C1521-POPOMALINCH,volcan Popocatepetl - Volcan Malinche,1255
010C1520-POPOMALINCH,Volcan Popocatepetl - Volcan Malinche,1255
010C1521-POPOCOLIMA,Volcan Popocatepetl - Volcan Colima,1256
010C1520-POPOCOLIMA,Volcan Popocatepetl - Volcan Colima,1256
010C1521-PINOSIZTACCI,Av. de los Pinos - Volcan Iztaccihuatl,1257
010C1520-CONSTRZACAT,Constitución de la República - Zacatecas,1258
010Z4H00-EDZACCONREP,Estado de Zacatecas y Constitución de la República,1258
010C1521-CONSTRZACAT,Constitución de la República - Zacatecas,1258
010Z4K01-UNIACONSTREP,"Camino de la Unión ""A"" y Constitución de la República",1259
010C1521-CONSTRUNION,Constitución de la República - Unión,1259
010Z4K00-CUNCALLAMIS,Camino de la Unión y Tercer Callejón Amistad,1259
010Z4J00-PTOTAMJLORFAB,Puerto Tampico y José Loreto Fabela,1260
010Z4J01-PTOTAMPICDMAD,Puerto Tampico y Puerto Ciudad Madero,1260
010C1521-FABETAMPICO,Loreto Fabela - Puerto Tampico,1260
010C1521-FABECNOJUAN,Loreto Fabela - Camino a San Juan,1261
010C1521-FABELA412,Loreto Fabela - Av. 412,1262
010C1521-FABEJSIERRA,Loreto Fabela - Justo Sierra,1263
010C1520-PRADERA,Base Pradera,1264
010C1520-VOLCTRONAIZT,Tronador Volcan - Volcan Iztaccihuatl,1265
010C1520-CONSTRVPEDR,Constitución de la República - Volcan San Pedro,1266
010C1520-CONSTREPBCS,Constitución de la República - Baja California Sur,1267
010C1520-FABEFCOMZAN,Loreto Fabela - Francisco Morazán,1268
010Z4A00-JLFABFCOMOR,José Loreto Fabela y Av. Francisco Morazán,1268
010Z4A00-JLFPTOMATZ,José Loreto Fabela y Pto. Mazatlán,1269
010C1520-FABEMAZATLAN,Loreto Fabela - Puerto Mazatlán,1269
010C1520-FABETAMPICO,Loreto Fabela - Puerto Tampico,1270
010C1520-FABECNOJUAN,Loreto Fabela - Camino a San Juan,1271
010C1520-FABELA412,Loreto Fabela - Av. 412,1272
010C1520-FABEBOLIVAR,Loreto Fabela - Simón Bolivar,1273
010C1500-EJ4NMISTERIO,Eje 4 Norte Euzkaro - De los Misterios,1274
010C1520-EUZMISTERIO,Euzkaro - Calz. de los Misterios,1274
010C1520-RICARMISTERI,Ricarte - Calz. de los Misterios,1275
010C1520-UNIONRICARTE,Unión - Ricarte,1276
010C1520-MONTUNION,Montiel - Unión,1277
010C1520-MONTIEL,Base Montiel,1278
010C1511-EJ5NCALL1557,Eje 5 Norte Av. 412  - Calle 1557,1279
010C1511-PTE112INSUR,Poniente 112 - Av. Insurgentes Norte II,1280
010C1511-PTE112IPN,Poniente 112 - Instituto Politécnico Nacional,1281
010C1511-PTE112NTE1K,Poniente 112 - Norte 1K,1282
010C1511-PTE112NTE3,Poniente 112 - Norte 3,1283
010C1511-PTE112VALLEJ,Poniente 112 - Eje 1 Poniente Calz. Vallejo,1284
010C1511-COLT100MTROS,Coltongo - Prol. 100 Metros,1285
010C1511-COLTPTE116,Coltongo - Poniente 116,1286
010C1510-COLTPTE116,Coltongo - Poniente 116,1286
010C1511-PTE116NTE35,Poniente 116 - Norte 35,1287
010C1511-PTE116NTE45,Poniente 116 - Norte 45,1288
010C1510-EJ4NPRQGPE,Eje 4 Norte Euzkaro - Parque Guadalupe,1289
010C1510-EJ4NBUENTON,Eje 4 Norte Euzkaro - Buen Tono,1290
010C1510-EJ4NFNDMREY,Eje 4 Norte Euzkaro - Fundidora Monterrey,1291
010C1510-EJ4NINSUGEN,Eje 4 Norte Av. Fortuna - Av. Insurgentes Norte,1292
010C1510-EJ4NRIOBAMBA,Eje 4 Norte Av. Fortuna - Río Bamba,1293
010C1510-EJ4NAVIPN,Eje 4 Norte Av. Fortuna - Av. Instituto Politécnico Nacional,1294
010C1510-EJ4NHJUAREZ,Eje 4 Norte Av. Fortuna - Hospital Juárez,1295
010C1510-EJLCCHVALLE2,Eje Central Lázaro Cardenas - CCH Vallejo 2,1296
010C1510-EJLCCHVALLEJ,Eje Central Lázaro Cardenas - CCH Vallejo,1297
010C1510-EJLCBUSESNTE,Eje Central Lázaro Cardenas - Autobuses del Norte,1298
010C1510-PTE116NTE11,Poniente 116 - Norte 11,1299
010C1510-PTE112NTE17,Poniente 112 - Norte 17,1300
010C1510-COLTVALLEJO,Coltongo - Eje 1 Poniente Calz. Vallejo,1301
010C1510-COLT110MTROS,Coltongo - Prol. Sur 100 Metros,1302
010C1510-PTE122NTE45,Poniente 122 - Norte 45,1303
010C1510-PTE122PRTULA,Poniente 122 - Priv. Tula,1304
010C1510-AVCEYLAN,Base Av. Ceylan,1305
010C1500-FCOMHANKGLZ,Francisco Morazán - Carlos Hank González,1306
010C1500-FCOMVILLARAG,Francisco Morazán - Villa de Aragón,1307
010C1500-CALL1527FCOM,Calle 1527 - Francisco Morazán ,1308
010C1500-CALL1527BACH,Calle 1527 - Bachilleres No. 9 Aragón,1309
010C1500-EJ4NCALL1527,Eje 4 Norte Av. 412 - Calle 1527,1310
010C1500-EJ4NCALL1511,Eje 4 Norte Av. 412 - Calle 1511,1311
010C1500-EJ4N510,Eje 4 Norte Av. 412 - Av. 510,1312
010C1500-EJ4NAV482,Eje 4 Norte Av. 510 - Av. 482,1313
010C1500-EJ4NJLFABELA,Eje 4 Norte Av. 510 - José Loreto Fabela,1314
010C1500-EJ4N533,Eje 4 Norte Av. 510 - Av. 533,1315
010C1500-EJ4NPTOPALOS,Eje 4 Norte Av. 510 - Puerto de Palos,1316
010C1500-EJ4NAV503,Eje 4 Norte Av. 510 - Av. 503,1317
010C1500-EJ4NTE94,Eje 4 Norte Av. Talismán - Norte 94,1318
010C1501-EJ4NTE84,Eje 4 Norte Av. Talismán - Norte 84,1319
010C1500-EJ4NTE84,Eje 4 Norte Av. Talismán - Norte 84,1319
010C1500-EJ4NEJ3OTE,Eje 4 Norte Av. Talismán - Eje 3 Oriente Av. Ing. Eduardo Molina,1320
010C1500-EJ4NTE70,Eje 4 Norte Av. Talismán - Norte 70,1321
010C1501-EJ4NEJ2OTE,Eje 4 Norte Av. Talismán - Eje 2 Oriente Honorable Congreso de la Unión,1322
010C1500-EJ4NEJ2OTE,Eje 4 Norte Av. Talismán - Eje 2 Oriente Honorable Congreso de la Unión,1322
010C1500-EJ4NEJ1OTE,Eje 4 Norte Av. Talismán - Eje 1 Oriente Av. Ferrocarril Hidalgo,1323
010C1501-EJ1OEJ4N,Eje 1 Oriente Av. Ferrocarril Hidalgo - Eje 4 Norte Av. Talismán,1323
010C1500-EJ4NGRANATE,Eje 4 Norte Av. Talismán - Granate,1324
010C1500-EJ4NGPE,Eje 4 Norte Euzkaro - Guadalupe,1325
010C1500-NCXBUENTONO,Necaxa - Buen Tono,1326
010C1500-NCXPRQFUNDI,Necaxa - Parque Fundidora,1327
010C1501-EXCINSURNTE,Excelsior - Av. Insurgentes Norte ,1328
010C1501-EXCLAUDIOCAS,Excelsior - Ing. Claudio Castro,1329
010C1501-EXCREALMTE,Excelsior - Real del Monte,1330
010C1501-BOSQUES,Base Bosques,1331
010C1501-NUBSQUESASIA,Naciones Unidas - Bosques de Asia,1332
010C1501-NUVILLCACAMA,Naciones Unidas - Villa Cacama,1333
010C1501-EJ4NCALL1525,Eje 4 Norte Av. 412 - Calle 1525,1334
010C1501-EJ4NAV412,Eje 4 Norte Av. 510 - Av. 412,1335
010C1501-EJ4NAV482,Eje 4 Norte Av. 510 - Av. 482,1336
010C1501-EJ4NLFABELA,Eje 4 Norte Av. 510 - Loreto Fabela,1337
010C1501-EJ4NEZAPATA,Eje 4 Norte Av. 510 - Emiliano Zapata,1338
010C1501-EJ4NAV519,Eje 4 Norte Av. 510 - Av. 519,1339
010C1501-EJ4NCECYT01,Eje 4 Norte Av. 510 - CECyT No. 01,1340
010C1501-EJ4NGRANCNL,Eje 4 Norte Av. Talismán - Gran Canal,1341
010C1501-EJ4NEJ3OTE,Eje 4 Norte Av. Talismán - Eje 3 Oriente Av. Ing. Eduardo Molina,1342
010C1501-EJ4NTE72,Eje 4 Norte Av. Talismán - Norte 72,1343
010C1501-EJ4NTE70,Eje 4 Norte Av. Talisman - Norte 70,1344
010C1501-EJ1OTEJOYAS,Eje 1 Oriente Av. FErrocarril Hidalgo - Joyas,1345
010C1501-JYSTURQUESA,Joyas - Turquesa,1346
010C1501-JYSGRANATE,Joyas - Granate,1347
010C1501-JYSGPE,Joyas - De Guadalupe,1348
010C1501-RBLMISTERIOS,Río Blanco - De los Misterios,1349
010C1501-RBLBUENTONO,Río Blanco - Buen Tono,1350
010C1501-RBLFUNDIDORA,Río Blanco - Fundidora de Monterrey,1351
010C1501-MREYPRIMAVR,Fundidora de Monterrey - Primavera,1352
010C1500-MTROPOTRERO,Base Metro Potrero,1353
010C1630-CUAUTHEZAP,Cuauhtémoc - Hacienda Emiliano Zapata Base,1354
010C1621-CUITLAHUAC,Base Metro Cuitlahuac,1355
010C1601-MXTBHUDSON,México-Tacuba - Mar Hudson,1355
010C1621-AZCAGASCASO,Av. Azcapotzalco - Lago Gascasonica,1356
010C1621-AQGOLFOSIAM,Aquiles Serdán -Golfo Siam,1357
010C1621-AQGLFESTIO,Aquiles Serdán - Golfo Estio,1358
010C1621-AQOTONO,Aquiles Serdán - Otoño,1359
010C1621-AQINVIERNO,Aquiles Serdán - Invierno,1360
010C1621-5MAYREFINERI,5 de Mayo - Metro Refineria,1361
010C1621-5MAYWALMART,5 de Mayo - Frente a Walmart,1362
010C1620-5MAYGLICERIN,5 de Mayo - Glicerina,1363
010C1621-5MAYGLICERIN,5 de Mayo - Glicerina,1363
010C1621-5MAYNTE135A,5 de Mayo - Norte 135A,1364
010C1620-5MAYNTE35A,5  de Mayo - Norte 135A,1364
010C1621-5MAYGASOLIN,5 de Mayo - Gasolina,1365
010C1620-5MAYGASOLINA,5 de Mayo - Gasolina,1365
010C1621-5MAYTEZOZOM,5 de Mayo - Tezozomoc,1366
010C1621-LCIATEZOZOMO,Camino a Santa Lucia - Tezozomoc,1367
010C1620-STALTEZOZOMO,Camino a Santa Lucia - Tezozomoc,1368
010C1621-LCIADEMOCRA,Camino a Santa Lucia - Democracias,1368
010C1621-CNOLUCIANRNJ,Camino a Santa Lucia - Calz. de la Naranja,1369
010C1621-NRNJQUETZALA,Calz. de la Naranja - Quetzala,1370
010C1620-NRNJZARATE,Calz. de la Naranja - Alfredo Zarate,1370
010C1620-NRNJAHUZOTL,Calz. de la Naranja - Av. Ahuzotl,1371
010C1621-NRNJAHUIZOTL,Calz. de la Naranja - Santiago Ahuizotl,1371
010C1621-NRNJFCOSANC,Calz. de la Naranja - Francisco Sánchez,1372
010C1620-NRNJRIVAPALA,Calz. de la Naranja - Carlos Riva Palacios,1372
010C1621-NRNJECARRAN,Calz. de la Naranja - Emilio Carranza,1373
010C1620-NRNJSANFCO,Calz. de la Naranja - San Francisco,1374
010C1621-NRNJGVOBAZ,Calz. de la Naranja -Gustavo Baz,1374
010C1621-NRNJABRAHA,Calz. de la Naranja - Abraham Sánchez,1375
010C1621-NRNJANORVE,Calz. de la Naranja - Enrique Añorve,1376
010C1620-ENRNARANJA,Enrique Añorve - Calz. de la Naranja,1376
010C1621-NRNJCSTRJ,Calz. de la Naranja - Adrian Castrejon,1377
010C1621-CSTRJCARDEL,Adrian Castrejon - José Cardel,1378
010C1621-CSTRJFCOVILL,Adrian Castrejon - Francisco Villa,1379
010C1621-CSTRJCAPISTR,Adrian Castrejon - Jesús Capistran,1380
010C1621-CSTRJPELIASC,Adrian Castrejon - Plutarco Elias Calles,1381
010C1621-CSTRJFCOIMAD,Adrian Castrejon - Francisco I. Madero,1382
010C1621-CSTRJLMATEOS,Adrian Castrejon - Adolfo Lopez Mateos,1383
010C1621-CSTRJCAPETIL,Adrian Castrejon - Alonso Capetillo,1384
010C1621-CSTRJLIBERAT,Adrian Castrejon - Liberato Lara,1385
010C1621-CASTREJN23A,Adrian Castrejon - 23 de Abril,1386
010C1620-23AJAMARO,23 de Abril - Joaquin Amaro,1387
010C1621-23AJAMARO,23 de Abril - Joaquin Amaro,1387
010C1621-23AJAUREGUI,23 de Abril - Eusebio Jauregui,1388
010C1620-23AJAUREGUI,23 de Abril - Eusebio Jáuregui,1388
010C1620-23ABLACKALL,23 de Abril - Leopoldo Blackaller,1389
010C1621-23ABLACKALL,23 de Abril - Leopoldo Blackaller,1389
010C1621-23ARMAS,23 de Abril - de las Armas,1390
010C1620-ARM23ABRIL,De las Armas - 23 de Abril,1390
010C1621-ARMECHEGAR,De las Armas - Echegaray,1391
010C1000-ISIDROARMAS,Calz. San Isidro y Calz. de las Armas,1391
010C1620-ARMECHEGARA,De las Armas - Echegaray,1391
010C1621-ECHEREMEDIO,Echegaray - Río de los Remedios,1392
010C1621-ENARNACESTR,Hacienda de la Encarnación - Estrella,1393
010C1621-ENARNACGBAZ,Hacienda de la Encarnación - Gustavo Baz,1394
010C1621-GBAZHDAGAVIA,Gustavo Baz - Hacienda de la Gavia,1395
010C1620-LVGUSTAVBAZ,Lomas Verdes - Vía Gustavo Baz,1395
010C1621-GUSTAVOCUAU,Gustavo Baz - Cuauhtémoc,1396
010C1621-CUAUHECHEGA,Cuauhtémoc - Paseo de la Hacienda Echegaray,1397
010C1800-MAVILACECH,Blvd. Manuel Avila C. y Paseo de la Hacienda Echegaray,1398
010C1621-ECHEBICENTE,Paseo de la Hacienda Echegaray - Viaducto Elevado Bicentenario,1398
010C1621-LVNIEVES,Lomas Verdes - Colina de las Nieves,1399
010C1621-LOMASVERDES,Base Lomas Verdes,1400
010C1620-ASGOLFESTILO,Aquiles Serdán - Golfo Estilo,1401
010C1620-5MAYREFINERI,5 de Mayo - Metro Refineria,1402
010C1620-5MAYWALMART,5 de Mayo - Frente a Walmart,1403
010C1620-5MAYNTE135,5 de Mayo - Norte 135,1404
010C1620-5MAYPTAPARQ,5 de Mayo - Puerta del Parque,1405
010C1620-STALDEMOCR,Camino a Santa Lucia - Democracias,1406
010C1620-NRNJWENSES,Calz. de la Naranja - Wenseslao Lara,1407
010C1620-NRNJSOLORZA,Calz. de la Naranja - José Luis Solorzano,1408
010C1620-NRNJABUNDIO,Calz. de la Naranja - Abundio Gómez,1409
010C1620-NRNJFABELA,Calz. de la Naranja - Isidro Fabela,1410
010C1620-NRNJDELMAZO,Calz. de la Naranja - Alfredo del Mazo,1411
010C1620-ENRJCARDEL,Enrique Añorve - José Cardel,1412
010C1620-ENRFCOVILLA,Enrique Añorve - Francisco Villa,1413
010C1620-ENRCAPISTRA,Enrique Añorve - Jesús Capistran,1414
010C1620-ENRPELIASCAL,Enrique Añorve - Plutarco Elias Calles,1415
010C1620-ENRALMATEOS,Enrique Añorve - Adolfo López Mateos,1416
010C1620-ENRCAPETILLO,Enrique Añorve - Alonso Capetillo,1417
010C1620-ENRLIBERATO,Enrique Añorve - Liberato Lara,1418
010C1620-23AEANORVE,23 de Abril - Enrique Añorve,1419
010C1620-23ABENAVIDES,23 de Abril - Catarino Benavides,1420
010C1620-CIMREMEDIOS,La Cima - Río de los Remedios,1421
010C1620-CIMABOSQUE,La Cima - El Bosque,1422
010C1620-HUARCOCOYO,Hacienda de la Huaracha - Hacienda de Cocoyoc,1423
010C1620-LVECHEGARAY,Lomas Verdes - Paseo de la Hacienda Echegaray,1424
010C1620-LOMASVERDES,Base Lomas Verdes,1425
010C1601-INGMJOAQUIN,Ingenieros Militares - Río San Joaquin,1426
010C1601-INGMPSANCTO,Ingenieros Militares - Panteón Sanctorum,1427
010C1211-MILITARES,Ingenierons Militares y Transmisiones Militares,1427
010C1600-INGMTRANSMIS,Ingenieros Militares - Transmisiones Militares Panteón Sanctorum,1427
010C1601-INGMDEMET,Ingenieros Militares - Demet,1428
010C1601-INGMKALTEX,Ingenieros Militares - Kaltex,1429
010C1601-BARTARISTA,San Bartolo - General Arista,1430
010C1601-BARTPARANA,San Bartolo - Río Parana,1431
010C1601-BARTSANCTOR,Calz. San Bartolo - Sanctorum,1432
010C1601-BARTURUGUAY,Calz. San Bartolo - Ururguay,1433
010C1601-BARTESPANOL,Calz. San Bartolo - Panteón EspaNol,1434
010C1601-MXTBVIEDMA,México-Tacuba - Lago Viedma,1435
010C1601-MXTBPLAVA,México-Tacuba - Lago Tlava,1436
010C1600-MXTCBTANA,México-Tacuba - Lago Tana,1436
010C1601-MXTBTANA,México-Tacuba - Lago Tana,1437
010C1601-MXTBGASCASO,México-Tacuba - Cerrada Lago Gascasonica,1438
010C1600-MXTCBAMATITL,México-Tacuba - Lago Amatitla,1439
010C1601-MXTBAMATITLA,México-Tacuba - Amatitla,1439
010C1601-MXTBPUENTE,México-Tacuba - Puente,1440
010C1601-MXTBMETRO,México-Tacuba - Metro Tacuba,1441
010C1601-MXTBPANADER,México-Tacuba - Panaderia la Palanca,1442
010C1600-MXTCBMERCA,México-Tacuba - Mercado Tacuba,1442
010C1600-MXTCBTIRENO,México-Tacuba - Mar Tireno,1443
010C1601-MXTBCARIBE,México-Tacuba - Mar Caribe,1443
010C1601-MXTBAFFIN,México-Tacuba - Mar Baffin,1444
010C1600-MXTCBCALIFOR,México-Tacuba - Golfo de California,1444
010C1601-MXTBCUITLAHU,México-Tacuba - Cuitlahuac,1445
010C1601-MXTBCDAPOPO,México-Tacuba - Cerrada Popotla,1446
010C1601-MXTBARAFURA,México-Tacuba - Arafura,1447
010C1601-MXTBPOPOTLA,México-Tacuba - Metro Popotla,1448
010C1600-MXTCBCOLMIL,México-Tacuba - Colegio Militar,1448
010C1601-MXTBPLNAYALA,México-Tacuba - Plan de Ayala,1449
010C1600-MXTCBCARRLL,México-Tacuba - Carrillo Puerto,1450
010C1601-MXTBCOLMIL,México-Tacuba - Metro Colegio Militar,1450
010C1601-MXTBMNORMAL,México-Tacuba - Metro Normal,1451
010C1601-MXTBAGUIRRE,México-Tacuba - Lauro Aguirre,1452
010C1601-RIBNOGAL,Ribera de San Cosme - Nogal,1453
010C1601-RIBCEDRO,Ribera de San Cosme - Cedro,1454
010C1600-RIBCEDRO,Ribera de San Cosme - Cedro,1454
010C1601-RIBSTAMARIA,Ribera de San Cosme - Santa María,1455
010C1221-ROSASCOSME,Rosas Moreno y Ribera de San Cosme,1456
010C1200-MSANCOSME,Metro San Cosme,1456
010C1601-RIBNARANJO,Ribera de San Cosme - Naranjo,1456
010C1600-RIBRMORENO,Ribera de San Cosme - Rosas Moreno,1456
010C1601-RIBFRESNO,Ribera de San Cosme - Fresno,1457
010C1601-RIBGLEZMNEZ,Ribera de San Cosme - González Martínez,1458
010C1601-ALVINSURGENT,Puente de Alvarado - Insurgentes,1459
010C1601-ALVMREVOLU,Puente de Alvarado - Metro Revolución,1460
010C1601-ALVBUENAVSTA,Puente de Alvarado - Buenavista,1461
010C1600-ALVTERAN,Puente de Alvarado - Teran,1462
010C1601-ALVZARAGOZA,Puente de Alvarado - Zaragoza,1462
010C1601-HGOMETRHGO,Av. Hidalgo - Metro Hidalgo,1463
010C1601-HGOPANADERI,Av. Hidalgo - Panadería,1464
010C1601-HGOTRUJANO,Av. Hidalgo - Valerio Trujano,1465
010C1600-JUARZLOPEZ,Av. Juárez - López,1466
010C1600-JUARZLMOYA,Av. Juárez - Luis Moya,1467
010C1600-JUARZREVILLA,Av. Juárez - Revillagigedo,1468
010C1600-JUARZBALDERA,Av. Juárez - Balderas,1469
010C1600-JUARZHUMBOL,Av. Juárez - Humboldt,1470
010C1600-FRANZMAYER,Baseo Museo Franz Mayer,1471
010C1600-ALVREVOLUC,Puente de Alvarado - Metro Revolución,1472
010C1600-RIBINSURGENT,Ribera de San Cosme - Insurgentes,1473
010C1600-RIBSERAPIOR,Ribera de San Cosme - Serapio Rendon,1474
010C1600-RIBGBARREDA,Ribera de San Cosme - Gabino Barreda,1475
010C1600-RIBFABREGAS,Ribera San Cosme - Virginia Fabregas,1476
01020A00-CIRIVSNCOSME,Circuito Interior - Rivera de San Cosme,1476
010C1600-MXTCBCTOB,México-Tacuba - Circuito Bicentenario,1477
010C1600-MXTCBNORMAL,México-Tacuba - Metro Normal,1478
010C1600-MXTCBTONANT,México-Tacuba - Cerrada Tonantzin,1479
010C1600-MXTCB1PRIV,México-Tacuba - Primera Priv. México-Tacuba,1480
010C1600-MXTCBTLAHUA,México-Tacuba - Lago Tláhuac,1480
010C1600-MXTCBMRECED,México-Tacuba - La Iglesia de la Merced,1481
010C1600-MXTCBCUERNA,México-Tacuba - Ferrocarril de Cuernavaca,1482
010C1600-MXTCBCANITAS,México-Tacuba - Parque CaNitas,1483
010C1600-MXTCBNTRIST,México-Tacuba - Arbol de la Noche Triste,1484
010C1600-MXTCBCUITLAH,México-Tacuba - Metro Cuitlahuac,1485
010C1600-MXTCBMETRO,México-Tacuba - Metro Tacuba,1486
010C1600-MXTCBLEGARIA,México-Tacuba - Calz. Legaria,1487
010C1600-MXTCBLLOPAN,México-Tacuba - Lago Llopango,1488
010C1600-MXTCBESCLAV,México-Tacuba - Lago Esclavos,1489
010C1600-MXTCBAULLAG,México-Tacuba - Lago Aullagas,1490
010C1600-MXTCBNSAIRES,México-Tacuba - Buenos Aires,1491
010C1600-MXTCBVIEDMA,México-Tacuba - Lago Viedma,1492
010C1600-MXTCBARGENT,México-Tacuba - Lago Argentina,1493
010C1600-MXTCBMUEST,México-Tacuba - Lago Muestes,1494
010C1600-MXTCBRIANDE,México-Tacuba - Río Ande,1495
010C1600-MXTCBSANCTO,México-Tacuba - Sanctorum,1496
010C1600-MXTCBCOLHUE,México-Tacuba - Colhue,1497
010C1600-MXTCBARISTA,México-Tacuba - General Arista,1498
010C1600-INGMILJOAQUI,Ingenieros Militares - Río San Joaquin,1499
010C1600-RODOLFOGAON,Base Rodolfo Gaona,1500
0100C421-NVAVIGA,La Nueva Viga,1501
0100C421-DIRGENERAL,Dirección General,1502
0100C421-ABARRVIVERE,Abarrotes - Viveres,1503
0100C421-PASILLO4Y5,Pasillo 4 y 5,1504
0100C421-LREFORMTIAN,Leyes de Reforma - Tianguis,1505
0100C421-LREFROJOGMZ,Leyes de Reforma - Rojo Gómez,1506
0100C421-LREF11AGOST,Leyes de Reforma - 11 de Agosto,1507
0100C421-LREFGUERREF,Leyes de Reforma - Guerra de Reforma,1508
0100C421-LREF11ENER,Leyes de Reforma - 11 de Enero,1509
0100C420-15JUNGUEREF,15 de Junio - Guerra de Reforma,1510
0100C420-OVEJASLREFO,Paseo de Ovejas - Leyes de Reforma,1511
0100C420-ROJOGOVEJAS,Rojo Gómez - Paseo de Ovejas,1512
0100C420-EJ6ROJOGMZ,Eje 6 - Rojo Gómez,1513
0100C420-PASILLO4Y5,Pasillo 4 y 5,1514
0100C420-CTRALABASTO,Base Central de Abasto,1515
010C1400-CANALJUANZA,Canal de San Juan y Zaragoza,1516
0100C410-ZARAGCNLJUA,Zaragoza - Canal de San Juan,1516
0100C411-PERIFPTECNLJ,Periférico - Bajo Puente Canal de San Juan,1516
0100C410-PERIFREVSOC,Periférico - Revolución Social,1517
0100C410-CNLSANJUAN,Base Canal de San Juan,1518
0100C401-PERIFCANDIDO,Periférico - Candido Aguilar,1519
0100C401-PERIFREVSOCI,Periférico - Revolución Social,1520
0100C401-PERIFCALL3,Periférico - Calle 3,1521
0100C401-PERIFSOTOGAM,Periférico - Soto y Gama,1522
0100C401-PERIFUVGUERR,Periférico - Unidad Vicente Guerrero,1523
0100C401-PERIFLMENDEZ,Periférico - Luis Mendez,1524
0100C401-PERIFMICHOAC,Periférico - Michoacan,1525
0100C401-PERIFPRICESH,Periférico - Price Shoes,1526
0100C401-PERIFTELECOM,Periférico - Telecomunicaciones,1527
0100C401-PERIFLREFORM,Periférico - Leyes de Reforma,1528
0100C401-PERIFHOMEMA,Periférico - Home Mark,1529
0100C401-PERIFTEZONTL,Periférico - Canal de Tezontle,1530
0100C401-PERIFUNIVERS,Periférico - Universidad,1531
0100C401-PERIFTEPALCA,Periférico - Tepalcates,1532
0100C401-PERIFZARAGOZ,Periférico - Zaragoza,1533
0100C400-PERIFMERCJUA,Periférico - Mercado San Juan,1534
0100C401-PERIFMERCJUA,Periférico - Mercado San Juan,1534
0100C401-PERIFVALSEQ,Periférico - Valsequillo,1535
0100C401-PERIFOAXACA,Periférico - Oaxaca,1536
0100C401-PERIFPANTITL,Periférico - Av. Pantitlan,1537
0100C401-PERIFCHIMALH,Periférico - Av. Chimalhuacan,1538
0100C401-PERIFBORDO,Periférico - Av. Bordo,1539
0100C401-CONTITUCION,Base Cetram Constitución,1540
0100C401-PERIF5MAY,Periférico - 5 de Mayo,1541
0100C401-PERIFVASCO,Periférico - Vasco de Quiroga,1542
0100C400-CONSTITUCION,Base Constitución,1543
0100C400-PERIFPCASTIL,Periférico - Porfirio Castillo,1544
0100C400-PERIFHILARIO,Periférico - Hilario Medina,1545
0100C400-PERIFRCIVIL,Periférico - Registro Civil,1546
0100C400-PERIFSOTOGA,Periférico - Soto y Gama,1547
0100C400-PERIFBACHILL,Periférico - Bachilleres,1548
0100C400-PERIFEJE6SUR,Periférico - Eje 6 Sur,1549
0100C400-PERIFCONTEL,Periférico - Contel,1550
0100C400-PERIFPOLFED,Periférico - Policia Federal,1551
0100C400-PERIFLREFOR,Periférico - Leyes de Reforma,1552
0100C400-PERIFCETS153,Periférico - CETIS 153,1553
0100C400-PERIFSUR30,Periférico - Sur 30,1554
0100C400-PERIFCCH,Periférico - CCH,1555
0100C400-PERIFTEPALCA,Periférico - Tepalcates,1556
0100C901-CAPATZCJUAN,Constitución de Apatzingan y Canal de San Juan,1556
0100C400-PERIFCLINC35,Periférico - Clínica 35,1557
0100C400-PERIFPANTITL,Periférico - Av. Pantitlán,1558
0100C400-PERIFPROSPER,Periférico - Prosperidad,1559
0100C400-BRDPERIFERI,Bordo - Periférico,1560
0100C400-ALAMEDOTE,Base Alameda Oriente,1561
0100C241-FEDAUTOMX,Carretera Federal - Autopista Cuernavaca-México,1562
0100C241-MOCAMPEDRO,Melchor Ocampo - Antiguo Camino a San Pedro I,1563
0100C240-MOCAMPO,Antiguo Camino a San Pedro - Melchor Ocampo,1564
0100C241-MOCAMPDRO,Melchor Ocampo - Antiguo Camino a San Pedro II,1564
0100C241-CNOPDROIII,Antiguo Camino a San Pedro - III,1565
0100C241-CNOPDROIV,Antiguo Camino a San Pedro - IV,1566
0100C241-CNOSNPEDRO,Antiguo Camino a San Pedro - V,1567
0100C241-CEDRACUAUHT,Cedral - Cuauhtémoc,1568
0100C241-CNOPDRCEDRA,Antiguo Camino a San Pedro - Cedral,1569
0100C240-CEDRAGARDEN,Cedral - Gardenia,1569
0100C241-CEDRAJUAREZ,Cedral - Andador Juárez,1570
0100C241-CEDRACETIS,Cedral - Cetis 154,1571
0100C240-CEDRACETIS,Cedral - Cetis 154,1571
0100C241-CEDRAROSAS,Cedral - Las Rosas,1572
0100C240-CEDRADFRAG,Cedral - David Fragoso,1572
0100C240-CEDRZAPATA,Cedral - Zapata,1573
0100C241-CEDRAZAPATA,Cedral - Emiliano Zapata,1573
0100C241-5MAYCDA,Av. 5 de Mayo - Cerrada 5 de Mayo,1574
0100C241-5MAYNHEROES,Av. 5 de Mayo - Niños Héroes,1575
0100C241-5MAYENSENAN,Av. 5 de Mayo - EnseNanza,1576
0100C240-5MAYBNVISTA,5 de Mayo - Buenavista,1576
0100C241-5MAYROSAL,Av. 5 de Mayo - Rosal,1577
0100C240-5MAYROSAL,5 de Mayo - El Rosal,1577
0100C240-FEDLAUREL,Carretera Federal - Laurel,1578
0100C241-FEDLAUREL,Carretera Federal - Laurel,1578
0100C241-FEDVIOLETA,Carretera Federal - Violeta,1579
0100C241-FEDPINZON,Carretera Federal - Hermanos Pinzón,1580
0100C240-ISSFAM,Base ISSFAM,1581
0100C240-FOVISSSTE,Antiguo Camino a San Pedro - Unidad FOVISSSTE,1582
0100C240-FLORNUBE,Antiguo Camino a San Pedro - Flor de Nube,1583
0100C240-CEDRAJAZMIN,Cedral - Jazmin,1584
0100C240-CEDRAPARAISO,Cedral - Ave del Paraiso,1585
0100C240-CEDRABUGAMB,Cedral - Bugambilia,1586
0100C240-5MAYCUAUHTE,5 de Mayo - Cuauhtémoc,1587
0100C240-FED5MAY,Carretera Federal - 5 de Mayo,1588
0100C240-CHIMALCOLON,Chimalcoyotl - Cristobal Colon,1589
0100C221-CNOSANTBOCO,Camino a Santiago - Bocote,1590
0100C220-BCTECNOSANT,Bocote - Camino a Santiago,1590
0100C220-CNOSANTLAXIO,Camino a Santiago - Tlaxiopan,1591
0100C221-CNOSANTCORD,Camino a Santiago - Cordillera,1591
0100C221-ROSASCNOSAN,De las Rosas - Camino a Santiago,1592
0100C220-CNOSANTVALLE,Camino a Santiago - Valle,1592
0100C220-CNOSANSAUCE,Camino a Santiago - Sauce,1593
0100C221-SAUCEJACARAN,Sauce - Jacarandas,1593
0100C221-SAUCEROSAS,Sauce - De las Rosas,1593
0100C220-SAUCECIPRES,Sauce - Cipres,1594
0100C221-SAUCECIPRES,Sauce - Cipres,1594
0100C220-SAUCEFRESNO,Sauce - Fresnos,1595
0100C221-CNOXCHSAUC,Camino a Santiago - Sauce,1595
0100C220-XPLLCNOSANT,Xochipilli - Camino a Santiago,1596
0100C220-TLAXOPAN,Base Tlaxopan,1597
0100C220-CNOSANTCIPR,Camino a Santiago - Cipres,1598
010240-PERFTIERR,Anillo Periférico y C. Tierra,1599
0100C211-PERIFEAZTECA,Periferico - Puente Estadio Azteca,1599
0100C210-IMANSHRIERS,Iman - Shriers,1600
0100C211-CTOIMAN,Circuito - Iman,1600
010240-CTOAZTIMAN,Cto. Azteca y Av. del Imán,1600
0100C210-IMANDIAMANT,Iman - Diamante,1601
0100C211-IMANDIAMANTE,Iman - Diamantes,1601
0100C211-IMANCHICARAS,Iman - Chicaras,1602
0100C210-IMANCAMPOR,Iman- Camporis,1602
0100C211-IMANGRNSUR,Iman - Gran Sur,1603
0100C210-IMANGRNSUR,Iman - Gran Sur,1604
0100C211-IMANGRNSURII,Iman - Gran Sur II,1604
0100C211-IMANASFALTO,Iman - Planta de Asfalto,1605
0100C211-IMANMX68,Iman - México 68,1606
0100C211-IMANAZTECAS,Iman - Aztecas,1607
0100C210-IMANAZTECAS2,Iman - Aztecas,1607
010240-CTLALINE,Sobre Calz. de Tlalpan e Instituto Electoral,1608
0100C200-TLALPNLMURIL,Tlalpan y Luis Murillo,1608
0100C210-LMURITLALPN,Luis Murillo - Tlalpan,1608
010241-TLALMURIL,Sobre Calz. De Tlalpan y Luis Murillo,1608
0100C210-IMANASFALTO,Iman - Planta de Asfalto,1609
0100C210-IMANMX68,Iman - México 68,1610
0100C210-IMANAZTECAS,Iman - Aztecas,1611
0100C210-CETRAMCU,Base Cetram CU,1612
0100C210-DFNRETORNO,Delfin Madrigal - Retorno,1613
0100C201-ATENEUCALIPT,Alta Tensión - Eucalipto y Cuahuiticulititla,1614
0100C201-ATENCEREZO,Alta Tensión - Cerezos,1615
0100C200-ATENSCEREZO,Alta Tensión - Cerezos,1615
0100C200-ATENSPINO,Alta Tensión - Pino,1616
0100C201-ATENPINO,Alta Tensión - Pino,1616
0100C201-ATENENCINO,Alta Tensión - Encino,1617
0100C200-ATENSENCINO,Alta Tensión - Encino,1617
0100C200-CNOSNTENSION,Camino a Santiago y Alta Tensión,1618
0100C201-ATENCNOSANT,Alta Tensión - Camino a Santiago,1618
0100C201-CNOSANTXITLE,Camino a Santiago - Volcan Xitle,1619
0100C200-CNOSNTXITLE,Camino a Santiago y Volvan Xitle,1619
0100C200-CNOSNTVIOLE,Camino a Santiago y Violeta,1620
0100C201-CNOSANTVIOL,Camino a Santiago - Violeta,1620
0100C201-MXCUERNO,Autopista México-Cuernavaca - Retorno,1621
0100C201-MXCUERCMILIT,Autopista México-Cuernavaca - Colegio Militar,1622
0100C201-MXCUERPMILIT,Autopista México-Cuernavaca y Panteón Militar,1623
0100C201-MXCUERXICALC,Autopista México-Cuernavaca - Camino Real a Xicalco,1624
0100C200-MXCUERXICALC,Autopista México-Cuernavac y Camino a Xicalco,1624
0100C200-TLALPNJOYA,Tlalpan y La Joya,1625
0100C201-TLALPNJOYA,Tlalpan - La Joya,1625
0100C201-TLALPNTEZOQ,Tlalpan - Tezoquipa,1626
0100C201-TLALPNMOREL,Tlalpan - Morelos,1627
0100C200-TLALPNMOREL,Tlalpan y Morelos,1627
0100C200-TLALPNHGO2,Tlalpan e Hidalgo ,1628
0100C201-TLALPNHGO,Tlalpan - Hidalgo,1628
0100C201-TLALPNALLND,Tlalpan - Allende,1629
0100C200-TLALPNALLNDE,Tlalpan y Allende,1629
0100C201-TLALPNFRAYGN,Tlalpan - Fray Pedro de Gante,1630
0100C201-TLALPNPERIF,Tlalpan - Periferico,1631
0100C201-TLALPNAPATLA,Tlalpan - Apatlaco,1632
0100C201-TLALPNAVIMAN,Tlalpan - Av. del Iman,1633
010241-TLALPAZ,Sobre Calz. De Tlalpan y La Paz,1633
010240-TLALP,Sobre Calz. De Tlalpan,1634
0100C201-TLALPNEAZTE,Tlalpan - Estadio Azteca,1634
010240-TLALTLALM,Sobre Calz. De Tlalpan y C. Tlalmanco,1635
0100C201-TLALPNTLAMAN,Tlalpan - Tlamanalco,1635
0100C201-TLALPNVERGEL,Tlapan - El Vergel,1636
010240-TLALVERGL,Sobre Calz. De Tlalpan y El Vergel,1636
010240-TLALHUESO,Sobre Calz. De Tlalpan y Calz. Del Hueso,1637
0100C201-TLALPNHUESO,Tlapan - Calz. del Hueso,1637
0100C201-TLALPNUVM,Tlalpan - UVM,1638
010240-TLALCHUES,Sobre Calz. De Tlalpan y pasando Calz. Del Hueso,1638
010240-TLALBJUAZ,Sobre Calz. De Tlalpan y Benito Juárez,1639
0100C201-TLALPNTEXTIT,Tlalpan - Textitlan,1639
0100C201-TLALPNJUAREZ,Tlalpan - Juárez,1640
0100C201-TLALPNDVSNTE,Tlalpan - División del Norte,1641
010240-TLALDN,Sobre Calz. De Tlalpan y Av. División del Norte,1641
0100C201-TLALPNRFEDER,Tlalpan - Registro Federal,1642
0100C201-TLALPNTEZOZO,Tlalpan - Tezozomoc,1643
0100C201-TLALPNZHLPLL,Tlalpan - Nezahualpilli,1644
0100C201-TLALPNXOTEPN,Tlalpan - Xotepingo,1645
0100C201-TLALPNLLNTEN,Tlalpan - Llanten,1646
0100C201-TLALPNVIRGEN,Tlalpan - La Virgen,1647
0100C201-TLALPNTULIPN,Tlalpan y Tulipan,1648
0100C201-TLALPNCDJARD,Tlalpan - Ciudad Jardín,1649
0100C201-TLALPNGALVZ,Tlalpan - Galvez y Fuentes,1650
0100C200-TLALPNJACARN,Tlalpan y Jacarandas,1650
0100C201-TLALPNCALLG,Tlalpan - Calle G,1651
0100C201-TLALPNTORRE,Tlalpan - Las Torres,1652
0100C200-ELPIRULBASE,Base El Pirul,1653
0100C200-ATENSNOGAL,Alta Tensión - Nogal,1654
0100C200-MXCUERNO,Autopista México-Cuernavaca y Retorno,1655
0100C200-MXCUERCOLML,Autopista México-Cuernavaca y Colegio Militar,1656
0100C200-MXCUERMILTAR,Autopista México-Cuernavaca y Panteón Militar,1657
0100C200-INSURMXCUER,Insurgentes y Autopista México-Cuernavaca,1658
0100C200-TLALPNINSUR,Tlalpan e Insurgentes,1659
0100C200-TLALPNTEZOQ,Tlalpan y Tezoquipa,1660
0100C200-TLALPNGALEAN,Tlalpan y Galeana,1661
0100C200-TLALPNFERNND,Tlalpan y San Fernando,1662
0100C200-TLALPNSILLON,Tlalpan y Sillon de Mendoza,1663
0100C200-TLALPNJNDIOS,Tlalpan y San Juan de Dios,1664
0100C200-TLALPNPERIFE,Tlalpan y Periférico,1665
0100C200-TLALPNAPATLA,Tlalpan y Apatlaco,1666
010240-CTLALAZTEC,Sobre Calz. Tlalpan y E. Azteca,1667
0100C200-TLALPNEAZTEC,Tlalpan y Estadio Azteca,1667
010241-TLALAZTEC,Sobre Calz. De Tlalpan y antes de Estadio Azteca,1668
0100C200-TLALPNALEJAN,Tlalpan y San Alejandro,1668
0100C200-TLALPNTLALMC,Tlalpan y Tlalmanco,1669
010241-TLALTLALM,Sobre Calz. De Tlalpan y Tlalmanco,1669
0100C200-TLALPNHGO,Tlalpan e Hidalgo,1670
010241-TLALHGO,Sobre Calz. De Tlalpan y Hidalgo,1670
010241-TLALJUARZ,Sobre Calz. De Tlalpan y Juárez,1671
0100C200-TLALPNVERGEL,Tlalpan y el Vergel,1671
010241-TLALESFURZ,Sobre Calz. De Tlalpan y Esfuerzo,1672
0100C200-TLALPNCHUESO,Tlalpan y Calz. del Hueso,1672
010241-TLALTEXT,Sobre Calz. De Tlalpan y Textitlán,1673
0100C200-TLALPNTEXTLN,Tlalpan y Textitlan,1673
010241-TLALCALIZ,Sobre Calz. De Tlalpan y Cáliz,1674
0100C200-TLALPNRFDRL,Tlalpan y Registro Federal,1674
0100C200-TLALPNTEZOZO,Tlalpan y Tezozomoc,1675
0100C200-TLALPNZHLPLL,Tlalpan y Nezahulpilli,1676
0100C200-TLALPNMUSEO,Tlalpan y Museo,1677
0100C200-TLALPNVIRGEN,Tlalpan y La Virgen,1678
0100C200-TLALPNBUGAM,Tlalpan y Bugambilia,1679
0100C200-TLALPNXOTEPN,Tlalpan y Xotepingo,1680
0100C200-TLALPNROSAS,Tlalpan y las Rosas,1681
0100C200-TLALPANTORRE,Tlalpan y las Torres,1682
0100C200-CETRAMTAXQU,Base Cetram Taxqueña,1683
010Z3F00-CETRAMTAS2,CETRAM STC Metro Tasqueña,1683
010C1000-EGIPALLEN,Egipto y Allende,1684
010C1000-BIOLMMNTE73,Biologo Maximino M. y Norte 73,1685
010C1000-BIOLMMNTE67,Biologo Maximino M. y Norte 67,1686
010C1001-BIOLMMCAMAR,Biologo Maximino M. y Calz. Camarones,1687
010C1001-CAMARNBIOLO,Calz. Camarones y Biologos M.,1687
010C1001-BIOLMMNTE71,Biologo Maximino M. y Norte 71,1688
010C1001-BOCANGRA,Bocanegra,1689
010C1000-BOLIVARES,Bolivares,1690
010C1000-NTE172PERSIA,Norte 172 y Persia,1691
010C1001-NTE172PERSIA,Norte 172 y Persia,1691
010C1000-NTE172PEN,Norte 172 y Av. del PeNón,1692
010Z4J00-OTE172AVPE0,Oriente 172 y Av. del  Peñón,1692
010Z4J01-OTE172AVPE1,Oriente 172 y Av. del  Peñón,1692
010C1000-NTE180NTE172,Norte 180 y Norte 172,1692
010C1001-PENNTE172,Av. del PeNón y Norte 172,1692
010C1200-NTEALDAMA,Norte y Aldama,1693
010C1010-MOSALDAMA,Mosqueta y Aldama,1693
010C1001-AFRIPEKIN,Africa y Pekin,1694
010C1001-AFRISIBERIA,Africa y Siberia,1695
010C1001-AFRIPL,Av. Africa y Plaza Africa,1696
010C1001-PENOCAIRO,Av. del PeNón y el Cairo,1697
010C1001-PENOLBLANC,Av. del PeNón y Lucio Blanco,1698
010C1001-PENOPIRO,Av. del PeNón y Pirotecnia,1699
010C1001-HERRPENO,Herreros y Av. del PeNón,1700
010C1001-HERRMARMOL,Herreros y Marmoleria,1701
010C1001-HERREMOLIN,Herreros y Eduardo Molina,1702
010C1001-HERRCUNION,Herreros y Congreso de la Unión,1703
010Z4A01-E2CONMMORE,Eje 2 Ote. H Congreso de la Unión y Metro Morelos,1703
010C1001-GRANVIDA,Granaditas y Vida Alcocer,1704
010Z4A00-E1BOLGRAN,Eje 1 Ote. Boleo y Eje 1 Nte. Granaditas,1704
010C1001-ILRAYONAZTEC,Ignacio López Rayón y Aztecas,1705
010C1001-ILRAYONCOMO,Ignacio López Rayón y Comonfort,1706
010C1001-ILRAYONCJR,Ignacio López Rayón y Cjon. Rayon,1707
010C1001-MOSQZARCO,Mosqueta y Zarco,1708
010C1001-MOSQUGUERR,Mosqueta y Guerrero,1709
010C1001-JALZAINSUR,José Antonio Alzate e Insurgentes,1710
010C1001-JALZAFRESN,José Antonio Alzate y Fresno,1711
010C1001-JALZACTO,José Antonio Alzate y Circuito,1712
010C1001-JALZATLAGUIR,José Antonio Alzate y Lauro Aguirre,1713
010C1001-PAPRIETMCARP,Plan de Agua Prieta y Manuel Carpio,1714
010C1001-GALLSPAPRIE,Calz. de los Gallos y Plan de Agua Prieta,1715
010C1001-CAMARNGALL,Calz. Camarones y Calz. de los Gallos,1716
010C1000-MANCHURIAS,Manchurias,1717
010C1000-TRNAVPTOAR,Transval y Puerto Arturo,1718
010C1000-CAMARONES,Metro Camarones,1719
010C1000-MACUNCUAU,Manuel Acuña y Cuauhtémoc,1719
010C1001-MOCEANIA,Metro Oceanía,1720
010C1001-PENOCEA,Av. del PeNón y Metro Oceanía,1721
010Z4F00-PEKINJAPO,Pekin y Japón,1722
010C1001-OCEARRUBIO,Oceanía y Metro Romero Rubio,1722
010C1001-MARRJERU,Marruecos y Jerusalen,1723
010C1001-ASIAFRICA,Av. Asia y Plaza Africa,1724
010C1001-ASIAPERSIA,Av. Asia y Persia,1725
010C1000-TRNASVCMARK,Transval y Carlos Marks,1726
010C1001-TRANSMARK,Transval y Carlos Marks,1726
010C1001-TRANSVHER,Transval y Heron Proal,1727
010C1000-TRANSVJSTAL,Transval y José Stalin,1727
010C1000-CLNTEAVICUL,Av. Canal del Norte y Avicultura,1728
010C1001-CNTECANTER,Av. Canal del Norte y Canteria,1728
010C1000-CLNTEFLORI,Av. Canal del Norte y Floricultura,1729
010C1001-CNTEFLORI,Av. Canal del Norte y Floricultura,1729
010C1000-CLNTEROTOG,Av. Canal del Norte y Rotograbados,1730
010C1001-CNTEMARMOL,Av. Canal del Norte y Marmoleria,1730
010C1001-CNTEMOLINA,Av. Canal del Norte y Eduardo Molina,1731
010Z4F01-E3EDMOLOFI,Eje 3 Ote. Ing Eduardo Molina y Av. Oficios,1731
010C1000-CLNTEBONAN,Av. Canal del Norte y Bonanza,1732
010C1001-CNTEBONDOJ,Av. Canal del Norte y Bondojito,1732
010Z4A01-E2CONCANTE,Eje 2 Ote. H Congreso de la Unión y Eje 2 Nte. Canal del Norte,1733
010C1000-CLNTECUNION,Av. Canal del Norte y Congreso de la Unión,1733
010C1001-CNTECUNION,Av. Canal del Norte y Congreso de la Unión,1733
0100C501-CUNIONCNTE,Congreso de la Unión y Canal del Norte,1733
010C1000-CLNTEINDE,Av. Canal del Norte e Inde,1734
010C1001-CNTEIMPREN,Av. Canal del Norte e Imprenta,1734
010C1001-CNTETZATL,Av. Canal del Norte y Etzatlan,1735
010C1001-CNTECARPIN,Av. Canal del Norte y Carpinteria,1736
010Z4A00-E1Y2CANTE,Eje 1 Ote. Boleo y Eje 2 Nte. Canal del Norte,1737
0100C500-AVTRABAJCNTE,Av. del Trabajo y Canal del Norte,1737
010C1000-CLNTEBOLEO,Av. Canal del Norte y Boleo,1737
010C1001-CNTETRABAJ,Av. Canal del Norte y Av. del Trabajo,1737
010C1001-CNTETENOCH,Av. Canal del Norte y Tenochtitlan,1738
010C1001-CLNTEJCARR,Av. Canal del Norte y Jesús Carranza,1739
010C1000-CLNTEJCARR,Av. Canal del Norte y Jesús Carranza,1739
010C1001-MGLEZPREFNT,Manuel González y Paseo de la Reforma Norte,1740
010C1000-MGLEZCONST,Manuel González y Constantino,1741
010C1001-MGLEZCONST,Manuel González y Constantino,1741
010C1000-MGLEZEJCTRAL,Manuel González y Eje Central,1742
010C1001-MGLEZECTRL,Manuel González y Eje Central,1742
010C1001-MGLEZECTRL2,Manuel González y Eje Central 2,1742
010C1000-MGLEZLERDO,Manuel González y Lerdo,1743
010C1001-MGLEZLERDO,Manuel González y Lerdo,1743
010C1001-MGLEZMTLAT,Manuel González y Metro Tlatelolco,1744
010C1000-MGLEZMTLATE,Manuel González y Metro Tlatelolco,1744
010C1001-MGLEZGUERR,Manuel González y Guerrero,1745
010C1001-MGLEZINSRUG,Manuel González e Insurgentes,1746
010C1000-MGLEZGERAN,Manuel González y Geranio,1747
010C1001-MGLEZGREAN,Manuel González y Geranio,1747
010C1001-EULAGZNARAN,Eulalia Gúzman y Naranjo,1748
010C1000-EULAGZNARAN,Eulalia Gúzman y Naranjo,1748
010C1001-EULAGZFRES,Eulalia Gúzman y Fresno,1749
010C1000-EULAGZFRES,Eulalia Gúzman y Fresno,1749
010C1001-EULAGZCONSU,Eulalia Gúzman y Río Consulado,1750
010C1000-EULAGZJARDIN,Eulalia Gúzman y Jardín,1750
010C1000-EULAGZPSL,Eulalia Gúzman y Plan de San Luis,1751
010C1001-EULAGZPSL,Eulalia Gúzman y Plan de San Luis,1751
010C1001-EULAGZGUANA,Eulalia Gúzman y Guanabana,1752
010C1001-CAMARNPTE54,Calz. Camarones y Poniente 54,1753
010C1001-CAMARNTE67,Calz. Camarones y Norte 67,1754
010C1001-CAMARNCUITL,Calz. Camarones y Cuitlahuac,1755
010C1001-CAMARNLUCA,Calz. Camarones y San Lucas,1756
010C1001-CAMARNNTE87B,Calz. Camarones y Norte 87 B,1757
010C1001-CAMARNUBIA,Calz. Camarones y Nubia,1758
010C1001-16SEPT22FEB,16 de Septiembre y 22 de Febrero,1759
010C1001-MACUNAZCA,Manuel Acuña y Av. Azcapotzalco,1760
010C1000-MACUNAZCA,Manuel Acuña y Azcapotzalco,1760
010C1001-STAPOLFERRO,Santa Apolonia y Av. Ferrocarriles,1761
010C1001-TOCHISTODGO,Tochitli y Santo Domingo,1762
010C1001-ISIDROTEZOZ,Calz. San Isidro y Tezozomoc,1763
010C1000-ISIDROFRANCI,Calz. San Isidro y Francita,1764
010C1001-ISIDRO2ACDA,Calz. San Isidro y 2da Cda. San Isidro,1764
010C1001-ISIDRORENAC,Calz. San Isidro y Renacimiento,1765
010C1000-ISIDROSALAZ,Calz. San Isidro y Manuel Salazar,1766
010C1001-ISIDROMSALAZ,Calz. San Isidro y Manuel Salazar,1766
010C1001-LBLANSALAZ,Calz. Lucio Blanco y Manuel Salazar,1767
010C1000-LUCIOBCO,Lucio Blanco,1768
010C1000-ISIDROUNIDAD,Calz. San Isidro y Unidad San Isidro,1769
010C1000-ISIDRORENACI,Calz. San Isidro y Renacimiento,1770
010C1000-ISIDROTEZOZ,Calz. San Isidro y Tezozomoc,1771
010C1000-ISIDRODGO,Calz. San Isidro y Santo Domingo,1772
010C1000-ISIDROFCO,Calz. San Isidro y San Francisco,1773
010C1000-MACUNASERD,Manuel Acuña y Aquiles Serdán,1774
010C1000-CAMARN22FEB,Calz. Camarones y 22 de Febrero,1775
010C1000-CAMARNTULA,Calz. Camarones y Tula,1776
010C1000-CAMARNTE87,Calz. Camarones y Norte 87,1777
010C1000-CAMARNSALO,Calz. Camarones y Salónica,1778
010C1000-CAMARNCUITL,Calz. Camarones y Cuitlahuac,1779
010C1000-CAMARNYUCA,Calz. Camarones y Yuca,1780
010C1000-CAMARNARTE,Calz. Camarones y Artemisa,1781
010C1000-EULAGZMEMB,Eulalia Gúzman y Membrillo,1782
010C1000-EULAGZCTO,Eulalia Gúzman y Circuito,1783
010C1000-EULAGZOYA,Eulalia Gúzman y Oyamel,1784
010C1000-MGLEZINSURG,Manuel González e Insurgentes,1785
010C1000-CLNTECOALC,Av. Canal del Norte y Coalcoman,1786
010C1000-CLNTEGUANA,Av. Canal del Norte y Guanasevi,1787
010C1000-CLNTESORP,Av. Canal del Norte y Sorpresa,1788
010C1000-CLNTEVULCA,Av. Canal del Norte y Vulcanización,1789
010C1000-TRANSVDAMAS,Transval y Damasco,1790
010C1000-TRANSAFRIC,Transval y Africa,1791
010C1000-PTOARTURMAR,Puerto Arturo y Marruecos,1792
010C1000-PENOCEAN,Av. del PeNón y Metro Oceanía,1793
010C1000-NTE180,Norte 180,1794
0100C600-INSURMIXC,Insurgentes y Av. Mixcoac,1795
0100C600-CAPUPARRA,Capuchinas y Félix Parra,1796
0100C601-MIXCOAC,Mixcoac,1797
0100C601-MIXCINSUR,Mixcoac e Insurgentes,1798
0100C601-INSURJMRICO,Insurgentes y José María Rico,1799
0100C601-JMRICOHUER,José María Rico y Huertas,1800
0100C601-JMRICOMORA,José María Rico y Moras,1801
0100C601-RGOMEZ,Rojo Gómez,1802
0100C600-ERMITA,Ermita,1802
0100C601-ERMITAESTREL,Ermita y Estrella,1803
0100C601-ERMITASFELIP,Ermita y San Felipe,1804
0100C601-ERMITACVNTO,Ermita y Convento,1805
0100C601-ERMITAPTETI,Ermita y Puente Titla,1806
0100C601-ERMITATLAL,Ermita y Atlalilco,1807
0100C601-ERMITATLAHU,Ermita y Av. Tláhuac,1808
0100C601-ERMITAMAIZ,Ermita y Maíz,1809
0100C600-ERMITAVENA,Ermita y Avena,1810
0100C601-ERMITAVENA,Ermita y Avena,1810
0100C601-ERMITAVIGA,Ermita y La Viga,1811
0100C601-ERMITACAZUL,Ermita y Cruz Azul,1812
0100C601-ERMITAURIGA,Ermita y Auriga,1813
0100C601-ERMITASUR73,Ermita y Sur 73,1814
0100C601-ERMITAPECAL,Ermita y Plutarco Elias Calles,1815
0100C601-JMRICOALHAM,José María Rico y Alhambra,1816
0100C601-JMRICORUMANI,José María Rico y Rumania,1817
0100C601-JMRICOEJCTRA,José María Rico y Eje Central,1818
0100C601-JMRICODNTE,José María Rico y División del Norte,1819
010241-DNTEPOPO,Sobre Av. División del Norte y Av. Popocatépetl,1819
0100C601-JMRICOBRUNO,José María Rico y Bruno Traven,1820
0100C601-JMRICOPALOMA,José María Rico y Palomar,1821
0100C601-JMRICOSFELIP,José María Rico y San Felipe,1822
0100C601-JMRICOUNI,José María Rico y Universidad,1823
0100C601-JMRICOYOAC,José María Rico y Coyoacán,1824
0100C601-MORASJMRICO,Moras y José María Rico,1825
0100C601-MIXCPSAENZ,Mixcoac y Patricio Saenz,1826
0100C601-BMUERMIXCO,Barranca del Muerto y Mixcoac,1827
01022A01-RIOMIXBARRMUE,Rio Mixcoac y Barranca del Muerto,1827
0100C601-BMUERPOPO,Barranca del Muerto y Popo,1828
0100C601-BMUERPARRA,Barranca del Muerto y Félix Parra,1829
0100C601-BMUERMACEA,Barranca del Muerto y Macedonio Alcala,1830
0100C600-ERMITAESTREL,Ermita I. y la Estrella,1831
0100C600-ERMITAIZTAP,Ermita I. y Metro Iztapalapa,1832
0100C600-ERMITAPTETI,Ermita I. y Puentetitla,1833
0100C600-ERMITATLALIL,Ermita I. y Metro  Atlalilco,1834
0100C600-ERMITATOLTE,Ermita I. y Toltecas,1835
0100C600-ERMITAAV5,Ertmita I. y Av. 5,1836
0100C600-ERMITARADAM,Ermita I. y Radames Gaxiola,1837
0100C600-ERMITACENTE,Ermita I. y Centeno,1838
0100C600-ERMITAVIGA,Ermita I. y La Viga,1839
0100C600-CHURUMPOLIB,Río Churubusco y Municipio Libre,1840
0100C600-MPOLIBMENRI,Municipio Libre y Molina Enrique,1841
0100C500-MOLINALIBRE,Andrés Molina y Municipio Libre,1841
0100C600-MPOLIBSUR77,Municipio Libre y Sur 77,1842
0100C600-MPOLIBSUR73,Municipio Libre y Sur 73,1843
0100C600-MPOLIBSUR69,Municipio Libre y Sur 69,1844
0100C600-MPOLIBBALBOA,Municipio Libre y Balboa,1845
0100C600-MPOLIBRUMANI,Municipio Libre y Rumania,1846
0100C600-MPOLIBFILIPI,Municipio Libre y Filipinas,1847
0100C600-MPOLIBVERTIZ,Municipio Libre y Vertiz,1848
010240-VERTZLIBR,Sobre Dr. J. M. Vertiz y  Municipio Libre,1848
010241-DNTELIBR,Sobre Av. División del Norte y Municipio Libre,1849
0100C600-MPOLIBDIVNTE,Municipio Libre y División del Norte,1849
0100C600-MPOLIBXOCHI,Municipio Libre y Xochicalco,1850
0100C600-MPOLIBVENAD,Municipio Libre y Parque de los Venados,1851
0100C600-MPOLIBRAVMEX,Municipio Libre y Av. México,1852
0100C600-MPOLIBRZAPA,Municipio Libre y Zapata,1853
0100C600-AVUNIMLAUREN,Av. Universidad y Miguel Laurent,1854
0100C600-MLAURENGMAN,Miguel Laurent y Gabriel Mancera,1855
0100C600-MLAURENCOYO,Miguel Laurent y Coyoacán,1856
0100C600-MLAURENTMAZ,Miguel Laurent y Manzanas,1857
0100C600-SLZOFRESAS,San Lorenzo y Fresas,1858
0100C600-SFCOFCUEVAS,San Francisco y Félix Cuevas,1859
0100C600-SFCOJMRICO,San Francisco y José María Rico,1860
01022A00-RIOMIXBMUERTO,Rio Mixcoac y Barranca del Muerto,1861
0100C600-SFCOMIXCOAC,San Francisco y Mixcoac,1861
0100C600-BMUERTMINER,Barranca del Muerto y La Minerva,1862
0100C600-BMUERTINSUR,Barranca del Muerto e Insurgentes,1863
0100C600-BMUERTOFPAR,Barranca del Muerto y Félix Parra,1864
0100C600-BMUERTO,Barranca del Muerto,1865
01021D00-BARRMUREV,Barranca del Muerto y Revolución,1865
010C1301-GUTEMTHIER,Gutemberg y Thiers,1866
010C1300-LEIBGUTEM,Leibnitz y Gutemberg,1867
010C1301-GUTEMLEIB,Gutemberg y Leibnitz,1867
010C1301-HORACMARTIN,Av. Horacio y La Martine,1868
010C1301-HORACARQUI,Av. Horacio y Arquímedes,1869
010C1301-HORACANAFRA,Av. Horacio y Anatole France,1870
010C1301-HORACMOLIER,Av. Horacio y Moliere,1871
010C1301-HORACSOCRA,Av. Horacio y Socrates,1872
010C1301-HORACJVAZ,Av. Horacio y Juan Vazquez,1873
010C1300-GUTEMESCOB,Gutemberg y Av. Mariano Escobedo,1874
010C1300-HORACSUDER,Av. Horacio y Sudermann,1875
010C1300-HORAINEWTON,Av. Horacio e Isaac Newton,1876
010C1300-HORACARQUI,Av. Horacio y Arquímedes,1877
010C1300-HORACADUMAS,Av. Horacio y Alejandro Dumas,1878
010C1300-HORAEAPOE,Av. Horacio y Edgar Allan Poe,1879
010C1300-HORAMOLIER,Av. Horacio y Moliere,1880
010C1300-HORACIFCUER,Av. Horacio y Ferrocarril de Cuernavaca,1881
010C1300-HORALVIVE,Av. Horacio y Luis Vives,1882
010C1300-HOMERO,Homero,1883
010C1301-HOMEROPASCA,Av. Homero y Blaise Pascal,1883
010C1301-HOMERINEWTO,Av. Homero e Isaac Newton,1884
010C1301-CHAPULT,Chapultepec,1885
010C1301-AMESCOLEONT,Av. Mariano Escobedo y Leon Tolstoi,1886
010C1301-MESCOBEULER,Mariano Escobedo y Euler,1887
010C1301-HORACIOMESC,Av. Horacio y Av. Mariano Escobedo,1888
010C1301-HORACIOTAINE,Av. Horacio y Taine,1889
010C1301-HOMERMARTIN,Av. Homero y La Martine,1890
010C1301-HOMERAMUSS,Av. Homero y Alfredo Musset,1891
010C1301-HOMERMOLIER,Av. Homero y Moliere,1892
010C1301-HOMERSOCRA,Av. Homero y Socrates,1893
010C1301-HOMERFCUERN,Av. Homero y Ferrocarril de Cuernavaca,1894
010C1301-HOMEROBPERE,Av. Homero y Benito Pérez,1895
010C1301-EJNALRACINE,Av. Ejército Nacional y Juan Racine,1896
010C1801-MAVILACLEGA,Blvd. Manuel Avila C. y Calz. Legaria,1897
010C1301-PERIFELEGAR,Periférico y Calz. Legaria,1897
010C1301-CONSCOMEX,Av. del Conscripto y Comite Olímpico Mexicano,1898
010C1300-EJNALSOCRAT,Av. Ejército Nacional y Socrates,1899
010C1300-EJNALFCUERNA,Av. Ejército Nacional y Ferrocarril de Cuernavaca,1900
010C1300-EJNALPDMART,Av. Ejército Nacional y Presa Don Martín,1901
010C1300-EJNALPERIFE,Av. Ejército Nacional y Periférico,1902
010C1300-IMILSOTELO,Av. Ingenieros Militares y Av. Lomas de Sotelo,1903
010C1301-MSSPREFORM,Río Mississippi y Paseo de la Reforma,1904
010C1301-THIERSDARWIN,Thiers y Darwin,1905
010C1301-THIERSGOETH,Thiers y Goethe,1906
010C1301-THIERSGUTEM,Thiers y Gutemberg,1907
010C1301-THIERSBRADL,Thiers y Bradley,1908
010C1301-THIERSKEPLER,Thiers y Kepler,1909
010C1301-EJNALOPEVEG,Av. Ejército Nacional y Lope de Vega,1910
010C1301-EJNALARQUIM,Av. Ejército Nacional y Arquímedes,1911
010C1301-EJNALEUGESUE,Av. Ejército Nacional y Eugenio Sue,1912
010C1301-EJNALANAFRAN,Av. Ejército Nacional y Anatole France,1913
010C1301-EJNAL,Ejército Nacional,1914
010C1300-EJNALMOLIER,Av. Ejército Nacional y Moliere,1914
010C1300-EJNALHESPAN,Av. Ejército Nacional y Hospital EspaNol,1915
010C1300-EJNALAGOBANG,Av. Ejército Nacional y Lago Bangueolo,1916
010C1300-EJNALAGESTEF,Av. Ejército Nacional y Lago Estefania,1917
010C1300-EJNALAGONAR,Ejército Nacional y Lago Nargis,1918
010C1300-LEIBTHIERS,Leibnitz y Thiers,1919
010C1300-LEIBDARWIN,Leibnitz y Darwin,1920
010C1300-LEIBVHUGO,Leibnitz y Victor Hugo,1921
010C1300-AVCHAPULLEJI,Av. Chapultepec y Lejia,1922
010C1300-MSEVILLA,Metro Sevilla,1923
0100C940-VRIOPIEVELOD,Viaducto Río de la Piedad y metro Velódromo,1924
0100C940-FCOPYTVRIOPI,Francisco del Paso y Troncoso y Viaducto Río de la Piedad,1925
0100C940-VRIOPIEIMSSS,Viaducto Río de la Piedad y Clínica IMSSS,1926
0100C940-VROIPIE1PTE,Viaducto Río de la Piedad y 1er Puente,1927
0100C940-VRIOPIE2PTE,Viaducto Río de la Piedad y Segundo Puente,1928
0100C940-AMANZAORIZ,Antonio M. Anza y Orizaba,1929
0100C940-CAMPJALAPA,Campeche y Jalapa,1930
0100C940-CAMPMREY,Campeche y Monterrey,1931
0100C940-CAMPMEDEL,Campeche y Medellin,1932
0100C940-CAMPINSUR,Campeche e Insurgentes,1933
0100C940-CAMPCHILP,Campeche y Chilpancingo,1934
010241-NLCAMP,Sobre Av. Nuevo León y Campeche,1935
0100C940-CITLACAMPEC,Citlaltépetl y Campeche,1935
0100C940-ALFREYATLAT,Alfonso Reyes y Altlata,1936
0100C940-ALFREYSALTIL,Alfonso Reyes y Saltillo,1937
0100C940-ALFREYTPAS,Alfonso Reyes y Tamaulipas,1938
0100C940-ALFREYPATRIO,Alfonso Reyes y Patriotismo,1939
0100C940-JVASCCHICON,José Vasconcelos y Chicontepec,1940
0100C940-JMORAJCANO,José Moran y Juan Cano,1941
0100C920-RAFAREBOIGN,gob. Rafael Rebollar y Gob. Ignacio Esteva,1942
0100C920-RAFAREBOJMT,Gob. Rafael Rebollar y Gob. José María Tomel,1943
0100C920-RAFAREBOCYT,Gob. Rafael Rebollar y Constituyentes,1944
0100C920-CYTESJCANO,Constituyentes y Juan Cano,1945
0100C920-CYTESPDROAS,Constituyentes y Pedro Antonio Santos,1946
0100C920-CYTESJVASC,Constituyentes y José Vasconcelos,1947
0100C920-JESCUTZAMO,Juan Escutia y Zamora,1948
0100C920-JESCUTCUERN,Juan Escutia y Cuernavaca,1949
0100C920-JESCUAMATL,Juan Escutia y Amatlan,1950
010240-2SURJOJUT,Sobre Eje 2 Sur y Jojutla,1950
0100C920-JUANESCTPAS,Juan Escutia y Tamaulipas,1951
0100C920-NVOLEONSONO,Nuevo León y Sonora,1952
0100C920-AOBREGYUCA,Álvaro Obregón y Yucatán,1953
0100C920-AOBREGINSUR,Álvaro Obregón e Insurgentes,1954
0100C920-AOBREGTONA,Álvaro Obregón y Tonala,1955
0100C920-TONALZACAT,Tonala y Zacatecas,1956
0100C920-QRORIZABA,Querétaro y Orizaba,1957
0100C920-QROMERIDA,Querétaro y Mérida,1958
0100C920-QROFRONTER,Querétaro y Frontera,1959
0100C920-OLVERNHERO,Dr. Olvera y Niños Héroes,1960
0100C920-OLVERVERTZ,Dr. Olvera y Dr. Vertiz,1961
0100C920-OLVERANDRAD,Dr. Olvera y Dr. Andrade,1962
0100C920-OLVEREJCTRAL,Dr. Olvera y Eje Central,1963
0100C920-MJOTHONBOLI,Manuel J. Othon y Bolivar,1964
0100C920-MJOTHONISACA,Manuel J. Othon e Isabel la Católica,1965
0100C920-MJOTHON5FEB,Manuel J. Othon y 5 de Febrero,1966
0100C920-AVTALLXOC,Av. del Taller y Xocongo,1967
0100C920-JATORRMATEO,José A. Torres y Mateos,1968
010C1400-CHABATORRE,Chabacano y J. A. Torres,1969
0100C920-CHABJATORR,Chabacano y José A. Torres,1969
0100C901-SUR20OTE255,Sur 20 y Oriente 255,1970
0100C901-SUR20RTNO,Sur 20 y Rtno. de Sur 16,1971
0100C900-SUR20OTE245,Sur 20 y Oriente 245,1972
0100C901-SUR20OTE245,Sur 20 y Oriente 245,1972
0100C901-SUR20ROJO,Sur 20 y Rojo Gómez,1973
0100C900-SUR20ROJO,Sur 20 y Rojo Gómez,1973
0100C900-SUR20OTE237,Sur 20 y Oriente 237,1974
0100C901-SUR20OTE237,Sur 20 y Oriente 237,1974
0100C900-SUR20OTE233,Sur 20 y Oriente 233,1975
0100C901-SUR20OTE233,Sur 20 y Oriente 233,1975
0100C901-SUR20OTE229,Sur 20 y Oriente 229,1976
0100C900-OTE229SUR20,Oriente 229 y Sur 20,1976
0100C901-FERRORIOFRIO,Ferrocarril Río Frío y Oriente 217,1977
010C1401-OTE217FERRO,Oriente 217 y Ferrocarril del Río Frío,1977
0100C900-MLOSTORNO,Morelos y Torno,1978
0100C901-MLOSTORNO,Av. Morelos y Torno,1978
0100C901-JPEONICATOL,José Peon Contreras e Isabel la Católica,1979
0100C900-JPEONICATO,José Peon Contreras e Isabela Católica,1979
0100C901-JPEONBOLIV,José Peon Contreras y Bolivar,1980
0100C900-JPEONBOLIV,José Peon Contreras y Bolivar,1980
0100C901-JPEONEJCTRL,José Peon Contreras y Eje Central,1981
0100C900-IPRIETOANDRA,Dr. I. Morones Prieto y Dr. Andrade,1982
0100C901-IPRIETOANDRA,Dr. I. Morones Prieto y Dr. Andrade,1982
0100C901-IPRIETOJIMEZ,Dr. I Morones Prieto y Dr. Jiménez,1983
0100C900-IPRIETOJIMZ,Dr. I. Morones Prieto y Dr. Jiménez,1983
0100C901-IPRIETOCUAUH,Dr. I. Morones Prieto y Cuauhtémoc,1984
0100C901-BCALITOLUC,Baja California y Toluca,1985
0100C901-BCALIMREY,Baja California y Monterrey,1986
0100C901-BCALIMEDELL,Baja California y Medellin,1987
0100C900-BCALIMEDEL,Baja California y Medellin,1987
0100C901-BCALITLACO,Baja California y Tlacotalpan,1988
0100C901-BCALITUXPAN,Baja California y Tuxpan,1989
0100C901-BCALICHILPA,Baja California y Chilpancingo,1990
0100C900-BCALICHILPA,Baja California y Chilpancingo,1990
0100C901-BCALINVOLEO,Baja California y Nuevo León,1991
010241-NLBJ,Sobre Av. Nuevo León y Av. Baja California,1991
0100C900-SALTBCALI,Saltillo y Baja California,1992
0100C901-BCALISALTI,Baja California y Saltillo,1992
0100C901-BCALIMPATRI,Baja California y Metro Patriotismo,1993
0100C901-BENJFRAMPATR,Benjamín Franklin y Metro Patriotismo,1994
0100C901-BENJFRACZETI,Benjamín Franklin y Carlos Zetina,1995
0100C900-BENJFRCBZE,Benjamín Franklin Carlos B. Zetina,1995
0100C901-BENJFRAJVASC,Benjamín Franklin y José Vasconcelos,1996
0100C901-GAVEJPEREZ,Gob. Agustín V. Eguia y Joaquín Pérez,1997
0100C900-AVEJCORTI,Agustín V. Eguia y J. Cortina,1998
0100C901-GAVEJCORT,Gob. Agustín V. Eguia y Gob. J. Cortina,1998
0100C900-LIRAGAVE,Parque Lira y Gob. Agustín V Eguia,1999
0100C901-GAVELIRA,Gob. Agustín V. Eguia y Parque Lira,1999
0100C901-LIRAMHGO,Parque Lira y Del. Miguel Hidalgo,2000
0100C901-LIRAOBS,Parque Lira y Av. Observatorio,2001
0100C900-VIADUCTOPTA5,Viaducto y Puerta 5,2002
0100C900-VIADUCTOPTA4,Viaducto y Puerta 4,2003
0100C900-CHURUPTA10,Río Churubusco y Puerta 10,2004
0100C900-CHURUANIL,Río Churubusco y ANil,2005
010C1400-ANILCHURUB,Añil y Río Churubusco,2005
0100C900-CHURUCENTE,Río Churubusco y Centeno,2006
0100C900-CHURUTE,Río Churubusco y Av. Te,2007
0100C900-CHURUPECALL,Río Churubusco y Plutarco Elias Calles,2008
0100C900-CHURUVAINI,Río Churubusco y Vainilla,2009
010C1401-VAINICHURUB,Vainilla y Río Churubusco,2009
0100C900-ANILCHURU,Añil y Churubusco,2010
010C1400-ANILDEPORT,Añil y Palacio de los Deportes,2010
0100C900-ANILPDEPOR,Añil y Palacio de los Deportes,2011
010C1400-ANILENSED,Añil y ENSED,2012
0100C900-ANILATLET,Añil y Atletas,2012
0100C900-AVMLOSTREVI,Av. Morelos y Radames TreviNo,2013
010C1400-MORELOSTREVI,Av. Morelos y Radames TreviNo,2013
0100C900-AVMLOSFIGLE,Av. Morelos y Fernando Iglesias,2014
0100C900-AVMLOSFCOTR,Av. Morelos y Fco. del Paso y Troncoso,2015
010C1400-MORELOSINDUS,Av. Morelos e Industria,2016
0100C900-AVMLOSINDUST,Av. Morelos e Industria,2016
0100C900-AVMLOSBRAVO,Av. Morelos y Nicolas Bravo,2017
010C1400-MORELOSBRAVO,Av. Morelos y Nicolas Bravo,2017
0100C900-AVMLOSCUNION,Av. Morelos y Congreso de la Unión,2018
0100C900-CHABVIGA,Chabacano y La Viga,2019
0100C900-CHABOTE67,Chabacano y Oriente 67,2020
0100C900-CHABJATORR,Chabacano y José A. Torres,2021
0100C900-JPEON5FEB,José Peon Contreras y 5 de Febrero,2022
0100C900-IPRIETOEJCTR,Dr. I. Morones Prieto y Eje Central,2023
0100C900-BCALICUAUH,Baja California y Cuauhtémoc,2024
0100C900-BCALILINA,Baja California y Linares,2025
0100C900-BCALITLACOTA,Baja California y Tlacotalpan,2026
0100C900-BCALINVOLEON,Baja California y Nuevo León,2027
010240-NLBJ,Sobre Av. Nuevo León y Av. Baja California,2027
0100C900-MINEBENJFR,Mineria y Benjamín Franklin,2028
0100C900-PROGMINE,Progreso y Mineria,2029
0100C900-BENJFRAGRIC,Benjamín Franklin y Agricultura,2030
0100C900-BENJFRPATRI,Benjamín Franklin y Metro Patriotismo,2031
0100C900-AVEJALIS,Agustín V. Eguia y Av. Jalisco,2032
0100C900-OBSLIRA,Observatorio y Parque Lira,2033
0100C900-TACUBAYA,Tacubaya (base),2034
0100C900-SUR20OTE257,Sur 20 y Oriente 257,2035
0100C900-SUR20OTE253,Sur 20 y Oriente 253,2036
0100C900-SUR20OTE249,Sur 20 y Oriente 249,2037
0100C900-OTE229SUR16,Oriente 229 y Sur 16,2038
010C1401-SUR16OTE229,Sur 16 y Oriente 229,2038
010C1400-SUR16OTE229,Sur 16 y Oriente 229,2038
0100C900-OTE229SUR12,Oriente 229 y Sur 12,2039
0100C901-TRIASCRISO,Ángel Trías y Juan Crisotomo,2040
0100C901-GUELATAOENRI,Av. Guelatao y Enrique Contel,2041
0100C901-ENRIEMIAZC,Enrique Contel y Emilio Azcárraga,2042
0100C901-ENRIEMILIO,Enrique Contel y Emilio Balli,2043
0100C901-ENRITELECOM,Enrique Contel y Av. Telecomunicación,2044
0100C901-PRIVLEONTEPA,Priv. de León Loyola y CETRAM Tepalcates,2045
0100C900-PRIVLOYOTEPA,Priv. de Loyola y CETRAM Tepalcates,2045
0100C901-PRIVLOYOLA,Priv. de León Loyola y Antonio de León Loyola,2046
0100C900-ALOYOLAPRIV,Antonio de Loyola y Priv. de Loyola,2046
0100C901-JARREMINA,José Arrese y Mina,2047
0100C901-JARREMHGO,José Arrese y Miguel Hidalgo,2048
0100C901-JARRECAPATZ,José Arrese y Constitución de Apatzingan,2049
0100C900-CAPATZALDAMA,Constitución de Apatzingan y Aldama,2050
0100C901-CAPATZALDAMA,Constitución de Apatzingan y Aldama,2050
0100C900-CAPATZLEON,Constitución de Apatzingan y frente a panadería León,2051
0100C901-CAPATZPLEON,Constitución de Apatzingan y frente a la panadería León,2051
0100C901-SUR20OTE259,Sur 20 y Oriente 259,2052
0100C900-SUR20OTE259,Sur 20 y Oriente 259,2052
010C1401-OTE259SUR20,Oriente 259 y Sur 20,2052
0100C901-OTE257SUR16,Oriente 257 y Sur 16,2053
010C1400-SUR16OTE257,Sur 16 y Oriente 257,2053
0100C901-OTE257SUR12,Oriente 257 y Sur 12,2054
0100C901-OTE257SUR8,Oriente 257 y Sur 8,2055
0100C900-SUR8OTE253,Sur 8 y Oriente 253,2056
0100C901-SUR8OTE253,Sur 8 y Oriente 253,2056
0100C901-SUR8OTE249,Sur 8 y Oriente 249,2057
0100C900-SUR8OTE249,Sur 8 t Oriente 249,2057
0100C901-SUR8OTE245,Sur 8 y Oriente 245,2058
0100C901-SUR8ROJO,Sur 8 y Javier Rojo Gómez,2059
0100C901-SUR8OTE237,Sur8 y Oriente 237,2060
0100C900-SUR8OTE223,Sur 8 y Oriente 223,2061
0100C901-SUR8OTE233,Sur 8 y Oriente 233,2061
0100C900-OTE229SUR8,Oriente 229 y Sur 8,2062
0100C901-SUR8OTE229,Sur 8 y Oriente 229,2062
0100C901-SUR8CHURUB,Sur 8 y Río Churubusco,2063
0100C901-CHURUBSUR4,Río Churubusco y Sur 4,2064
0100C901-SUR4OTE217B,Sur 4 y Oriente 217B,2065
0100C901-CHURUBSUR2A,Río Churubusco y Sur 2A,2066
0100C901-OTE217RIOPIE,Oriente 217 y Viaducto Río de la Piedad,2067
0100C901-BASE,Base,2068
0100C900-VALENCIANA,La Valenciana (base),2069
0100C900-TEXCFCOLEY,Av. Texcoco y Francisco Leyva,2070
0100C900-TEXCDGOARE,Av. Texcoco y Domingo Arellano,2071
0100C900-BENITOSZTEX,Benito S. Zenea y Texcoco,2072
0100C900-TELECOMISSST,Av. Telecomunicaciones e ISSSTE,2073
0100C900-CAPATZ2SEMA,Constitución de Apatzongan y 2do semáforo,2074
0100C900-CAPATZLOYOL,Constitución de Apatzingan y Antonio de León Loyola,2075
0100C900-CAPATZSOFAL,Constitución de Apatzingan y Secundaria Oficial,2076
0100C900-SUR20CNALSJU,Sur 20 y Canal de San Juan,2077
010C1401-SUR20JUAN,Sur 20 y Canal de San Juan,2077
0100C900-OTE257SUR20,Oriente 257 y Sur 20,2078
0100C900-OTE257SUR16,Oriente 257 y Sur 16,2079
010C1401-SUR16OTE257,Sur 16 y Oriente 257,2079
0100C900-OTE257SUR12,Oriente 257 y Sur 12,2080
0100C900-SUR8OTE257,Sur 8 y Oriente 257,2081
0100C900-SUR8OTE245,Sur 8 y Oriente 245,2082
0100C900-SUR8ROJO,Sur 8 y Rojo Gómez,2083
0100C900-SUR8OTE237,Sur 8 y Oriente 237,2084
0100C900-OTE229SUR4,Oriente 229 y Sur 4,2085
0100C900-VIADUCHURU,Viaducto y Churubusco,2086
0100C900-VIADUCPUEB,Viaducto y Metro Puebla,2087
010C1800-CETRAMCHAPU,CETRAM Chapultepec (base),2088
010C1800-MONTCHAPU,Monterrey y Av. Chapultepec,2089
010C1801-CHAPUMREY,Av. Chapultepec y Monterrey,2089
010C1801-CHAPUVALL,Av. Chapultepec y Valladolid,2090
010C1801-CHAPSONO,Av. Chapultepec y Sonora,2091
010C1801-PREFGANDHI,Paseo de la Reforma y Gandhi,2092
010C1801-PREFGRUTA,Paseo de la Reforma y Av. Gruta,2093
010C1801-PREFZOO2,Paseo de la Reforma y Zoológico 2,2094
010C1801-PREFZOO,Paseo de la Reforma y Zoológico,2095
010C1801-PREFANAL,Paseo de la Reforma y Auditorio Nacional,2096
010C1801-PREFRANCE,Paseo de la Reforma y Anatole France,2097
010C1801-PREFNTE,Paseo de la Reforma y Prado Norte,2098
010C1800-MAVILACELB,Blvd. Manuel Avila C. y Monte Elbruz,2099
010C1801-MAVILACMET,Blvd. Manuel Avila C. y Met Life,2099
010C1801-MAVILACPAL,Blvd. Manuel Avila C. y Paseo de las Palmas,2100
010C1801-MAVILACISI,Blvd. Manuel Avila C. y San Isidro,2101
010C1801-MAVILACEJNAL,Blvd. Manuel Avila C. y Ejército Nacional,2102
010C1801-MAVILACONS,Blvd. Manuel Avila C. y Av. Conscripto,2103
010C1801-MAVILACISRA,Blvd. Manuel Avila Camacho y Centro Israelita,2104
010C1801-MAVILACNVOM,Blvd. Manuel Avila C. y Nuevo México,2105
010C1801-MAVILACTOR,Blvd. Manuel Avila C. y Las Torres y 1 de Mayo,2106
010C1801-MAVILACAGUI,Blvd. Manuel Avila C. y Gral. Candido Aguilar,2107
010C1801-MAVILAC16S,Blvd. Manuel Avila C. y 16 de Septiembre,2108
010C1801-MAVILACAL8,Blvd. Manuel Avila C. y Calle 8,2109
010C1801-MAVILACBAZ,Blvd. Manuel Avila C. y Av. Gustavo de Baz,2110
010C1801-MAVILACJUA,Blvd. Manuel Avila C. y Naucalpan de Juárez,2111
010C1801-MAVILACMATE,Blvd. Manuel Avila C. y Jardines de San Mateo,2112
010C1801-MAVILACLVER,Blvd. Manuel Avila C. y Lomas Verdes,2113
010C1801-MAVILACNAU,Blvd. Manuel Avila C. y Parque Naucalli,2114
010C1801-MAVILACCRUZ,Blvd. Manuel Avila C. y Blvd. Sta. Cruz,2115
010C1801-MAVILACECOII,Blvd. Manuel Avila C. y Cto. Economista II,2116
010C1801-MAVILACECO,Blvd. Manuel Avila C. y Circuito Economista,2117
010C1801-MAVILACPAR,Blvd. Manuel Avila C. y Circuito Parque,2118
010C1801-MAVILACSUBS,Blvd. Manuel Avila C. y Suburbia Satélite,2119
010C1801-MAVILACJMMP,Blvd. Manuel Avila C. y José María Morelos y Pavón,2120
010C1801-MAVILACFIM,Blvd. Manuel Avila C. y Fco. I. Madero,2121
010C1801-MAVILACMDOE,Blvd. Manuel Avila C. y Mundo E,2122
010C1801-MAVILACTEPOT,Blvd. Manuel Avila C. y Convento de Tepotzotlan,2123
010C1801-MAVILACOLOM,Blvd. Manuel Avila C. y Las Colombinas,2124
010C1801-MAVILACBELE,Blvd. Manuel Avila C. y Belem de los Padres,2125
010C1801-MAVILACSELV,Blvd. Manuel Avila C. y Madre Selva,2126
010C1801-MAVILACOL,Blvd. Manuel Avila C. y Mario Colin,2127
010C1801-MAVILACMAES,Blvd. Manuel Avila C. y Av. de los Maestros,2128
010C1801-MAVILACACU,Blvd. Manuel Avila C. y Cumbres de Acutzingo,2129
010C1801-MAVILACPOP,Blvd. Manuel Avila C. y Popocatepetl,2130
010C1801-MAVILACINN,Blvd. Manuel Avila C. y Real Inn,2131
010C1801-MAVILACJIN,Blvd. Manuel Avila C. y Calz. de los Jinetes,2132
010C1800-MAVILACMILL,Blvd. Manuel Avila C. y Gral. Agustín Millan,2133
010C1800-OAXACA,Oaxaca (base),2134
010C1800-PUEBLAMREY,Puebla y Monterrey,2135
010C1800-FLORENLOND,Florencia y Londres,2136
010C1800-PREFLOREN,Florencia y Paseo de la Reforma,2137
010C1800-PREFMISISI,Paseo de la Reforma y Río Misisipi,2138
010C1800-PREFRODANO,Paseo de la Reforma y Río Rodano,2139
010C1800-TOLSTOIMESCO,Tolstoi y Mariano Escobedo,2140
010C1800-PREFGRUTAS,Paseo de la Reforma y Av. Grutas,2141
010C1800-PREFANTROII,Paseo de la Reforma y Museo de Antropología II,2142
010C1800-PREFDARIO,Paseo de la Reforma y Rubén Darío,2143
010C1800-PREFANALI,Paseo de la Reforma y Auditorio Nacional I,2144
010C1800-PREFANALII,Paseo de la Reforma y Auditorio Nacional II,2145
010C1800-PREFVERNE,Paseo de la Reforma y Julio Verne,2146
010C1800-PREFLIBA,Paseo de la Reforma y Jardines de Libano,2147
010C1800-MAVILACELI,Blvd. Manuel Avila C. y Campos Eliseos,2148
010C1800-MAVILACHOM,Blvd. Manuel Avila C. y Homero,2149
010C1800-MAVILACLEG,Blvd. Manuel Avila C. y Legaria,2150
010C1800-MAVILACREY,Blvd. Manuel Avila C. y Reyes Espinola,2151
010C1210-REYESPERIF,Reyes Epinola y Periférico,2151
010C1800-MAVILACHAP,Blvd. Manuel Avila C. y Parque de Chapultepec,2152
010C1800-MAVILAC3,Blvd. Manuel Avila C. y Calle 3,2153
010C1800-MAVILACTOR,Blvd. Manuel Avila C. y Las Torres y 1 de Mayo,2154
010C1800-MAVILACMIL,Blvd. Manuel Avila C. e Ingenieros Militares,2155
010C1800-MAVILAC16S,Blvd. Manuel Avila C. y 16 de Septiembre,2156
010C1800-MAVILACJAR,Blvd. Manuel Avila C. y Calle Jardín,2157
010C1800-MAVILACBAZ,Blvd. Manuel Avila C. y Av. Gustavo Baz,2158
010C1800-MAVILACMAT,Blvd. Manuel Avila C. y Jardines de San Mateo,2159
010C1800-MAVILACLOM,Blvd. Manuel Avila C. y Av. Lomas Verdes,2160
010C1800-MAVILACGAVI,Blvd. Manuel Avila C. y Hda. de la Gavia,2161
010C1800-MAVILACOTO,Blvd. Manuel Avila C. y Paseo de Otoño,2162
010C1800-MAVILACOTE,Blvd. Manuel Avila C. y Circunvalación Oriente,2163
010C1800-MAVILACOTS,Blvd. Manuel Avila C. y Plaza Satéite Cotsco,2164
010C1800-MAVILACSAII,Blvd. Manuel Avila C. y Plaza Satélite II,2165
010C1800-MAVILACSAIII,Blvd. Manuel Avila C. y Plaza Satélite III,2166
010C1800-MAVILACSUBS,Blvd. Manuel Avila C. y Suburbia Satélite,2167
010C1800-MAVILACSATEL,Blvd. Manuel Avila C. y Satélite,2168
010C1800-MAVILACOLINA,Blvd. Manuel Avila C. y Viveros de la Colina,2169
010C1800-MAVILACMDOE,Blvd. Manuel Avila Camacho y Mundo E,2170
010C1800-MAVILACATIZA,Blvd. Manuel Avila C. y Viveros de Atizapan,2171
010C1800-MAVILACHACIE,Blvd. Manuel Avila C. y Viveros de la Hacienda,2172
010C1800-MAVILACHOCTU,Blvd. Manuel Avila C. y Viveros de Hoctum,2173
010C1800-MAVILACSELVA,Blvd. Manuel Avila C. y Madre Selva,2174
010C1800-MAVILACOLIN,Blvd. Manuel Avila C. y Mario Colin,2175
010C1800-MAVILACINN,Blvd. Manuel Avila C. y Real Inn,2176
010C1800-MAVILACJIN,Blvd. Manuel Avila C. y Calz. de los Jinetes,2177
010C1800-BLVDCONT,Blvd. de los Continentes (base),2178
010240-ENMTEPETLA,Av. Escuela Canal Militar y Tepetlapa,2179
0100C501-ENAVALWALM,Escuela Naval M. y WalMart,2179
0100C501-ENAVALAGRAR,Escuela Naval M. y Reforma Agraria,2180
010Z3H01-STANA2OTE,Av. Santa Ana - Eje 2 Ote. (Heroica Escuela Naval Militar),2181
0100C501-ENAVALSTANA,Escuela Naval Militar y Av. Santa Ana,2181
0100C501-ENAVALTEZON,Escuela Naval Militar y San Lorenzo Tezonco,2182
0100C501-ENAVALTOMATL,Escuela Naval Militar y San Antonio Tomatlan,2183
0100C501-ENAVALTAXQ,Escuela Naval M. y Taxqueña,2184
010Z3A01-9TAXQEJE21,Eje 9 Sur Calz. Taxqueña - Eje 2 Ote. (Heroica Escuela Naval Militar),2184
0100C501-ENAVALBOSQU,Escuela Naval M. y Paseo del Bosque,2185
0100C501-ENAVAL7CALLE,Escuela Naval M. y Séptima Calle,2186
0100C501-ENAVALALFRED,Escuela Naval M. y San alfredo,2187
0100C501-ENAVALHACIE,Escuela Naval M. y Paseo de la Hacienda,2188
0100C501-ENAVALCHICO,Escuela Naval M. y Paseo Chico,2189
0100C501-VIGACNAL,La Viga y Canal Nacional,2190
0100C501-VIGAMENOR,La Viga y Osa Menor,2191
0100C501-VIGAIZTAP2,La Viga y Ermita Iztapalapa 2,2192
0100C501-VIGAIZTAPALA,La Viga y Ermita Iztapalapa,2193
0100C501-VIGAZAPATA,La Viga y Emiliano Zapata,2194
0100C501-VIGAYANEZ,La Viga y Agustín Yañez,2195
0100C501-VIGACHURUB,La Viga y Río Churubusco,2196
0100C501-VIGALEGRE,La Viga y Puerto Alegre,2197
0100C501-VIGAPIE,La Viga y Pie de la Cuesta,2198
0100C501-VIGAVILLAMAR,La Viga y Playa Villa del Mar,2199
0100C501-VIGAROQUET,La Viga y Playa Roqueta,2200
0100C501-VIGAERIZO,La Viga y Playa Erizo,2201
0100C501-VIGASANTIA,La Viga y Santiago,2202
0100C501-VIGARAYON,La Viga y López Rayón,2203
0100C501-VIGARECREO,La Viga y Recreo,2204
0100C501-CUNIONPECAL,Congreso de la Unión y P. E. Calles,2205
0100C501-CUNIONHGO,Congreso de la Unión e Hidalgo,2206
0100C501-CUNIONMALE,Congreso de la Unión y Viaducto Miguel Alemán,2207
0100C501-CUNIONPRIETO,Congreso de la Unión y Guillermo Prieto,2208
0100C501-CUNIONMORE,Congreso de la Unión y Av. Morelos,2209
0100C501-CUNIONBOTURI,Congreso de la Unión y Lorenzo Boturini,2210
010Z4A01-E2CONLOREBOTU2,Eje 2 Ote. H Congreso de la Unión y Lorenzo Boturini,2211
0100C501-CUNIONOTE32,Congreso de la Unión y Oriente 32,2211
0100C501-CUNIONSERV,Congreso de la Unión y Fray Servando,2212
0100C501-CUNIONCARRE,Congreso de la Unión y Carretones,2213
0100C501-CUNIONCANDE,Congreso de la Unión y Metro Candelaria,2214
0100C501-CUNIONZAPA,Congreso de la Unión y Emiliano Zapata,2215
0100C501-CUNIONACOZ,Congreso de la Unión y Héroes de Nacozari,2216
010Z4H00-HNE2CONGUNIO,Héroe de Nacozari y Eje 2 Ote. H. Congreso de la Unión,2216
0100C501-CUNIONTRAB,Congreso de la Unión y Av. del Trabajo,2217
0100C501-CUNIONHORTE,Congreso de la Unión y Hortelanos,2218
0100C501-CUNIONCIRC,Congreso de la Unión y Circunvalación,2219
0100C501-CUNIONPELU,Congreso de la Unión y Peluqueros,2220
010Z4B01-E2CONUNPELU,Eje 2 Ote. H Congreso de la Unión y Peluqueros,2220
0100C501-CUNIONTALA,Congreso de la Unión y Talabarteros ,2221
0100C501-CUNIONCOBRE,Congreso de la Unión y Cobre,2222
0100C501-CUNIONCONSU,Congreso de la Unión y Consulado,2223
010Z4A01-E2CONOTE84,Eje 2 Ote. H Congreso de la Unión y Ote 84 (Metro Consulado),2223
010Z4D01-91CONGUN1,Oriente 91 y Eje 2 Ote. H. Congreso de la Unión,2224
0100C501-CUNIONOTE91,Congreso de la Unión y Oriente 91,2224
010Z4A01-E2CONOTE91,Eje 2 Ote. H Congreso de la Unión y Oriente 91,2224
010Z4D00-OTE91CONG,Oriente 91 y Eje 2 Ote. H. Congreso de la Unión,2224
0100C501-CUNIONOTE95,Congreso de la Unión y Oriente 95,2225
010Z4A01-CONHFORD,Eje 2 Ote. H Congreso de la Unión y Av. Henry Ford,2226
0100C501-CUNIONHENR,Congreso de la Unión y Henry Ford,2226
010Z4A01-E2CONVICOTE,Eje 2 Ote. H Congreso de la Unión y Victoria Ote.,2227
0100C501-VICTUNION,Victoria y Congreso de la Unión (base),2227
0100C500-TORRESCRES,Av. Cerro de las Torres y Cerro Creston,2228
0100C500-TORRESGNP,Av. Cerro de las Torres y GNP,2229
0100C500-LACTEAMENOR,Vía Lactea y Osa Menor,2230
0100C500-LACTEAIZTAPA,Vía Lactea y Ermita Iztapalapa,2231
0100C500-LACTEACHURU,Vía Lactea y Río Churubusco,2232
0100C500-MOLINARBOLE,Andrés Molina y Arboledas,2233
0100C500-MOLINANDRES,Andrés Molina y San Andrés,2234
0100C500-MOLINALEGRE,Andrés Molina y Porto Alegre,2235
0100C500-MOLINAPIE,Andrés Molina y Pie de la Cuesta,2236
0100C500-MOLINAVILLA,Enriquez Molina y Playa Villa del Mar,2237
0100C500-MOLINAROQUE,Andrés Molina y Playa Roqueta,2238
0100C500-MOLINAERIZO,Andrés Molina y Playa Erizo,2239
0100C500-MOLINAICACOS,Andrés Molina y Playa Icacos,2240
0100C500-MOLINASANTIA,Andrés Molina y Santiago,2241
0100C500-MOLINARCO,Andrés Molina y Juana de Arco,2242
0100C500-MOLINACUNA,Andrés Molina y Manuel Acuña,2243
0100C500-MOLINAPLUTAR,Andrés Molina y Plutarco,2244
0100C500-MOLINANITA,Andrés Molina y Santa Anita,2245
0100C500-MOLINACORUN,Andrés Molina y la CoruNa,2246
0100C500-MOLINAVENTU,Andrés Molina y Ventura Tena,2247
010C1401-MOLINATENA,Andrés Molina y Ventura Tena,2247
0100C500-MOLINACHABA,Andrés Molina y Chabacano,2248
0100C500-VIGABERCEN,La Viga y Barcenas,2249
010Z4A00-E1CLVIGCJON,Eje 1 Ote. Calz de la Viga y Cjón.,2249
010C1401-NAJERATALLEr,Gutiérrez Nájera y Av. del Taller,2250
0100C500-VIGATALLER,La Viga y Av. del Taller,2250
010C1401-NAJERAVIGA,Gutiérrez Nájera y La Viga,2251
0100C500-VIGAURRERA,La Viga y Aurrera,2251
0100C500-VIGAZOQUIPA,La Viga y Zoquipa,2252
0100C500-VIGASERVAN,La Viga y Fray Servando,2253
010Z4E00-BPLSANPB,Base Eje 1 Ote. y Plaza de San Pablo,2254
0100C500-VIGAMERCED,La Viga y Metro Merced,2254
0100C500-CIRCUNEJ1NTE,Circunvalación y Eje 1 Norte,2255
0100C500-AVTRABAJCARI,Av. del Trabajo y Caridad,2256
0100C500-AVTRABAJRIVE,Av. del Trabajo y Rivero,2257
0100C500-AVTRABAJOPLA,Av. del Trabajo y Platino,2258
010Z4A00-CPLAEJ1BOLEO,C. Platino y Eje 1 Ote. Boleo,2258
0100C500-BOLEOCTOINT,Boleo y Circuito Interior,2259
0100C500-FHGOALBINO,Ferrocarril Hidalgo y Albino,2260
0100C500-FHGOVICTORIA,Ferrocarril Hidalgo y Victoria,2261
010Z4C00-VICFCHIDL0,Av. Victoria Ote. y F. C. Hidalgo,2261
010Z4C01-VICFCHIDL1,Av. Victoria Ote. y F. C. Hidalgo,2261
0100C500-FHGOTESORO,Ferrocarril Hidalgo y Tesoro,2262
0100C500-FHGOTALISM,Ferrocarril Hidalgo y Av. Talisman,2263
0100C500-FHGOPELICAN,Ferrocarril Hidalgo y Pelicano,2264
0100C500-MCARRERA,Martín Carrera (base),2265
0100C500-CERROESTR,Av. Cerro de las Torres y Cerro de la Estrella,2266
0100C500-CERROTEZO,Av. Cerro de las Torres y Cerro Tezoyo,2267
0100C500-MIRAMTESTAXQ,Miramontes y Taxqueña,2268
01025B00-MIRATASQUE0,Canal de Miramontes y Calz. Tasqueña,2268
01025B00-MIRAPULIDO,Canal de Miramontes y M.H. Pulido,2269
0100C500-MORAMTESHP,Miramontes y H. Pulido,2269
010Z3F00-STANAPARR,Av. Santa Ana - Parroquia,2270
0100C500-VIRGENMIRAM,La Virgen y Miramontes,2270
010Z3H01-STANAMIRAM,Av. Santa Ana - Eje 1 Ote. Canal de Miramontes,2270
0100C500-VIRGENEUSEB,La Virgen y Eusebio de la Rosa,2271
0100C500-VIRGENPTA4,La Virgen y Puerta 4,2272
0100C500-NAVALVIRGEN,Escuela Naval y La Virgen,2273
0100C500-NAVAL,Escuela Naval (base),2274
010C1401-REVOALMZA,Revolución y Fray Juan Almanza,2275
010C1400-JALMAZREVO,FRay Jesús Almaza y Revolución,2275
010C1400-REVOLSTATERE,Revolución y Santa Teresa,2276
010C1401-REVOTERESA,Revolución y Santa Teresa,2276
010C1401-JUANREVOL,Canal de San Juan y Revolución,2277
010C1400-SUR16AOTE259,Sur 16A y Oriente 259,2278
010C1401-OTE259PRIV,Oriente 259 y Priv. Oriente 259,2278
010C1401-SUR16OTE259,Sur 16 y Oriente 259,2279
010C1400-SUR16OTE259,Sur 16 y Oriente 259,2279
010C1401-SUR16CDAA,Sur 16 y Sur 16 2 cda.,2280
010C1401-SUR16OTE243A,Sur 16 y Oriente 243A,2281
010C1400-SUR16ROJO,Sur 16 y Rojo Gómez,2282
010C1401-SUR16ROJO,Sur 16 y Rojo Gómez,2282
010C1401-SUR16OTE239,Sur 16 y Oriente 239,2283
010C1400-SUR16OTE239,Sur 16 y Oriente 239,2283
010C1401-SUR16OTE237,Sur 16 y Oriente 237,2284
010C1400-SUR16OTE237,Sur 16 y Oriente 237,2284
010C1401-SUR16OTE233,Sur 16 y Oriente 233,2285
010C1400-SUR16OTE233,Sur 16 y Oriente 233,2285
010C1401-OTE217SUR16,Oriente 217 y Sur16,2286
010C1401-OTE217SUR20,Oriente 217 y Sur 20,2287
010C1401-SUR187TE,Sur 187 y Av. Te,2288
010C1401-OTE102SUR187,Oriente 102 y Sur 187,2288
010C1401-OTE217CALL30,Oriente 217 y Calle 30,2289
010C1401-OTE102SUR181,Oriente 102 y Sur 181,2290
010C1401-OTE102SUR173,Oriente 102 y Sur 173,2291
01022B00-SUR173OTE102,Sur173 y Ote. 102,2291
010C1401-SUR157OTE102,Sur 157 y Oriente 102,2292
010C1401-TESUR157,Av. Te y Sur 157,2293
010C1401-TEIZTACALCO,Av. Te y Delegación Iztacalco,2294
010C1401-CHURUPLUTAR,Río Churubusco y Plutarco Elias,2295
010C1401-CHURUCANELA,Río Churubusco y Canela,2296
010C1401-AZAFRANVAINI,Azafrán y Vainilla,2297
010C1401-CHICLEAZAF,Chicle y Azafrán,2298
010C1401-ANILCHICLE,Añil y Chicle,2299
010C1401-ANILAZUCAR,Añil y Azúcar,2300
010C1401-VIADUCTOAZU,Viaducto y Azúcar,2301
010C1401-MAYOVIADUC,1 de Mayo y Viaducto,2302
010C1401-COYUYAPLU,Coyuya y Plutarco Elias,2303
010C1401-COYUYAMAYO,Coyuya y 1 de Mayo,2304
010C1401-COYUYAHIDAL,Coyuya y Av. Hidalgo,2305
010C1401-VIADUCUNION2,Viaducto y Congreso de la Unión 2,2306
010C1401-VIADUCUNION,Viaducto y Congreso de la Unión,2307
010C1401-VIADUCVIGA,Viaducto y La Viga,2308
010C1401-VIADUCTO73,Viaducto y Sur 73,2309
010C1401-VIGALEGRE,La Viga y Fco. Alegre,2310
010C1401-VIGAVILLAURR,La Viga y Villaurrutia,2311
010C1401-NAJERAXOCO,Gutiérrez Nájera y Xocongo,2312
010C1400-MANUNAJE,Manuel Gutiérrez Nájera (base),2313
010C1400-TLALPANTALLE,Tlalpan y Av. del Taller,2314
010C1400-CHABAD,Chabacano y San Antonio Abad,2315
010C1400-CALZCHASOTE,Calz. Chabacano y José Sotero,2316
010C1400-CALZCHATOPA,Calz. Chabacano y Topacio,2317
010C1400-MORELOSVIGA,Av. Morelos y La Viga,2318
010Z4A01-E2CONEJ3SMOR,Eje 2 Ote. H Congreso de la Unión y Eje 3 Sur Morelos,2319
010C1400-MORELOSUNION,Av. Morelos y Congreso de la Unión,2319
010C1400-MORELOSPASO,Av. Morelos y Fco. del Paso y Troncoso,2320
010C1400-MORELOSIGLE,Av. Morelos y Fernando Iglesias,2321
010C1400-ANILPIEDAD,Añil y Río de la Piedad,2322
010C1400-ANILPTA6,Añil y Puerta 6,2323
010C1400-ANILRESINA,Añil y Resina,2324
010C1400-ANILPTA8SOL,Añil y Puerta 8 Foro Sol,2325
010C1400-ANILCENTENO,Añil y Centeno,2326
010C1400-ANILCANELA,Añil y Canela,2327
010C1400-VAINITRIGO,Vainilla y Trigo,2328
010C1400-FRIOCHURUBU,Río Frío y Río Churubusco,2329
010C1400-ERNESTOFRIO,Ernesto P. Uruchurtu y Río Frío,2330
010C1400-ERNESTOC16,Ernesto P. Uruchurtu y Calle 16,2331
010C1400-SUR16OTE233A,Sur 16 y Oriente 233A,2332
010C1400-SUR16OTE243,Sur 16 y Oriente 243,2333
010C1400-SUR16OTE249,Sur 16 y Oriente 249,2334
010C1400-SUR16SUR12C,Sur 16 y Sur 12C,2335
010C1400-CANJUAN3CDA,Canal de San Juan y 3 cda. de Canal de San Juan,2336
010C1400-CANALJUANSUR,Canal de San Juan y Sur 16A,2337
010C1400-JALMAZMHIDAL,Fray Jesús Almaza y Miguel Hidalgo,2338
010C1400-JALMAZ7CDA,Fray Jesús Almaza y 7 cda. Fray Jesús Almaza,2339
010C1400-JALMAZ4CDA,Fray Jesús Almaza y 4 cda. Fray Jesús,2340
010C1400-JALMAZARAGO,Fray Jesús Almaza y Zaragoza (base),2341
010C1221-ROSASJOAQU,Rosas Moreno y Joaquín García I,2342
010C1210-TOREO,CETRAM Toreo,2343
010C1210-REYESTORRES,Reyes Espinola y García Torres,2344
010C1201-ARRIACOLO,Ponciano Arriaga y Luis Donaldo Colosio,2345
010C1201-ARRIALVARADO,Ponciano Arriaga y Puente de Alvarado,2346
010C1201-ALVAEDIMONTE,Tomas ALva Edison y Ezequiel Montes,2347
010C1201-ALVAEDINS,Tomas Alva Edison e Insurgentes,2348
010C1201-HERRYSERAPIO,Alfonso Herrera y Serapio Rendón,2349
010C1200-MSCHULTZHER,Miguel Schultz y Alfonso Herrera,2350
010C1201-HERRYSCHUL,Alfonso Herrera y Miguel Schultz,2350
010C1201-ROSASYHERR,Rosas Moreno y Alfonso Herrera,2351
010C1201-ROSASPRIETO,Rosas Moreno y Guillermo Prieto,2352
010C1201-VIAYROSAS,Parque Via y Rosas Moreno,2353
010C1201-VIAMANUEL,Parque Via y Manuel María Contreras,2354
010C1201-VIAYRIO,Parque Via y Río Amoy,2355
010C1201-MARNALASEN,Marina Nacional y Bahía de Ascención y Base Pemex,2356
010C1200MARNALPATZ,Marina Nacional y Lago Patzcuaro,2356
010C1201-MAYRANNAL,Laguna de Mayran y Marina Nacional,2357
010C1200-MARNALMAYR,Marina Nacional y Laguna Mayran,2357
010C1200-BAHIAMARNAL,Bahía de San Hipolito y Marina Nacional,2357
010C1201-MARNALHIPO,Marina Nacional y Bahía de San Hipolito,2357
010C1201-XOCHIMAYRAN,Lago Xochimilco y Laguna de Mayran,2358
010C1201-BETOXOCHI,Lago Alberto y Lago Xochimilco,2359
010C1200-LAGOBETOXOC,Lago Alberto y Lago Xochimilco,2359
010C1201-BETOISEO,Lago Alberto y Lago Iseo,2360
010C1201-BETOMAYOR,Lago Alberto y Lago Mayor,2361
010C1200-LAGOBETOMAYO,Lago Alberto y Lago Mayor,2361
010C1201-BETOMODELO,Lago Alberto y Grupo Modelo,2362
010C1201-MCERVSMERU,Miguel de Cervantes S. y Lago Meru,2363
010C1201-MCERVSJOA,Miguel de Cervantes S. y Río San Joaquín,2363
010C1200-MCERVANS,Miguel de Cervantes S. y Río San Joaquín,2363
010C1201-MCERVSTAN,Miguel de Cervantes S. y Lago TangaNica,2364
010C1201-MCERVSVICT,Miguel de Cervantes S. y Lago Victoria,2365
010C1201-MCERVSFILT,Miguel de Cervantes S. y Lago Filt,2366
010C1201-MCERVSPDA,Miguel de Cervantes S. y Privada de Cervantes,2367
010C1201-MCERVSMOLI,Miguel de Cervantes S. y Moliere,2368
010C1201-MCERVSZURI,Miguel de Cervantes S. y Lago Zurich,2369
010C1200-MCERVSPRESA,Miguel de Cervantes S. y Presa Falcón,2370
010C1201-MCERVSFERR,Miguel de Cervantes S. y Ferrocarril de Cuernavaca,2370
010C1201-MCERVSFALCO,Miguel de Cervantes S. y Presa Falcón,2371
010C1201-MCERVSANGO,Miguel de Cervantes S. y Presa la Angostura,2372
010C1201-MCERVSPALM,Miguel de Cervantes S. y Presa Palmito,2373
010C1201-MCERVSMART,Miguel de Cervantes S. y Presa Don Martín,2374
010C1201-MCERVSPABE,Miguel de Cervantes S. y Presa Pabellón,2375
010C1200-MCERVSPABE,Miguel de Cervantes S. y Presa Pabellón,2375
010C1201-SOLISLEGAR,Presa Solis y Legaria,2376
010C1201-SALINILSOLIS,Presa Salinillas y Presa Solis,2377
010C1200-SOLISALINILL,Presa Solis y Presa Salinillas,2377
010C1201-SOTELOAMIST,Lomas de Sotelo y Presa Amistad,2378
010C1201-GAONASOTELO,Rodolfo Gaona y Lomas de Sotelo,2379
010C1200-GAONASOTELO,Rodolfo Gaona y Lomas de Sotelo,2379
010C1201-GAONAMILITAR,Rodolfo Gaona e Ingenieros Militares,2380
010C1200-LOMASLORETO,Lomas de Sotelo,2381
010C1200-GAONA9,Rodolfo Gaona y Calle 9,2382
010C1200-TEPUXSOTELO,Presa de Tepuxtepec y Lomas de Sotelo,2383
010C1200-SALINILTEPUX,Presa Salinillas y Presa Tepuxtepec,2384
010C1200-SOLISLEGARIA,Presa Solis y Legaria,2385
010C1200-MCERVSSOLIS,Miguel de Cervantes S. y Presa Solis,2386
010C1200-MCERVSESCAM,Miguel de Cervantes S. y Presa Escame,2387
010C1200-MCERVSANGOS,Miguel de Cervantes S. y Presa La Angostura,2388
010C1200-MCERVSZURI,Miguel de Cervantes S. y Lago Zurich,2389
010C1200-MCERVSMOLI,Miguel de Cervantes S. y Moliere,2390
010C1200-MCERVSPDA,Miguel de Cervantes S. y Privada Cervantes,2391
010C1200-MCERVSFILT,Miguel de Cervantes S. y Lago Filt,2392
010C1200-MCERVASVICT,Miguel de Cervantes S. y Lago Victoria,2393
010C1200-LBETORIOJOA,Lago Alberto y Río San Joaquín,2394
010C1200-LAGOBETOESCO,Lago Alberto y Mariano Escobedo,2395
010C1200-LAGOBETOISEO,Lago Alberto y Lago Iseo,2396
010C1200-LAGOBETOMUN,Lago Alberto y Lago Muritz,2397
010C1200-BAHIAHIPOBE,Bahía de San Hipolito y Lago Alberto,2398
010C1200-BAHIAHIPO,Bahía de San Hipolito y Bahía del Espíritu Santo,2399
010C1200-MARNALZIRA,Marina Nacional y lago Zirahuen y  Base Pemex,2400
010C1200-MARINANALTLA,Marina Nacional y Tlaloc,2401
010C1200-ACASOLEON,Antonio Caso y Joaquín Velázquez de León,2402
010C1200-ACASOYMANUC,Antonio Caso y Manuel María Contreras,2403
010C1200-ACASOYGABINO,Antonio Caso y Gabino Barreda,2404
010C1200-ACASOYMANUAL,Antonio Caso y Manuel Altamirano,2405
010C1200-ACASOYROSAS,Antonio Caso y Rosas Moreno,2406
010C1200-MSCHULTZCASO,Miguel Schultz y Antonio Caso,2407
010C1200-MSCHULTZPRIE,Miguel Schultz y Guillermo Prieto,2408
010C1200-SCHULTZCOSM,Miguel Schultz y Ribera de San Cosme,2409
010C1200-COSMEBODET,Ribera de San Cosme y Torres Bodet,2409
010C1200-DRALTSANCOS,Dr. Alt y Ribera de San Cosme,2410
010C1200-SORJUANAENRI,Sor Juana de la Cruz y Enrique González,2411
010C1200-JMENEINSUR,J. Meneses e Insurgentes,2412
010C120-CETRAMBUENA,CETRAM Buenavista,2413
01ITEC10-PIRUL,Pirul,2414
01ITEC11-PIRUL,Pirul,2414
01ITEC10-FES,FES ,2415
01ITEC11-FES,FES,2415
01ITEC11-IGLESIA,Iglesia,2416
01ITEC10-IGLESIA,Iglesia,2416
01ITEC11-OXXO,Oxxo,2417
01ITEC10-OXXO,Oxxo,2417
01ITEC11-EJEOTHON,Eje Central y Othon de Mendizabal,2418
01ITEC11-EJEMTAMAZA,Eje Central y Margarita Maza de Juárez,2419
01ITEC11-EJEJUPITER,Eje Central y Jupiter,2420
01ITEC11-EJEPROGRESO,Eje Central y Progreso Nacional,2421
01ITEC11-EJECALLE28,Eje Central y Calle 28,2422
01ITEC11-EJECALLE14,Eje Central y Calle 14,2423
01ITEC11-EJECALLE12,Eje Central y Calle 12,2424
01ITEC11-TENAYUCAECDA,Tenayuca y 3 cerrada,2425
01ITEC11-SUBURBANO,Suburbano,2426
01ITEC11-TLALNE,Tlalne,2427
01ITEC10-TECTLANE,TEC Tlane,2428
01ITEC11-TECTLANE,TEC Tlane,2428
01ITEC11-GLORIETA,Glorieta,2429
01ITEC10-WMASSIPOLI,Wilfrido Massieu y Unidad Politécnico,2430
01ITEC10-WMASSCIENBIO,Wilfrido Massieu y Ciencias Biológicas,2431
01ITEC10-EJEMASSIEU,Eje Central y Wilfrido Massieu,2432
01ITEC10-EJEMONTEVID,Eje Central y Montevideo,2433
01ITEC10-EJEPTE152,Eje Central y Poniente 152,2434
01ITEC10-EJECTRALOTH,Eje Central y Miguel Othón,2435
01ITEC10-EJECTRALYMTA,Eje Central y Margarita Maza de Juárez,2436
01ITEC10-EJECTRALJUPI,Eje Central y Jupiter,2437
01ITEC10-PERLI21,Perlillar y calle 21,2438
01ITEC10-PERLI15,Perlillar y calle 15,2439
01ITEC10-AV3A16A,Avv. 3A y 16A,2440
01ITEC10-AV3AIGLESIA,Av. 3A e Iglesia,2441
01ITEC10-ALEJANDRINA,Alejandrina,2442
01ITEC10-ARBOL,Arbol,2443
01ITEC10-REYESIZTACA,Reyes Iztacala,2444
010240-DNTELIBR,Sobre Av. División del Norte y Municipio Libre,2445
010240-DNTEVENA,Sobre Av. División del Norte frente a Parque de los Venados,2446
010241-DNTEVENA,Sobre Av. División del Norte frente a Parque de los Venados,2446
010240-DNTELAUR,Sobre Av. División del Norte y Miguel Laurent,2447
010240-DNTEPILR,Sobre Av. División del Norte y Pilares,2448
010240-DNTERIVI,Sobre Av. División del Norte y Glorieta de Riviera,2449
010240-DNTEURRA,Sobre Av. División del Norte y Angel Urraza,2450
010240-DNTEROMR,Sobre Av. División del Norte y Pedro Romero de Terrenos,2451
010240-DNTEXOLA,Sobre Av. División del Norte y Xola,2452
010240-DNTESUCR,Sobre Av. División del Norte y Glorieta Mariscal Sucre,2453
010240-DNTEFRIA,Sobre Av. División del Norte y Heriberto Frías,2454
010240-DNTEBEIS,Sobre Av. División del Norte y Concepción Beistegui,2455
010240-DNTEFUEGO,Av. División del Norte y C. Árbol del Fuego,2456
010241-DNTEFUEGO,Av. División del Norte y C. Árbol del Fuego,2456
010241-DNTEFUE,Sobre Av. División del Norte y Arbol de Fuego,2456
010240-DNTEFUEG,Sobre Av. División del Norte y Arbol del Fuego,2456
010240-DNTEHMG,Av. División del Norte y Hospital HMG,2457
010241-DNTEHOSP,Sobre Av. División del Norte frente a Hospitales,2457
010240-DNTEHOSP,Sobre Av. División del Norte frente a Hospitales,2457
010241-DNEHMG,Av. División del Norte y Hospital HMG,2457
010241-DNTEMUSEO,Av. División del Norte y Calle Museo,2458
010241-DNTEMUSEO0,Sobre Av. División del Norte y Museo,2458
010240-DNTEMUSE,Sobre Av. División del Norte y Museo,2458
010240-DNTEMUSEO,Av. División del Norte y C. Museo,2458
010240-DNTENJUA,Sobre Av. División del Norte y Benito Juárez,2459
010240-DNTEBOMB,Sobre Av. División del Norte y Calz. De las Bombas,2460
010241-DNTEBOMB,Sobre Av. División del Norte y Calz. De las Bombas,2460
010240-DNTEHGO,Sobre Av. División del Norte y Miguel Hidalgo,2461
010240-DNTEMHGO,Av. División del Norte y C. Miguel Hidalgo,2461
010241-DNTEMHGO,Av. División del Norte y C. Miguel Hidalgo,2461
010241-DNTEHGO,Sobre Av. División del Norte y Miguel Hidalgo,2461
010240-DNTEMAQ,Sobre Av. División del Norte y Av. Miguel Angel de Quevedo,2462
010240-DNTEAMER,Sobre Av. División del Norte y América,2463
010240-DNTEPACF,Sobre Av. División del Norte y Av. Pacifico,2464
010241-DNTEPACIFIC,Av. División del Norte y Pacifico,2464
010240-DNTEPACIF,Av. División del Norte y Pacifico,2464
010241-DNTECLAVE,Sobre Av. División del Norte y Clavellinas,2464
010240-DNTECIRC,Sobre Av. División del Norte y Anillo de Circunvalación,2465
010241-DNTEXOCO,Sobre Av. División del Norte y Xocoténcatl,2466
010240-DNTEXICO,Sobre Av. División del Norte y Xicoténcatl,2466
010240-DNTELOND,Sobre Av. División del Norte y Londres,2467
010241-DNTELOND,Sobre Av. División del Norte y Londres,2467
010240-DNTECARR,Sobre Av. División del Norte y Carreteraco,2468
010240-DNTEHGO2,Sobre Av. División del Norte y Miguel Hidalgo,2469
010240-DNTEPOPO,Sobre Av. División del Norte y Av. Popocatepetl,2470
010240-DNTECHUR,Sobre Av. División del Norte y Av. Río Churubusco,2471
010240-DNTENEVA,Sobre Av. División del Norte y Av. Nevado,2472
010241-DNTENEVA,Sobre Av. División del Norte y Av. Nevado,2472
010240-DNTECAMP,Sobre Av. Nuevo León y Campeche,2473
010241-NLMICH,Sobre Av. Nuevo León y Av. Michoacan,2474
010240-DNTEOCA,Sobre Av. Nuevo León y Fernando Montes de Oca,2474
010240-NLTOPO,Sobre Av. Nuevo León y Topógrafos,2475
010240-NLBFKN,Sobre Av. Nuevo León y Benjamín Franklin,2476
010240-DNTEZAPAT,Sobre Av. División del Norte y Emiliano Zapata,2477
010241-DNTEANAY,Sobre Av. División del Norte y Calz. General Anaya,2478
010240-DNTEANAY,Sobre Av. División del Norte y Calz. Gral. Anaya,2478
010240-DNTEPINO,Sobre Av. División del Norte y los Pinos,2479
010241-DNTEPINO,Sobre Av. División del Norte y los Pinos,2479
010241-DNTENEZA,Sobre Av. División del Norte y Nezahualpilli,2480
010240-DNTENEZA,Sobre Av. División del Norte y Nezahualpilli,2480
010241-NTENEZAHUA,Av. División del Norte y Nezahualpilli,2480
010240-TLALPC4,Calz. Tlalpan y C. 4,2481
010240-DNTETLAL,Sobre Av. División del Norte y Calz. De Tlalpan,2481
010241-DNTELAUR,Sobre Av. División del Norte y Miguel Laurent,2482
010241-DNTEPILAR,Sobre Av. División del Norte y Pilares,2483
010241-DNTEUNIV,Sobre Av. División del Norte y Av. Universidad,2484
010241-DNTEURRA,Sobre Av. División del Norte y Angel Urraza,2485
010241-DNTEROME,Sobre Av. División del Norte y Pedro Romero de Terrenos,2486
010241-DNTEXOLA,Sobre Av. División del Norte y Xola,2487
010241-DNTESUCR,Sobre Av. División del Norte y Glorieta Mariscal Sucre,2488
010241-DNTEUGE,Sobre Av. División del Norte y Eugenia,2489
010241-DNTEMANC,Sobre Av. División del Norte y Gabriel Mancera,2490
010241-DNTEXOTE,Sobre Av. División del Norte y Cda. De Xotepingo,2491
010241-BJUARZDNTE,Benito Juárez y Av. División del Norte,2492
010241-DNTEBJUA,Sobre Av. División del Norte y Benito Juárez,2492
010241-DNTEMAQ,Sobre Av. División del Norte y Av. Miguel Angel de Quevedo,2493
010241-DNTEAMER,Sobre Av. División del Norte y América,2494
010241-DNTECIRC,Sobre Av. División del Norte y Anillo de Circunvalación,2495
010241-DNTEH47,Sobre Av. División del Norte y Heroes del 47,2496
010241-DNTEIRLA,Sobre Av. División del Norte e Irlanda,2497
010241-DNTEALEM,Sobre Av. División del Norte y Viaducto Miguel Alemán Valdés,2498
010241-DNTETEHU,Sobre Av. División del Norte y Tehuantepec,2499
010241-DNTEZAPAT,Sobre Av. División del Norte y Emiliano Zapata,2500
010241-ACOXVERE,Sobre Calz. Acoxpa y Vereda,2501
010241-ACOXCUEM,Sobre Blvd. Adolfo Ruíz Cortines y Cto. Cuemanco Nte.,2502
010240-PERICNAL,Sobre Anillo Periférico y Av. Canal Nacional,2503
010240-PERICANAV,Sobre Anillo Periférico y Cañaverales,2504
010240-ACOXTEJA,Sobre Calz. Acoxpa y Av. la Teja,2505
010241-ACOXORO,Sobre Calz. Acoxpa y Club Oro,2506
010240-ACOXGPE,Sobre Calz. Acoxpa y Calz. De Gpe.,2506
010240-ACOXMIRAM,Sobre Calz. Acoxpa y canal de Miramontes,2507
010240-TLALCTOAZT,Sobre Calz. De Tlalpan y Cto. Estadio Azteca,2508
010240-ACOXPOTR,Sobre Calz. Acoxpa y El Potrero,2509
010240-HCDACOX,Sobre Av. De la Hacienda y Calz. Acoxpa,2510
010240-CUEMANC,Sobre Cuemanco,2511
010241-BLVDCUEM,Blvd. Adolfo Ruíz Cortines y Cuemanco,2511
010240-PERIFRC,Sobre Anillo Periférico,2512
010241-VERTZLAUR,Sobre Dr. J. M. Vertiz y Miguel Laurent,2513
010240-VERTZLAURN,Sobre Dr. J. M. Vertiz y  Miguel Laurent,2513
010240-VERTZBULG,Sobre Dr. J. M. Vertiz y  Bulgaria,2514
010241-VERTZROMER,Sobre Dr. J. M. Vertiz y Matías Romero,2515
010240-VERTZROMER,Sobre Dr. J. M. Vertiz y  Matias Romero,2515
010240-VERTZURRA,Sobre Dr. J. M. Vertiz y  Angel Urraza,2516
010241-VERTZURRA,Sobre Dr. J. M. Vertiz y Ángel Urraza,2516
010240-VERTZEUGE,Sobre Dr. J. M. Vertiz y  Eugenia,2517
010241-VERTZEUGE,Sobre Dr. J. M. Vertiz y Eugenia,2517
010240-VERTZADAL,Sobre Dr. J. M. Vertiz y  Torres Adalid,2518
010241-VERTZADAL,Sobre Dr. J. M. Vertiz y Torres Adalid,2518
010240-VERTZCUMB,Sobre Dr. J. M. Vertiz y  Cumbres de Maltrata,2519
010241-VERTZXOLA,Sobre Dr. J. M. Vertiz y Xola,2520
010240-VERTZXOLA,Sobre Dr. J. M. Vertiz y  Xola,2520
010240-VERTZMORE,Sobre Dr. J. M. Vertiz y  La Morena,2521
010240-VERTZOBRB,Sobre Dr. J. M. Vertiz y  Casa del Obrero Mundial,2522
010240-VERTZALEM,Sobre Dr. J. M. Vertiz y  Viaducto Miguel Aleman,2523
010240-VERTZPRIET,Sobre Dr. J. M. Vertiz e Ignacio Morones Prieto,2524
010240-VERTZMRQZ,Sobre Dr. J. M. Vertiz y Dr. Márquez,2525
010240-VERTZDLRIO,Sobre Dr. J. M. Vertiz y Dr. Martínez del Río,2526
010240-VERTZBERN,Sobre Dr. J. M. Vertiz y Claudio Bernard,2527
010240-VERTZLAVIS,Sobre Dr. J. M. Vertiz y Dr. Lavista,2528
010240-VERTZANDR,Sobre Dr. Lavista y Dr. Andrade,2529
010240-FRAYVIGA,Sobre Fray Servando Teresa de Mier y Calz. De la Viga,2530
010241-ROLDNPBL,Sobre Calle de Roldán y  Plaza de San Pablo,2531
010240-ROLDAN,Sobre Calle del Roldán ,2531
010241-PBLCRUCS,Sobre Plaza de San Pablo y Las Cruces,2532
010241-IZAZG5FEB,Sobre J. M. Izazaga y  5 de Febrero,2533
010241-NHERBERN,Sobre Av. Niños Heroes y Claudio Bernard,2534
010241-NHERVELAS,Sobre Av. Niños Heroes y Calle Dr. Velasco,2535
010241-NHERDLRIO,Sobre Av. Niños Heroes y Calle Dr. Martínez del Río,2536
010241-VERTZMRQZ,Sobre Dr. J. M. Vertiz y Dr. Márquez,2537
010241-VERTZMRAN,Sobre Dr. J. M. Vertiz y Pedro Miranda,2538
010241-VERTZALEMN,Sobre Dr. J. M. Vertiz y Viad. Miguel Alemán Váldes,2539
010241-VERTZOBRER,Sobre Dr. J. M. Vertiz y Casa del Obrero Mundial,2540
010241-VERTZMOREN,Sobre Dr. J. M. Vertiz y la Morena,2541
010241-VERTZCUMBR,Sobre Dr. J. M. Vertiz y Cumbres de Maltrata,2542
010241-VERTZITZA,Sobre Dr. J. M. Vertiz y Chichen Itza,2543
010241-VERTZLIBR,Sobre Dr. J. M. Vertiz y Municipio Libre,2544
010241-TLALCOROL,Sobre Calz. De Tlalpan y Corola,2545
010241-TLALEAZTE,Sobre Calz. De Tlalpan y Estadio Azteca,2546
010241-TLALIMAN,Sobre Calz. De Tlalpan y Av. Del Imán,2547
010241-TLALACOX,Sobre Calz. De Tlalpan y Av. Acoxpa,2548
010241-ACOXACOX,Sobre Calz. Acoxpa y 2 de Acoxpa,2549
010241-ACOXHUER,Sobre Calz. Acoxpa y Av. Huerta,2550
010241-ACOXHACD,Sobre Calz. Acoxpa y Av. De la Hacienda,2551
010241-PERFARO1,Sobre Anillo Periférico y Av. El Farol 2,2552
010241-BLVDARC,Blvd. Adolfo Ruíz Cortines,2553
010241-BLVDARC2,Blvd. Adolfo Ruíz Cortines 2,2554
010240-IMANSHRIN,Av. del Imán y Hospital Shriners,2555
010240-CTOAZTCAST,Cto. E. Azteca y San Cástulo,2556
010240-AZTECASTULO,E. Azteca y San Cástulo,2556
010240-CASTURSULA,San Cástulo y Av. Sta. Úrsula,2557
010240-URSULARICA,Av. Sta. Úrsula y San Ricardo,2558
010240-URSULAVALE,Av. Sta. Úrsula y San Valentin,2559
010240-NEZAZTECAS,Nezahualpilli y Av. Aztecas,2560
010240-AZTECSTEPALC,Av. Aztecas y Rey Tepálcatzin,2561
010240-AZTECASTOPIT,Av. Aztecas y Rey Topitzin,2562
010240-TOPITZMAY,Rey Topitzin y Mayas,2563
010240-AHUACANA,Ahuacan y Canahutl,2564
010240-CANACUACAN,Canacuate y Canahutl,2564
010240-AHUACAMEZ,Ahuacan y Amezquite,2565
010240-AHUACAMEZQ,Ahuacan y Amezquite,2565
010240-DNTENEZAHUA,Av. División del Norte y Nezahualpilli,2566
010240-DNTEBJUARZ,Av. División del Norte y Benito Juárez,2567
010240-C4C11,C. 4 y C. 11,2568
010241-C4C11,C. 4 y C. 11,2568
010240-AV4LIRA,Av. 4 y Lira,2569
010240-MIRAMTSOFIU,Canal de Miramontes y Ofiuco,2570
010241-MRMTSGVOSALA,Canal de Miramontes y Gustavo Salazar,2570
010240-MIRAMTSENM,Canal de Miramontes y Escuela Naval Militar,2571
010240-TEPETLACENTRL,Tepetlapa y Central,2572
010240-TEPETLAORIENT,Tepetlapa y Oriental,2573
010241-TEPETLAORNTL,Tepetlapa y Oriental,2573
010241-TEPETLARMADA,Tepetlapa y Armada de México,2574
010240-TEPETLARMADA,Tepetlapa y Armada de México,2574
010240-TEPETLAMEDIN,Tepetlapa y Manuela Medina,2575
010241-DOLGMEDINA,Dolores Guerrero y Manuela Medina,2575
010Z3C00-MEDGUERR,Manuela Medina - Dolores Guerrero,2575
010240-DGUEROSARIOC,Dolores Guerrero y Rosario Castellanos,2576
010241-ROSARIOCDOLORES,Rosario Castellanos y C. Dolores Guerrero,2576
010241-ROSARIOCONCH,Rosario Castellanos y Conchita Urquiza,2577
010240-ROSARIOCONCH,Rosario Castellanos y Conchita Urquiza,2577
010240-ROSARIOCELVAR,Rosario Castellanos y Elvira Vargas,2578
010241-ELVAROSARIOC,Elvira Vargas y Rosario Castellanos,2578
010240-ELVARCANDELA,Elvira Vargas y Candelaria Pérez,2579
010241-CANDELPELVAR,Candelaria Pérez y Elvira Vargas,2579
010240-CANDELAPBOMBAS,Candelaria Pérez y Calz. de las Bombas,2580
010241-BOMBASCANDELP,Calz. de las Bombas y Candelaria Pérez,2580
010240-SAUZALCUEMAN,Av. Sauzales y Office Depot Cuemanco,2581
010241-SAUZACUEMAN,Av. Sauzales y Office Depot Cuemanco,2582
010241-ORINTLBOMBAS,Oriental y Calz. de las Bombas,2583
010241-BOMBSCNTRL,Calz. de las Bombas y Central,2584
010241-BOMBSPEDAGO,Calz. de las Bombas y Centro Pedagógico,2585
010241-BOMBSCNLMTS,Calz. de las Bombas y Canal de Miramontes,2586
01025B01-MIRABOMBAS,Canal de Miramontes y Las Bombas,2586
010241-MRMTSCB,Canal de Miramontes y C. B.,2587
010241-MRMTSENM,Canal de Miramontes y Esc. Naval Militar,2588
010241-MRMTSAV4,Canal de Miramontes y Av. 4,2589
010241-C11C10,C. 11 y C. 10,2590
010241-C11BJUARZ,C. 11 y Benito Juárez,2591
010241-DNTEJACARNDS,Av. División del Norte y Jacarandas,2592
010240-CANACUMAYS,Canacuate y Mayas,2593
010240-TOPITZAZTCS,Rey Topiltzin y Av. Aztecas,2594
010240-AZTCSTEPALC,Av. Aztecas y Rey Tepálcatzin,2595
010240-AZTECSHUEMAN,Av. Aztecas y Rey Hueman,2596
010240-AZTECSNEZAHU,Av. Aztecas y Nezahualpilli,2597
010240-MEMOURSULA,San Guillermo y Sta. Ursula,2598
010240-URSULARICAR,Av. Sta. Ursula y San Ricardo,2599
010240-URSULABNJMN,Av. Sta. Ursula y San Benjamín,2600
010240-AZTECACOSCO,Cto. E. Azteca y Coscomate,2601
010240-LMURIPRQNOV,Luis Murillo y Parque de los Novios,2602
01025A01-DIVNTEMEX1,Prol. Div. Del Norte y Av. México,2603
01025A01-DIVNTE20NOV1,Prol. Div. Del Norte y Av. 20 de noviembre,2604
01025A01-DIVNTEMARC,Prol. Div. Del Norte y Arroyo San Marcos,2605
01025A01-FRANCGLAD1,Francisco Goytia y Gladiolas,2606
01025A00-FRANCMARGA,Francisco Goytia y Margaritas,2606
01025A01-NATIVHELIOT1,Cam. A Nativitas y C. Heliotropo,2607
01025A00-BMADRESELVA0,Base Madreselva,2608
01025A01-BMADRESELVA1,Base Madreselva,2608
01025A01-NATIVMADRE,Cam. a Nativitas y C. Madreselva,2608
01025A00-NATIVLACUA,Cam. A Nativitas y Lirio Acuatico,2609
01025A00-NATIVHELIOT0,Cam. A Nativitas y C. Heliotropo,2610
01025A00-FRANCUITL,Francisco Goytia y Cuitláhuac,2611
01025A00-DIVNTE20NOV0,Prol. Div. Del Norte y 20 de Noviembre,2612
01025A00-DIVNTEMEX0,Prol. Div. Del Norte y Av. México,2613
01025A00-DIVNTEGRAM0,Prol. Div. Del Norte y Guadalupe I. Ramírez,2614
01025A00-NATIVSNLUCAS,Cam. a Nativitas y C. Río San Lucas,2615
01025A00-NATIV16SEPT,Cam. a Nativitas y Av. 16 de Septiembre,2616
01025A00-FRANCGLAD0,Francisco Goytia y Gladiolas,2617
01025B01-MIRATAXQUE1,Canal de Miramontes y Calzada Taxqueña,2618
010Z3F00-MIRAMTAXQ0,Eje 1 Ote. Canal de Miramontes - Calzada Taxqueña,2618
010Z3F00-MIRAMSNANT,Eje 1 Ote. Canal de Miramontes - Cerro de San Antonio,2619
01025B01-MIRASNANTONIO,Canal de Miramontes y Cerro de San Antonio,2619
010Z3F00-MIRAMGAL,Eje 1 Ote. Canal de Miramontes - Álvaro Gálvez y Fuentes,2620
01025B01-MIRAGALVEZ,Canal de Miramontes y Gálvez,2620
010Z3F00-MIRAMPARQ0,Eje 1 Ote. Canal de Miramontes - Av. Del Parque,2621
01025B01-MIRAPARQUE,Canal de Miramontes y Av. de El Parque,2621
01025B01-MIRAVIRGEN,Canal de Miramontes y La Virgen,2622
01025B01-MIRAXOTEPINGO,Canal de Miramontes y Xotepingo,2623
01025B01-MIRA69,Canal de Miramontes y C. 69,2624
01025B01-MIRAC9,Canal de Miramontes y Calle 9,2625
01025B01-MIRALDEBARAN,Canal de Miramontes y Estrella Aldebarán,2626
01025B01-MIRAPLAZAMI,Canal de Miramontes y Retorno U Plaza Miramontes,2627
01025B01-MIRAMART,Canal de Miramontes y Mar de tranquilidad,2628
01025B01-MIRAGAPA,Canal de Miramontes y Agapando,2629
01025B01-MIRATZINNIAS,Canal de Miramontes y Tzinnias,2630
01025B01-MIRANARDOS,Canal de Miramontes y Nardos,2631
01025B00-MIRASALUD,Canal de Miramontes y C. De Salud,2631
01025B01-MIRAMANTE,Canal de Miramontes y Rancho Mante,2632
01025B01-MIRAHUESO1,Canal de Miramontes y Calz. Del Hueso,2633
01025B00-MIRASIENA,Canal de Miramontes y Siena,2634
01025B01-MIRAMONZA,Canal de Miramontes y Monza,2634
01025B01-MIRACANNES,Canal de Miramontes y Cannes,2635
01025B01-MIRACOXPA,Canal de Miramontes y Calz. Acoxpa,2636
01025B01-DIVNTEPERI,Prol. Div. Del Norte y Anillo Periférico,2637
01025B01-DIVNTESNLOR,Prol. Div. Del Norte y Av. San Lorenzo,2638
01025B00-DIVNTE10ABR,Prol. Div. Del Norte y 10 de Abril,2638
01025B00-DIVNTECONST,Prol. Div. Del Norte y Constitución de 1824,2639
01025B01-DIVNTEBOSQUE,Prol. Div. Del Norte y Privada del Bosque,2639
01025B01-DIVNTETLIB1,Prol. Div. Del Norte y Tierra y Libertad,2640
01025C00-DIVNTETLIB0,Prol. Div. Del Norte y Tierra y Libertad,2640
01025B00-DIVNTEMAJU,Prol. Div. Del Norte y Contorno Majuelos,2641
01025B01-DIVNTEMUYU1,Prol. Div. Del Norte y Plan de Muyuguarda,2641
01025B01-DIVNTEMARTIN,Prol. Div. Del Norte y Residencial San Martin,2642
01025B00-DIVNTEALCANF,Prol. Div. Del Norte y Alcanfores,2643
01025B01-DIVNTECLAVEL,Prol. Div. Del Norte y Clavel,2643
01025B01-DIVNTEGRAM1,Prol. Div. Del Norte y Guadalupe I. Ramírez,2644
01025B00-DIVNTEGOYT,Prol. Div. Del Norte y Francisco Goytia,2645
01025B00-DIVNTEMUYU0,Prol. Div. Del Norte y Muyuguarda,2646
01025B00-MIRACOXPA,Canal de Miramontes y Calzada Acoxpa,2647
01025B00-MIRACOAPLAZA,Canal de Miramontes y Coaplaza,2648
01025B00-MIRABREV,Canal de Miramontes y Abrevadero,2649
01025B00-MIRAHUESO0,Canal de Miramontes y Calzada del Hueso,2650
01025B00-MIRAVHERMOSA,Canal de Miramontes y Vista Hermosa,2651
01025B00-MIRAALAMEDA,Canal de Miramontes y Alameda Sur,2652
01025B00-MIRABOMBAS,Canal de Miramontes y Calz. De las Bombas,2653
01025B00-MIRAWALMART,Canal de Miramontes y Walmart,2654
01025B00-MIRACIRUELOS,Canal de Miramontes y Ciruelos,2655
01025B00-MIRAGIGANTE,Canal de Miramontes y Gigante,2656
01025B00-MIRASAINZ,Canal de Miramontes y Sainz Barada,2657
01025B00-MIRARET50,Canal de Miramontes y Retorno 50,2658
01025B00-MIRAVIRGEN,Canal de Miramontes y Calz. De la Virgen,2659
01025B00-MIRAHMZX,Canal de Miramontes y Calle H MZ X,2660
01025B01-MADEROVIOL,Francisco I. Madero y C. Violeta,2661
01025B01-VIOLCIRCUNV,C. Violeta y C. Canal de Circunvalación,2662
01025B00-VIOLTRAJI,C. Violeta y Trajinera,2663
01025B01-VIOLCUITL,C. Violeta y C. Cuitláhuac,2663
01025B01-GALSNLUCAS,Av. H. Galena y C. Río San Lucas,2664
01025B00-GALEANACJON,Av. H. Galena y 2do Callejón Galeana,2664
01025B00-GALMADRESELVA2,Av. H. Galena y Madreselva,2665
01025B01-GALMADRESELVA,Av. H. Galena y C. Madreselva,2665
01025B00-GALCICLAMEN,Av. H. Galena y C. Ciclamen,2666
01025B01-GALCICLAMEN,Av. H. Galena y Ciclamen,2666
01025B00-VIOLNEZA,C. Violeta y Nezahualcóyotl,2667
01025B00-BGALEANA,Base Galeana,2668
01025B00-GARDCICLAM,C. Gardenia y Calle Ciclamen,2669
01025B00-MERCNATIV,C. del Mercado y Embarcadero Nativitas,2670
01025B00-XOCHMERCA,Carr. Xochimilco Tulyehualco y C. del Mercado,2671
01025B00-NATIVCENTRAL,C. Nativitas y C. Central,2671
01025C01-GPEMATAM,Av. Guadalupe I. Ramírez y Matamoros,2672
01025C01-RAMIGUERRERO,Pedro Ramírez del Castillo y Vicente Guerrero,2673
01025C00-NVOLGLORIA0,Av. Nuevo León y La Gloria,2674
01025C01-NVOLGLORIA1,Av. Nuevo León y La Gloria,2674
01025D00-NVOLSNLOR,Av. Nuevo León y Callejón San Lorenzo,2675
01025C01-NVOLPINO,Av. Nuevo León y Pino,2675
01025C01-NVOLALCAT,Av. Nuevo León y Callejón Alcatraz,2676
01025C00-NVOLTLATIL,Av. Nuevo León y Callejón Tlatil,2676
01025D00-NVOLROBLE,Av. Nuevo León y Roble,2677
01025C01-NVOLHERENCIA,Av. Nuevo León y La Herencia,2677
01025C01-ACTOPANCERR,Av. San Pedro Atocpan y Segunda Cerrada de Actopan,2678
01025D00-ACTOPANLAZ,Av. San Pedro Atocpan y Cerrada Lázaro Cárdenas,2678
01025C00-ACTOPANLAZ2,Av. San Pedro Atocpan y Lázaro Cárdenas,2679
01025E01-LCARDENAS,Lázaro Cárdenas,2679
01025E01-CDAHUERTA,Cerrada la Huerta,2680
01025C00-NVOLHUERTA,Av. Nuevo León y La Huerta,2680
01025C00-NVOLALA,Av. Nuevo León y Alamo,2681
01025E01-ZACAPA,Zacapa,2681
01025C01-CUAUACUED,Av. Cuauhtémoc y Cerrada Acueducto,2682
01025C01-CUAUPIRULES1,Av. Cuauhtémoc y Pirules,2683
01025C00-SNGREGMIRAD0,San Gregorio - Oaxtepec y El Mirador,2684
01025C01-SNGREGMIRAD1,San Gregorio - Oaxtepec y El Mirador,2684
01025C00-SNGREGTEXAX0,San Gregorio - Oaxtepec y Texaxahualli,2685
01025C01-SNGREGTEXAX1,San Gregorio - Oaxtepec y Texaxahualli,2685
01025C00-SNGREGARCO0,San Gregorio - Oaxtepec y El Arco,2686
01025C01-SNGREGARCO1,San Gregorio - Oaxtepec y El Arco,2686
01025C01-SNGREGACTOP,San Gregorio - Oaxtepec y Planta San Pedro Atocpan,2687
01025C01-SNGREGTEXOM1,San Gregorio - Oaxtepec y Texomulco,2688
01025C00-SNGREGTEXOM0,San Gregorio - Oaxtepec y Texomulco,2688
01025C01-SNGREGHEROE1,San Gregorio - Oaxtepec y Niños Héroes,2689
01025C01-NHERBARTOL,Niños Héroes y Fray Bartolomé de las Casas,2690
01025C01-HIDMARTIN,Av. Miguel Hidalgo y Plaza San Martín,2691
01025E00-INDEPE,Independencia,2692
01025C01-HIDINDEP2,Av. Miguel Hidalgo y Independencia,2692
01025C01-HIDINDEP,Av. Miguel Hidalgo y 2do Callejón Independencia,2693
01025E00-CJONINDEPEND,2do. Callejón Independencia,2693
01025C00-PJALCJAL0,Prol. Jalisco y Callejón Jalisco,2694
01025C01-PJALCJAL1,Prol. Jalisco y Callejón Jalisco,2694
01025C01-JALZAPATA,Av. Jalisco Pte. y Glorieta de Zapata,2695
01025C00-NVOLZAPATA,Nuevo León Pte. y Glorieta de Zapata,2695
01025C01-NVOLPTEPUEB1,Nuevo León Pte. y Puebla Pte.,2696
01025C00-NVOLPTEPUEB0,Nuevo León Pte. y Puebla Norte,2696
01025C00-NVOLPTETLAX0,Nuevo León Pte. y Tlaxcala Norte,2697
01025C01-NVOLPTETLAX1,Nuevo León Pte. y Tlaxcala Norte,2697
01025C01-NVOLPTENAY1,Nuevo León Pte. y Nayarit Norte,2698
01025C00-NVOLPTENAY0,Nuevo León Pte. y Nayarit Norte,2698
01025C01-NVOLPTENTE,Nuevo León Pte. y México Norte,2699
01025C00-NVOLNTE,Nuevo León Ote. y México Norte,2699
01025C01-NTEPUEBLA,México Norte y Puebla Poniente,2700
01025C01-NTEMICHOA,México Norte y Michoacán Ote.,2701
01025C00-BMILPALTA,Base Milpa Alta,2702
01025C00-SONPUE,Sonora y Puebla Ote.,2703
01025C00-SNGREGTEZON,San Gregorio - Oaxtepec y Tezontlicpac,2704
01025C00-SNGREGHEROE0,San Gregorio - Oaxtepec y Niños Héroes,2705
01025C01-NHOAXTEPEC,Niños Héroes y San Gregorio - Oaxtepec,2705
01025C00-SNGREGACHA,San Gregorio - Oaxtepec y Achayatipac,2706
01025C00-SNGREGMINA,San Gregorio - Oaxtepec y Camino a la Mina,2707
01025C00-CUAUPIRULES0,Av. Cuauhtémoc y Pirules,2708
01025D00-CUAUSNGREG2,Av. Cuauhtémoc y Acueducto San Gregorio,2709
01025C00-CUAUSNGREG,Av. Cuauhtémoc y Acueducto San Gregorio,2709
01025C01-NVOL16SEPT,Nuevo León y 16 de septiembre,2710
01025C01-HIDALCIELO,Av. Miguel Hidalgo y Al Cielo,2711
01025C01-HIDHEROES,Av. Miguel Hidalgo y Niños Héroes,2712
01025D01-MORELOSMAD,Av. José Ma. Morelos y Francisco I. Madero,2713
01025D00-NVOLVIOLETA,Av. Nuevo León y Violeta,2714
01025D01-VIOLNVOL,C. Violeta y Nuevo León,2714
01025D01-NVOLDALIA,Av. Nuevo León y Dalia,2715
01025D01-NVOLROSA1,Av. Nuevo León y Canal de la Rosa,2716
01025D00-NVOLROSA0,Av. Nuevo León y Canal de la Rosa,2716
01025D00-NVOLCURVA0,Av. Nuevo León y La Curva,2717
01025D01-NVOLCURVA1,Av. Nuevo León y La Curva,2717
01025D01-NVOLPUENTE,Av. Nuevo León y Del Puente,2718
01025D00-NVOLMAGNOLIA,Av. Nuevo León y Magnolia,2718
01025D01-NVOLURRU1,Av. Nuevo León y Puente de Urrutia,2719
01025D00-NVOLURRU0,Av. Nuevo León y Puente de Urrutia,2719
01025D01-NVOLZARAG1,Av. Nuevo León y Ignacio Zaragoza,2720
01025D00-NVOLZARAG0,Av. Nuevo León y Ignacio Zaragoza,2720
01025D01-PTECERRSJ,México Poniente y 3a Cerrada de Sor Juana,2721
01025D00-ACTOPANMEX,Av. San Pedro Atocpan y Av. México,2722
01025D01-ACTOPANCALT,Av. San Pedro Atocpan y Caltongo,2722
01025D01-BSNGREGORIO,Base San Gregorio,2723
01025D00-CHAPMATEOS,Av. Chapultepec y Adolfo Lopez Mateos,2724
01025E00-TENOCHGALLERA,Av. Tenochtitlán y Cda. la Gallera,2725
01025E00-TENOCHALCOCA,Av. Tenochtitlán y Cjon. Alcocatitla,2726
01025E00-TENOCHBENAVI,Av. Tenochtitlán y Lic. Pedro Benavides,2727
01025E00-TENOCHPLANTA,Av. Tenochtitlán y La Planta,2728
01025E00-TENOCHZAR,Av. Tenochtitlán y Calle Ignacio Zaragoza,2729
01025E00-TENOCHJUAREZ,Av. Tenochtitlán y Cda. Benito Juarez,2730
01025E00-XOCHMARGARITA,Carr. Xochimilco Tulyehualco y Margarita Maza de Juárez,2731
01025E00-XOCHCOCO,Carr. Xochimilco Tulyehualco y Cocoxochitl,2732
01025E00-XOCHPEÑA,Carr. Xochimilco Tulyehualco y Desiderio Peña,2733
01025E00-XOCHCUAU,Carr. Xochimilco Tulyehualco y C. Cuauhtémoc,2734
01025E00-XOCHZACAPA,Carr. Xochimilco Tulyehualco y Embarcadero Zacapa,2735
01025E00-GLADGIRA,Gladiolas y Girasol,2736
01025E00-CUAUGLAD,Av. Cuauhtémoc y Gladiolas,2737
01025E00-GLADJSIERRA,Terminal Gladiolas y Justo Sierra,2738
010Z3A01-TLACCUAU,Tlacolcatzin - Cuauhtémoc,2739
010Z3A00-CUAUTLATO,Cuauhtémoc - Tlatolcatzin,2739
010Z3A00-ILHUTETLE,Ilhuicamina - Tetlepanquetzanlzin,2740
010Z3A01-TETLILHUI,Tetlepanquetzanlzin - Ilhuicamina,2740
010Z3A01-ILHUAXAC,Ilhuicamina - Axayacatl,2741
010Z3A00-AXAYAILHUI,Axayacatl - Ilhuicamina,2741
010Z3A00-CUITLAXAY,Cuitláhuac - Axayacatl,2742
010Z3A01-AXAYACUI,Axayacatl - Cuitláhuac,2742
010Z3A00-TLAHCUITLA,Av. Tláhuac - Cuitláhuac,2743
010Z3A01-CUITLAHUAC,Cuitláhuac - Av. Tláhuac,2743
010Z3A01-TLAH16SEPT,Av. Tláhuac - 16 de septiembre,2744
010Z3A01-TLAHTANQUE,Av. Tláhuac - El Tanque,2745
010Z3A01-TLAHTAXQ,Av. Tláhuac - Calzada Taxqueña,2746
010Z3A01-9TAXQZAPA,Eje 9 Sur Calz. Taxqueña - Zapata,2747
010Z3A01-9TAXQSNFRA,Eje 9 Sur Calz. Taxqueña - San Francisco,2748
010Z3A01-9TAXQHID1,Eje 9 Sur Calz. Taxqueña - Av. Miguel Hidalgo,2749
010Z3A01-9TAXQCALLA,Eje 9 Sur Calz. Taxqueña - Calle A,2750
010Z3A01-9TAXQWALM,Eje 9 Sur Calz. Taxqueña - Walmart,2751
010Z3A01-9TAXQCECYT,Eje 9 Sur Calz. Taxqueña - CECyT 13,2752
010Z3A01-9TAXQUETZ,Eje 9 Sur Calz. Taxqueña - Cerro Quetzal,2753
010Z3A00-9TAXQREFM,Eje 9 Sur Calz. Taxqueña - Refinería Minatitlán,2753
010Z3A00-9TAXQREFA,Eje 9 Sur Calz. Taxqueña - Refinería Azcapotzalco,2754
010Z3A01-9TAXQESTRE,Eje 9 Sur Calz. Taxqueña - Cerro de la Estrella,2754
010Z3A01-9TAXQEJE1,Eje 9 Sur Calz. Taxqueña - Eje 1 Ote. Canal de Miramontes,2755
010Z3A01-MIRAMTORR,Eje 1 Ote. Canal de Miramontes - Av. Cerro de Las Torres,2756
010Z3A00-9TAXQMACUI,Eje 9 Sur Calz. Taxqueña - Cerro Macuiltepec,2757
010Z3A00-9TAXQCAST,Eje 9 Sur Calz. Taxqueña - Erasmo Castellanos,2758
010Z3A00-9TAXQAMAC,Eje 9 Sur Calz. Taxqueña - Amacuzac,2759
010Z3A00-9TAXQPARQ,Eje 9 Sur Calz. Taxqueña - Parque Culhuacanes I,2760
010Z3A00-9TAXQEJE20,Eje 9 Sur Calz. Taxqueña - Eje 2 Ote. (Heroica Escuela Naval Militar),2761
010Z3A00-9TAXQHID0,Eje 9 Sur Calz. Taxqueña - Av. Miguel Hidalgo,2762
010Z3A00-9TAXQSNFR,Eje 9 Sur Calz. Taxqueña - Ejido San Francisco,2763
010Z3A00-9TAXTLAH,Eje 9 Sur Calz. Taxqueña - Av Tláhuac,2764
010Z3A00-TLAHMOR,Av. Tláhuac - Morelos,2765
010Z3A00-TLAHE,Av. Tláhuac - Calle E,2766
010Z3A00-TLAHSORIANA,Av. Tláhuac - Soriana,2767
010Z3A00-BTLATOCA,Base Tlatolcatzin y Cacama,2768
010Z3F00-CETRAMTAS0,CETRAM STC Metro Tasqueña,2769
010Z3F00-TLALTORR,Calzada de Tlalpan - Av. De las Torres,2770
010Z3F00-TLALJES,Calzada de Tlalpan - Cerro de Jesús,2771
010Z3F00-JESUMIRAM,Cerro de Jesús - Eje 1 Ote. Canal de Miramontes,2772
010Z3F00-STANASOL0,Av. Santa Ana - Piedra del Sol,2773
010Z3F01-STANASOL1,Av. Santa Ana - Piedra del Sol,2773
010Z3F00-STANAEUSEB,Av. Santa Ana - Eusebio Rosas de la Rosa,2774
010Z3H01-STANAMEXICAL,Av. Santa Ana - Ejido de Mexicaltzingo,2774
010Z3F00-STANACULHU0,Av. Santa Ana - Ejido de San Fco. Culhuacán,2775
010Z3F00-STANAROM,Av. Santa Ana - Agustín Romero,2776
010Z3F00-STANAVAL,Av. Santa Ana - H. Escuela Naval Militar,2777
010Z3F00-STANABONFIL,Av. Santa Ana - Alfredo V. Bonfil,2778
010Z3H01-STANAXICAL,Av. Santa Ana - Ejido San Miguel Xicalco,2778
010Z3F00-STANASEQ0,Av. Santa Ana - Rosa Ma. Sequeira,2779
010Z3D01-MERCESTANA,Mercedes Ábrego - Av. Santa Ana,2780
010Z3F00-STANAABREG0,Av. Santa Ana - Mercedes Ábrego,2780
010Z3F00-STANACIONAL,Av. Santa Ana - Av. Canal Nacional,2781
010Z3F00-STANATLAH0,Av. Santa Ana - Av. Tláhuac,2782
010Z3H01-STANATLAH1,Av. Santa Ana - Av. Tláhuac,2782
010Z3F00-TLAHSNAND0,Av. Tláhuac - Metro San Andrés Tomatlán,2783
010Z3H01-TLAHPIRU1,Av. Tláhuac - De los Pirules,2784
010Z3F00-TLAHPIRU0,Av. Tláhuac - Los Pirules,2784
010Z3F00-TLAHPROG0,Av. Tláhuac - Progreso,2785
010Z3F00-TLAHSICILIA,Av. Tláhuac - P° de Sicilia,2786
010Z3F00-TLAHESTR0,Av. Tláhuac - Metro Lomas Estrella,2787
010Z3H01-TLAHESTR1,Av. Tláhuac - Metro Lomas Estrella,2787
010Z3F00-TLAHSIRACU,Av. Tláhuac - Siracusa,2788
010Z3F00-TLAHSNLUIS0,Av. Tláhuac - San Luis,2789
010Z3H01-TLAHSNLUIS1,Av. Tláhuac - San Luis,2789
010Z3F01-TECNITLAH,Técnicos y Manuales - Av. Tláhuac,2790
010Z3F00-TLAHTECNI,Av. Tláhuac - Técnicos Manuales,2790
010Z3F00-TECNIMEXI0,Técnicos y Manuales - Cine Mexicano,2791
010Z3F01-TECNIMEXI1,Técnicos y Manuales - Cine Mexicano,2791
010Z3F00-TECUHSNT0,Técnicos y Manuales - U.H. San Nicolás Tolentino,2792
010Z3F01-TECUHSNT1,Técnicos y Manuales - U.H. San Nicolás Tolentino,2792
010Z3F01-TECNICHAL1,Técnicos y Manuales - Canal de Chalco,2793
010Z3F00-TECNICHAL0,Técnicos y Manuales - Canal de Chalco,2793
010Z3G00-TLAH11,Av. Tláhuac - Av. 11,2794
010Z3H01-LEBRAV11,Lebrija - Av.11,2795
010Z3G00-11LEBRIJA,Av. 11 - Lebrija.,2795
010Z3H01-LEBRMIJ,Lebrija - Mijas,2796
010Z3G00-LEBRMENG,Lebrija - Mengibar,2796
010Z3H01-SNLORELEB,Av. San Lorenzo - Lebrija,2797
010Z3G00-LEBRSNLOR,Lebrija - Av. San Lorenzo,2797
010Z3G00-MONZONPER,Monzón - Periférico,2798
010Z3H01-SNLORETLA,Av. San Lorenzo - Av. Tláhuac,2799
010Z3G00-PERIU,Periférico - Vuelta en U Av. Tláhuac,2799
010Z3G00-PERIALLEN,Periférico - Ignacio Allende,2800
010Z3G00-PERIESP0,Periférico - España,2801
010Z3G01-PERIESP1,Periférico - España,2801
010Z3G00-PERICATA,Periférico - Catarroja,2802
010Z3G00-PERIBILB0,Periférico - Bilbao,2803
010Z3G00-REFAND2,Reforma - Andador 2,2804
010Z3G00-REFORMA8,Av. Reforma - Andador 8,2805
010Z3G00-REFRECLUSO,Av. Reforma - Esquina Suroeste Reclusorio,2806
010Z3G00-REFZARAG,Av. Reforma - Ignacio Zaragoza,2807
010Z3G00-REFPROGRE,Av. Reforma - Progreso,2808
010Z3G00-REFRECLUSE,Av. Reforma - Esquina Sureste Reclusorio,2809
010Z3G00-AZUCEJIDO,Azucena - Flor del Ejido,2810
010Z3G00-AZUCE2,Azucena - Av. 2,2811
010Z3G00-2ISIDRO,Av. 2 - San Isidro,2812
010Z3H01-ORQUAV2,Orquídea - Av. 2,2812
010Z3G00-ISIDAV3,San Isidro - Av. 3,2813
010Z3H01-3ORQUI,Av. 3 - Orquídea,2813
010Z3H01-JACARARB,Jacarandas - Av. del Árbol,2814
010Z3G00-ARBJACAR,Av. del Árbol - Jacarandas,2814
010Z3H00-ISIDSNLOR,Ignacio Zaragoza - Lomas de San Lorenzo,2815
010Z3H00-SNLORSTAC,Lomas de San Lorenzo - Camino a Santa Cruz,2816
010Z3H00-STACRUZ0,Camino a Santa Cruz - Cda. Santa Cruz,2817
010Z3H01-STACRUZ1,Cda. Santa Cruz - Camino a Santa Cruz,2817
010Z3H01-ARBHORT,Av. del Árbol - Hortencia,2818
010Z3H00-ARBTEXC,Av. del Árbol - Texcatl,2818
010Z3H00-ARBZACAT,Av. del Árbol - Av. Zacatlán,2819
010Z3H01-FLORARB,Flor de Ejido - Av. del Árbol,2819
010Z3H00-FLORNOVO,Flor del Ejido - Salvador Novo,2820
010Z3H01-FLORAJUA,Flor del Ejido - Av. Benito Juárez,2820
010Z3H00-FLORISID,Flor del Ejido - San Isidro,2821
010Z3E01-SEQMCAÑI1,Rosa María Sequeira - Manuela Cañizares,2822
010Z3E00-SEQMCAÑI0,Rosa María Sequeira - Manuela Cañizares,2822
010Z3E00-SEQCVIRG,Rosa María Sequeira - Calzada de La Virgen,2823
010Z3E01-CVIRGSEQUE,Calzada de La Virgen - Rosa María Sequeira,2823
010Z3E00-CVIRGNAVAL,Calzada de La Virgen - Universidad Naval,2824
010Z3C01-SEQMARQ1,Rosa María Sequeira - Mariquita Sánchez,2825
010Z3C00-SEQMARQ0,Rosa María Sequeira - Mariquita Sánchez,2825
010Z3C00-SEQMSAENZ0,Rosa María Sequeira - Manuela Sáenz,2826
010Z3E01-SEQMSAENZ1,Rosa María Sequeira - Manuela Sáenz,2826
010Z3C01-MANUROSA,Manuela Sáenz - Rosa María Sequeira,2826
010Z3C00-MANUMERC0,Manuela Sáenz - Mercedes Abrego,2827
010Z3C00-MANUARM0,Manuela Sáenz - Av. Carlota Armero,2828
010Z3D00-ARMSAENZ0,Av. Carlota Armero - Av. Manuela Sáenz,2828
010Z3C00-MANUCATA,Manuela Sáenz - Catalina Buendía,2829
010Z3C01-BUENDSAENZ,Catalina Buendía - Manuela Sáenz,2829
010Z3C00-CVIRGBJOPU,Calzada de La Virgen - Bajo puente Carlota Armero,2830
010Z3D01-CVIRGARM,Calzada de La Virgen - Av. Carlota Armero,2830
010Z3C00-CVIRGCOB0,Calzada de La Virgen - Magdalena Cobos,2831
010Z3D01-CVIRGCOB1,Calzada de La Virgen - Magdalena Cobos,2831
010Z3C00-CVIRGSOLOR,Calzada de La Virgen - Soledad Solorzano,2832
010Z3C01-CVIRGBUEN,Calzada de La Virgen - Catalina Buendía,2832
010Z3C01-MEDCVIRG,Manuela Medina - Calzada de La Virgen,2833
010Z3C00-CVIRGMEDI,Calzada de La Virgen - Manuela Medina,2833
010Z3C00-MEDVALEN,Manuela Medina - La Valentina,2834
010Z3C00-MEDCORO0,Manuela Medina - Andador Las Coronelas,2835
010Z3C01-MEDCORO1,Manuela Medina - Andador Las Coronelas,2835
010Z3C00-BUAMXOCH,Base UAM Xochimilco,2836
010Z3D00-STANARMERO,Av. Santa Ana - Av. Carlota Armero,2837
010Z3D01-STANARETU,Av. Santa Ana - Retorno en U,2837
010Z3D00-ARMSNCHEZ,Av. Carlota Armero - Mariquita Sánchez,2838
010Z3D00-BOMB2ANDA,Calzada de Las Bombas - 2do Andador,2839
010Z3D00-BOMBOJIT,Calzada de Las Bombas - Ojitlán,2840
010Z3B01-TLAHCUL1,Av. Tláhuac - Metro Culhuacán,2841
010Z3B00-TLAHCUL0,Av. Tláhuac - Metro Culhuacán,2841
010Z3B00-TLAHPRESI,Av. Tláhuac - Presidencia,2842
010Z3B01-WATTGOBER,Jacobo Watt - Gobernación,2843
010Z3B00-TLAHWATT,Av. Tláhuac - Jacobo Watt,2843
010Z3B01-AGUIWATT,Águila Blanquinegra - Jacobo Watt,2844
010Z3B00-WATTBLAN,Jacobo Watt - Águila Blanquinegra,2844
010Z3B00-USMLUNA,Unidad San Marcos - Luna,2845
010Z3B01-LUNAUSM,Luna - Unidad San Marcos,2845
010Z3F01-BCHALPERI,Base Canal de Chalco y Periférico,2846
010Z3F01-TECNICINE,Técnicos y Manuales - Cinematografistas,2847
010Z3F01-STANARET22,Av. Santa Ana - Retorno 22,2848
010Z3F01-9TAXQSTAISA,Eje 9 Sur Calz. Taxqueña - Cerro de Santa Isabel,2849
010Z3F01-CETRAMTAS1,CETRAM STC Metro Tasqueña,2850
010Z3H01-PROVPINO,Providencia - Pino,2851
010Z3G01-PROVPINOS,Providencia - Pinos,2851
010Z3G01-PRIVPROV3,Providencia - Primera Priv. Providencia,2852
010Z3H01-PRIVPROV2,Providencia - Primera Privada Providencia,2852
010Z3H01-PROVTES,Providencia - Tesoro,2853
010Z3G01-PROVTES2,Providencia - Tesoro,2853
010Z3G01-3ATOYAC,Av. 3 - Río Atoyac,2854
010Z3G01-PALMFRIO,Palma - Arroyo Frío,2855
010Z3G01-PALMBRAU,Palmas - Lic. Braulio Maldonado,2856
010Z3G01-PALMGARIB,Palmas - Jesús Garibay,2857
010Z3G01-NILOPERL,Río Nilo - Río Perlitas,2858
010Z3G01-NILOSTAC,Río Nilo - Av. Santa Cruz,2859
010Z3G01-NILOPERI,Río Nilo - Periférico,2860
010Z3G01-PERIBILB1,Periférico - Cda. de Bilbao,2860
010Z3G01-PERITLAH,Periférico - Av. Tláhuac,2861
010Z3H01-4 JACAR,Av. 4 - Jacarandas,2862
010Z3H01-B4UACM,Base Av. 4 UACM Tezonco,2862
010Z3H01-ISIDAZUM,San Isidro - Azumbilla,2863
010Z3H01-ISIDAXUM2,San Isidro - C. Azumbilla,2863
010Z3H01-PROVHOSP,Providencia - Hospital,2864
010Z3H01-PROVTLAH,Providencia - Av. Tláhuac,2864
010Z3H01-ARBALHELI,Av. del Árbol - Alhelí,2865
010Z3H01-ALHELI3,Alhelí - Av. 3,2866
010Z3H01-ORQUFLOR,Orquídea - Flor del Ejido,2867
010Z3H01-EVERALIB,EverandoGamiz - Libertad,2868
010Z3H01-TLAHPERIOTE,Av. Tláhuac - Metro Periférico Ote.,2869
010Z3H01-TLAHMONZON,Av.11 - Monzón,2870
010Z3H01-TLAH11MANT,Av. Tláhuac - Metro Calle 11. Mantenimiento,2871
010Z3H01-TLAHCAPRI,Av. Tláhuac - Capri,2872
010Z3H01-TLAHPROG1,Av. Tláhuac - Progreso,2873
010Z3H01-TLAHSNAND1,Av. Tláhuac - Metro San Andrés Tomatlán,2874
010Z3H01-STANAPACH,Av. Santa Ana - Apaches,2875
010Z3H01-STANAESIME,Av. Santa Ana - ESIME Culhuacán,2876
010Z3H01-STANAABREG1,Av. Santa Ana - Mercedes Abrego,2877
010Z3H01-STANAUHII,Av. Santa Ana - UH Culhuacán II,2878
010Z3H01-STANASEQ1,Av. Santa Ana - Rosa Ma. Sequeira,2879
010Z3H01-STANAURSU,Av. Santa Ana - Ejido Santa Úrsula,2880
010Z3H01-STANACULHU1,Av. Santa Ana - Ejido San Fco. Culhuacán,2881
010Z3H01-MIRAMAV3,Eje 1 Ote. Canal de Miramontes - Av. 3,2882
010Z3H01-MIRAMLOP,Eje 1 Ote. Canal de Miramontes - Ricardo Monges López,2883
010Z3C01-MEDADEL,Manuela Medina - Adelita,2884
010Z3C01-MANUREME,Manuela Sáenz - Remedios Valle,2885
010Z3C01-MANUARM1,Manuela Sáenz - Av. Carlota Armero,2886
010Z3D01-ARMSAENZ1,Av. Carlota Armero - Av. Manuela Sáenz,2886
010Z3C01-MANUMERC1,Manuela Sáenz - Mercedes Abrego,2887
010Z3C01-SEQSTANA,Rosa María Sequeira - Av. Santa Ana,2888
010Z3D01-MANUHUITZ,Manuela Sáenz - Huitzilopochtli,2889
010Z3D01-REMEMARI,Remedios Valle - Mariquita Sánchez,2890
010Z3D01-MARICARL,Mariquita Sánchez - Av. Carlota Armero,2891
010Z3D01-MARIMERCE,Mariquita Sánchez - Mercedes Ábrego,2892
010Z3B01-BLUNAPLU,Base Luna y Plutón,2893
010Z3B01-WATTTLAH,Jacobo Watt - Av. Tláhuac,2894
010Z4A01-BMSANTANI,Base Metro Santa Anita,2895
010Z4A01-E2CONUGUILLPRI,Eje 2 Ote. H Congreso de la Unión y Guillermo Prieto,2896
010Z4A01-E2CONMAGDMIXH,Eje 2 Ote. H Congreso de la Unión y Magdalena Mixhuca,2897
010Z4A01-E2CONUFRSTEMI,Eje 2 Ote. H Congreso de la Unión y Eje 1 Sur Fray Servando Teresa de Mier,2898
010Z4A01-E2CONSTANTIRO,Eje 2 Ote. H Congreso de la Unión y Stand de Tiro,2899
010Z4A01-E2CONMECAND,Eje 2 Ote. H Congreso de la Unión y Metro Candelaria,2900
010Z4A01-E2CONEMIZAP,Eje 2 Ote. H Congreso de la Unión y Emiliano Zapata,2901
010Z4A01-E2CONHERNACOZ,Eje 2 Ote. H Congreso de la Unión y Héroe de Nacozari,2902
010Z4A01-E2CONUNEJ1ABA,Eje 2 Ote. H Congreso de la Unión y Eje 1 Nte. Abañiles,2903
010Z4A01-E2CONUNIAVCIR,Eje 2 Ote. H Congreso de la Unión y Av. Circunvalación,2904
010Z4A01-E2CONGTALABAR,Eje 2 Ote. H Congreso de la Unión y Talabarteros,2905
010Z4A01-E2CONESTANO,Eje 2 Ote. H Congreso de la Unión y Estaño,2906
010Z4A00-PLATCONGRUN,Platino y Eje 2 Ote. H. Congreso de la Unión,2907
01020B00-PLACONGRUNION,Platino - Congreso de la Union,2907
010Z4A01-E2CONUNPLAT,Eje 2 Ote. H Congreso de la Unión y Platino,2907
010Z4A01-E2CONOTE107,Eje 2 Ote. H Congreso de la Unión y Ote 107 (propuesta),2908
010Z4A01-AVTALISN72B,Eje 4 Nte. Av Talisman y Norte 72-B,2909
010Z4B01-N72EJAVTALIS,Norte 72-A y Eje 4 Nte. Av. Talismán,2909
010Z4A01-AVTALISAV519,Eje 4 Nte. Av Talisman y Av. 519,2910
010Z4A01-JLFABAV4141,José Loreto Fabela y Av. 414,2911
010Z4A01-JLFCAMLIGA,José Loreto Fabela y Cam. de la Liga,2912
010Z4K00-JLFCAMILIGA,José Loreto Fabela y Camino de la Liga,2912
010Z4A01-PINFCOMOR,Av. de los Pinos y Av. Francisco Morazán,2913
010Z4A00-AVPINVOLZUN,Av. de los Pinos y Volcán de Zunil,2914
010Z4A01-AVPINMONTCRU,Av. de los Pinos y Monte de las Cruces,2914
010Z4A01-AVPINVOLPOP,Av. de los Pinos y Volcán Popocatépetl,2915
010Z4A00-VOLPOPAVDEPIN,Volcán Popocatépetl y Av. de Los Pinos,2915
010Z4A01-SMOQUETZA,Sierra Madre Oriental y Villa Quetzalcoatl,2916
010Z4A00-SMORVOLIZTA,Sierra Madre Oriental y Volcán Iztaccíhuatl,2916
010Z4A00-AVMORCAMP,Av. Morelia y Campeche,2917
010Z4A01-AVMORCCAMP,Av. Morelia y C. Campeche,2917
010Z4A01-AVMORTUXGUT,Av. Morelia y Tuxtla Gutierrez,2918
010Z4A00-AVMORCUER0,Av. Morelia y Cuernavaca,2919
010Z4A01-AVMORCUER1,Av. Morelia y Cuernavaca,2919
010Z4A01-BMORTEP,Base Av. Morelia y Tepic,2920
010Z4A00-BTORRAVCENT,Base Av. de las Torres y Av. Central,2921
010Z4A00-AVMEXCHILP,Av. México y C. Chilpancingo,2922
010Z4A00-VOLPOPCOFPERO,Volcán Popocatépetl y Cofre de Perote,2923
010Z4A00-VOLZUNVOLACATE,Volcán de Zunil y Volcán de Acatemango,2924
010Z4A00-EDOPEDOZACA,Estado de Puebla y Estado de Zacatecas,2925
010Z4A00-EDOPUEDODUR,Estado de Puebla y Estado de Durango,2926
010Z4A00-EDOPUEBAJCALI,Estado de Puebla y Estado de Baja California,2927
010Z4A00-JLFABAV4140,José Loreto Fabela y Av. 414,2928
010Z4A00-NAV510CDA510,Eje 4 Nte. Av. 510 y Cda. de Av. 510,2929
010Z4A00-EJ2NT510AV503,Eje 4 Nte. Av. 510 y Av. 503,2930
010Z4C00-VICN82B,Av. Victoria Ote. y Norte 82-B,2931
010Z4C01-VICTN84,Av. Victoria Ote. y Norte 84,2931
010Z4A00-N84AVVICOTE,Norte 84 y Av. Victoria Ote.,2931
010Z4A00-VICEJE3INGEDM0,Av. Victoria Ote. y Eje 3 Ote. Ing.  Eduardo Molina,2932
010Z4A00-EDMOLHENRF,Eje 3 Ote. Ing Eduardo Molina y Henry Ford,2933
010Z4A00-EDMOOTE103,Eje 3 Ote. Ing Eduardo Molina y Oriente 103,2934
010Z4A00-EDMOOTE950,Eje 3 Ote. Ing Eduardo Molina y Oriente 95,2935
010Z4A00-EDMOOTE870,Eje 3 Ote. Ing Eduardo Molina y Oriente 87,2936
010Z4A00-EDMOOTE830,Eje 3 Ote. Ing Eduardo Molina y Oriente 83,2937
010Z4A00-E3INEDMOPIN,Eje 3 Ote. Ing Eduardo Molina y Calle Platino,2938
010Z4A00-PLATMARAVI,Platino y Maravillas,2939
010Z4A00-PLATZACA,Platino y Zacahuapan,2940
01020B00-PLATICALLES,Platino - Parque Plutarco Elias Calles,2941
010Z4A00-PLATROSA,Platino y Sta. Rosa,2941
010Z4A00-CPLARAYA,C. Platino y Rayas,2942
010Z4A00-E1BOLCOBR,Eje 1 Ote. Boleo y Cobre,2943
010Z4A00-E1AVTRABGRA,Eje 1 Ote. Av. del  Trabajo y Granada,2944
010Z4A00-E1BOLRIV,Eje 1 Ote. Boleo y Rivero,2945
010Z4A00-E1BOLCARI,Eje 1 Ote. Boleo y Caridad,2946
010Z4A00-E1ALMANPE,Eje 1 Ote Vidal Alcocer y Manual de la Peña,2947
010Z4A00-E1VJOSJOAQH,Eje 1 Ote. Vidal Alcocer y C. de José Joaquín de Herrera,2948
010Z4A00-E1VIDALMALEM,Eje 1 Ote. Vidal Alcocer y Gral. Miguel Alemán,2949
010Z4H00-HNE1ANICIRCU,Héroe de Nacozari y Eje 1 Ote. Anillo de Circunvalación,2949
010Z4A00-E1VIDALMIGNEG,Eje 1 Ote. Vidal Alcocer y Miguel Negrete,2950
010Z4A00-E1CIRCCORRE,Eje 1 Ote. Anillo de Circunvalación y Corregidora,2951
010Z4A00-E1ACIRREPSAL,Eje 1 Ote. Anillo de Circunvalación y República de El Salvador,2952
010Z4A00-E1ACIRSNPABL,Eje 1 Ote. Anillo de Circunvalación y Plaza de san Pablo,2953
010Z4A00-E1SFRASETMIE,Eje 1 Ote. Anillo de Circunvalación y Eje 1 Sur Fray Servando Teresa de Mier,2954
010Z4A00-E1OTEVIGCAVIG,Eje 1 Ote. Calz de la Viga y Calz de la Viga,2955
010Z4A00-E1CLVIGJMARG,Eje 1 Ote. Calz de la Viga y José María Árgeda,2956
010Z4A00-VIGAMOLINE,Eje 1 Ote. Calz de la Viga y Av. Andrés Molina Enriquez,2957
010Z4A00-VIGAPIED,Eje 1 Ote. Calz de la Viga y Viaducto Río de la Piedad,2958
010Z4A00-E1CLVIGCORU,Eje 1 Ote. Calz de la Viga y La Coruña,2959
010Z4A00-LACORUSUR77,La Coruña y Sur 77,2960
010Z4A00-LACORCALZVIG,La Coruña y Eje 2  Ote. Calz de la Viga,2961
010Z4A00-AVHIDSABIN,Av. Hidalgo y Sabinos,2962
010Z4A00-EJ2CNGUCANAC,Base Eje 2 Ote. H. Congreso de la Unión y Prol. Canal Nacional,2963
010Z4B01-OTE91NTE72A,Oriente 91 y Norte 72-A,2964
010Z4D00-OTE91NTE74,Oriente 91 y Norte 74,2964
010Z4B00-N172OTE91,Norte 72-A y Oriente 91,2964
010Z4B00-N72AOTE1070,Norte 72-A y Oriente 107,2965
010Z4B01-N72AOTE1071,Norte 72-A y Oriente 107,2965
010Z4B01-N72AHENRFORD1,Norte 72-A y Av. Henry Ford,2966
010Z4B00-N72AHENRFORD0,Norte 72-A y Av. Henry Ford,2966
010Z4B01-N72AAVVICTOTE,Norte 72-A y Av. Victoria Ote.,2967
010Z4B00-N72AVICOTE,Norte 72-A y Victoria Ote.,2967
010Z4B01-N72AOTE121,Norte 72-A y Oriente 121,2968
010Z4B01-CONSREPESIN1,Constitución de la República y Estado de Sinaloa,2969
010Z4H00-CONSREPESIN0,Constitución de la República y Estado de Sinaloa,2969
010Z4B00-EDSINCONSREP,Estado de Sinaloa y Constitución de la República,2969
010Z4B01-EDSIEDMOR1,Estado de Sinaloa y Estado de Morelos,2970
010Z4B00-EDSIEDMOR0,Estado de Sinaloa y Estado de Morelos,2970
010Z4B01-EDSIEDOTABA1,Estado de Sinaloa y Estado de Tabasco,2971
010Z4B00-EDSIEDOTABA0,Estado de Sinaloa y Estado de Tabasco,2971
010Z4B00-VAYEDSIN,Eje 6 Nte. Villa de Ayala y Estado de Sinaloa,2972
010Z4B01-EDSINVAYAL,Estado de Sinaloa y Av. Villa de Ayala,2972
010Z4B01-VAYAATLACO,Eje 6 Nte. Villa de Ayala y Atlacomulco,2973
010Z4B01-VAYALAGMORE,Eje 6 Nte. Villa de Ayala y Lagos de Moreno,2974
010Z4B00-VAYACUNI,Eje 6 Nte. Villa de Ayala y Cam. de la Unión,2975
010Z4B01-VAYATOT,Eje 6 Nte. Villa de Ayala y Atotonilco,2975
010Z4B01-VAYATOYAC1,Eje 6 Nte. Villa de Ayala y Atoyac,2976
010Z4F01-VAYATOYAC2,Eje 6 Nte. Villa de Ayala y Atoyac,2976
010Z4F00-VAYATAMAZUL,Eje 6 Nte. Villa de Ayala y Tamazula,2977
010Z4B01-EJ6NVILLAYTIX,Base Eje 6 Norte Villa de Ayala y Tixtla,2977
010Z4B00-AYALABCS,Eje 6 Nte. Villa de Ayala y Estado Baja California Sur,2978
010Z4B00-N72AOTE125,Norte 72-A y Oriente 125,2979
010Z4B00-N172AOTE85,Norte 72-A y Oriente 85,2980
010Z4B00-OTE83NTE76A,Oriente 83 y Norte 76-A,2981
010Z4C00-INSRGNECAX,Av. Insurgentes y Av. Necaxa,2982
010Z4C00-NECROMESCO,Av. Necaxa y Rómulo Escobar,2983
010Z4C00-ROMESCOEXCE,Rómulo Escobar y Excelsior,2984
010Z4C00-EXCCALMISTE,Excelsior y Calz. de los Misterios,2985
010Z4C00-CGPEVICOTE,Calz. Guadalupe y Av. Victoria Ote.,2986
010Z4C01-VICGUADA,Av. Victoria Ote. y Calz. de Guadalupe,2986
010Z4C01-VICGRANATE2,Av. Victoria Ote. y Prol. Granate,2987
010Z4C00-VICGRANATE1,Av. Victoria Ote. y Prol. Granate,2987
010Z4C00-VICOTEAER0,Av. Victoria Ote. y Aerolito,2988
010Z4C01-VICOTEAER1,Av. Victoria Ote. y Aerolito,2988
010Z4C00-VICEJECONGUN0,Av. Victoria Ote. y Eje 2 Ote. H. Congreso de la Unión,2989
010Z4C01-VICEJECONGUN1,Av. Victoria Ote. y Eje 2 Ote. H. Congreso de la Unión,2989
010Z4C01-VICOTEN70A,Av. Victoria Ote. y Norte 70-A,2990
010Z4C00-VICOTEN70,Av. Victoria Ote. y Norte 70,2990
010Z4C00-VICOTEEDUMOL,Av. Victoria Ote. y Eduardo Molina,2991
010Z4C00-BVICOTEN88A,Base Av. Victoria Ote. y Norte 88-A,2992
010Z4C01-VICCORON,Av. Victoria Ote. y C. La Corona,2993
010Z4C01-VICBUENTON,Av. Victoria Ote. y Buen Tono,2994
010Z4C01-FUNMONALPI,Fundidora de Monterrey y Alpina,2995
010Z4C01-CETRMPOTR,Base CETRAM Metro Potrero y,2996
010Z4D00-AVHENRFORDALI,Av. Henry Ford y Alicia,2997
010Z4D01-HFORDCGPE,Av. Henry Ford y Calz. de Guadalupe,2997
010Z4D01-HENFOREST,Av. Henry Ford y Estela,2998
010Z4D00-HENFORGRACI,Av. Henry Ford y Graciela,2998
010Z4D00-HENFORSARA,Av. Henry Ford y Sara,2999
010Z4D01-SARAHENFOR,Sara y Av. Henry Ford,2999
010Z4D00-SAREJ3NTE0,Sara y Eje 3 Nte.,3000
010Z4D01-SAREJ3NTE1,Sara y Eje 3 Nte.,3000
010Z4D00-SARAYABEL,Sara y Abel,3001
010Z4D00-OTE91NTE500,Oriente 91 y Norte 50,3002
010Z4D01-OTE91NTE501,Oriente 91 y Norte 50,3002
010Z4D00-OTE91NTE56,Oriente 91 y Norte 56,3003
010Z4D00-OTE91NTE66A,Oriente 91 y Norte 66-A,3004
010Z4D01-OTE91N66,Oriente 91 y Norte 66,3004
010Z4D00-OTE95E3ORIEN0,Oriente 95 y Eje 3 Oriente,3005
010Z4D00-OTE95NTE840,Oriente 95 y Norte 84,3006
010Z4D00-OTE95NTE92,Oriente 95 y Norte 92,3007
010Z4D00-N92OTE87,Norte 92 y Oriente 87,3008
010Z4D00-N92OTE83,Norte 92 y Oriente 83,3009
010Z4D00-BO83NTE86,Base Oriente 83 y Norte 86,3010
01020A00-CIRMTOEDUMOL,Circuito Interior - Metro Eduardo Molina,3011
010Z4D01-N86OTE81,Norte 86 y Oriente 81,3011
010Z4D01-OTE81N92,Oriente 81 y Norte 92,3012
01020A00-CINTE92,Circuito Interior - Norte 92,3012
010Z4D01-N92OTE85,Norte 92 y Oriente 85,3013
010Z4D01-N92OTE91,Norte 92 y Oriente 91,3014
010Z4D01-OTE95N88A,Oriente 95 y Norte 88-A,3015
010Z4D01-OTE95NTE841,Oriente 95 y Norte 84,3016
010Z4D01-OTE95E3OTE1,Oriente 95 y Eje 3 Oriente,3017
010Z4D01-OTE95N74,Oriente 95 y Norte 74,3018
010Z4D01-OTE95N70,Oriente 95 y Norte 70,3019
010Z4D01-OTE91NTE56A,Oriente 91 y Norte 56-A,3020
010Z4D01-ABELSARA,Abel y Sara,3021
010Z4E00-AVCIRPAN,Av. Circunvalación y Panaderos,3022
010Z4E00-AVCIRPIN,Av. Circunvalación y Pintores,3023
010Z4E00-AVCICENPL,Av. Circunvalación y Central de Plomeros,3024
010Z4E00-TBLJARCER,Talabarteros y Jarcería,3025
010Z4F01-CETRMSANLAZA,Base CETRAM Metro San Lázaro,3026
010Z4F00-HNE3INGEDMOL,Héroe de Nacozari y Eje 3 Ote. Ing.  Eduardo Molina,3027
010Z4F01-E3EDMOLHNACO,Eje 3 Ote. Ing Eduardo Molina y Héroe de Nacozari,3027
010Z4F01-E3MOLHORT,Eje 3 Ote. Ing Eduardo Molina y Hortelanos,3028
010Z4F01-EDMOPAIL,Eje 3 Ote. Ing Eduardo Molina y Paileros,3029
010Z4F01-EDMOLELEC,Eje 3 Ote. Ing Eduardo Molina y Electricistas,3030
010Z4F01-E3INGEDMOLAL,Eje 3 Ote. Ing Eduardo Molina y Aluminio,3031
010Z4F01-CIRINTRCONS,Eje 3 Ote. Ing Eduardo Molina y Circuito Interior Río Consulado,3032
010Z4F01-EDMOOTE831,Eje 3 Ote. Ing Eduardo Molina y Oriente 83,3033
010Z4F01-EDMOOTE871,Eje 3 Ote. Ing Eduardo Molina y Oriente 87,3034
010Z4F01-EDMOOTE91,Eje 3 Ote. Ing Eduardo Molina y Oriente 91,3035
010Z4F01-EDMOOTE951,Eje 3 Ote. Ing Eduardo Molina y Oriente 95,3036
010Z4F01-N92HENRFOR,Norte 92 y Henry Ford,3037
010Z4F01-N92AVVICOTE,Norte 92 y Av. Victoria Ote.,3038
010Z4F01-EMZAPIGNALLE1,Emiliano Zapata y Cjon. Ignacio Allende,3039
010Z4F00-EMZAPIGNALLE0,Emiliano Zapata y Cjon. Ignacio Allende,3039
010Z4F00-SAJAYEMIZAP,Eje 5 Norte Calz. San Juan de Aragón y Emiliano Zapata,3040
010Z4F01-ZAPE5RGUAD,Emiliano Zapata y Eje 5 Nte. Av. Río Guadalupe,3040
010Z4F01-SJAALVOBR1,Eje 5 Norte Calz. San Juan de Aragón y Álvaro Obregón,3041
010Z4F01-SJARYJUAFRSC1,Eje 5 Norte Calz. San Juan de Aragón y Juan Francisco,3042
010Z4F01-CSAJUARAG,Eje 5 Norte Calz. San Juan de Aragón y Cam. San Juan de Aragón,3043
010Z4F00-SJARPTOCOAT,Cam. San Juan de Aragón y Puerto Coatzacoalcos,3043
010Z4F00-SJARPTOENS0,Cam. San Juan de Aragón y Puerto Ensenada,3044
010Z4F01-SJARPTOENS1,Cam. San Juan de Aragón y Puerto Ensenada,3044
010Z4F01-SJARPTOACA,Cam. San Juan de Aragón y Puerto Acapulco,3045
010Z4F00-ACASJARAG,Puerto Acapulco y Camino San Juan Aragón,3045
010Z4J01-PTOTAMPPTOACA,Puerto Tampico y Puerto Acapulco,3046
010Z4F00-PTOACAPTPCO,Puerto Acapulco y Puerto Tampico,3046
010Z4F01-PTOACAPTOTAMP1,Puerto Acapulco y Puerto Tampico,3046
010Z4F01-PTOACAPTOMAZA,Puerto Acapulco y Puerto Mazatlán,3047
010Z4J00-PTOMAZACA,Puerto Mazatlán y Puerto Acapulco,3047
010Z4F00-PTOACAPMAZ,Puerto Acapulco y Pto. de Mazatlán,3047
010Z4F01-PTOACACAMLIGA,Puerto Acapulco y Cam. de La Liga,3048
010Z4F01-CAMSECENSE1,Cam. De La Secretaría y Cam. de La Enseñanza,3049
010Z4F00-CAMSECENSE0,Cam. De la Secretaría y Cam. de la Enseñanza,3049
010Z4F01-CSECPARCEN1,Cam. De La Secretaría y Cam. Parque Central,3050
010Z4F01-CSECAVREPMEX,Cam. De La Secretaría y Av. República Mexicana,3051
010Z4F00-CSECRCPORV,Cam. De la Secretaría y Cam. del Porvenir,3051
010Z4F00-VAYALEALDA,Eje 6 Nte. Villa de Ayala y Av. León de los Aldama,3052
010Z4F01-LEALDEJ9VILAYA,Av. León de los Aldama y Eje 6 Nte. Villa de Ayala,3052
010Z4F01-VAYAAPATZ,Eje 6 Nte. Villa de Ayala y Apatzngán,3053
010Z4H01-EDZACE6VILLAYA,Estado de Zacatecas y Eje 6 Nte. Villa de Ayala,3054
010Z4F01-VAYEDOZACAT,Eje 6 Nte. Villa de Ayala y Estado de Zacatecas,3054
010Z4F00-VZAPVARRIB,Av. Valle de las Zapatas y Valle de Arriba,3055
010Z4F01-AVVALLZAPC2,Av. Valle de las Zapatas y Calle 2,3055
010Z4F01-VZAPVZAMB1,Av. Valle de las Zapatas y Av. Valle del Zambezi,3056
010Z4F01-AVVALLZAPC12,Av. Valle de las Zapatas y Calle 12,3057
010Z4F01-VZAPFLOM,Av. Valle de las Zapatas y Secundaria Flores Magón,3058
010Z4F00-VALLSTGZAP,Av. Valle de Santiago y Av. Valle de las Zapatas,3059
010Z4F01-AVVALLZAP,Av. Valle de las Zapatas y Av. Valle de Santiago,3059
010Z4F01-VSTGOVLYUK1,Av. Valle de Santiago y Av. Valle del Yukon,3060
010Z4F01-VALLSTGYANG,Av. Valle de Santiago y Av. del  Valle del Yang - Tse,3061
010Z4H00-YANGSTGO0,Av. del  Valle del Yang-Tse y Av. Valle de Santiago,3061
010Z4F01-VSTGOPERIBLVD,Av. Valle de Santiago y Anillo Periférico Blvd.,3062
010Z4K00-PALMVALLSANT,Presidente Adolfo López Mateos y Av. Valle de Santiago,3063
010Z4F01-VALLSTGARNO,Av. Valle de Santiago y Valle del Arno,3063
010Z4F01-VSGOVDON,Av. Valle de Santiago y Av. Valle del Don,3064
010Z4F00-VSTGOSCOLIN,Av. Valle de Santiago y Salvador Sánchez Colin,3065
010Z4F01-STGOSANCOL1,Av. Valle de Santiago y Salvador Sánchez Colin,3065
010Z4F01-VSTGOCGUADI,Av. Valle de Santiago y Valle de Gudiana,3066
010Z4F01-BGUADAVVSTG,Base Av. Valle de Guadania y Av. Valle de Santiago,3066
010Z4F01-VGUADVPERDI,Valle de Guadiana y Valle Perdido,3067
010Z4F01-GUADVPERDI,Av. Valle de Guadania y Valle Perdido,3067
010Z4F01-RETUGUATAJO,Retorno en U Valle de Guadania y Valle del Tajo,3068
010Z4F00-VSTOGLAZAC,Av. Valle de Santiago y Lázaro Cárdenas,3069
010Z4F00-STGOLOPMAT,Av. Valle de Santiago y Av. Pdte. Adolfo López Mateos,3070
010Z4F00-STGRALAVCAM,Av. Valle de Santiago y Av. Gral. Ávila Camacho,3071
010Z4F00-VSTGOVOLGA,Av. Valle de Santiago y Av. Valle del Volga,3072
010Z4F00-VALLSTGYUK0,Av. Valle de Santiago y Av. Valle del Yukon,3073
010Z4F00-VZAPVGRAND,Av. Valle de las Zapatas y Valle Grande,3074
010Z4F00-VZAPVONI,Av. Valle de las Zapatas y Valle de Oniteper,3075
010Z4F00-VZAPVZAMB,Av. Valle de las Zapatas y Av. Valle del Zambezi,3076
010Z4F00-CSECPARCEN0,Cam. De la Secretaría y Cam. Parque Central,3077
010Z4F00-CSECCASUR,Cam. De la Secretaría y Cam. Sur,3078
010Z4F00-PTOACASALC,Puerto Acapulco y Pto. Salina Cruz,3079
010Z4F00-SJARJUAFRSC0,Eje 5 Norte Calz. San Juan de Aragón y Juan Francisco,3080
010Z4F00-SJAALVOBR0,Eje 5 Norte Calz. San Juan de Aragón y Álvaro Obregón,3081
010Z4F00-EMZAPE4AV510,Emiliano Zapata y Eje 4 Nte. Av. 510,3082
010Z4F00-AV503TERC503,Av. 503 y Tercera 503,3083
010Z4F00-AV503AV503,Av. 503 y Av. 503,3084
010Z4F00-TLACCAIRO,Tlacos y Cairo,3085
010Z4F00-CIRINTCONP,Circuito Interior Av. Río Consulado y Pekin,3086
010Z4F00-PEKINYESTERLI,Pekin y Esterlinas,3087
010Z4F00-PEKINAFRI,Pekin y Av. África,3088
010Z4F00-PEKINYPERSIA,Pekin y Persia,3089
010Z4F00-AVOCEJERIC,Av. Oceanía y Jericó,3090
010Z4F00-AVOCECANT,Av. Oceanía y Cantón,3091
010Z4F00-OCGRALBONIFS,Av. Oceanía y Gral. Bonifacio Salinas,3092
010Z4F00-HERNACANFO,Héroe de Nacozari y Ánfora,3093
010Z4F00-EMMBSANLAZ,Eje 3 Ote. Ing Eduardo Molina y MB San Lázaro,3094
010Z4F00-IGNZARG4IGNZ,Calz. Ignacio Zaragoza y 4 de Ignacio Zaragoza,3095
010Z4G01-LEOALDEJID,Av. León de los Aldama y Ejido,3096
010Z4G01-LEALDCALP,Av. León de los Aldama y Calpulalpan,3097
010Z4G01-LEASANJULAG,Av. León de los Aldama y San Juan de los Lagos,3098
010Z4G00-GDLSJDLAGO,Gobernador Darío López y San Juan de los Lagos,3098
010Z4G00-GDLOTUMBA,Gobernador Darío López y Otumba,3099
010Z4G01-LEOALDOTU,Av. León de los Aldama y Otumba,3099
010Z4K01-OTULEONALDA,Otumba y León de los Aldama,3099
010Z4G01-LEALDRIOREM,Av. León de los Aldama y Av. Río de los Remedios,3100
010Z4K00-PALMREFVILCHI,Presidente Adolfo López Mateos y Refugio Vilchis,3101
010Z4G01-VILCHRISCO,Refugio Vilchis y Av. FFCC del Risco Los Reyes,3101
010Z4G01-VILCHBAZ,Refugio Vilchis y Gobernador Gustavo Baz,3102
010Z4G00-VIAALMGUSBAZ,Vía Adolfo López Mateos y Gustavo Baz,3102
010Z4G01-ALMATSCOL,Vía Adolfo López Mateos y Gobernador Sánchez Colin,3103
010Z4G00-VIAALMSANZCOL,Vía Adolfo López Mateos y Sánchez Colin,3103
010Z4G01-ALMATHANK,Vía Adolfo López Mateos y Gobernador Carlos Hank González,3104
010Z4G00-GCHGGZAPE,Gobernador Carlos Hank González y Gob. R. Zepeda,3105
010Z4G01-HANKGONZ,Gobernador Carlos Hank González,3105
010Z4G00-GCHGJGARLU0,Gobernador Carlos Hank González y Gob. Lic. Joaquín Garcia Luna,3106
010Z4G01-GCHGJGARLUN1,Gobernador Carlos Hank González y Gob. Lic. Joaquín Garcia Luna,3106
010Z4G01-GCHGBEJUA1,Gobernador Carlos Hank González y Lic. Benito Juárez,3107
010Z4G00-GCHGBEJUA0,Gobernador Carlos Hank González y Lic. Benito Juárez,3107
010Z4G00-HANKSOLORZ,Gobernador Carlos Hank González y Gob. José Luis Solorzano,3108
010Z4G01-GCHGJLUSOLO1,Gobernador Carlos Hank González y Gob. José Luis Solorzano,3108
010Z4G01-HANKMEDIN,Gobernador Carlos Hank González y Gob. Ing. Manuel Medina Garduño,3109
010Z4G00-HANKMEDINA,Gobernador Carlos Hank González y Gob. Ing. Manuel Medina Garduño,3109
010Z4G01-HANKGFERGON,Gobernador Carlos Hank González y Gob. Gral. Fernando González,3110
010Z4G00-HANKFERGON,Gobernador Carlos Hank González y Gob. Gral. Fernando González,3110
010Z4G01-GOBCHGVALLSTG,Gobernador Carlos Hank González y Av. Valle de Santiago,3111
010Z4G00-GCHGALOMAT,Gobernador Carlos Hank González y Vía Adolfo López Mateos,3112
010Z4G00-GDLOPHOUS,Gobernador Darío López y Houston,3113
010Z4G00-GDLNUEMEX,Gobernador Darío López y Nuevo México,3114
010Z4G00-LEALDCAMREA,León de los Aldama y Camino Real,3115
010Z4G00-GOBDILOCALP,Gobernador Darío López y Calpulalpan,3116
010Z4G00-GDLOPEJID,Gobernador Darío López y Ejido,3117
010Z4G00-GDLE6VIAYA,Gobernador Darío López y Eje 6 Nte. Villa de Ayala,3118
010Z4H01-BMPINOSURZ,Base Metro Pino Suárez y,3119
010Z4H01-E2CONAVCECIROBE,Eje 2 Ote. H Congreso de la Unión y Cecilio Róbelo,3120
010Z4H01-EDMOCALINGZARA,Av. Eduardo Molina y Calz. Ignacio Zaragoza,3121
010Z4H01-ZARMANRIVCAM,Calz. Ignacio Zaragoza y Manuel Rivera Cambas,3122
010Z4H01-MIGJACJOSRIVE,Miguel Jacintes y José Rivera,3123
010Z4H01-MIGUJACIIZTACC,Miguel Jacintes y Av. Iztaccíhuatl,3124
010Z4H01-OTE146NTE21,Oriente 146 y Norte 21,3125
010Z4H01-OTE146NTE25,Oriente 146 y Norte 25,3126
010Z4I01-NTE25OTE146,Norte 25 y Oriente 146,3126
010Z4H01-AVINDNTE29,Av. de la Industria y Norte 29,3127
010Z4H01-AVINSDOTE154,Av. de la Industria y Oriente 154,3128
010Z4H01-AVINDOTE158,Av. de la Industria y Oriente 158,3129
010Z4H01-AVOCEPER,Av. Oceanía y Persia,3130
010Z4J01-TRANSOCEA,Transval y Av. Oceanía,3131
010Z4H01-AVOCEBALBO,Av. Oceanía y Balboas,3131
010Z4H01-OCEALBOCE,Av. Oceanía y Alberca Oceanía,3132
010Z4H01-AVOCEDEPOCE1,Av. Oceanía y Deportivo Oceanía,3133
010Z4H01-AVOCMETDEPOCE,Av. Oceanía y Metro Deportivo Oceanía,3134
010Z4H01-JLFABV5081,José Loreto Fabela y Av. 508,3135
010Z4H00-JLFZOOLARAG,José Loreto Fabela y Zoológico de Aragón,3136
010Z4H01-JLFBOSARAG,José Loreto Fabela y A-2 Bosque de Aragón,3136
010Z4H01-JLFABN510,José Loreto Fabela y Norte 510,3137
010Z4H01-EDZACEDMORE,Estado de Zacatecas y Estado de Morelos,3138
010Z4H01-EDZACYEDTAB1,Estado de Zacatecas y Estado de Tabasco,3139
010Z4H00-EDZACYEDTAB0,Estado de Zacatecas y Estado de Tabasco,3139
010Z4H01-AVVALLALTCALP1,Av. Valle Alto y Calpulalpan,3140
010Z4H00-AVVALLALTCALP0,Av. Valle Alto y Calpulalpan,3140
010Z4H01-VALTOVZAMB,Av. Valle Alto y Av. Valle del Zambezi,3141
010Z4H01-VALTOVYANIS,Av. Valle Alto y Valle del Yanise,3142
010Z4H00-VYANGVALT,Av. del  Valle del Yang-Tse y Av. Valle Alto,3143
010Z4H01-VALTOVYANGT,Av. Valle Alto y Av. del  Valle del Yang - Tse,3143
010Z4H01-YANGBARDAG,Av. del  Valle del Yang-Tse y Valle de Bardagi,3144
010Z4H01-VALLYANGCARV,Av. del  Valle del Yang-Tse y Valle del Carvajal,3145
010Z4H01-VALLYANGDANU,Av. del  Valle del Yang-Tse y Valle del Danubio,3146
010Z4H01-VALLYANGANGE,Av. del  Valle del Yang-Tse y Valle del Ganges,3147
010Z4H01-YANGSTGO1,Av. del  Valle del Yang-Tse y Av. Valle de Santiago,3148
010Z4H01-VALLYANGMAIZ,Av. del  Valle del Yang-Tse y Valle del Maíz,3149
010Z4H01-VALLYANGMEX,Av. del  Valle del Yang-Tse y Valle de México,3150
010Z4H01-VALLYANGCEN,Av. del  Valle del Yang-Tse y Av. Central,3151
010Z4H01-BVYANGVMOT,Base Av. del  Valle del Yang-Tse y Valle de La Mota,3151
010Z4H01-CENTVALLEZAP,Av. Central y Av. Valle de las Zapatas,3152
010Z4H00-VALLYANGMEKO,Av. del  Valle del Yang-Tse y Valle de Mekong,3153
010Z4H00-VALLYANGFINA,Av. del  Valle del Yang-Tse y Valle de Finalledo,3154
010Z4H00-VALLYANGCERRA,Av. del  Valle del Yang-Tse y Valle de Cerrato,3155
010Z4H00-VALLYANGBAVIS,Av. del  Valle del Yang-Tse y Valle de Bavispe,3156
010Z4H00-AVVALLALTTEPA,Av. Valle Alto y Av. Tepatitlán,3157
010Z4H00-ORIZAVILLAYA,Orizaba y Villa de Ayala,3158
010Z4H00-EDZACMERCPRO,Estado de Zacatecas y Mercado Providencia,3159
010Z4H00-AV503SEG565,Av. 508 y Segunda de 565,3160
010Z4H00-AVOCEBOLI,Av. Oceanía y Bolívares,3161
010Z4H00-AVOCESIB,Av. Oceanía y Siberia,3162
010Z4H00-AVOCEMARRUE,Av. Oceanía y Marruecos,3163
010Z4H00-AVOCEASIA,Av. Oceanía y Av. Asia,3164
010Z4I01-C15CALZIGNZAR,Calle 15 y Calz. Ignacio Zaragoza,3165
010Z4I01-C15AVIZTAC,Calle 15 y Av. Iztaccíhuatl,3166
010Z4I01-AVIZTOTE152,Av. Iztaccíhuatl y Oriente 152,3167
010Z4I01-OTE146AVIZTACCI,Oriente 146 y Av. Iztaccíhuatl,3168
010Z4I01-IZTAOTE146,Av. Iztaccíhuatl y Oriente 146,3168
010Z4I01-OTE162NTE37,Oriente 162 y Norte 37,3169
010Z4I01-NTE37AVFFCCIND,Norte 37 y Av. F.F.C.C. Industrial,3170
010Z4I01-FFCCINDNTE29,Av. F.F.C.C. Industrial y Norte 29,3171
010Z4I01-FFCCINDNTE25,Av. F.F.C.C. Industrial y Norte 25,3172
010Z4I01-AVIZTAC13,Av. Iztaccíhuatl y C. 13,3173
010Z4I01-AVIZTAC17,Av. Iztaccíhuatl y C. 17,3174
010Z4I01-C20IGNZARG,C. 20 y Calz. Ignacio Zaragoza,3175
010Z4I01-IGNZARGC17,Base Calz. Ignacio Zaragoza y C. 17,3176
010Z4J01-METRAERO,Base Metro Aeropuerto,3177
010Z4J01-IGNCALLOTE174,Calz. Ignacio Zaragoza y Calle Ote. 174,3178
010Z4J01-OTE174N3,Oriente 174 y Norte 3,3179
010Z4J01-OTE172N91,Oriente 172 y Norte 9,3180
010Z4J00-OTE172N90,Oriente 172 y Norte 9,3180
010Z4J01-OTE172N251,Oriente 172 y Norte 25,3181
010Z4J00-OTE172N250,Oriente 172 y Norte 25,3181
010Z4J01-OTE172N291,Oriente 172 y Norte 29,3182
010Z4J00-OTE172N290,Oriente 172 y Norte 29,3182
010Z4J00-OTE172N370,Oriente 172 y Norte 37,3183
010Z4J01-OTE172N371,Oriente 172 y Norte 37,3183
010Z4J01-N172TRANS,Norte 172 y Transval,3184
010Z4J00-PTOTAMTUX0,Puerto Tampico y Puerto Tuxpan,3185
010Z4J01-PTOTAMTUX1,Puerto Tampico y Puerto Tuxpan,3185
010Z4J01-PTOMAZENSEN1,Puerto Mazatlán y Puerto Ensenada,3186
010Z4J00-PTOMAZENSEN0,Puerto Mazatlán y Puerto Ensenada,3186
010Z4J00-PTOCOAPMAZ,Puerto Coatzacoalcos y Puerto Mazatlán,3187
010Z4J01-PTOMAZCOATZ,Puerto Mazatlán y Puerto Coatzacoalcos,3187
010Z4J00-PTOCOASALICRU0,Puerto Coatzacoalcos y Puerto Salina Cruz,3188
010Z4J01-PTOCOASCRU1,Puerto Coatzacoalcos y Puerto Salina Cruz,3188
010Z4J00-NT92OTE163,Norte 92-B y Oriente 163,3189
010Z4J01-PTOCOATORT163,Puerto Coatzacoalcos y Oriente 163,3189
010Z4J01-N92BOTE1691,Norte 92-B y Oriente 169,3190
010Z4J00-NT92BOTE1690,Norte 92-B y Oriente 169,3190
010Z4J01-OTE173N941,Oriente 173 y Norte 94-A,3191
010Z4J00-OTE173N940,Oriente 173 y Norte 94-A,3191
010Z4J01-OPREPMEX,Ópalo y República Mexicana,3192
010Z4J00-REPMEXOPAL,República Méxicana y Ópalo,3192
010Z4J01-CAUVILLAYAL1,Base Cuautla y Villa de Ayala,3193
010Z4J00-CAUVILLAYAL0,Base Cuautla y Villa de Ayala,3193
010Z4J00-AVOCMTRRUB,Av. Oceanía y Metro Romero Rubio,3194
010Z4J00-ORT172N3,Oriente 172 y Norte 3,3195
010Z4K00-CUPARCEN,Camino de la Unión y Camino Parque Central,3196
010Z4K01-UNAPARQCEN,"Camino de la Unión ""A"" y Camino Parque Central",3196
010Z4K01-UNCAMCOOP1,Camino de la Unión y Camino de la Cooperación,3197
010Z4K00-UNCAMCOOP0,Camino de la Unión y Camino de la Cooperación,3197
010Z4K01-UNIREPMEX,Camino de la Unión y República Mexicana,3198
010Z4K01-TAMZDOLHID1,Tamazula y Dolores Hidalgo,3199
010Z4K00-TAMZDOLHID0,Tamazula y Dolores Hidalgo,3199
010Z4K01-TIXHUAJLEO,Tixtla y Huajuapan de León,3200
010Z4K01-TAMHERNACOZ1,Tamazula y Héroe de Nacozari,3201
010Z4K00-TAMHERNACOZ0,Tamazula y Héroe de Nacozari,3201
010Z4K00-TAMAZOLA0,Tamazula y Tamazola,3202
010Z4K01-TAMZOLA1,Tamazula y Tamazola,3202
010Z4K00-PALMGOBMORL0,Presidente Adolfo López Mateos y Gobernador P. Morales,3203
010Z4K01-PALMGOBMORL1,Presidente Adolfo López Mateos y Gobernador P. Morales,3203
010Z4K01-PRTADLFLOMTOL,Presidente Adolfo López Mateos y Toluca,3204
010Z4K01-JOHKENNVER,Av. John F. Kennedy y Veracruz,3205
010Z4K00-JOHFKENVERA,Av. John F. Kennedy y Veracruz,3205
010Z4K00-JOHKENNACAP0,Av. John F. Kennedy y Acapulco,3206
010Z4K01-JOHKENNACAP1,Av. John F. Kennedy y Acapulco,3206
010Z4K01-JFKVSTGO,Av. John F. Kennedy y Av. Valle de Santiago,3207
010Z4K01-RIOREMAVCENT,Base Blvd. Río de los Remedios y Av. Central,3208
010Z4K00-MORPALMATE,Morelia y Presidente Adolfo López Mateos,3209
010Z4K00-RIOREMTAMAZ,Río de los Remedios y Tamazula,3210
010Z4K00-TAMYHUALEO,Tamazula y Huajuapan de León,3211
010Z4K00-TAMNVILLAYA,Tamazula y Norte de Villa de Ayala,3212
010Z2A00-AVPAZ,Av. De la Paz,3213
010Z2A00-ALTAVISTA1,Altavista,3214
010Z2A00-REFORMA,Reforma,3215
010Z2A00-DIEGORIVERA,Diego Rivera,3216
010Z2A00-AIDA,Aida,3217
010Z2A00-PERIFERICO2,Periferico,3218
010Z2A00-LEONFELIPE,Leon Felipe,3219
010Z2A00-JARDIN,Jardin,3220
010Z2A00-GTZAMORA,Gutierrez Zamora,3221
010Z2F00-CALZLEONES3,Calz. De los Leones,3221
010Z2A00-CONDOR2,Condor,3222
010Z2A00-AVCENTENARIO2,Av. Centenario,3223
010Z2A00-GRALANAYA,General Anaya,3224
010Z2A00-AZCAPOTZALCO,Azcapotzalco,3225
010Z2A00-IZTAPALPA2,Iztapalapa,3226
010Z2I00-MEJIADELGAD,Mejia Delgado,3227
010Z2A00-MEJIADELGAD,Mejia Delgado,3227
010Z2A00-LOMASDELANG2,Loma del Angel,3228
010Z2I00-LOMASDELANG,Loma del Angel,3228
010Z2I00-MONTECARLO,Montecarlo,3229
010Z2A00-CALZARCADAS1,Calz. De las Arcadas,3229
010Z2A00-NUM891,# 89,3230
010Z2A00-NUM89,# 89,3230
010Z2A00-CALZARCADAS2,Calz. De las Arcadas,3231
010Z2A00-CALZCERRETAS1,Calz. De las Carretas,3231
010Z2A00-CALZROMERIA1,Calz. De la Romeria,3232
010Z2A00-CHARRERIA1,Charreria,3233
010Z2A00-NACIMIENTO,Nacimiento,3234
010Z2A00-BASEPLA,Base Plateros,3235
010Z2A00-CHARRERIA2,Charreria,3236
010Z2A00-CALZCARRETAS2,Calz. De las Carretas,3237
010Z2A00-CALZROMERIA2,Calz. De la Romeria,3238
010Z2A00-TACUBA,Tacuba,3239
010Z2A00-CALZLEONES5,Calz. De los Leones,3240
010Z2A00-ETNA,Etna,3241
01021A00-REVBARRMUERT,Revolución y Metro Barranca del Muerto,3242
01021A01-REVBARRMUER,Revolución y Metro Barranca del Muerto,3242
010Z2A00-BARRMUERTO1,Barranca del Muerto,3242
010Z2A00-CORREGIDORA,Corregidora,3243
010Z2A00-SOFIA,Sofia,3244
010Z2A00-ROBERBOCKER,Roberto Böcker,3245
010Z2A00-TLACOPAC,Tlacopac,3246
010Z2A00-MALUISA,Maria Luisa,3247
010Z2A00-ALTAVISTA2,Altavista,3248
010Z2A00-LASFLORES,Las Flores,3249
010Z2A00-DRGALVEZ,Dr. Galvez,3250
01021A00-REVDRGALV,Revolución y Dr. Gálvez,3250
010Z2A00-BASEDRGALV,Base Dr. Galvez,3251
010Z2C00-5MAYO,5 de Mayo,3252
010Z2B00-CDA5MAY,Cda. De 5 de Mayo,3252
010Z2B00-LOMASANAHU1,Lomas de Anahuac,3253
010Z2C00-LOMASANAHUAC,Lomas de Anahuac,3253
010Z2C00-TARANGOII,Tarango II,3254
010Z2B00-TARANGOII2,Tarango II,3254
010Z2C00-CONALOBREGON1,Conalep A. Obregon,3255
010Z2B00-CONALEPOB,Conalep A. Obregon,3255
010Z2C00-CDAOLMOS1,Cda. De los Olmos,3256
010Z2B00-CDAOLMOS2,Cda. De los Olmos,3256
010Z2B00-CIUDMADERA2,Ciudad Madera,3257
010Z2C00-CDMADERA,Ciudad Madera,3257
010Z2B00-C6,C. 6,3258
010Z2B00-WALMARTSUR,Walmart Centenario Sur,3259
010Z2B00-FRACCTARANGO,Fraccionamiento Ex Hacienda Tarango,3259
010Z2B00-BASEREDONDO,Base Llano Redondo,3260
010Z2B00-AVCENTENARIO1,Av. Centenario,3261
010Z2C00-LLANORED,Llano Redondo,3261
010Z2C00-PRINCIPAL1,Principal,3262
010Z2B00-PRINCIPAL,Principal,3262
010Z2C00-CETRAMBAM1,Base CETRAM Barranca del Muerto,3263
010Z2C00-CETRAMBAM2,Base CETRAM Barranca del Muerto,3263
010Z2C00-ALPES,Alpes,3264
010Z2C00-ALTTENS,Alta Tension,3265
010Z2C00-LOMPLAT,Lomas de Plateros,3266
010Z2I00-LOMASANGEL2,Lomas de Plateros,3266
010Z2I00-LOMASANGEL3,Lomas del Angel,3267
010Z2C00-LOMANUE,Loma Nueva,3267
010Z2I00-CDCENTENAR2,Cda. Centenario,3268
010Z2C00-CDACENTENAR1,Cda. Centenario,3268
010Z2C00-RINCONCENT1,Rinconada Centenario,3269
010Z2I00-RINCONCENT2,Rinconada Centenario,3269
010Z2C00-GARDENIA,Gardenia,3270
010Z2C00-PROL5MAY,Prol. 5 de Mayo,3270
010Z2C00-JOSEGALVEZM1,Jose Galvez Moya,3271
010Z2C00-JOSEGALVEZM,Jose Galvez Moya,3271
010Z2C00-PINO,Pino,3272
010Z2C00-GCARMONA,G. Carmona,3272
010Z2C00-AVNVOLEON,Av. Nuevo Leon,3273
010Z2C00-CARMADRAZ,Carlos A. Madrazo,3273
010Z2C00-ANGELREYES,Angel Reyes,3274
010Z2C00-ANGELREYES1,Angel Reyes,3274
010Z2C00-QUERETARO1,Queretaro,3275
010Z2C00-QUERETARO,Queretaro,3275
010Z2C00-MARGARI,Margarita,3276
010Z2C00-PIPITOS,Pipitos,3276
010Z2C00-GUAJIRAS1,Guajiras,3277
010Z2C00-CPTOCEGUAYO,Cam. Puerto Ceguayo,3277
010Z2J00-GUAJIRAS2,Guajiras,3277
010Z2C00-CMIXTECA,C. Mixteca,3278
010Z2C00-CUNO,C. Uno,3278
010Z2C00-TENOCHT,Tenochtitlan,3279
010Z2C00-ANAHUAC,Anahuac,3279
010Z2C00-BANDAFAR,Banda Farfan,3280
010Z2C00-UNID3004,Unidad 3004,3280
010Z2C00-UNID3002,Unidad 3002,3281
010Z2C00-FRENT3004,Frente a 3004,3281
010Z2C00-UNID2761,Unidad 2761,3282
010Z2C00-TARANGO1,Tarango,3283
010Z2C00-TARANG1,Tarango I,3283
010Z2C00-TEMIS2,Temis,3284
010Z2C00-TEMIS1,Temis,3284
010Z2C00-BASEBOSQUES,Base Bosques,3285
010Z2C00-LAJOYA,La Joya,3285
010Z2C00-RANAREA,Rancho Arealco,3286
010Z2C00-CASABLCA,Casa Blanca,3287
010Z2C00-PALMAS,Palmas,3288
010Z2C00-ISLASBERRY,Islas Berry,3289
010Z2C00-AVLUZFUER,Av. Luz y Fuerza,3290
010Z2C00-AVREVOL,Av. Revolucion,3291
010Z2E00-BARRMUERTO2,Barranca del Muerto,3291
010Z2D00-ANDES1,Andes,3292
010Z2F00-CALZAGUILAS3,Calz. De las Aguilas,3293
010Z2D00-CALZLEONES1,Calz. De los Leones,3293
010Z2F00-CALZAGUILAS6,Calz. De las Aguilas,3293
010Z2D00-LUISKHNE2,Luis Kuhne,3294
010Z2D00-LUISKUHNE,Luis Kuhne,3294
010Z2D00-ALCANFORES1,Alcanfores,3295
010Z2D00-ALFONCASDR1,Alfonso Caso Andrade,3296
010Z2D00-ALFONCASDR2,Alfonso Caso Andrade,3296
010Z2D00-MEDANOS,Medanos,3297
010Z2D00-BARRPILAR,Barranca Pilares,3298
010Z2D00-ROMFARRIL1,Romulo O' Farril,3299
010Z2D00-CALZAGUILAS1,Calz. De las Aguilas,3300
010Z2D00-CESCOLLO,C. Escollo,3301
010Z2D00-6CDATARANG2,6a. Cerrada de Tarango,3302
010Z2D00-6CDATARANG1,6a. Cerrada de Tarango,3302
010Z2D00-ANDADOR6B1,Andador 6B,3303
010Z2D00-ANDADOR6B2,Andador 6B,3303
010Z2D00-ANDADOR12B,Andador 12,3304
010Z2D00-ANDADOR12A,Andador 12,3304
010Z2D00-CDAOYAMEL2,Cda. Oyamel,3305
010Z2D00-CDAOYAMEL1,Cda. Oyamel,3305
010Z2D00-BASETARANGO,Base Tarango,3306
010Z2F00-ROMFARRIL2,Romulo O' Farril,3307
010Z2D00-CALZAGUILAS2,Calz. De las Aguilas,3307
010Z2F00-ROMFARRIL3,Romulo O' Farril,3307
010Z2D00-TORRENTE1,Torrente,3308
010Z2D00-FUJIYAMA1,Fujiyama,3309
010Z2D00-CALZLEONES2,Calz. De los Leones,3310
010Z2F00-PUENTEMORA,Puente Moralillo,3311
010Z2E00-BASEPUENTCOL1,Base Puente Colorado,3311
010Z2F00-CRIONAZAS,C. Rio Nazas,3311
010Z2E00-LUISALCONED,Luis Alconedo,3312
010Z2E00-CETRAMMIX1,Base CETRAM Mixcoac,3313
010Z2F00-CETRAMIXC3,Base CETRAM Mixcoac,3313
010Z2E00-CETRAMIXC2,Base CETRAM Mixcoac,3313
010Z2E00-TIZIANO2,Tiziano,3314
010Z2E00-CATAÑEDA,La Castañeda,3315
01021A00-REVLOSJUAR,Revolución y Los Juárez,3315
010Z2E00-MIGCABR,Miguel Cabrera,3316
01021A00-REVDIEGBE,Revolución y Diego Becerra,3317
010Z2E00-MERCEDGOM,Merced Gomez,3317
010Z2E00-JUANTINOCO,Juan Tinoco,3318
010Z2E00-BASEPUENTCOL2,Base Puente Colorado,3319
010Z2F00-FUJIYAMA2,Fujiyama,3320
010Z2F00-CONDOR1,Condor,3321
010Z2F00-GUITIERREZAMO1,Gutierrez Zamora,3322
010Z2F00-ESPIGONES1,Espigones,3323
010Z2F00-ESPIGONES2,Espigones,3323
010Z2F00-ALFONCASDR412,Alfonso Caso Andrade,3324
010Z2F00-ALFONCASDR1,Alfonso Caso Andrade,3324
010Z2F00-TORRENTE2,Torrente,3325
010Z2F00-ISLA2,Isla,3326
010Z2F00-ISLA1,Isla,3326
010Z2F00-4CDAAGUILAS,4ta. Cda. De Las Aguilas,3327
010Z2F00-WALMAGUILAS,Walmart Las Aguilas,3327
010Z2F00-CERRO2,Cerro,3328
010Z2F00-CERRO1,Cerro,3328
010Z2F00-LLANURAS,Llanuras,3329
010Z2F00-LLANURAS2,Llanuras,3329
010Z2F00-3ERCDABAHIA,3ra. Cda. Bahia,3330
010Z2F00-BAHIA,Bahia,3330
010Z2F00-FRESNOS1,Fresnos,3331
010Z2F00-FRESNOS2,Fresnos,3331
010Z2F00-ALCANFORES,Alcanfores,3332
010Z2F00-JACARANDAS,Jacarandas,3332
010Z2F00-PUENTEMETLAC2,Puente Metlac,3333
010Z2F00-PUENTEMETLAC1,Puente Metlac,3333
010Z2F00-PICAGREGOS,Picagregos,3334
010Z2F00-PICAGREGOSII,Picagregos II,3335
010Z2F00-SUPERVIAPONI1,Supervia Poniente,3336
010Z2F00-GAVILANES1,Gavilanes,3337
010Z2F00-GALVENES2,Gavilanes,3337
010Z2F00-TECOLOTES,Tecolotes,3338
010Z2F00-HALCONES,Halcones,3338
010Z2F00-BARRANCATARAN1,Barranca de Tarango,3339
010Z2F00-BARRANCATARAN2,Barranca de Tarango,3339
010Z2F00-URSUS1,Ursus,3340
010Z2F00-PARQAXOMIATLI,Parque Axomiatla I,3341
010Z2F00-PRAQAXOMIATLAII,Parque Axomiatla II,3342
010Z2F00-LACUMBRE,La Cumbre,3343
010Z2F00-REIMS,Reims,3344
010Z2F00-CALZAGUILAS4,Calz. De las Aguilas,3345
010Z2F00-3ACDATEP2,3ra. Cda. De Potrero de Tepito,3346
010Z2F00-3ACDATEP1,3ra. Cda. de Potrero de Tepito,3346
010Z2F00-2ACDATEP1,2da. Cda. Torres de Tepito,3347
010Z2F00-2ACDATEP2,2da. Cda. Torres de Tepito,3347
010Z2F00-CDATORRTEP2,1a. Cda. Torres de Tepito,3348
010Z2F00-CDATORRTEP1,1a. Cda. Torres de Tepito,3348
010Z2F00-AGUATITLA,Aguatitla,3349
010Z2F00-TIANQUISC,Tianquiscoapan,3349
010Z2F00-BASESNBART2,Base San Bartolo,3350
010Z2F00-BASESNBART1,Base San Bartolo,3350
010Z2F00-CALZAGUILAS5,Calz. De las Aguilas,3351
010Z2F00-HAVRE,Havre,3352
010Z2F00-NORMANDIA,Normandia,3353
010Z2F00-CONDCIMA,Condominios La Cima,3354
010Z2F00-CILIADA,C. Iliada,3355
010Z2F00-PARQAXOMIATL,Parque Axomiatla,3356
010Z2F00-URSUS2,Ursus,3357
010Z2F00-SUPERVIAPONT2,Supervia Poniente,3358
010Z2F00-DEALBATROS,De los Albatros,3359
010Z2F00-CORMORANES,De los Cormoranes,3360
010Z2F00-SERRANIA,Serrania,3361
010Z2F00-MARISMA,Marisma,3362
010Z2F00-TORRENTE3,Torrente,3363
010Z2H00-MIGOCARA,Miguel Ocaranza,3364
010Z2H00-ESTIO,Estio,3365
010Z2J00-ANDES2,Andes,3365
010Z2H00-CALZLOENES4,Calz. De los Leones,3366
010Z2H00-DIAGUITAS,Diaguitas,3367
010Z2H00-BASEQUESO1,Base Queso,3368
010Z2H00-BASEQUESO2,Base Queso,3368
010Z2I00-TECNOAO1,Tecnologico AO,3369
010Z2I00-AVROSAL,Av. Del Rosal,3369
010Z2I00-BASECEHUAYO,Base Cehuayo,3370
010Z2I00-PORTACENTENA,Portal Centenario,3371
010Z2J00-CETRAMTACU2,Base CETRAM Tacubaya,3372
010Z2J00-CETRAMTACUB,Base CETRAM Tacubaya,3372
010Z2J00-ANTONMACEO,Antonio Maceo,3373
010Z2J00-AVJOSEMARTI,Av. Jose Marti,3374
010Z2J00-JOSEMARVIGIL,Jose Maria Vigil,3375
010Z2J00-AVPARQUELIRA,Av. Parque Lira,3376
010Z2J00-HEROES1810,Heroes de 1810,3377
010Z2J00-11ABRIL,11 de Abril,3378
010Z2J00-CALLE2,Calle 2,3379
010Z2J00-SANPEDPINOS,San Pedro de los Pinos,3380
010Z2J00-PERIFERICO1,Periferico,3381
010Z2J00-JACOBCALLOB,Jacobo Callot,3382
010Z2J00-REMBRANDT,Rembrandt,3382
010Z2J00-TECNOAO3,Tecnologico AO,3383
010Z2J00-TECNOAO2,Tecnologico AO,3383
010Z2J00-URRACA2,Urraca,3384
010Z2J00-URRACA1,Urraca,3384
010Z2J00-MILANO,Milano,3385
010Z2J00-CUCURU,Cucuru,3386
010Z2J00-BASETEPEACA2,Base Tepeaca,3387
010Z2J00-BASETEPEACA1,Base Tepeaca,3387
010Z2J00-PRESA,Presa,3388
010Z2J00-ABUBILLAS,Abubillas,3389
010Z2J00-GERIFALTE,Gerifalte,3390
010Z2J00-IZTAPALAPA1,Iztapalapa,3391
010Z2J00-RIOBECERRA,Rio Becerra,3392
010Z2J00-AVJALISCO,Av. Jalisco,3393
010Z2J00-VIADUCTO,Viaducto,3394
010Z2J00-MBTACUBA,MB Tacubaya,3395
01020A00-BASEBLVR1,Bulevar Puerto Aéreo BASE,3396
01020A00-BASEBLVR2,Bulevar Puerto Aéreo BASE,3396
01020A00-CIBAHSTABAR,Circuito Interior - Bahía de Santa Bárbara,3397
01020A00-CICASTOMAS,Circuito Interior - Casco de Santo Tomas,3398
01020A00-CICLZDMIST,Circuito Interior -Calzada de los Misterios,3399
01020A00-CICLZGPE,Circuito Interior - Calzada de Guadalupe,3400
01020A00-CIEJE1NTE1,Circuito Interior - Eje 1 Norte,3401
01020A00-CIEJE1NTE2,Circuito Interior - Eje 1 Norte,3402
01020A00-CIENCARORTIZ,Circuito Interior - Encarnación Ortiz,3403
01020A00-CIFORMOSA,Circuito Interior - Formosa,3404
01021B00-CINTAGUSMELG,Circuito Interior y Agustín Melgar,3405
01020A00-CIMTOCHAPU,Circuito Interior - Metro Chapultepec,3405
01020A00-CIOCEANLB,Circuito Interior - Metro Oceanía Línea B,3406
01020A00-CIRTAMAG,Circuito Interior - Tamagno,3407
01020A00-CIPAGANINI,Circuito Interior - Puente de Paganini,3407
01020A00-CIRALBAH,Circuito Interior - Albahaca,3408
01020A00-CIRAVMIST,Circuito Interior - Av. Misterios,3409
01020A00-CIRBENHILL,Circuito Interior - Benjamín Hill,3410
01020A00-CIRCHOPO,Circuito Interior -Chopo,3411
01020A00-CIRCIPRES,Circuito Interior - Ciprés,3412
01020A00-CIRCLINIMSS,Circuito Interior - Clínica del IMSS,3413
01020A00-CIRCONST,Circuito Interior - Constituyentes,3414
01020A00-CIRDIAZMIR,Circuito Interior - Díaz Mirón,3415
01020A00-CIREDUMOL1,Circuito Interior - Metro Eduardo Molina,3416
01020A00-CIREDUMOL2,Circuito Interior - Eduardo Molina,3417
01020A00-CIREJE2NTE,Circuito Interior - Eje 2 Norte,3418
01020A00-CIREJE2NTE1,Circuito Interior - Eje 2 Norte,3419
01020A00-CIREJECENTR,Circuito Interior - Eje Central,3420
01020A00-CIRFCOPIMEN,Circuito Interior - Fancisco Pimentel,3421
01020A00-CIRFERRHGO,Circuito Interior - Ferrocarril Hidalgo,3422
01020A00-CIRFLORIN,Circuito Interior - Florines,3423
01020A00-CIRGRANCAN,Circuito Interior - Gran Canal,3424
01020A00-CIRHOSPRAZ,Circuito Interior - Hospital de la Raza,3425
01020A00-CIRJERICO,Circuito Interior - Jericó,3426
01020A00-CIRJUANAC,Circuito Interior - Juanacatlán,3427
01021B00-CINTFCOMARQ,Circuito Interior y Francisco Márquez,3427
01020A00-CIRLEIBNITZ,Circuito Interior - Leibnitz,3428
01020A00-CIRMARNAC,Circuito Interior - Marina Nacional,3429
01020A00-CIRTMETRMIST,Circuito Interior- Metro Misterios,3430
01020A00-CIRMERTMIST,Circuito Interior - Metro Misterios,3430
01020A00-CIRMETARAGO,Circuito Interior - Metro Aragón,3431
01020A00-CIRMETOCEA,Circuito Interior - Metro Oceanía,3432
01020A00-CIRMETRARG,Circuito Interior - Metro Aragón,3433
01020A00-CIRMORE,Circuito Interior - Morelos,3434
01020A00-CIRMTROCEAL5,Circuito Interior - Metro Oceanía L5,3435
01020A00-CIRNTE13,Circuito Interior - Norte 13,3436
01020A00-CIRNTE29,Circuito Interior - Norte 29,3437
01020A00-CIRNTE3,Circuito Interior - Norte 3,3438
01020A00-CIRNTE33,Circuito Interior - Norte 33,3439
01020A00-CIROTE35,Circuito Interior - Oriente 35,3440
01020A00-CIRPEKIN,Circuito Interior - Pekín,3441
01020A00-CIRPINE,Circuito Interior - Pino,3442
01020A00-CIRRIOTIBER,Circuito Interior - Río Tíber,3443
01020A00-CIRSANDALO,Circuito Interior -Sándalo,3444
01020A00-CIRTATZAYA,Circuito Interio - Atzayacatl,3445
01020A00-CIRTAVEDUMOL,Circuito Interior - Av Eduardo Molina,3446
01020A00-CIRTAVJARD,Circuito Interior - Av Jardín,3447
01020A00-CIRTAVPEÑ,Circuito Interior - Av. del Peñón,3448
01020A00-CIRTCIPRES,Circuito Interior - Ciprés,3449
01020A00-CIRTCONGUNI1,Circuito Interior - Congreso de la Unión,3450
01020A00-CIRTCONGUNI2,Circuito Interior - Congreso de la Unión,3451
01020A00-CIRTERMIAEREA,Circuito Interior -Metro Terminal Aérea,3452
01020A00-CIRTETELAOR,Circuito Interior - Tetela del Oro,3453
01020A00-CIRTFERRHGO,Circuito Interior - Ferrocarril Hidalgo,3454
01020A00-CIRTFLORMAG,Circuito Interior - Flores Magón,3455
01020A00-CIRTGUAYABO,Circuito Interior - Guayabo,3456
01020A00-CIRTHOSPRAZA,Circuito Interior - Hospital la Raza,3457
01020A00-CIRTINAV535,Circuito Interior - Av 535,3458
01020A00-CIRTINTCHELI,Circuito Interior - Chelines,3459
01020A00-CIRTINTNTE13,Circuito Interior - Norte 13,3460
01020A00-CIRTINTRUBLOS,Circuito Interior - Rublos,3461
01020A00-CIRTLIRIO,Circuito Interior - Lirio,3462
01020A00-CIRTMANUCARP,Circuito Interior - Manuel Carpio,3463
01020A00-CIRTMETCONSU,Circuito Interior - Metro Consulado,3464
01020A00-CIRTMTOVALLGMZ,Circuito Interior - Metro Valle Gómez,3465
01020A00-CIRTMTROCONSU,Circuito Interior - Metro Consulado,3466
01020A00-CIRTNTE17,Circuito Interior - Norte 17,3467
01020A00-CIRTNTE180,Circuito Interior - Norte 180,3468
01020A00-CIRTNTE25,Circuito Interior - Norte 25,3469
01020A00-CIRTNTE58A,Circuito Interior - Norte 58-A,3470
01020A00-CIRTNTE74,Circuito Interior - Norte 74,3471
01020A00-CIRTPLZGALE,Circuito Interior - Plaza Galerías,3472
01020A00-CIRTRENAN,Circuito Interior - Renan,3473
01020A00-CIRTRIOBALS,Circuito Interior - Río Balsas,3474
01020A00-CIRTRIODUERO,Circuito Interior - Río Duero,3475
01020A00-CIRTSDIAZMIRO,Circuito Interior - S. Díaz Mirón,3476
01020A00-CIRTSIBE,Circuito Interior - Siberia,3477
01020A00-CIRTTHEIRS,Circuito Interior - Thiers,3478
01020A00-CIRTVALLGMZ,Circuito Interior - Metro Valle Gómez,3479
01020A00-CIRVICHUG,Circuito Interior - Víctor Hugo,3480
01020A00-CITERMAEREA,Circuito Interior - Metro terminal Aérea,3481
01020A00-CLZGPE,Circuito Interior - Calzada Guadalupe,3482
01020B00-BEETHCONSTA,Beethoven - Constantino,3483
01020B00-BEETHEJECEN,Beethoven - Eje Central,3484
01020B00-BEETHTETRAZZIN,Beethoven - Tetrazzini,3485
01020B00-CALZVALLMARTINE,Calzada Vallejo - Martinelli,3486
01020B00-CLZMIST,Beethoven - Calzada de los Misterios,3487
01020B00-JUVERCALZMIST,Juventino Rosas - Calzada de los Misterios,3488
01020B00-JUVERCONST,Juventino Rosas - Constantino,3489
01020B00-JUVRCALZGPE,Juventino Rosas - Calzada de Guadalupe,3490
01020B00-MELLPLATINO,Mellado - Platino,3491
01020B00-PLATIMELLADO,Platino - Mellado,3491
01020B00-MERCBEETH,Beethoven - Mercado Beethoven,3492
01020B00-PLATCALZGPE,Platino - Calzada de Guadalupe,3493
01020B00-PLATFERRHGO1,Platino - Ferrocarril Hidalgo,3494
01020B00-PLATFERRHGO2,Platino - Ferrocarril Hidalgo,3494
01020C00-ANTOVALPINO,Antonio Valeriano -Pino,3495
01020C00-ANTVAL26,Antonio Valeriano - Calle 26,3496
01020C00-ANTVALGERANIO,Antonio Valeriano - Geranio,3496
01020C00-ANTVAL30,Antonio Valeriano - Calle 30,3497
01020C00-ANTVALCALZVALL,Antonio Valeriano - Calzada Vallejo,3498
01020C00-ANTVALCIPRES1,Antonio Valeriano - Ciprés,3499
01020C00-ANTVALCIPRES2,Antpnio Valeriano - Ciprés,3499
01020C00-ANTVALPARQJARD,Antonio Valeriano - Parque Jardín,3500
01020C00-PARJARDIN,Av. Jardin - Parque Jardín,3500
01020C00-ANTVALPINO,Antonio Valeriano - Pino,3501
01020C00-ANTVALQUICHES,Antonio Valeriano - Quiches,3502
01020C00-ANTVALSABINO1,Antonio Valeriano - Sabino,3503
01020C00-ANTVALSABINO2,Antonio Valeriano - C. Sabino,3503
01020C00-ANTVALVALLE,Antonio Valeriano - Vallejo,3504
01020C00-AVJARDVOCA6,Av. Jardin - Voca 6,3505
01020C00-AVJARDVOCA60,Av.Jardin - Voca 6,3506
01020C00-BAJOPUENTE,Ciudad Jardin - Bajo Puente,3507
01020C00-CALZVALLGODARD,Calzada Vallejo - Godard,3508
01020C00-CETRAMRAZABAS,CETRAM La Raza BASE,3509
01020C00-GODRLEOPOLAUER,Godard - Leopoldo Auer,3510
01020D00-CETRAMRAZA,CETRAM La Raza BASE,3511
01020D00-CETRAMRAZAINS,Insurgentes - CETRAM La Raza,3512
01020D00-INSURCIRINTER,Insurgentes - Circuito Interior,3513
01020D00-INSURGCIRCVE,Insurgentes - Clave,3514
01020D00-MEYERINSUR,Meyerbeer - Insurgentes,3515
01021A00-CIMARTIRES,Circuito Interior y Martires de la Conquista,3516
01021A00-CINTBFRANK,Circuito Interior y Benjamin Franklin,3517
01021A00-CIRINT11ABR,Circuito Interior y 11 de Abril,3518
01021A00-CIRINT13SEP,Circuito Interior y 13 de Septiembre,3519
01021A00-CIRINTCALL17,Circuito Interior y calle 17,3520
01021A00-CIRINTCALL21,Circuito Interior y Calle 21,3521
01021A00-CIRINTCALL9,Circuito Interior y Calle 9,3522
01021A00-CIRINTEMPR,Circuito Interior y Empresa,3523
01021A00-CIRINTGOYA,Circuito Interior y Goya,3524
01021A00-CIRINTHOLB,Circuito Interior Y Holbein,3525
01021A00-CIRINTINEGI,Circuito Interior e INEGI,3526
01021A00-CIRINTMAZA,Circuito Interior y Mazatlán,3527
01021A00-CIRINTPROG,Circuito Interior y Progreso,3528
01021A00-CIRINTRUBE,Circuito Interior y Rubens,3529
01021A00-CIRINTSNANT,Circuito Interior y San Antonio,3530
01021A00-CIRINTTINTO,Circuito Interior y Tintoreto,3531
01021A00-CIRJOSEMAR,Circuito Interior y José Martí,3532
01021A00-CIRPUENTMORE,Circuito Interior y Puente la Morena,3533
01021A00-CITAMA,Circuito Interior y Tamaulipas,3534
01021A00-MAZAGUSMELG,Mazatlán y Agustín Melgar,3535
01021A00-MAZAJUAESCU,Mazatlán y Juan Escutia,3536
01021A00-MAZALFREY,Mazatlán y Alfonso Reyes,3537
01021A00-MAZAMICHO,Mazatlán y Michoacán,3538
01021A00-MAZAVICSUAR,Mazatlán y Vicente Suárez,3539
01021A00-REVANDCONCH,Revolución y Andrés de la Concha,3540
01021A00-REVEJE10SUR,Revolución y Eje 10 sur,3541
01021A00-REVFELIVILLNUE,Revolución y Felipe Villa Nueva,3542
01021A01-REVCORREG,Revolución y Corregidora,3542
01021A00-REVFERNVILLA,Revolución y Fernando Villalpando,3543
01021A00-REVJOSCAST,Revolución y José del Castillo,3544
01021A00-REVJOSMARVEL,Revolución y José María Velazco,3545
01021A00-REVMARILUIS,Revolución y María Luisa,3546
01021A00-REVOLSOFIA,Revolución y Sofía,3547
01021A00-REVOLYCAUAH,Revolución y Cuauhtémoc,3548
01021A00-REVRICARCAST,Revolución y Ricardo Castro,3549
01021A00-REVYALTA,Revolución y Altamirano,3550
01021A01-CLIN4Y8BASE,Clínica 4 y 8 (BASE),3551
01021A01-EJE10SURDONG,Eje 10 sur y Donato Guerra,3552
01021A01-EJE10SURIGLE,Eje 10 sur e Iglesia,3553
01021A01-REVALTAM,Revolución y Altamirano,3554
01021A01-REVANDRECAST,Revolución y Andrea del Castagno,3555
01021A01-REVCUAU,Revolución y Cuauhtémoc,3556
01021A01-REVEJE10SUR,Revolución y Eje 10 sur,3557
01021A01-REVLMTRMIXC,Revolución y Metro Mixcoac,3558
01021A01-REVOLCALL10,Revolución y Calle 10,3559
01021A01-REVOLCALL22,Revolución y Calle 22,3560
01021A01-REVOLMURRIL,Revolución y Murrillo,3561
01021A01-REVOREMBRA,Revolución y Rembrandt,3562
01021A01-REVPROGRES,Revolución y Progreso,3563
01021A01-REVSNANTONIO,Revolución y San Antonio,3564
01021B01-ESTADIOCU,Estadio CU (BASE),3565
01021B01-REVSNJERON,Revolución y Puente San Jerononimo,3566
01021D00-ALTALORETO,Altamirano y Loreto,3567
01021D00-BARRMUSHZ,Barranca del Muerto y Tiburcio Sánchez,3568
01021D00-C10CAMREATOL,Calle 10 y Camino Real a Toluca,3569
01021D00-C10CTROSOC,Calle 10 y Centro Social,3570
01021D00-CALL10CANA,Calle 10 y Canario,3571
01021D00-CALL4GRUTAS,Calle 4 y Grutas,3572
01021D00-CENTRLTOLT,Central y Toltecas,3573
01021D00-CETRAMOBSERV,CETRAM Observatorio,3574
01021D00-FERRVALLALPI,Ferrocarril del Valle y Alpina,3575
01021D00-FERRVALLCAMP,Ferrocarril del Valle y Campamento,3576
01021D00-HGOCUAU,Miguel Hidalgo y Cuauhtémoc,3577
01021D00-JOSEMAVSAGR,José María Velazco y Sagredo,3578
01021D00-PERISNANT,Periférico y San Antonio,3579
01021D00-SGREDPLATER,Sagredo y Plateros,3580
01021D00-SUR122MINAREN,Sur 122 y Minas de Arena,3581
01021D01-MINARENARET,Minas de Arena y Retorno,3582
01021D01-PERIROSTREP,Periférico y Rosa Trepadora,3583
01021D01-PERISNANTONIO,Periférico y San Antonio,3584
01021D01-PERITINOCO,Periférico y Juan Tinoco,3585
01021D01-RIOTACCISN,Rio de Tacubaya y Cisne,3586
01021D01-RIOTACFAISA,Rio de Tacubaya y Faisán,3587
01022A00-BASEMIXC,Mixcoac BASE,3588
01022A00-RIOCEJE6SUR2,Rio Churubusco y Eje 6 Sur,3589
01022A00-RIOCEJECENTR,Rio Churubusco y Eje Central,3590
01022A00-RIOCELECTRICIS,Rio Churubusco y Electricistas,3591
01022A00-RIOCERMIZTAP,Rio Churubusco y Av. Ermita Iztapalapa,3592
01022A00-RIOCFILIPINAS,Rio Churubusco y Filipinas,3593
01022A00-RIOCFISCALES,Rio Churubusco y Fiscales,3594
01022A00-RIOCHAGTZ,Rio Churubusco y Agustín Gutiérrez,3595
01022A00-RIOCHANDMO,Rio Churubusco y Andrés Molina Enríquez,3596
01022A00-RIOCHANTILLAS,Rio Churubusco y Antillas,3597
01022A00-RIOCHAÑIL,Rio Churubusco y Añil,3598
01022A00-RIOCHAPATLA,Rio Churubusco y Canal de Apatlaco,3599
01022A00-RIOCHAUDI,Rio Churubusco y Auditores,3600
01022A00-RIOCHAVENA,Rio Churubusco y Avena,3601
01022A00-RIOCHAVGIRA,Rio Churubusco y Av. Girasol,3602
01022A00-RIOCHAVMEX,Rio Churubusco y Av. México,3603
01022A00-RIOCHAVSIN,Rio Churubusco y Av. Sinatel,3604
01022A00-RIOCHBEL,Rio Churubusco y Bélgica,3605
01022A00-RIOCHCAFETAL,Rio Churubusco y Cafetal,3606
01022A00-RIOCHCALZVIGA,Rio Churubusco y Calzada de la Viga,3607
01022A00-RIOCHCIRUJA,Rio Churubusco y Cirujanos,3608
01022A00-RIOCHCTROCOM,Rio Churubusco y  Centro Comercial,3609
01022A00-RIOCHDIVNTE,Rio Churubusco y División del Norte,3610
01022A00-RIOCHFINLAY,Rio Churubusco y Carolos Juan Finlay,3611
01022A00-RIOCHINSTDEP,Rio Churubusco y Alberca-Instituto del Deporte,3612
01022A00-RIOCHOTE106,Rio Churubusco y Oriente 106,3613
01022A00-RIOCHOTE112,Rio Churubusco y Oriente 112,3614
01022A00-RIOCHOTE114,Rio Churubusco y Oriente 114,3615
01022A00-RIOCHOTE116,Rio Churubusco y Oriente 116,3616
01022A00-RIOCHPECALLES1,Rio churubusco y Plutarco Elías Calles,3617
01022A00-RIOCHPECALLES2,Rio Churubusco y Plutarco Elías Calles,3618
01022A00-RIOCHSUR73A,Rio Churubusco y Sur 73-A,3619
01022A00-RIOCHTEZONT,Rio Churubusco y Canal de Tezontle,3620
01022A00-RIOCHUAZAF,Rio Churubusco y Azafrán,3621
01022A00-RIOCHURECR,Rio Churubusco  y Recreo,3622
01022A00-RIOCHVETER,Rio Churubusco y Veterinarios,3623
01022A00-RIOCJUECES,Rio Churubusco y Jueces,3624
01022A00-RIOCMEXCOY,Rio Churubusco y México Coyoacán,3625
01022A00-RIOCMONTOCA,Rio Churubusco y Montes de Oca,3626
01022A00-RIOCPURISI,Rio Churubusco y Av. Purísima,3627
01022A00-RIOCRETOÑO,Rio Churubusco y Retoño,3628
01022A00-RIOCSANFELIP,Rio Churubusco y San Felipe,3629
01022A00-RIOCUNI,Rio Churubusco y Universidad,3630
01022A00-RIOCYUCATAN,Rio Churubusco y Yucatán,3631
01022A00-RIOMIXCALLE2,Rio Mixcoac y Calle 2,3632
01022A00-RIOMIXGALIX,Rio Mixcoac y Galicia,3633
01022A00-RIOMIXINSUR,Rio Mixcoac y Insurgentes,3634
01022A00-RIOMIXMORAS,Rio Mixcoac y Moras,3635
01022A00-RIOMIXPATRIO,Rio Mixcoac y Patriotismo,3636
01022A00-RIOMIXPMANACAR,Rio Mixcoac y Plaza Manacar,3637
01022A00-RIOMIXREVOL,Rio Mixcoac y Revolución,3638
01022A00-RIOMIXRSARO,Rio Mixcoac y Rodríguez Saro,3639
01022A00-RIOMIXSIMONB,Rio Mixcoac y Simón Bolívar,3640
01022A01-RIOAVENA2,Rio Churubusco y Avena,3641
01022A01-RIOC105A,Rio Churubusco y Sur 105-A,3642
01022A01-RIOC107A,Rio Churubusco y Sur 107-A,3643
01022A01-RIOCALDAMA,Rio Churubusco y Aldama,3644
01022A01-RIOCAÑOJUAR,Rio Churubusco y Año de Juárez,3645
01022A01-RIOCAVMEX,Rio Churubusco y Av. México,3646
01022A01-RIOCCALZVIG2,Rio Churubusco y Calzada de la Viga,3647
01022A01-RIOCCENTE,Rio Churubusco y Centenario,3648
01022A01-RIOCCNA,Rio Churubusco y CNA,3649
01022A01-RIOCCORINA,Rio Churubusco y Corina,3650
01022A01-RIOCDIPL,Rio Churubusco y Diplomaticos,3651
01022A01-RIOCDIVNTE,Rio Churubusco y División del Norte,3652
01022A01-RIOCEJE6SUR,Rio Churubusco y Eje 6 sur,3653
01022A01-RIOCESTETAS,Rio Churubusco y Estetas,3654
01022A01-RIOCEXHAGPE,Rio Churubusco y Ex Hacienda de Guadalupe,3655
01022A01-RIOCGMZFARIAS,Rio Churubusco y Gómez Farías,3656
01022A01-RIOCGRALANAYA,Rio Churubusco y General Anaya -Tlalpan,3657
01022A01-RIOCHABSO,Rio Churubusco y Abasolo,3658
01022A01-RIOCHAPATL,Rio Churubusco y Canal de Apatlaco,3659
01022A01-RIOCHAVTE,Rio Churubusco y Av. TE,3660
01022A01-RIOCHCAFETAL,Rio Churubusco y Cafetal,3661
01022A01-RIOCHCALL11,Rio Churubusco y Calle 11,3662
01022A01-RIOCHCALL5,Rio Churubusco y Calle 5,3663
01022A01-RIOCHCENTRONAL,Rio Churubusco y Centro Nacional,3664
01022A01-RIOCHCORINA,Rio Churubusco y Privada Corina,3665
01022A01-RIOCHGRALRADAM,Rio Churubusco y General Radamés Gaxiola,3666
01022A01-RIOCHIZTAP,Rio Churubusco y Ermita Iztapalapa,3667
01022A01-RIOCHLENINDIG,Rio churubusco y Lenguas Indígenas,3668
01022A01-RIOCHMATAMOROS,Rio Churubusco y Mariano Matamoros,3669
01022A01-RIOCHNEUMATOL,Rio Churubusco y Neumatologos,3670
01022A01-RIOCHOLANDA,Rio Churubusco y Holanda,3671
01022A01-RIOCHOTE,Rio Churubusco y Oriente,3672
01022A01-RIOCHOTE106,Rio churubusco y Oriente 106,3673
01022A01-RIOCHOTE112,Rio Churubusco y Oriente 112,3674
01022A01-RIOCHOTE116,Rio Churubusco y Oriente 116,3675
01022A01-RIOCHOTE160,Rio Churubusco y Oriente 160,3676
01022A01-RIOCHTEZON,Rio Churubusco y Canal de Tezontle,3677
01022A01-RIOCHXICO,Rio Churubusco y Xicoténcatl,3678
01022A01-RIOCIMSS10,Rio Churubusco y IMSS 10,3679
01022A01-RIOCMIRAMONT,Rio Churubusco y Miramontes,3680
01022A01-RIOCOSAMAY,Rio Churubusco y Osa Mayor,3681
01022A01-RIOCPREPA2,Rio Churubusco y Prepa 2,3682
01022A01-RIOCPURISIMA,Rio Churubusco y Purísima,3683
01022C00-EJE5PURICHURUB,Eje 5 La Purísima y Rio Churubusco,3683
01022A01-RIOCRTNO110,Rio Churubusco y Rtno 110,3684
01022A01-RIOCRTNO206,Rio Churubusco y Rtno 206,3685
01022A01-RIOCSNPEDRO,Rio Churubusco y San Pedro,3686
01022A01-RIOCSUR101A,Rio Churubusco y Sur 101-A,3687
01022A01-RIOCSUR103,Rio Churubusco y Sur 103,3688
01022A01-RIOMIXANGEL,Rio Mixcoac y Del Ángel,3689
01022A01-RIOMIXMANZA,Rio Mixcoac y Manzano,3690
01022A01-RIOMIXUNI,Rio Mixcoac y Universidad,3691
01022B00-ORIEN102SUR145,Oriente 102 y Sur 145,3692
01022B01-BLVUPPICSA,Blvd Puerto Aéreo y UPPICSA BASE,3693
01022C00-EJE5PUERISPUBLI,Eje 5 La Purísima y  Publicistas,3694
01022C00-HUALGEREN,Hualquila y Gerentes,3695
01022C00-RIOCEJE5LAPURI,Rio Churubusco y Eje 5 La Purísima,3696
01022C01-APACHURUBU,Canal de Apatlaco y Canal de Rio Churubusco,3697
01022C01-APATEPEH,Canal de Apatlaco y Tepehua,3698
01022C01-RIOCHUANALIS,Rio de Churubusco y Analistas,3699
01022C01-RIOCHUAQ,Rio Churubusco y Huaiquila,3700
01022C01-RIOCHUPURISIM,Rio Churubusco y Purísimas,3701
01022D00-AV5CALL12,Av. 5 y Calle 12,3702
01022D00-AV5CALL8,Av. 5  y Calle 8,3703
01022D00-AV5CAMPESIO,Av. 5 y Campesionos,3704
01022D00-AV5ERMI,Av. 5 y Ermita,3705
01022D01-AGUSYAAV5,Agustin Yañez y  Av. 5,3706
01022D00-AV5ESCUA201,Av. 5 y Escuadron 201,3706
01022D00-GRANJBASE,Granjeros BASE,3707
01022D01-AV5CAMP,Av. 5 y Campesinos,3708
01022D01-AV5ERMI,Av. 5 y Ermita,3709
01022D01-AV5LEÑA,Av. 5 y Leñadores,3710
01022D01-AV5SARABIA,Av. 5 y Sarabia,3711
01022D01-CALL6AV5,Calle 6  y Av. 5,3712
01022D01-JUAREZC10,Año de Juárez y Calle 10,3713
01022D01-JUAREZC8,Año de Juárez y Calle 8,3714
01022D01-RIOCDAREYES,Rio Churubusco y Cerrada los Reyes,3715
020L12-TLAHUAC,Tláhuac,3716
020L12-TLALTENCO,Tlaltenco,3717
020L12-ZAPOTITLAN,Zapotitlán,3718
020L12-NOPALERA,Nopalera,3719
020L12-OLIVOS,Olivos,3720
020L12-TEZONCO,Tezonco,3721
020L12-PERIFERICOOTE,Periférico Oriente,3722
020L12-CALLE11,Calle 11,3723
020L12-LOMASESTRELLA,Lomas Estrella,3724
020L12-SANANDRESTO,San Andrés Tomatlán,3725
020L12-CULHUACAN,Culhuacán,3726
020L12-ATLALILCO,Atlalilco,3727
020L12-MEXICALTZINGO,Mexicaltzingo,3728
020L12-ERMITA,Ermita,3729
020L12-EJECENTRAL,Eje Central,3730
020L12-PARQUEVENADOS,Parque de los Venados,3731
020L12-ZAPATA,Zapata,3732
020L12-HOSPITAL20,Hospital 20 de Noviembre,3733
020L12-INSURGENTESSUR,Insurgentes Sur,3734
020L12-MIXCOAC,Mixcoac,3735
0200LB-BUENAVISTA,Buenavista,3736
0200LB-GUERRERO,Guerrero,3737
0200LB-GARIBALDI,Garibaldi y Lagunilla,3738
0200LB-LAGUNILLA,Lagunilla,3739
0200LB-TEPITO,Tepito,3740
0200LB-MORELOS,Morelos,3741
0200LB-SANLAZARO,San Lázaro,3742
0200LB-RFLORESMAGON,Ricardo Flores Magón,3743
0200LB-ROMERORUBIO,Romero Rubio,3744
0200LB-OCEANIA,Oceanía,3745
0200LB-DPVOOCEANIA,Deportivo Oceanía,3746
0200LB-BOSQUEARAGON,Bosque de Aragón,3747
0200LB-VILLAARAGON,Villa de Aragón,3748
0200LB-NEZAHUALCO,Nezahualcóyotl,3749
0200LB-IMPULSORA,Impulsora,3750
0200LB-RIOREMEDIOS,Río de los Remedios,3751
0200LB-MUZQUIZ,Múzquiz,3752
0200LB-ECATEPEC,Ecatepec,3753
0200LB-OLIMPICA,Olímpica,3754
0200LB-PLAZAARAGON,Plaza Aragón,3755
0200LB-CIUDADAZTECA,Ciudad Azteca,3756
0200LA-LAPAZ,La Paz,3757
0200LA-LOSREYES,Los Reyes,3758
0200LA-STAMARTA,Santa Marta,3759
0200LA-ACATITLA,Acatitla,3760
0200LA-PENONVIEJO,Penón Viejo,3761
0200LA-GUELATAO,Guelatao,3762
0200LA-TEPALCATES,Tepalcates,3763
0200LA-CANALSANJUAN,Canal de San Juan,3764
0200LA-AGRICOLA,Agrícola Oriental,3765
0200L9-PANTITLAN,Pantitlán,3766
0200LA-PANTITLAN,Pantitlán,3766
0200L9-PUEBLA,Puebla,3767
0200L9-CIUDADDVA,Ciudad Deportiva,3768
0200L9-VELODROMO,Velódromo,3769
0200L9-MIXIUHCA,Mixiuhca,3770
0200L9-JAMAICA,Jamaica,3771
0200L9-CHABACANO,Chabacano,3772
0200L9-LAZAROCAR,Lázaro Cárdenas,3773
0200L9-CENTROMEDICO,Centro Médico,3774
0200L9-CHILPANCINGO,Chilpancingo,3775
0200L9-PATRIOTISMO,Patriotismo,3776
0200L9-TACUBAYA,Tacubaya,3777
0200L8-CONST1917,Constitución de 1917,3778
0200L8-UAM-I,UAM-I,3779
0200L8-CERROESTRELLA,Cerro de la Estrella,3780
0200L8-IZTAPALAPA,Iztapalapa,3781
0200L8-ATLALILCO,Atlalilco,3782
0200L8-ESCUADRON,Escuadrón 201,3783
0200L8-ACULCO,Aculco,3784
0200L8-APATLACO,Apatlaco,3785
0200L8-IZTACALCO,Iztacalco,3786
0200L8-COYUYA,Coyuya,3787
0200L8-STAANITA,Santa Anita,3788
0200L8-LAVIGA,La Viga,3789
0200L8-CHABACANO,Chabacano,3790
0200L8-OBRERA,Obrera,3791
0200L8-DOCTORES,Doctores,3792
0200L8-SALTOAGUA,Salto del Agua,3793
0200L8-SANJUANLETRAN,San Juan de Letrán,3794
0200L8-BELLASARTES,Bellas Artes,3795
0200L8-GARIBALDI,Garibaldi y Lagunilla,3796
0200L7-BARRANCA,Barranca del Muerto,3797
0200L7-MIXCOAC,Mixcoac,3798
0200L7-SANANTONIO,San Antonio,3799
0200L7-SANPEDROPINOS,San Pedro de los Pinos,3800
0200L7-TACUBAYA,Tacubaya,3801
0200L7-CONSTITUYENTES,Constituyentes,3802
0200L7-AUDITORIO,Auditorio,3803
0200L7-POLANCO,Polanco,3804
0200L7-SANJOAQUIN,San Joaquín,3805
0200L7-TACUBA,Tacuba,3806
0200L7-REFINERIA,Refinería,3807
0200L7-CAMARONES,Camarones,3808
0200L7-AQUILESSERD,Aquiles Serdán,3809
0200L6-ELROSARIO,El Rosario,3810
0200L7-ELROSARIO,El Rosario,3810
0200L6-MARTINCARR,Martín Carrera,3811
0200L6-LAVILLA,La Villa y Basílica,3812
0200L6-DTVO18MARZO,Deportivo 18 de Marzo,3813
0200L6-LINDAVISTA,Lindavista,3814
0200L6-ITOPETROLEO,Instituto del Petróleo,3815
0200L6-VALLEJO,Vallejo,3816
0200L6-NORTE45,Norte 45,3817
0200L6-FERRERIA,Ferrería y Arena Ciudad de México,3818
0200L6-AZCAPOTZALCO,UAM Azcapotzalco,3819
0200L6-TEZOZOMOC,Tezozómoc,3820
0200L5-PANTITLAN,Pantitlán,3821
0200L5-HANGARES,Hangares,3822
0200L5-TNALAEREA,Terminal Aérea,3823
0200L5-OCEANIA,Oceanía,3824
0200L5-ARAGON,Aragón,3825
0200L5-EDUARDOMOLI,Eduardo Molina,3826
0200L5-CONSULADO,Consulado,3827
0200L5-VALLEGOMEZ,Valle Gómez,3828
0200L5-MISTERIOS,Misterios,3829
0200L5-AUTOBUSESNTE,Autobuses del Norte,3830
0200L5-ITOPETROLEO,Instituto del Petróleo,3831
0200L5-POLITECNICO,Politécnico,3832
0200L4-SNTAANITA,Santa Anita,3833
0200L4-JAMAICA,Jamaica,3834
0200L4-FRAYSERVANDO,Fray Servando,3835
0200L4-CANDELARIA,Candelaria,3836
0200L4-MORELOS,Morelos,3837
0200L4-CANALNTE,Canal del Norte,3838
0200L4-CONSULADO,Consulado,3839
0200L4-BONDOJITO,Bondojito,3840
0200L4-TALISMAN,Talismán,3841
0200L4-MARTINCARR,Martín Carrera,3842
0200L3-UNIVERSIDAD,Universidad,3843
0200L3-COPILCO,Copilco,3844
0200L3-MAQ,Miguel Ángel de Quevedo,3845
0200L3-VIVEROS,Viveros y  Derechos Humanos,3846
0200L3-COYOACAN,Coyoacán,3847
0200L3-ZAPATA,Zapata,3848
0200L3-DIVISIONNTE,División del Norte,3849
0200L3-EUGENIA,Eugenia,3850
0200L3-ETIOPIA,Etiopía y Plaza de la Transparencia,3851
0200L3-CENTROMEDICO,Centro Médico,3852
0200L3-HOSPITALGRAL,Hospital General,3853
0200L3-NINOSHEROES,Niños Héroes y  Poder Judicial CDMX,3854
0200L3-BALDERAS,Balderas,3855
0200L3-JUAREZ,Juárez,3856
0200L3-HIDALGO,Hidalgo,3857
0200L2-HIDALGO,Hidalgo,3857
0200L3-GUERRERO,Guerrero,3858
0200L3-TLATELOLCO,Tlatelolco,3859
0200L3-LARAZA,La Raza,3860
0200L3-POTRERO,Potrero,3861
0200L3-DTVO18MARZO,Deportivo 18 de Marzo,3862
0200L3-INDIOSVERD,Indios Verdes,3863
0200L2-TASQUENA,Tasqueña,3864
0200L2-GRALANAYA,General Anaya,3865
0200L2-ERMITA,Ermita,3866
0200L2-PORTALES,Portales,3867
0200L2-NATIVITAS,Nativitas,3868
0200L2-VILLADECORT,Villa de Cortés,3869
0200L2-XOLA,Xola,3870
0200L2-VIADUCTO,Viaducto,3871
0200L2-CHABACANO,Chabacano,3872
0200L2-SANANTONIO,San Antonio Abad,3873
0200L2-PINOSUAREZ,Pino Suárez,3874
0200L2-ZOCALO,Zócalo,3875
0200L2-ALLENDE,Allende,3876
0200L2-BELLASARTES,Bellas Artes,3877
0200L2-REVOLUCION,Revolución,3878
0200L2-SANCOSME,San Cosme,3879
0200L2-NORMAL,Normal,3880
0200L2-COLMILITAR,Colegio Militar,3881
0200L2-POPOTLA,Popotla,3882
0200L2-CUITLAHUAC,Cuitláhuac,3883
0200L2-TACUBA,Tacuba,3884
0200L2-PANTEONES,Panteones,3885
0200L2-CUATROCAMIN,Cuatro Caminos,3886
0200L1-PANTITLAN,Pantitlán,3887
0200L1-ZARAGOZA,Zaragoza,3888
0200L1-GOMEZFARIAS,Gómez Farías,3889
0200L1-PTOAEREO,Boulevard Puerto Aéreo,3890
0200L1-BALBUENA,Balbuena,3891
0200L1_MOCTEZUMA,Moctezuma,3892
0200L1-SANLAZARO,San Lázaro,3893
0200L1-CANDELARIA,Candelaria,3894
0200L1-MERCED,Merced,3895
0200L1-PINOSUAREZ,Pino Suárez,3896
0200L1-ISABELLACA,Isabel la Católica,3897
0200L1-SALTODELAGUA,Salto del Agua,3898
0200L1-BALDERAS,Balderas,3899
0200L1-CUAUHTEMOC,Cuauhtémoc,3900
0200L1-INSURGENTES,Insurgentes,3901
0200L1-SEVILLA,Sevilla,3902
0200L1-CHAPULTEPEC,Chapultepec ,3903
0200L1-JUANACATLAN,Juanacatlán,3904
0200L1-TACUBAYA,Tacubaya,3905
0200L1-OBSERVATORIO,Observatorio,3906
0300L4-20NOVIEMBR,20 de Noviembre,3907
0300L4-PINOSRZSR,Pino Suárez Sur,3908
0300L4-SANPABLO,San Pablo,3909
0300L4-FRAYSERVND,Fray Servando,3910
0300L4-MSONORASUR,Mercado Sonora Sur,3911
0300L7-GTACUI01,Glorieta Cuitláhuac,3912
0300L7-GTACUI1,Glorieta Cuitláhuac,3912
0300L5-GANADEROS,Ganaderos,3913
0300L5-GANADEROS1,Ganaderos,3913
0300L5-CHURUOTE,Churubusco Oriente,3914
0300L5-CHURUOTE1,Churubusco Oriente,3914
0300L5-ACULCO1,Aculco,3915
0300L5-ACULCO,Aculco,3915
0300L5-APATLACO1,Apatlaco,3916
0300L5-APATLACO,Apatlaco,3916
0300L5-CANALAPATLACO,Canal de Apatlaco,3917
0300L5-CANALAPATLAC1,Canal de Apatlaco,3917
0300L5-COLBACH3,Colegio de Bachilleres 3,3918
0300L5-COLBACH31,Colegio de Bachilleres 3,3918
0300L5-RECREO,Recreo,3919
0300L5-RECREO1,Recreo,3919
0300L5-MOCTEZUMA1,Moctezuma,3920
0300L5-MOCTEZUMA,Moctezuma,3920
0300L5-SANLAZARO1,San Lázaro Sur,3921
0300L5-RIOCONSULADO,Río Consulado,3922
0300L5-RIOCONSULADO1,Río Consulado,3922
0300L5-RIOSTACOLETA,Río Santa Coleta,3923
0300L5-RIOSTACOLETA1,Río Santa Coleta,3923
0300L5-OTE1011,Oriente 101,3924
0300L5-OTE101,Oriente 101,3924
0300L5-VICTORIA,Victoria,3925
0300L5-VICTORIA1,Victoria,3925
0300L5-TALISMAN,Talisman,3926
0300L5-TALISMAN1,Talisman,3926
0300L5-RIOGPE,Río de Guadalupe,3927
0300L5-RIOGPE1,Río de Guadalupe,3927
0300L5-SANJUANARAGO,San Juan de Aragón,3928
0300L5-SANJUANARAGO1,San Juan de Aragón,3928
0300L5-PREPA31,Preparatoria 3,3929
0300L5-PREPA3,Preparatoria 3,3929
0300L5-COYOL1,El Coyol,3930
0300L5-COYOL,El Coyol,3930
0300L5-VASCOQUIRO1,Vasco de Quiroga,3931
0300L5-VASCOQUIRO,Vasco de Quiroga,3931
0300L5-5MAYO1,5 de Mayo,3932
0300L5-5MAYO,5 de Mayo,3933
0300L5-NEWSDIVINE1,314 Memorial New's Divine,3934
0300L5-NEWSDIVINE,314 Memorial New's Divine,3935
0300L3-STACRUZATOYAC,Pueblo Sta. Cruz Atoyac,3936
0300L7-CAMPOMARTE0,Campo Marte,3937
0300L7-CAMPOMARTE1,Campo Marte,3937
0300L7-AUDITORIO1,Auditorio,3938
0300L7-AUDITORIO0,Auditorio,3938
0300L7-ANTROPO1,Antropología,3939
0300L7-ANTROPO0,Antropología,3940
0300L7-GANDHI1,Gandhi,3941
0300L7-GANDHI0,Gandhi,3942
0300L7-CHAPU1,Chapultepec,3943
03SL01-CHAPU,Chapultepec,3943
03SL01-CHAPUOP,Chapultepec,3944
0300L7-CHAPU0,Chapultepec,3944
03SL01-DIANA,La Diana,3945
0300L7-DIANA1,La Diana,3945
0300L7-DIANA0,La Diana,3946
03SL01-DIANAOP,La Diana,3946
03SL01-ANGELOP,El Ángel,3947
03SL01-ANGEL,El Ángel,3947
0300L7-ANGEL0,El Ángel,3947
0300L7-ANGEL1,El Ángel,3947
03SL01-AHUE,El Ahuehuete,3948
0300L7-PALMA1,Ahuehuete,3948
0300L7-PALMA0,Ahuehuete,3949
03SL01-AHUEOP,El Ahuehuete,3949
03SL01-HAMBURGO,Hamburgo,3950
0300L7-HAMBURGO1,Hamburgo,3950
0300L7-HAMBURGO0,Hamburgo,3951
03SL01-HAMBURGOOP,Hamburgo,3951
0300L7-REFORMA0,Reforma,3952
0300L7-REFORMA1,Reforma,3952
03SL01-REFORMA,Reforma,3952
03SL01-REFORMAOP,Reforma,3952
03SL01-PARIS,París,3953
03SL01-PARISOP,París,3953
0300L7-PARIS0,París,3953
0300L7-PARIS1,París,3953
0300L7-GTACOLON1,Amajac,3954
0300L7-GTACOLON0,Amajac,3955
0300L4-GTACOLON1,Amajac,3955
0300L7-CABALLITO1,El Caballito,3956
0300L7-CABALLITO0,El Caballito,3957
0300L7-HIDALGO1,Hidalgo,3958
0300L7-HIDALGO0,Hidalgo,3959
0300L7-GTAVIOLETA1,Glorieta Violeta,3960
0300L7-GTAVIOLETA0,Glorieta Violeta,3961
0300L7-GARIBALDI1,Garibaldi,3962
0300L7-GARIBALDI0,Garibaldi,3963
0300L7-GTACUI0,Glorieta Cuitláhuac,3964
0300L7-TRESCULT1,Tres Culturas,3965
0300L7-TRESCULT0,Tres Culturas,3966
0300L7-PERALVILLO1,Peralvillo,3967
0300L7-PERALVILLO0,Peralvillo,3968
0300L7-MDOBEET1,Mercado Beethoven,3969
0300L7-MDOBEET0,Mercado Beethoven,3970
0300L7-MISTERIOS1,Misterios,3971
0300L7-MISTERIOS0,Misterios,3972
0300L7-CLAVE1,Clave,3973
0300L7-CLAVE0,Clave ,3974
0300L7-ROBLESDZ1,Robles Domínguez,3975
0300L7-ROBLESDZ0,Robles Domínguez,3976
0300L7-EXCELSIOR1,Excélsior,3977
0300L7-EXCELSIOR0,Excélsior,3978
0300L7-NECAXA1,Necaxa,3979
0300L7-NECAXA0,Necaxa,3980
0300L7-TALISMAN1,Av. Talismán,3981
0300L7-TALISMAN0,Av. Talismán,3982
0300L7-GARRIDO1,Garrido,3983
0300L7-GARRIDO0,Garrido,3984
0300L7-DELGAM,Delegación Gustavo A. Madero,3985
0300L7-HOSPINFVILL,Hospital Infantil La Villa,3986
0300L7-MISTERIOS,De Los Misterios,3987
0300L6-MISTERIOS,De Los Misterios,3987
0300L7-INDIOSVERDES,Indios Verdes,3988
0300L6-482,482,3989
0300L6-414,414,3990
0300L6-VILLARAGON,Villa de Aragón,3991
0300L6-FCOMORAZAN,Francisco Morazán,3992
0300L6-COLBACH9,Colegio de Bachilleres 9,3993
0300L6-416OTE,416 Oriente,3994
0300L6-PRADERA,La Pradera,3995
0300L6-VOLCANFUEGO,Volcán de Fuego,3996
0300L6-AMPLPROVID,Ampliación Providencia,3997
0300L6-DVOGALEANA,Deportivo Los Galeana,3998
0300L6-416PTE,416 Poniente,3999
0300L6-LORETOFABE,Loreto Fabela,4000
0300L6-PBLOARAGON,Pueblo San Juan de Aragón,4001
0300L6-CASASALEMAN,Casas Alemán,4002
0300L6-GRANCANAL,Gran Canal,4003
0300L6-JUANARAGON,San Juan de Aragón,4004
0300L6-HOSPGRALVILLA,Hospital General La Villa,4005
0300L6-MARTINCARR,Martín Carrera,4006
0300L6-DELGAM,Delegación Gustavo A. Madero,4007
0300L6-HOSPINFVILLA,Hospital Infantil La Villa,4008
0300L6-VILLA,La Villa,4009
0300L6-DVO18MZO,Deportivo 18 de Marzo,4010
0300L6-RIOBAMBA,Riobamba,4011
0300L6-IPN,Instituto Politécnico Nacional,4012
0300L6-BARTOLO,San Bartolo,4013
0300L6-INSTPETRO,Instituto del Petróleo,4014
0300L6-LIND-VALLEJO,Lindavista - Vallejo,4015
0300L6-MONTEVIDEO,Montevideo,4016
0300L6-NTE45,Norte 45,4017
0300L6-NTE59,Norte 59,4018
0300L6-TECNOPARQUE,Tecnoparque,4019
0300L6-UAMAZCAPOTZ,UAM Azcapotzalco,4020
0300L6-FERRONALES,Ferocarriles Nacionales,4021
0300L6-CULTURAS,De Las Culturas,4022
0300L6-COLBACH1,Colegio de Bachilleres 1,4023
0300L6-ROSARIO,El Rosario,4024
0300L5-PREPA1,Preparatoria 1,4025
0300L5-DIFXOCHIMIL,DIF Xochimilco,4026
0300L5-CTOCUEMANCO,Circuito Cuemanco,4027
0300L5-MUYUGUARDA,Muyuguarda,4028
0300L5-CANAVERALES,Cañaverales,4029
0300L5-CALZHUESO,Calzada del Hueso,4030
0300L5-VISTAHERMOSA,Vista Hermosa,4031
0300L5-BOMBAS,Las Bombas,4032
0300L5-TEPETLAPA,Tepetlapa,4033
0300L5-VIRGEN,La Virgen,4034
0300L5-MANUELASAENZ,Manuela Sáenz,4035
0300L5-ESIMECULHUACAN,ESIME Culhuacán,4036
0300L5-CAFETALES,Cafetales,4037
0300L5-CALZTASQUENA,Calzada Taxqueña,4038
0300L5-BARRIOSANANTO,Barrio San Antonio,4039
0300L5-PUEBLOREYES,Pueblo los Reyes,4040
0300L5-ERMITAIZTAPA,Ermita Iztapalapa,4041
0300L5-ATANASIOSARA,Atanasio G. Saravia,4042
0300L5-ESCUADRON201,Escuadrón 201,4043
0300L5-OTE116,Oriente 116,4044
0300L5-MCOYUYA,Metro Coyuya,4045
0300L5-HTALGRALTRONCO,Hospital General Troncoso,4046
0300L5-MIXIUHCA,Mixiuhca,4047
0300L5-AVTALLER,Avenida del Taller,4048
0300L5-VENUSTIANOCARR,Venustiano Carranza,4049
0300L4-LAZARO0,San Lázaro,4050
0300L4-LAZARO1,San Lázaro Oriente,4050
0300L5-SANLAZARO,San Lázaro Norte,4050
0300L5-ARCHGRALNAC,Archivo General de la Nación,4051
0300L5-MDOMORELOS,Mercado Morelos,4052
0300L5-DVOEDOMOLINA,Deportivo Eduardo Molina,4053
0300L5-CANALNTE,Canal del Norte,4054
0300L5-RIOREMEDIOS,Río de los Remedios,4055
0300L4-ALAMEDAOTE,Alameda Oriente,4056
0300L4-CALLE6,Calle 6,4057
0300L4-PANTITLAN,Pantitlán,4058
0300L4-AEROT2,Terminal 2 - Aeropuerto,4059
0300L4-AEROT1,Terminal 1 - Aeropuerto,4060
0300L4-ARCHGRALNAC1,Archivo General de la Nación,4061
0300L4-ARCHGRALNAC0,Archivo General de la Nación,4062
0300L4-MORELOS1,Morelos,4063
0300L4-MORELOS0,Morelos,4064
0300L4-FERROCINT1,Ferrocarril de Cintura,4065
0300L4-FERROCINT0,Ferrocarril de Cintura,4066
0300L4-MIXCALCO1,Mixcalco,4067
0300L4-MIXCALCO0,Mixcalco,4068
0300L4-TEATROPUEB1,Teatro del Pueblo,4069
0300L4-TEATROPUEB0,Teatro del Pueblo,4070
0300L4-REPARGEN1,República de Argentina,4071
0300L4-REPARGEN0,República de Argentina,4072
0300L4-REPCHILE1,República de Chile,4073
0300L4-REPCHILE0,República de Chile,4074
0300L4-TEATROBLAN1,Teatro Blanquita,4075
0300L4-TEATROBLAN0,Teatro Blanquita,4076
0300L4-BELLASARTES1,Bellas Artes,4077
0300L4-BELLASARTES0,Bellas Artes,4077
0300L4-HIDALGO1,Hidalgo,4078
0300L4-HIDALGO0,Hidalgo ,4078
0300L4-MUSEOSCARL1,Museo San Carlos,4079
0300L4-MUSEOSCARL0,Museo San Carlos,4079
0300L4-MOCTEZUMA,Moctezuma,4080
0300L4-EDOMOLINA,Eduardo Molina,4081
0300L4-HOSPBALBUE,Hospital Balbuena,4082
0300L4-CECILIOROB1,Cecilio Robelo,4083
0300L4-CECILIOROB0,Cecilio Robelo,4084
0300L4-MDOSONORA1,Mercado de Sonora,4085
0300L4-MDOSONORA0,Mercado de Sonora,4086
0300L4-CIRCUNVALA,Circunvalación,4087
0300L4-MERCED,La Merced,4088
0300L4-CRUCESNTE,Las Cruces Norte,4089
0300L4-CRUCESSUR,Las Cruces Sur,4090
0300L4-PINOSUAREZ,Pino Suárez,4091
0300L4-MUSEOCDAD0,Museo de la Ciudad,4092
0300L4-MUSEOCDAD1,Museo de la Ciudad,4092
0300L4-ISABELCATOLI0,Isabel la Católica,4093
0300L4-ISABELCATOLI1,Isabel la Católica,4093
0300L4-SALVADOR1,El Salvador,4094
0300L4-SALVADOR0,El Salvador,4095
0300L4-EJECTRAL1,Eje Central ,4096
0300L4-EJECTRAL0,Eje Central,4097
0300L4-MDOSANJUAN1,Mercados San Juan,4098
0300L4-MDOSANJUAN0,Mercados San Juan,4099
0300L3-JUAREZ,Juárez,4100
0300L4-JUAREZ1,Juárez,4100
0300L4-JUAREZ0,Juárez ,4101
0300L4-VOCA51,Vocacional 5,4102
0300L4-VOCA5,Vocacional 5,4103
0300L4-DEFENSPUBLIC,Defensoría Pública,4104
0300L4-DEFENSPUBLICA,Defensoría Pública,4104
0300L4-GTACOLON0,Amajac,4105
0300L4-PZAREPUBLI0,Plaza de la República ,4106
0300L4-PZAREPUBL1,Plaza de la República,4106
0300L4-MXTENOCH1,México Tenochtitlan,4107
0300L4-MXTENOCH0,México Tenochtitlan ,4107
0300L4-CUAUHTEMOC1,Cuahutémoc ,4108
0300L4-CUAUHTEMOC0,Cuahutémoc,4109
0300L4-BUENAVISTA,Buenavista,4110
0300L3-MIGUELLAURENT,Miguel Laurent,4111
0300L3-DIVISIONNTE,División del Norte,4112
0300L3-EUGENIA,Eugenia,4113
0300L3-LUZSAVINON,Luz Saviñón,4114
0300L3-OBREROMUNDIAL,Obrero Mundial,4115
0300L3-CENTROMEDICO,Centro Médico,4116
0300L3-DRMARQUEZ,Dr. Márquez,4117
0300L3-HOSPGENERAL,Hospital General,4118
0300L3-JARDINPUSHK,Jardín Pushkin,4119
0300L3-CUAUHTEMOC,Cuauhtémoc,4120
0300L3-BALDERAS,Balderas,4121
0300L3-HIDALGO,Hidalgo,4122
0300L3-MINA,Mina,4123
0300L3-GUERRERO,Guerrero,4124
0300L3-RFLORESMAGON,Ricardo Flores Magón,4125
0300L3-TLATELOLCO,Tlatelolco,4126
0300L3-TOLNAHUAC,Tolnáhuac,4127
0300L3-CIRCUITO,Circuito,4128
0300L3-RAZA,La Raza,4129
0300L3-HOSPRAZA,Hospital La Raza,4130
0300L3-HEROENACOZA,Héroe de Nacozari,4131
0300L3-CUITLAHUAC,Cuitláhuac,4132
0300L3-COLTONGO,Coltongo,4133
0300L3-MAGDASALINAS,Magdalena de las Salinas,4134
0300L3-PNTE 128,Poniente 128,4135
0300L3-PNTE134,Poniente 134,4136
0300L3-MONTEVIDEO,Montevideo,4137
0300L3-PNTE146,Poniente 146,4138
0300L3-PATERA,La Patera,4139
0300L3-JUPITER,Júpiter,4140
0300L3-TRESANEGAS,Tres Anegas,4141
0300L3-PROGRESONA,Progreso Nacional,4142
0300L3-SANJOSEESCA,San José de la Escalera,4143
0300L3-TENAYUCA,Tenayuca,4144
0300L3-ETIOPIA,Etiopía,4145
0300L2-GRALANTONIOLEO,General Antonio de León,4146
0300L2-TEPALCATES,Tepalcates,4147
0300L2-NICOLASBRAVO,Nicolás Bravo,4148
0300L2-CANALSANJUAN,Canal de San Juan ,4149
0300L2-CONSTAPATZIN,Constitución de Apatztingán,4150
0300L2-CCHOTE,CCH Oriente,4151
0300L2-LEYESREFORMA,Leyes de Reforma,4152
0300L2-DELMORAL,Del Moral,4153
0300L2-RIOFRIO,Río Frío,4154
0300L2-ROJOGOMEZ,Rojo Gómez,4155
0300L2-RIOMAYO,Río Mayo,4156
0300L2-RIOTECOLUTLA,Río Tecolutla,4157
0300L2-RODEO,El Rodeo,4158
0300L2-UPIICSA,UPIICSA,4159
0300L2-IZTACALCO,Iztacalco,4160
0300L2-GOMA,Goma,4161
0300L2-TLACOTAL,Tlacotal,4162
0300L2-CANELA,Canela,4163
0300L2-METROCOYUYA,Metro Coyuya,4164
0300L2-COYUYA,Coyuya,4165
0300L2-LAVIGA,La Viga,4166
0300L2-ANDRESMOLI,Andrés Molina,4167
0300L2-AMERICAS,Las Américas,4168
0300L2-XOLA,Xola,4169
0300L2-ALAMOS,Alamos,4170
0300L2-CENTROSCOP,Centro SCOP,4171
0300L2-DRVERTIZ,Doctor Vértiz,4172
0300L2-ETIOPIA,Etiopía,4173
0300L2-AMORES,Amores,4174
0300L2-VIADUCTO,Viaducto,4175
0300L2-NVOLEON,Nuevo León,4176
0300L2-ESCANDON,Escandón,4177
0300L2-PATRIOTISMO,Patriotismo,4178
0300L2-DELASALLE,De La Salle,4179
0300L2-ANTONMACEO,Antonio Maceo,4180
0300L2-TACUBAYA,Tacubaya,4181
0300L2-PARQUELIRA,Parque Lira,4182
0300L3-BUENAVISTA,Buenavista,4183
0300L1-GLORIETA-1,Glorieta Insurgentes,4184
0300L1-GLORIETA-0,Glorieta Insurgentes,4185
0300L1-CAMINERO,El Caminero,4186
0300L1-LAJOYA,La Joya,4187
0300L1-STAURSULA,Santa Ursula,4188
0300L1-FUENTESBROTAN,Fuentes Brotantes,4189
0300L1-AYUNTAMIENTO,Ayuntamiento,4190
0300L1-CORREGIDORA,Corregidora,4191
0300L1-VILLAOLIMPICA,Villa Olímpica,4192
0300L1-PERISUR,Perisur,4193
0300L1-CCU,CCU,4194
0300L1-CU,Ciudad Universitaria,4195
0300L1-DRGALVEZ,Dr. Gálvez,4196
0300L1-BOMBILLA,La Bombilla,4197
0300L1-ALTAVISTA,Altavista,4198
0300L1-OLIVO,Olivo,4199
0300L1-FRANCIA,Francia,4200
0300L1-JOSEMRIAVELAS,José María Velasco,4201
0300L1-TEATROINSURG,Teatro de los Insurgentes,4202
0300L1-RIOCHURU,Río Churubusco,4203
0300L1-FELIXCUEVAS,Felix Cuevas,4204
0300L1-PARQUEHUND,Parque Hundido,4205
0300L1-CIUDADDEPORTES,Ciudad de los Deportes,4206
0300L1-COLDELVALLE,Colonia del Valle,4207
0300L1-NAPOLES,Nápoles,4208
0300L1-POLIFORUM,Poliforum,4209
0300L1-LAPIEDAD,La Piedad,4210
0300L1-NVOLEON,Nuevo León,4211
0300L1-CHILPANCINGO,Chilpancingo,4212
0300L1-CAMPECHE,Campeche,4213
0300L1-SONORA,Sonora,4214
0300L1-ALVAROOBRE,Álvaro Obregón,4215
0300L1-DURANGO,Durango,4216
0300L1-HAMBURGO,Hamburgo,4217
0300L1-REFORMA,Reforma,4218
0300L1-PLAZAREPU,Plaza de la República,4219
0300L1-REVOLUCION,Revolución,4220
0300L1-ELCHOPO,El Chopo,4221
0300L1-BUENAVISTA,Buenavista,4222
0300L1-MANUELGLEZ,Manuel González,4223
0300L1-SANSIMON,San Simón,4224
0300L1-CIRCUITO,Circuito,4225
0300L1-LARAZA,La Raza,4226
0300L1-POTRERO,Potrero,4227
0300L1-EUZKARO,Euzkaro,4228
0300L1-DVO18MARZO,Deportivo 18 de Marzo,4229
0300L1-INDIOSVERDES,Indios Verdes,4230
03SL01-ATACUBAYA,Alameda Tacubaya,4231
03SL01-SALLE,De La Salle,4232
03SL01-SALLEOP,De La Salle,4233
03SL09-VELODASC,Velódromo,4234
03SL09-PUEBLAOP,Puebla,4235
03SL09-PUEBLAPO,Puebla,4235
03SL09-PANTIASC,Pantitlán,4236
03SL09-PANTIDESC,Pantitlán,4237
03SL09-VELODESC,Velódromo,4238
040010-TULIPAN,Tulipán,4239
040010-ACAHUALT,Acahualtepec,4240
040010-ACATITL,Acatitlán,4241
040010-TECOLOXT,Tecoloxtitlán,4242
040010-IZTAHUAT,Iztahuatzín,4243
040010-ATZINTLI,Atzintlí,4244
040010-AZTAHUAC,Aztahuacán,4245
040010-PAPALOTL,Papalotl,4246
040010-MEYEHUAL,Meyehualco,4247
040010-DVOSTACRUZ,Dvo. Santa Cruz,4248
040010-CONST1917,Constitución de 1917,4249
0400L8-CDAMSTAMPA,Cerrada Manuel Stampa,4250
0400L8-ENCBIOLOGICA,Escuela Nacional de Ciencias Biológicas,4251
0400L8-ENCBIOLOGICAS,Escuela Nacional de Ciencias Biológicas,4251
0400L9-JMMATA,José María Mata,4252
0400L9-JOAQUINGARC,Joaquín García,4253
0400L9-RAIZAGUA,Raíz del Agua,4254
0400L9-CHINAMPAS,Chinampas,4255
0400L9-CANALAPATLA,Apatlaco,4256
0400L9-GIRASOL,Girasol,4257
0400L9-RIOCHURUBUS,Río Churubusco,4258
0400L9-MAGUEY,Maguey,4259
0400L9-ZACATE,Zacate,4260
0400L9-CORALES,Corales,4261
0400L9-IZTACALCO,Iztacalco,4262
0400L9-SANANGELINN,Estudios San Ángel Inn,4263
0400L9-CANALTEZONTLE,Canal de Tezontle,4264
0400L9-ESTCHURUBUS,Estudios Churubusco,4265
0400L9-JUANALVAREZ,Juan Alvarez,4266
0400L9-VGOMEZFARIAS,Valentín Gómez Farías,4267
0400L9-MELCHOROCA,Melchor Ocampo,4268
0400L9-ANTROPOLOGOS,Antropólogos,4268
0400L9-MARTIRESRIO1,Martítes de Río Blanco,4269
0400L9-MARTIRESRIO0,Martíres de Río Blanco,4269
0400L9-CALZVIGA1,Calz. de la Viga,4270
0400L9-CALZVIGA0,Calz. de la Viga,4271
0400L9-PLAYACORTES0,Playa Cortés,4272
0400L9-PLAYACORTES1,Playa Cortés,4272
0400L9-PLAYAMIRADOR1,Playa Mirador,4273
0400L9-PLAYAMIRADOR0,Playa Mirador,4273
0400L9-PLAYAMIRAMAR0,Playa Miramar,4274
0400L9-PLAYAMIRAMAR1,Playa Miramar,4274
0400L9-ANDRESMOLINA,Andrés Molina Enríquez,4275
0400L9-PLAYAOLAVER0,Playa Ola Verde,4276
0400L9-PLAYAOLAVER1,Playa Ola Verde,4276
0400L9-ELIASCALLES1,Plutarco Elías Calles,4277
0400L9-ELIASCALLES0,Plutarco Elías Calles,4278
0400L9-FCOFDEZCASTIL,Francisco Fernández del Castillo,4279
0400L9-JREVUELTAS,José Revueltas,4280
0400L9-JAVIERSOROND1,Javier Sorondo,4281
0400L9-VIRGINIA,Virginia,4282
0400L9-JAVIERSOROND0,Javier Sorondo,4283
0400L9-VILLACORTES,Villa de Cortés,4284
0400L9-TLALPAN,Tlalpan,4285
0400L8-QUESO,El Queso,4286
0400L8-ZACATENCO,Zacatenco,4287
0400L8-OROYA,Oroya,4287
0400L8-CENLEX0,Cenlex,4288
0400L8-CENLEX1,Cenlex,4288
0400L8-AV45METROS,Av. 45 Metros,4289
0400L8-PLANETARIO,Planetario,4290
0400L8-CTROFEDUCA1,Centro de Formación Educativa,4291
0400L8-CTROFEDUCA0,Centro de Formación Educativa,4291
0400L8-VIACETI,Vía Ceti,4292
0400L8-OTAVALO,Otavalo,4293
0400L8-MONTEVIDEO,Montevideo,4294
0400L8-WILFRIDOMASS,Wilfrido Massieu,4295
0400L8-POLIOTE,Politécnico Oriente,4296
0400L8-POLIPTE,Politécnico Poniente,4297
0400L8-JOTHONMENDI0,J. Othón de Mendizabal,4298
0400L80JOTHONMENDI0,J. Othón de Medizabal,4299
0400L8-AVCTRAL,Av. Central,4300
0400L8-JUANDIOSBATIZ0,Juan de Dios Bátiz,4301
0400L8-JUANDIOSBATIZ1,Juan de Dios Bátiz,4301
0400L8-ESCOM1,ESCOM,4302
0400L8-ESCOM0,ESCOM,4302
0400L8-MALUISASTAMP1,Ma. Luisa Stampa Ortigoza,4303
0400L8-MALUISASTAMP0,Ma. Luisa Stampa Ortigoza,4303
0400L8-CTRALICOMPUT0,Central de Inteligencia de Cómputo,4304
0400L8-CTRALICOMPUT1,Central de Inteligencia de Cómputo,4304
0400L8-CANCHAPIELESRO,Cancha de Entrenamiento Pieles Rojas,4305
0400L8-SRIAEXTDIF,Secretaría de Extensión y Difusión,4305
0400L8-BIBLIOTECAESIA,Biblioteca ESIA,4306
0400L8-11ESIA1,Edif. 11 ESIA,4307
0400L8-11ESIA0,Edif. 11 ESIA,4307
0400L8-MANUNDABARRETO,Manuel de Anda y Barredo,4308
0400L8-10ESIA,Edif. 10 ESIA,4308
0400L8-8ESIQIE1,Edif. 8 ESIQIE,4309
0400L8-8ESIQIE0,Edif. 8 ESIQIE,4309
0400L8-6ESIQIE0,Edif. 6 ESIQIE,4310
0400L8-6ESIQIE1,Edif. 6 ESIQIE,4310
0400L8-4ESIME0,Edif. 4 ESIME,4311
0400L8-4ESIME1,Edif. 4 ESIME,4311
0400L8-2ESIME1,Edif. 2 ESIME,4312
0400L8-2ESIME0,Edif. 2 ESIME,4312
0400L8-1ESIME1,Edif. 1 ESIME,4313
0400L8-1ESIME0,Edif. 1 ESIME,4313
0400L6-CHAPULTEPEC,Chapultepec,4314
0400L6-VICTORHUGO,Victor Hugo,4315
0400L6-TOLSTOI,Tolstoi,4316
0400L6-MNOESCOBEDO,Mariano Escobedo,4317
0400L6-CPOSELISEOS1,Campos Elíseos,4318
0400L6-CPOSELISEOS0,Campos Elíseos,4318
0400L6-AVPTEMAZARIK1,Av. Presidente Masaryk,4319
0400L6-AVPTEMAZARIK0,Av. Presidente Masaryk,4320
0400L6-HORACI1,Horacio,4321
0400L6-HORACI0,Horacio,4322
0400L6-HOMER1,Homero,4323
0400L6-HOMER0,Homero,4324
0400L6-NEWTON0,Newton,4325
0400L6-NEWTON1,Newton,4325
0400L6-LAGOALBERT`1,Lago Alberto,4326
0400L6-LAGOALBERT0,Lago Alberto,4326
0400L6-LAGUNAMAYR1,Laguna de Mayrán,4327
0400L6-LAGUNAMAYR0,Laguna de Mayrán,4328
0400L6-LAGUNATERS1,Laguna de Términos,4329
0400L6-LAGUNATERS0,Laguna de Términos,4330
0400L6-LAGOBOLSE0,Lago Bolsena,4331
0400L6-LAGOBOLSE1,Lago Bolsena,4331
0400L6-AVMARINANAL1,Av. Marina Nacional,4332
0400L6-LAGOARDA,Lago Garda,4333
0400L6-AVMARINANAL0,Av. Marina Nacional,4333
0400L6-FPECARRILLOPT1,Felipe Carrillo Puerto,4334
0400L6-FPECARRILLOPT0,Felipe Carrillo Puerto,4335
0400L6-MARCANTABR1,Mar Cantábrico,4336
0400L6-MARCANTABR0,Mar Cantábrico,4337
0400L6-CALZMX-TAC1,Calz. México Tacuba,4338
0400L6-CALZMX-TAC0,Calz. México Tacuba,4339
0400L6-JSANCHEZTRU1,J. Sánchez Trujillo,4340
0400L6-JSANCHEZTRU0,J. Sánchez Trujillo,4341
0400L6-PTE440,Poniente 44,4342
0400L6-PTE441,Poniente 44,4342
0400L6-PTE48,Poniente 48,4343
0400L6-BEGONIAS,Begonias,4344
0400L6-CLAVERIA1,Clavería,4345
0400L6-CLAVERIA0,Clavería,4345
0400L6-PTE620,Poniente 62,4346
0400L6-PTE621,Poniente 62,4346
0400L6-GTACAMARON,Glorieta de Camarones,4347
0400L5-FELIPEJESUS,San Felipe de Jesús,4348
0400L5-YANGTSE,Valle de Yang Tse,4349
0400L5-SIERRAHERM,Sierra Hermosa,4350
0400L5-VALLEYUKON,Valle Yukón,4351
0400L5-VALLEZAMBEZI,Valle Zambezi,4352
0400L5-TEPATITLAN,Tepatitlan,4353
0400L5-CALPULALPAN1,Calpulalpan,4354
0400L5-CALPULALPAN0,Calpulalpan,4354
0400L5-VILLAYALA0,Villa de Ayala,4355
0400L5-VILLAYALA1,Villa de Ayala,4356
0400L5-EDOTABASC0,Estado de Tabasco,4357
0400L5-EDOTABASC1,Estado de Tabasco,4357
0400L5-EDOXACA1,Estado de Oaxaca,4358
0400L5-EDOXACA0,Estado de Oaxaca,4358
0400L5-EDOMORELOS1,Estado de Morelos,4359
0400L5-EDOMORELOS0,Estado de Morelos,4359
0400L5-CONSTREPU0,Constitución de la República,4360
0400L5-EDOTAMAULI,Estado de Tamaulipas,4361
0400L5-EDOSINALOA0,Estado de Sinaloa,4362
0400L5-EDOSINALOA1,Estado de Sinaloa,4362
0400L5-CNOUNION,Camino de la Unión,4363
0400L5-CONSTREPU,Constitución de la República,4363
0400L5-CNOSUR,Camino Sur,4364
0400L5-FCOMORAZAN,Francisco Morazán,4365
0400L5-DVOGALEANA0,Deportivo Los Galeana,4366
0400L5-DVOGALEANA1,Deportivo Los Galeana,4366
0400L5-PTOMAZATLAN0,Puerto de Mazatlán,4367
0400L5-PTOMAZATLAN1,Puerto de Mazatlán,4367
0400L5-PTOTAMPIC1,Puerto de Tampico,4368
0400L5-PTOTAMPIC0,Puerto de Tampico,4369
0400L5-CNOJUANARAGON,Camino de San Juan de Aragón,4370
0400L5-LORETOFABELA,Loreto Fabela,4371
0400L5-PTOTLACOTALPA1,Puerto de Tlacotalpan,4372
0400L5-PTOTLACOTALPA0,Puerto de Tlacotalpan,4372
0400L5-PTOPROGRESO,Puerto Progreso,4373
0400L5-PTOBARRANAU,Puerto de Barra de Nautla,4374
0400L5-PTOACAPULC1,Puerto de Acapulco,4375
0400L5-PTOACAPULC0,Puerto de Acapulco,4376
0400L5-PTOGUAYMAS,Puerto de Guaymas,4377
0400L5-PTOSANBLAS,Puerto de San Blas,4378
0400L5-PTOCOATZACOA,Puerto de Coatzacoalcos,4379
0400L5-PTOCOZUMEL,Puerto de Cozumel,4380
0400L5-PTOCADIZ1,Puerto de Cádiz,4381
0400L5-PTOCADIZ0,Puerto de Cádiz,4381
0400L5-GRANCANAL0,Gran Canal,4382
0400L5-GRANCANAL1,Gran Canal,4382
0400L5-ARCOSARAG1,Arcos de Aragón,4383
0400L5-ARCOSARAG0,Arcos de Aragón,4384
0400L5-CLINICA23IMSS,Clínica 23 IMSS,4385
0400L5-EDOMOLINA1,Eduardo Molina,4386
0400L5-EDOMOLINA0,Eduardo Molina,4387
0400L5-SANJUAN1,San Juan,4388
0400L5-SANJUAN0,San Juan,4389
0400L5-HDELAVILLA,Hospital de la Villa,4390
0400L5-FFCCHGO,FF. CC. Hidalgo,4391
0400L5-MTINCARRERA1,Martín Carrera,4392
0400L5-MTINCARRERA0,Martín Carrera,4393
0400L5-CASAPEREGRIN1,Casa del Peregino Juan Diego,4394
0400L5-CASAPEREGRIN0,Casa del Peregrino Juan Diego,4394
0400L5-CALZSANJUANARA,Calzada San Juan de Aragón,4395
0400L5-5FEBRERO0,5 de Febrero,4395
0400L5-PLAZAMARIANA,Plaza Mariana,4396
0400L5-GRALVTEVILLAD,General Vicente Villada,4397
0400L5-CUAUHTEMOC,Cuauhtémoc,4398
0400L5-5FEBRERO,5 de Febrero,4399
0400L5-HIDALGO,Hidalgo,4400
0400L5-GRALMARTINCARR,General Martín Carrera,4401
0400L5-GRALMNOSALAS,General Mariano Salas,4402
0400L5-ZARAGOZA,Zaragoza,4403
0400L5-MONTEVIDEO,Montevideo,4404
0400L5-GARRIDO,Garrido,4405
0400L5-RICARTE,Ricarte,4406
0400L5-MOCTEZUMA1,Moctezuma,4407
0400L5-FORTUNA,Fortuna,4408
0400L5-EUZKARO,Euzkaro,4409
0400L5-TALISMAN,Talismán,4410
0400L5-RIOBLANCO,Río Blanco,4411
0400L5-JOYAS,Joyas,4412
0400L5-VICTORIA0,Victoria,4413
0400L5-VICTORIA1,Victoria,4414
0400L5-EXCELSIOR,Excélsior,4415
0400L5-HENRYFORD,Henry Ford,4416
0400L5-BASILIORO,Basilio Romo Anguiano,4417
0400L4-CMISTERIOS0,Calzada de los Misterios,4418
0400L5-ROBLESDGUEZ,Robles Domínguez,4418
0400L5-NOE,Noé,4419
0400L5-DONIZETTI,Donizetti,4420
0400L5-JULIETA,Julieta,4421
0400L5-RIOCONSUL1,Río Consulado,4422
0400L5-RIOCONSUL0,Río Consulado,4423
0400L5-BEETHOV,Beethoven,4424
0400L5-TELURIO,Telurio,4425
0400L5-JUVENROSAS,Juventino Rosas,4426
0400L5-HIERRO,Hierro,4427
0400L5-COBRE,Cobre,4428
0400L5-MANUGLEZ,Manuel González,4429
0400L5-CANALNTE,Canal del Norte,4430
0400L5-TLATELOLC,Tlatelolco,4431
0400L5-CONSCIA,Constancia,4431
0400L5-FLORESMAGON,Flores Magón,4432
0400L5-MATAMOROS1,Matamoros,4433
0400L5-GLEZBOCANE,González Bocanegra,4433
0400L5-GARIBALDI0,Garibaldi,4434
0400L5-GARIBALDI1,Garibaldi,4435
0400L5-MOCTEZUMA,Moctezuma,4436
0400L5-LERDO,Lerdo,4437
0400L5-VTRUJANO,V. Trujano,4438
0400L5-MHIDALG1,Metro Hidalgo,4439
0400L5-SAT,SAT,4440
0400L5-MHIDALG0,Metro Hidalgo,4441
0400L4-C14IMSS,Clínica 14 IMSS,4442
0400L4-BOULEVARDPTO,Boulevard Puerto Aéreo,4443
0400L4-OTE180,Oriente 180,4444
0400L4-NTE17,Norte 17,4445
0400L4-NTE21,Norte 21,4446
0400L4-NTE25II,Norte 25 II,4447
0400L4-NTE25I,Norte 25 I,4448
0400L4-NTE33,Norte 33,4449
0400L4-NTE37,Norte 37,4450
0400L4-PERSIA,Persía,4451
0400L4-TRANSVAAL,Transvaal,4452
0400L4-FORMOSA,Formosa,4453
0400L4-PEKIN,Pekín,4454
0400L4-CALLE509,Calle 509,4455
0400L4-CALLE5091,Calle 509,4455
0400L4-AV503,Av. 503,4456
0400L4-NTE920,Norte 92,4457
0400L4-NTE92,Norte 92,4457
0400L4-NTE84,Norte 84,4458
0400L4-NTE66A,Norte 66-A,4459
0400L4-NTE54A,Norte 54-A,4460
0400L4-BUENTONO1,Buen Tono,4461
0400L4-AUER,Auer,4462
0400L4-AVJARDIN1,Av. Jardín,4463
0400L4-AVJARDIN,Av. Jardín,4463
0400L4-FCENTRAL,F.C. Central,4464
0400L4-PINA,PiNa,4465
0400L4-AVCUITLAHUAC,Av. Cuitláhuac,4466
0400L4-GTACAMARON0,Glorieta de Camarones,4466
0400L4-NUBIA,Nubia,4467
0400L4-AVAZCAPOTZ,Av. Azcapotzalco,4468
0400L4-CAMARONES,Camarones,4469
0400L4-HIDALGO,Hidalgo,4470
0400L4-CENTEOTL,Centéotl,4471
0400L4-ZEMPOAL,Zempoaltecas,4472
0400L4-PTEGUERRA,Puente de Guerra,4473
0400L4-HACIENDASOTELO,Hacienda Sotelo,4474
0400L4-EDIFICIO26B,Edificio 26-B,4475
0400L4-AVAQUILES,Av. Aquiles Serdán,4476
0400L4-PESCADORES,Pescadores,4477
0400L4-MECANICOS,Mecánicos,4478
0400L4-AVCULTURAS,Av. de las Culturas,4479
0400L4-ROSARIO,El Rosario,4480
0400L4-TIERRANEGRA,Tierra Negra,4481
0400L4-AVANGELES,Av. de los Ángeles,4482
0400L4-DTOROSARIO,Depósito El Rosario,4483
0400L4-AZTACALC,Aztacalco,4484
0400L4-COLBACH1,Bachilleres 1,4485
0400L4-CARBONO,Carbono,4486
0400L4-HIDROGENO,Hidrógeno,4487
0400L4-CRANAHUATL1,Cultura Náhuatl,4488
0400L4-CRANAHUATL0,Cultura Náhuatl,4489
0400L4-ALFAREROS1,Alfareros,4490
0400L4-ALFAREROS0,Alfareros,4491
0400L4-RENACIMIEN,Renacimiento,4492
0400L4-NISSAN,Frente a Nissan,4493
0400L4-SROSARIO,Soriana El Rosario,4494
0400L4-AVROSARIO,Av. del Rosario,4495
0400L4-TIERRANVA,Tierra Nueva,4496
0400L4-CCHAZCAPOT1,CCH Azcapotzalco,4497
0400L4-CCHAZCAPOT0,CCH Azcapotzalco,4498
0400L4-TIERRAINDOM,Tierra Indomita,4499
0400L4-AHUEHUETES,Ahuehuetes,4500
0400L4-SAUCES,Sauces,4501
0400L4-AQUILESERDAN1,Aquiles Serdán,4502
0400L4-AQUILESERDAN0,Aquiles Serdán,4503
0400L4-16SEPT,16 de Septiembre,4504
0400L4-STODGO1,Santo Domingo,4505
0400L4-STODGO0,Santo Domingo,4506
0400L4-FFCCNLES1,FFCC. Nacionales,4507
0400L4-FFCCNLES0,FFCC. Nacionales,4508
0400L4-ANDALUCIA,Andalucia,4509
0400L4-ZARAGOZA,Zaragoza,4510
0400L4-AHUACATITLA,Ahuacatitla,4511
0400L4-NVAJERUSALEN,Nueva Jerusalén,4512
0400L4-MINERVA,Minerva,4513
0400L4-22FEBRER1,22 de Febrero,4514
0400L4-22FEBRER0,22 de Febrero,4515
0400L4-2DACDATULA,2a cda. de Tula,4516
0400L4-NTE87,Norte 87,4517
0400L4-SALONICA1,Salónica,4517
0400L4-SALONICA0,Salónica,4518
0400L4-GTACAMARON1,Glorieta de Camarones,4519
0400L4-SNACUITLAHUAC,Soriana Cuitláhuac,4520
0400L4-AVNUECES,Av. Nueces,4521
0400L4-PLANSANLUIS1,Plan de San Luis,4522
0400L4-PLANSANLUIS0,Plan de San Luis,4523
0400L4-CERDENA,CerdeNa,4524
0400L4-CEYLAN1,Ceylan,4525
0400L4-CEYLAN0,Ceylan,4526
0400L4-CALLE121,Calle 12,4527
0400L4-CALLE120,Calle 12,4527
0400L4-CTRALSUR1,Central Sur,4528
0400L4-CTRALSUR0,Central Sur,4529
0400L4-CALLE28,Calle 28,4530
0400L4-CVALLEJO1,C. Vallejo,4530
0400L4-CVALLEJO0,C. Vallejo,4531
0400L4-NTE1G,Norte 1-G,4532
0400L4-REALMONTE1,Real del Monte,4533
0400L4-REALMONTE0,Real del Monte,4534
0400L4-BUENTONO,Buen Tono,4535
0400L4-CMISTERIOS1,Calzada de los Misterios,4536
0400L4-CGPE1,Calzada de Guadalupe,4537
0400L4-CGPE0,C. de Guadalupe,4538
0400L4-GRACIELA0,Graciela,4539
0400L4-GRACIELA1,Graciela,4539
0400L4-FCHIDALGO1,F. C. Hidalgo,4540
0400L4-FCHIDALGO0,F. C.  Hidalgo,4541
0400L4-NTE58,Norte 58,4542
0400L4-CONGRESOUNI1,Congreso de la Unión,4543
0400L4-CONGRESOUNI0,Congreso de la Unión,4544
0400L4-NTE70,Norte 70,4545
0400L4-NTE72A1,Norte 72,4546
0400L4-NTE72A0,Norte 72-A,4547
0400L4-EDOMOLINA1,Eduardo Molina,4548
0400L4-EDOMOLINA0,Eduardo Molina,4549
0400L4-NTE84A,Norte 84-A,4550
0400L4-DVOFCOZARCO,Deportivo Francisco Zarco,4551
0400L4-3RACDAAV503,3ra. cda. Av 503,4552
0400L4-AV506,Av. 506,4553
0400L4-CALLE525,Calle 525,4554
0400L4-AV535,Av. 535,4555
0400L4-CALLE549,Calle 549,4556
0400L4-OCEANIA1,Oceanía,4557
0400L4-OCEANIA0,Oceanía,4557
0400L4-MORELOS,Morelos,4558
0400L4-AVPENON1,Av. del PeNón,4559
0400L4-AVPENON0,Av. del PeNón,4560
0400L4-TNALAEREA,Terminal Aérea,4561
0400L4-NTE25,Norte 25,4562
0400L4-NTE13,Norte 13,4563
0400L4-PLAZAEROPTO,Plaza Aeropuerto,4564
0400L4-MPTOAEREO,Metro Boulevard Puerto Aéreo,4565
0400L3-MIXCOACSUR,Mixcoac Sur,4566
0400L3-MIXCOACNTE,Mixcoac Norte,4566
0400L3-PATRIOTISM1,Patriotismo,4567
0400L3-PATRIOTISM0,Patriotismo,4567
0400L3-POUSSIN1,Poussin,4568
0400L3-POUSSIN0,Poussin,4568
0400L3-AUGUSTORODIN1,Augusto Rodín,4569
0400L3-AUGUSTORODIN0,Augusto Rodín,4570
0400L3-JEREZ,Jerez,4571
0400L3-SANTANDER,Santander,4572
0400L3-INSURGENTESUR1,Insurgentes Sur,4573
0400L3-INSURGENTESUR0,Insurgentes Sur,4573
0400L3-TEJOCOTES,Tejocotes,4574
0400L3-SANFCO0,San Francisco,4575
0400L3-SANFCO1,San Francisco,4575
0400L3-MORAS1,Moras,4576
0400L3-MORAS0,Moras,4576
0400L3-ADOLFOPRIETO,Adolfo Prieto,4577
0400L3-HOSP20NOV1,Hospital 20 de Noviembre,4578
0400L3-HOSP20NOV0,Hospital 20 de Noviembre,4578
0400L3-GABRIELMANCE,Gabriel Mancera,4579
0400L3-ANICETORTE1,Aniceto Ortega,4580
0400L3-ANICETORTE0,Aniceto Ortega,4580
0400L3-ZAPATAII1,Zapata II,4581
0400L3-ZAPATAII0,Zapata II,4581
0400L3-ZAPATAI0,Zapata I,4582
0400L3-ZAPATAI1,Zapata I,4582
0400L3-AVMEXICO,Av. México,4583
0400L3-CUAUHTEMOC1,Cuauhtémoc,4584
0400L3-CUAUHTEMOC0,Cuauhtémoc,4585
0400L3-PARQUEVENAD,Parque de los Venados,4586
0400L3-UXMAL,Uxmal,4587
0400L3-CTROREHABILI,Centro de Rehabilitación,4588
0400L3-DIVISIONTE1,División del Norte,4589
0400L3-DIVISIONTE0,División del Norte,4590
0400L3-DRVERTIZ,Dr. Vértiz,4591
0400L3-TOKIO1,Tokio,4592
0400L3-TOKIO0,Tokio,4593
0400L3-EJECTRAL1,Eje Central,4594
0400L3-EJECTRAL0,Eje Central,4595
0400L3-CANARIAS,Canarias,4596
0400L3-BELGICA,Bélgica,4597
0400L3-BALBOA,Balboa,4598
0400L3-MIRAVALLE,Miravalle,4599
0400L3-ELIASCALLES1,Plutarco Elías Calles,4600
0400L3-ELIASCALLES0,Plutarco Elías Calles,4601
0400L3-SUR69A,Sur 69-A,4602
0400L3-SUR73,Sur 73,4603
0400L3-ARBOLEDAS,Arboledas,4604
0400L3-MUSEOTRANS,Museo de Transportes Eléctricos,4605
0400L2-PANTITLAN,Pantitlán,4606
0400L2-CALZIZARAGOZA1,Calzada Ignacio Zaragoza,4607
0400L2-CALZIZARAGOZA0,Calzada Ignacio Zaragoza,4608
0400L2-PUEBLA1,Puebla,4609
0400L2-PUEBLA0,Puebla,4610
0400L2-PUERTA81,Puerta 8,4611
0400L2-PUERTA80,Puerta 8,4612
0400L2-CDADEPORT1,Ciudad Deportiva,4613
0400L2-CDADEPORT0,Ciudad Deportiva,4614
0400L2-AVRIOCHURU,Av. Río Churubusco,4615
0400L2-PALACIODEPOR,Palacio de los Deportes,4616
0400L2-ESEF,ESEF,4617
0400L2-VELODRO1,Velódromo,4618
0400L2-VELODRO0,Velódromo,4619
0400L2-RADAMESTRE,Ramadés TreviNo,4620
0400L2-GENAROGCIA,Genaro García,4621
0400L2-RETORNO39,Retorno 39,4622
0400L2-JAMAICA,Jamaica,4623
0400L2-CONGRESOUNI1,Congreso de la Unión,4624
0400L2-INDUSTRIA,Industria,4625
0400L2-MIXIUHCA,Mixiuhca,4626
0400L2-FDOIGLESIAS1,Fernando Iglesias,4627
0400L2-FDOIGLESIAS0,Fernando Iglesias,4628
0400L2-ANTOPENAREY,Antonio Peña y Reyes,4629
0400L2-ACONCHI,Aconchi,4630
0400L2-CUCURPE,Cucurpe,4631
0400L2-TALLER,Del Taller,4632
0400L2-CONGRESOUNI0,Congreso de la Unión,4633
0400L2-TORNO0,Torno,4634
0400L2-TORNO1,Torno,4634
0400L2-CALLERESU,Callejón Resurrección,4635
0400L2-CALZVIGA1,Calzada de la Viga,4636
0400L2-CALZVIGA0,Calzada de la Viga,4637
0400L2-CLAVIJER1,Clavijero,4638
0400L2-CLAVIJER0,Clavijero,4639
0400L2-TLALPAN,Tlalpan,4640
0400L2-JANTONIOTOR,José Antonio Torres,4641
0400L2-5FEBRERO1,5 de Febrero,4642
0400L2-5FEBRERO0,5 de Febrero,4643
0400L2-ISABELACATO1,Isabel la Católica,4644
0400L2-ISABELACATO0,Isabel la Católica,4645
0400L2-BOLIVAR1,Bolívar,4646
0400L2-BOLIVAR0,Bolívar,4647
0400L2-EJECTRAL1,Eje Central,4648
0400L1-MANUELJOTH1,Manuel J. Othon,4648
0400L2-EJECTRAL0,Eje Central,4649
0400L2-DRANDRADE1,Dr. Andrade,4650
0400L2-DRANDRADE0,Dr. Andrade,4651
0400L2-DRVERTIZ1,Dr. Vértiz,4652
0400L2-DRVERTIZ0,Dr. Vértiz,4653
0400L2-NINOSHEROES,Niños Héroes,4654
0400L2-DRJIMENEZ,Dr. Jiménez,4655
0400L2-DRLUCIO1,Dr. Lucio,4656
0400L2-DRLUCIO0,Dr. Lucio,4657
0400L2-CUAUHTEMOC1,Cuauhtémoc,4658
0400L2-CUAUHTEMOC0,Cuauhtémoc,4659
0400L2-MERIDA1,Mérida,4660
0400L2-MERIDA0,Mérida,4661
0400L2-ORIZABA1,Orizaba,4662
0400L2-ORIZABA0,Orizaba,4663
0400L2-TONALA1,Tonalá,4664
0400L2-TONALA0,Tonalá,4665
0400L2-MONTERREY,Monterrey,4666
0400L2-QRO,Querétaro,4667
0400L2-INSURGENTESUR1,Insurgentes Sur,4668
0400L2-INSURGENTESUR0,Insurgentes Sur,4669
0400L2-ALVAROBREG,Álvaro Obregón,4670
0400L2-CACAHUAMILP,Cacahuamilpa,4671
0400L2-SONORA1,Sonora,4672
0400L2-PARQUESPA,Parque EspaNa,4673
0400L2-DURANGO,Durango,4674
0400L2-SONORA0,Sonora,4675
0400L2-CHAPULTEP,Chapultepec,4676
0400L1-PTE1121,Poniente 112,4677
0400L1-RIOCONSUL1,Río Consulado,4678
0400L1-RIOCONSUL0,Río Consulado,4678
0400L1-FELIPEVILLA1,Felipe Villanueva,4679
0400L1-FELIPEVILLA0,Felipe Villanueva,4679
0400L1-CHOPIN1,Chopin,4680
0400L1-GRANADOS1,Granados,4681
0400L1-MANUELGLEZ1,Manuel González,4682
0400L1-FLORESMAG1,Flores Magón,4683
0400L1-LUNA1,Luna,4684
0400L1-LUNA0,Luna,4684
0400L1-REPDEPERU1,República de Perú,4685
0400L1-BELLASARTES0,Bellas Artes,4686
0400L1-BELLASARTES1,Bellas Artes,4686
0400L1-FCOIMADERO,Francisco I. Madero,4687
0400L1-REPURUGUAY1,República de Uruguay,4688
0400L1-REPURUGUAY0,República de Uruguay,4688
0400L1-VIZCAINAS1,Vizcaínas,4689
0400L1-SALTOAGUA1,Salto del Agua,4690
0400L1-FRAYMIER1,Fray Servando Teresa de Mier,4691
0400L1-DOCTORES0,Doctores,4692
0400L1-DOCTORES1,Doctores,4692
0400L1-MTOCARDENAS1,Monumento a Lázaro Cárdenas,4693
0400L1-OBRERA1,Obrera,4694
0400L1-ANTONIOSOL,Antonio Solís,4695
0400L1-LAZAROCARD1,Lázaro Cárdenas,4696
0400L1-VIADUCTO1,Viaducto,4697
0400L1-VIADUCTO0,Viaducto,4697
0400L1-MORENA0,Morena,4698
0400L1-MORENA1,Morena,4698
0400L1-CENTROSCOP1,Centro SCOP,4699
0400L1-ACULTZINGO1,Cumbres de Acultzingo,4700
0400L1-ACULTZINGO0,Cumbres de Acultzingo,4700
0400L1-LUZSAVIN1,Luz Saviñón,4701
0400L1-MALTRATA1,Cumbres de Maltrata,4702
0400L1-EUGENIA1,Eugenia,4703
0400L1-EUGENIA0,Eugenia,4703
0400L1-KIFF,Kiff,4704
0400L1-ANGELURRA1,Ángel Urraza,4705
0400L1-MIGUELAUREN0,Miguel Laurent,4706
0400L1-MIGUELAUREN1,Miguel Laurent,4706
0400L1-MCPIOLIBRE1,Municipio Libre,4707
0400L1-EZAPATA0,Emiliano Zapata,4708
0400L1-EZAPATA1,Emiliano Zapata,4708
0400L1-POPOCAT1,Popocatépetl,4709
0400L1-POPOCAT0,Popocatépetl,4709
0400L1-AJUSCO1,Ajusco,4710
0400L1-CHURUBUS,Churubusco,4711
0400L1-XICOTEN0,Xicoténcatl,4712
0400L1-XICOTEN1,Xicoténcatl,4712
0400L1-IRLANDA,Irlanda,4713
0400L1-AMERICA1,América,4714
0400L1-DIVISIONTE,División del Norte,4715
0400L7-DIVNORTE0,División del Norte,4715
0400L7-TASQUEÑA,Tasqueña,4716
0400L1-TASQUENA,Tasqueña,4716
0400L1-CTRALSUR,Central del Sur,4717
0400L7-CENTRALSUR,Central del Sur,4717
0400L7-CERROHUITZILAC,Cerro Huitzilac,4718
0400L1-CERROHUITZ,Cerro Hutzilac,4718
0400L1-CENTRAL,Central,4719
0400L7-CENTRAL,Central,4719
0400L1-AMERICA0,América,4720
0400L1-HIDALGO,Hidalgo,4721
0400L1-AJUSCO0,Ajusco,4722
0400L1-MCPIOLIBRE0,Municipio Libre,4723
0400L1-MATIASROMERO,Matías Romero,4724
0400L1-ANGELURRA0,Ángel Urraza,4725
0400L1-MALTRATA0,Cumbres de Maltrata,4726
0400L1-LUZSAVIN0,Luz Saviñón,4727
0400L1-CENTROSCOP0,Centro SCOP,4728
0400L1-LAZAROCARD0,Lázaro Cárdenas,4729
0400L1-OBRERA0,Obrera,4730
0400L1-MANUELJOTH0,Manuel J. Othon,4731
0400L1-MTOCARDENAS0,Monumento a Lázaro Cárdenas,4732
0400L1-DRPASCUA,Dr. Pascua,4733
0400L1-FRAYMIER0,Fray Servando Teresa de Mier,4734
0400L1-SALTOAGUA0,Salto del Agua,4735
0400L1-VIZCAINAS0,Vizcaínas,4736
0400L1-INDEPEND,Independencia,4737
0400L1-REPDEPERU0,República de Perú,4738
0400L1-FLORESMAG0,Flores Magón,4739
0400L1-MANUELGLEZ0,Manuel González,4740
0400L1-GRANADOS0,Granados,4741
0400L1-CHOPIN0,Chopin,4742
0400L1-RAZA,La Raza,4743
0400L1-PTE106,Poniente 106,4744
0400L1-PTE1120,Poniente 112,4745
0400L1-PTE118,Poniente 118,4746
0400L1-TESORERIA,Tesorería,4747
0400L1-PTE128,Poniente 128,4748
0400L1-INSTPETRO1,Instituto del Petróleo s,4749
0400L1-UHLIND-VALLE,U. H. Lindavista-Vallejo,4750
0400L1-MOTEVIDEO,Montevideo,4751
0400L1-INSTPETRO0,Instituto del Petróleo n,4752
0400L1-CCHVALLE,CCH Vallejo,4753
0400L1-CTRALNTE,Central del Norte,4754
0400L9-TEPALCATES,Tepalcates,4755
0400L7-ESTADIOCU0,Ciudad Universitaria - Estadio C.U.,4756
0400L7-ESTADIOCU1,Ciudad Universitaria - Estadio C.U.,4756
0400L7-PSICOLOGIA,Psicología,4757
0400L7-COPILCO1,Av. Copilco,4758
0400L7-HNOSVAZQUEZ0,Hermanos Vázquez,4759
0400L7-HNOSVAZQUEZ1,Hermanos Vázquez,4759
0400L7-ACASULCO1,Cerro Acasulco,4760
0400L7-ACASULCO0,Cerro Acasulco,4760
0400L7-OXTOPULCO1,Oxtopulco,4761
0400L7-OXTOPULCO0,Oxtopulco,4761
0400L7-MAQUEVEDO1,Miguel Ángel de Quevedo,4762
0400L7-MAQUEVEDO0,Miguel Ángel de Quevedo,4762
0400L7-CERROHOM1,Cerro del Hombre,4763
0400L7-ZARAGOZA1,Zaragoza,4764
0400L7-ZARAGOZA0,Zaragoza,4764
0400L7-MOCAMPO0,Melchor Ocampo,4765
0400L7-MOCAMPO1,Melchor Ocampo,4765
0400L7-MOCTEZUMA1,Moctezuma,4766
0400L7-SNFRANCISCO1,Cuadrante San Francisco,4767
0400L7-PSNFCO1,Puente San Francisco,4768
0400L7-PSNFCO0,Puente San Francisco,4768
0400L7-FNDEZLEAL,Fernández Leal,4769
0400L7-EUROPA,Europa,4770
0400L7-OCEANIA,Oceanía,4771
0400L7-OHIO1,Ohio,4772
0400L7-DIVNORTE1,Division Del Norte,4773
0400L7-MIRAMONTES1,Canal de Miramontes,4774
0400L7-PETROLEOSM,Petróleos Mexicanos,4775
0400L7-CECYT131,CECyT 13,4776
0400L7-STAISABELTOLA1,Santa Isabel Tola,4777
0400L7-NAVAL1,Escuela Naval Militar,4778
0400L7-MHIDALGO1,Miguel Hidalgo,4779
0400L7-MHIDALGO0,Miguel Hidalgo,4779
0400L7-EJIDO,Ejido,4780
0400L7-SANPABLO,San Pablo,4781
0400L7-TLAHUAC,Av. Tláhuac,4782
0400L7-CULHUACAN0,Culhuacán,4783
0400L7-CULHUACAN1,Culhuacán,4783
0400L7-GOBERNACION0,Gobernación,4784
0400L7-GOBERNACION1,Gobernación,4784
0400L7-EDUPUBLICA,Educación Pública,4785
0400L7-GALVANI1,Luis Galvani,4786
0400L7-SNANDREST1,San Andrés Tomatlán,4787
0400L7-PROSPEROG,Próspero García,4788
0400L7-ZAPATA1,Emiliano Zapata,4789
0400L7-ZAPATA0,Emiliano Zapata,4789
0400L7-VIVEROS,Viveros,4790
0400L7-LESTRELLA1,Lomas Estrella,4791
0400L7-BAHAMAS,Bahamas,4791
0400L7-PROGRESO,Progreso,4792
0400L7-SNANDREST0,San Andrés Tomatlán,4793
0400L7-GALVANI0,Luis Galvani,4794
0400L7-SAMUELMORSE,Samuel F. B. Morse,4795
0400L7-AGRARIO,Agrario,4795
0400L7-16SEPTIEMBRE,16 de Septiembre,4796
0400L7-SANFRANCISCO,San Francisco,4797
0400L7-NAVAL0,Escuela Naval Militar,4798
0400L7-STAISABELTOLA0,Santa Isabel Tola,4799
0400L7-CECYT130,CECyT 13,4800
0400L7-CUBILETE0,Cerro del Cubilete,4801
0400L7-MIRAMONTES0,Canal de Miramontes,4802
0400L7-OHIO0,Ohio,4803
0400L7-AMERICA,América,4804
0400L7-ASIA,Asia,4805
0400L7-SNFRANCISCO0,Cuadrante San Francisco,4806
0400L7-MOCTEZUMA0,Moctezuma,4807
0400L7-PINO,Pino,4808
0400L7-CERROHOM0,Cerro del Hombre,4809
0400L7-UNIVERSIDAD,Av. Universidad,4810
0400L7-COPILCO0,Av. Copilco,4811
0400L7-RETCOPILCO,Retorno Copilco,4812
0400L7-LESTRELLA0,Lomas Estrella,4813
0400L7-CALLE111,Calle 11,4814
0400L7-CALLE110,Calle 11,4814
0400L7-PERIFERICO1,CETRAM Periférico,4815
0400L7-PEÑISCOLA0,Peñiscola,4816
0400L7-PEÑISCOLA1,Peñiscola,4816
0400L7-SIRACUSA1,Siracusa,4817
0400L7-SIRACUSA0,Siracusa,4817
0400L7-PERIFERICO0,CETRAM Periférico,4818
0400L7-AV110,Av. 11,4819
0400L7-AV111,Av. 11,4819
040L12-TASQUEÑA,Tasqueña,4820
040L12-DIVNTE,División del Norte,4821
040L12-PACIFICO1,Pacífico,4822
040L12-EJE101,Eje 10,4823
040L12-CANTIL0,Cantil,4824
040L12-CANTIL1,Cantil,4824
040L12-MOCTEZUMA0,Moctezuma,4825
040L12-MOCTEZUMA1,Moctezuma,4825
040L12-IXTLIX1,Ixtlixochitl,4826
040L12-IXTLIX0,Ixtlixochitl,4826
040L12-TOPILTZIN1,Topiltzin,4827
040L12-TOPILTZIN0,Topiltzin,4827
040L12-TEPALC0,Tepalcatzin,4828
040L12-TEPALC1,Tepalcatzin,4828
040L12-MOCTECUZOMA1,Moctecuzoma,4829
040L12-MOCTECUZOMA0,Moctecuzoma,4829
040L12-PAPATZIN0,Papatzín,4830
040L12-PAPATZIN1,Papatzin,4830
040L12-CANTERA0,Cantera,4831
040L12-CANTERA1,Cantera,4831
040L12-TITA1,Tita Avendaño,4832
040L12-CEFIRO1,Cefiro,4833
040L12-PERISUR,Perisur,4834
040L12-CEFIRO0,Cefiro,4835
040L12-TITA0,Tita Avendaño,4836
040L12-EJE100,Eje 10,4837
040L12-PACIFICO0,Pacífico,4838
040L12-PINOS0,Los Pinos,4839
0501070-JBARRERA,Juan de la Barrera,4840
0501261-MCOPILCO,Metro Copilco,4841
0501261-PERFCOSUR,Periférico Sur,4842
0501261-POLLITOS,Los Pollitos,4843
0501261-JMORNSALID,José Moreno Salido,4844
0501260-ESTACION,La Estación,4844
0501261-LALOMA,La Loma,4845
0501261-MAGDALNC,Alcaldía Magdalena Contreras,4846
0501261-AVSNFCO,Av. San Francisco,4847
0501260-CCCONTRS,C. C. Contreras,4848
0501260-ADORHILDA,Andador Hilda,4849
0501260-CICLOPSTA,Ciclopista,4850
0501260-PLZARTZ,Plaza Artz,4851
0501260-SAMS,SAMS,4852
05116A1-CENTENARI,Centenario,4853
05116A0-DTOLEONES,Desierto de los Leones,4853
05142B1-CUIPROLDVSNT,Cuitlahuac - Prol. División del Norte,4854
05142B1-DVSNTZACATEC,Prol. División del Norte - Callejón Zacatecas,4855
05142B1-AHUEJOTEARC,Av. Ahuejotes - Calle Arce,4856
0501431-GPEINCLANRZ,Guadalupe Inclan Ramirez,4856
05142B1-EJ1OCOAPLAZA,Eje 1 Oriente - Coaplaza,4857
05142B1-BRUJASMIRAMO,Calz. de las Brujas - Av. Canal de Miramontes,4858
0501430-COAPLAZA,Coaplaza,4858
05142B1-ENMCALZVIRGE,Escuela Naval Militar - Calz. de la Virgen,4859
0500370-NAVALCVIRGEN,Escuela Naval Militar - Calz. de la Virgen,4859
0500371-NAVALTAXQUEN,Escuela Naval Militar - Calz. Taxqueña,4860
0500370-NAVALTAXQUE,Escuela Naval Militar - Calz. Taxqueña,4860
05142B1-ESCNAVALMILIT,Escuela Naval Militar,4860
05142B0-NAVALMILITAR,Escuela Naval Militar - Hospital Naval Militar,4861
0500371-VRGNMSAENZ,Calz. de la Virgen - Manuel Saenz,4861
05142B0-EJ2OSAINZBARA,Eje 2 Oriente - Calle Pedro Sainz de Baranda,4862
0501430-ENAVALMILITAR,Escuela Naval Militar,4863
05142B0-MIRAMTESEJ2O,Av. Canal de Miramontes - Eje 2 Oriente,4863
0501430-RCASTILLO,Ramírez Castillo,4864
05142B0-GOYTIAPEDRO,Francisco Goytia - Pedro Ramírez del Castillo,4864
0501441-16SEPTLOVELIA,16 de Septiembre - Lobelia,4865
05142B0-16SEPMAIZ,Av. 16 de Septiembre - Calle Maíz,4865
05142B0-16SEPSANLUCAS,Av. 16 de Septiembre - Camino Viejo a San Lucas,4866
05142B0-XOCHTULYEHU,Calle del Mercado - Nva. Carretera Xochimilco Tulyehualco,4867
05142B0-TULYEZACAPA,Calz. Xochimilco Tulyehualco - Calle Zacapa,4868
0501420-ZACAPA,Zacapa,4868
05161C0-MINASTEJOCOT,Camino a Minas - Tejocote,4869
05161C1-MINASTEJOCOT,Camino a las Minas - Tejocote,4869
05161C1-MINASGUANABA,Camino a las Minas - Guanabana,4870
05161C0-MINASGUANABA,Camino a Minas - Guanabana,4870
05161C0-MINASCHABACA,Camino a Minas - Chabacano,4871
05161C1-MINASCHABACA,Camino a las Minas - Chabacano,4871
05161C1-MINASBJUAREZ,Camino a las Minas - Benito Juárez,4872
05161C0-MINASBJUAREZ,Camino a Minas - Benito Juárez,4872
05161C1-MINASVIOLETA,Camino a las Minas - Violeta,4873
05161C0-MINASAZAHARES,Camino a Minas - Azahares,4874
05161C1-MINASAZAHARE,Camino a las Minas - Azahares,4874
05161C1-MINASTACRUZ,Camino a las Minas - Sta. Cruz,4875
05161C0-MINASTACRUZ,Camino a Minas - Sta. Cruz,4875
05161C0-PALMASMARGAR,C. C. Palmas - Margaritas,4876
05161C1-MINASMARGARI,Camino a Minas - Col. Palmas Calle Las Margaritas,4876
05161C0-ERMITAMARILE,Calz. Ermita - Prof. Mariles,4877
05161C0-ERMITALCABRER,Calz. Ermita - Luis Cabrera,4878
0501611-CALZIZTAMINAS,Calz. Ermita Iztapalapa - Camino a Minas,4879
05161C0-MINASEJ8SIZTA,Camino a Minas - Eje 8 Sur Calz. Ermita Iztapalapa,4879
05161C0-MINASGRANADA,Camino a Minas - Granada,4880
05107B0-CARIBEMXTCB,Mar Caribe - México Tacuba,4881
05107B0-VENEBJUAREZ,Venecia  - Benito Juárez,4882
05107B0-GRECIAVENECI,Grecia - Venecia,4883
05107B0-GRECIABOCANE,Grecia - Bocanegra,4884
05107B0-GRECIANIZA,Grecia - Niza,4885
05107B0-FLOREGIPTO,Floresta - Egipto,4886
05107B0-ESTIOAZCAPOT,Estio - Azcapotzalco,4887
05107B0-JFGESTIO,José F. Gutiérrez - Estio,4888
05107B0-JFGOTONO,José F. Gutiérrez - Otoño,4889
05107B0-JFGINVIERNO,José F. Gutiérrez - Invierno,4890
05107B0-CENTPOLONTE,Centenario - Polo Norte,4891
05107B0-CENTAELORDUY,Centenario - Aquiles Elorduy,4892
0500120-CAMARONES,Camarones,4893
05107B0-REFMACUNA,Reforma - Manuel Acuaña,4893
05059A0-MAZCAPOZALC,Manuel Acuña - Av. Azcapotzalco,4893
05059A0-REFAZTECAS,Reforma - Aztecas,4894
05107B0-REFLERDOTEJA,Reforma - Lerdo de Tejada,4894
05107B0-SIMONSEVILLA,San Simón - Sevilla,4895
05107B0-GPESANSIMON,Calz. de Guadalupe - San Simón,4896
05107B0-LIMONAZCAPOT,Campo Nuevo Limón - Refinería Azcapotzalco,4897
05107B0-LIMONMINATITL,Campo Nuevo Limón - Refinería Minatitlan,4898
05107B0-LIMONSALAMAN,Campo Nuevo Limón - refinería Salamanca,4899
05107B0-GASPZPEDREG,Gasoducto - Pozo Pedregal,4900
05107B0-PABSANMARTIN,San Pablo - Calz. Real de San Martín,4901
05107B0-PABLOFMODU23,San Pablo - Frente a Modulo 23,4902
05107B0-PABLOUTEPALTO,San Pablo - Unidad Tepaltongo,4903
05107B0-SANPABLOUAM,San Pablo - UAM,4904
05107B0-PABLOUAM,San Pablo - UAM,4905
05107B0-REYTECNOPRQ,Eje 5 Norte Av. Dvo. Reynosa - Tecnoparque,4906
05107B0-GRANJMATLACO,Av. Granjas - Matlacoatl,4907
0500191-GRANTECMILEN,Granjas - Tec Milenio,4908
05107B0-GRANJASTECMI,Av. Granjas - Tec Milenio,4908
05107B0-GRANJASRASTR,Av. Granjas - Rastro,4909
0500190-GRANFERRERIA,Granjas - Metro Ferrería,4910
05107B1-GRANJCALAGPE,Av. Granjas - Antigua Calz. Guadalupe,4910
05107B0-VILLAGRANJAS,Azcapotzalco La Villa - Av. Granjas,4910
05107B0-CEYLANLAVILLA,Av. Ceylan - Azcapotzalco La Villa,4911
05107B0-CEYLANPTE134,Av. Ceylan - Poniente 134,4912
05107B0-CEYLANPTE140,Av. Ceylan - Poniente 140,4913
05107B0-CEYLANPTE146,Av. Ceylan - Poniente 146,4914
05107B0-CEYLANPTE148,Av. Ceylan - Poniente 148,4915
05107B0-CEYLANPTE152,Av. Ceylan - Poniente 152,4916
05107B0-PTE152MARAVIL,Poniente 152 - Maravillas,4917
05107B0-PTE152SOLMX,Poniente 152 - Sol de México,4918
05107B0-PTE152NTE65,Poniente 152 - Norte 65,4919
05107B0-PTE152EXHDA,Poniente 152 - Ex Hacienda,4920
05107B0-LMNREFINERIA,Campo Nuevo Limón - Refinería Azcapotzalco,4921
05107B0-PTE152NTE59,Poniente 152 - Norte 59,4921
05107B0-PTE152RNO1,Poniente 152 - Retorno 1,4922
05107B0-OTHONVALLEJO,Miguel Othon de Mendizabal - Calz. Vallejo,4923
05107B0-OTHONPATERA,Miguel Othon de Mendizabal - Unidad Patera Vallejo,4924
05107B0-OTHON100MTR,Miguel Othon de Mendizabal - Eje Central 100 Metros,4925
05107B0-OTHONCENTRAL,Miguel Othon de Mendizabal - Calle Central,4926
05107B0-OTHONTLINDAV,Miguel Othon de Mendizabal - Frente a Centro Comercial Torres Lindavista,4927
05107B0-OTHONSTANANT,Miguel Othon de Mendizabal - Santa Ana Norte,4928
05107B0-OTHONCARRIZO,Miguel Othon de Mendizabal - Av. del Carrizo,4929
05101A0-OTHONMENDI,Othon de Mendizabal,4929
05107B0-MBENRIQERRO,Av. Miguel Bernard - Luis Enrique Erro,4930
05101A0-FRENTEESIA,Frente a Escuela ESIA,4931
05101A1-FRENTE473,Frente a No. 473,4931
05107B0-MBESCINGENIE,Av. Miguel Bernanrd - Escuela de Ingenieros,4931
05107B0-MBDIOSBATIZ,Av. Miguel Bernard - Juan de Dios Batiz,4932
0501041-AVMIGBERNARD,Av. Miguel Bernard,4932
05101A0-JUANDIOSBATIZ,Juan de Dios Batiz,4932
05101A0-NEIVAMANIZA,Neiva y Manizales,4933
05107B0-TIOCMNMANIZAL,Ticoman - Manizales,4933
05107B0-MISTERIOALBAR,Prol. Misterios - Albardon,4934
05101A0-ALBARDON,Albardon,4934
05107B0-TICOMNCOQUIM,Ticoman - Coquimbo,4934
05107B1-METROVILLA,Metro La Villa,4935
05107B0-CANTERAHGO,Cantera - Hidalgo,4935
0501280-OJAGCHABACAN,Av. Ojo de Agua - Chabacano,4936
0501281-OJAGCHABACAN,Av. Ojo de Agua - Chabacano,4936
0501280-OJAGPARCELA,Av. Ojo de Agua - Parcela,4937
0501281-OJAGPARCELA,Ojo de Agua - Parcela,4937
0501281-OJAG2DACDAOJ,Ojo de Agua - Segunda Cda. de Ojo de Agua,4938
0501280-OJAGVICTORIA,Av. Ojo de Agua - Victoria,4938
0501281-POTREMEMETLA,Potrerillo - Memetla,4939
0501280-OJODEAGUA,Av. Ojo de Agua - Ojo de Agua,4939
0501281-POTRECDANARA,Potrerillo - Cda. de los Naranjos,4939
0501281-POTREPRADERA,Potrerillo - Pradera,4940
0501280-POTREPRADERA,Potrerillo - Pradera,4940
0501281-JEROPOTRERILL,Av. San Jerónimo - Potrerillo,4941
0501280-POTRENCINOS,Potrerillo - Encinos,4942
0501281-JEROENCINOS,Av. San Jerónimo - Encinos,4942
0501281-JEROASIS,Av. San Jerónimo - Oasis,4942
0501281-JERORPACHITA,Av. San Jerónimo - Rancho Pachita,4943
0501281-JEROERMITA,Av. San Jerónimo - Ermita,4943
0501280-JEROENCINOS,Av. San Jerónimo - Encinos,4944
0501280-JEROERMITA,Av. San Jerónimo - Ermita,4944
0501281-JERO10JUNIO,Av. San Jerónimo - 10 de Junio,4944
0501281-JEROZEHUILOY,Av. San Jerónimo - Cerro Zehuiloya,4944
0501280-JEROSOLEDAD,Av. San Jerónimo - Cda. de la Soledad,4944
0501281-JEROGUAMU,Av. San Jerónimo - Guamuchil,4945
0501280-CDACAZUARINA,Av. San Jerónimo - Cda. Cazuarina,4946
0501281-JEROHUAYATLA,Av. San Jerónimo - Huayatla,4946
0501281-JEROAHUEJOTE,Av. San Jerónimo - Ahuejotes,4947
0501281-JEROGUAMUCH,Av. San Jerónimo - Guamuchil,4948
0501280-JEROAHUEJOTE,Av. San Jerónimo - Cda. Ahuejotes,4948
0501281-JERONOGALINDI,Av. San Jerónimo - Nogal de la India,4949
0501280-JEROHUAYATLA,Av. San Jerónimo - Huayatla,4949
0501280-JERONOGAL,Av. San Jerónimo - Nogal,4950
0501281-JERONOGAL,Av. San Jerónimo - El Nogal,4950
0501281-JEROGUADALUP,Av. San Jerónimo - Guadalupe,4951
0501280-JEROROSAL,Av. San Jerónimo - Rosal,4952
0501281-JEROROSAL,Av. San Jerónimo - El Rosal,4952
0501281-JEROPALMDESIE,Av. San Jerónimo - Palmera del Desierto,4953
0501281-JEROAZUCENA,Av. San Jerónimo - Azucena,4954
0501281-JEROVIOLETA,Av. San Jerónimo - Violeta,4955
0501281-JEROBUGAMBIL,Av. San Jerónimo - Bugambilia,4956
0501281-JEROHORTENCI,Av. San Jerónimo - Hortencia,4957
0501281-JEROCRUZVERD,Av. San Jerónimo - Cruz Verde,4958
0501281-JEROEBANO,Av. San Jerónimo - Ebano,4959
0501281-JEROLUISCABRE,Av. San Jerónimo - Luis Cabrera,4960
0501281-JEROLERDOTEJA,Av. San Jerónimo - Lerdo de Tejada,4961
0501281-JEROBJUAREZ,Av. San Jerónimo - Benito Juárez,4962
0501281-JEROMAGNOLIA,Av. San Jerónimo - Magnolia,4963
0501281-JEROPORFIRIOD,Av. San Jerónimo - Porfirio Díaz,4964
0501281-JEROCICLOPIST,Av. San Jerónimo - Ciclopista,4965
0501281-JEROCORREGID,Av. San Jerónimo - Corregidora,4966
0501281-JEROPADIERNA,Av. San Jerónimo - Héroes de Padierna,4967
0501281-JEROCUAUHTEM,Av. San Jerónimo - Cuauhtémoc,4968
0501281-JEROPRESA,Av. San Jerónimo - Presa,4969
0501281-JERORAMON,Av. San Jerónimo - San Ramón,4970
0501281-JEROLMATEOS,Av. San Jerónimo - Blvd. Adolfo López Mateos,4971
0501280-JEROPEDREGAL,Av. San Jerónimo - Paseos del Pedregal,4972
05123A0-PASEOSPEDRE,Paseos del Pedregal,4972
05034B1-EJ10SPERIFER,Eje 10 Sur - Anillo Periférico,4973
0501280-EJ10SLMATEOS,eje 10 Sur - Blvd. Adolfo López Mateos,4973
0501280-CONTREDENCI,Av. Contreras - Redención,4974
0501280-EZAPJALAPA,Emiliano Zapata - Jalapa,4975
0501280-EZAPTUXPAN,Emiliano Zapata - Tuxpan,4976
0501280-EZAP19AGOSTO,Emiliano Zapata - 19 de Agosto,4977
0501280-EZAPVERACRUZ,Emiliano Zapata -Veracruz,4978
0501280-EZAPACHUCA,Emiliano Zapata - Pachuca,4979
0501280-FCOFERROCUER,Av. San Francisco - Ferrocarril de Cuernavaca,4980
0501280-FCOTLAXCALA,Av. San Francisco - Tlaxcala,4981
0501280-FCOREFORMA,Av. San Francisco - Reforma,4982
0501280-FCOCHABACANO,Av. San Francisco - Chabacano,4983
0501280-FCOCJONPRADO,Av. San Francisco - Callejón del Prado,4984
0501280-FCOFRENTE337,Av. San Francisco - Frente a No. 337,4985
0501280-FCOCJONTORO,Av. San Francisco - Callejón del Toro,4986
0501280-FCOPRIVSNFCO,Av. San Francisco - Priv. de San Francisco,4987
0501280-1RACDASNFCO,Primera Cerrada San Francisco,4988
0501280-PERITSNFCO,La Perita - San Francisco,4989
0501280-ROSALTEJA,Del Rosal - La Teja,4990
0501280-JEROGUADALUP,Av. San Jerónimo - Guadalupe,4991
0501280-JERNOGALINDIA,Av. San Jerónimo - Nogal de la India,4992
0501280-JEROGUAMUCH,Av. San Jerónimo - Guamuchil,4993
0501280-JERO10JUNIO,Av. San Jerónimo - 10 de Junio,4994
0501280-JERORPACHITA,Av. San Jerónimo - Rancho Pachita,4995
0501280-POTRESOLEDAD,Potrerillo - Cda. de la Soledad,4996
0501280-JEROPOTRERILL,Av. San Jerónimo - Potrerillo,4997
0501280-OJAGHUAYATLA,Av. Ojo de agua - Huayatla,4998
0501280-OJAGPINOYAMEL,Av. Ojo de agua - Pino Oyamel,4999
0501280-OJAGOYAMEL,Av. Ojo de agua - Oyamel,5000
05134A1-KM39,Carretera Federal a Cuernavaca - Km 39.6,5001
05134A0-PBLOPARRES,Carretera Federal a Cuernavaca - Pueblo de Parres,5001
05134A0-KM37PRQMARA,Carretera Federal a Cuernavaca - Km 37 Parque Las Maravillas,5002
05134A1-KM37PRQMARAV,Carretera Federal a Cuernavaca - Km 37 Parque las Maravillas,5002
05134A1-KM36CICLOPIST,Carretera Federal a Cuernavaca - Km 36.5 Ciclopista,5003
05134A0-PLNTALUZCICLO,Carretera Federal a Cuernavaca - Planta de Luz o Ciclopista 36.5,5003
05134A1-KM36ELSIFON,Carretera Federal a Cuernavaca - Km 36 El Sifon,5004
05134A0-KM36ELSIFON,Carretera Federal a Cuernavaca - Km 36 El Sifon,5004
05134A0-KM34,Carretera Federal a Cuernavaca - Km 34,5005
05134A1-CARRCUERKM34,Carretera Federal a Cuernavaca - Km 34,5005
05134A0-KM33TEHUISCO,Carretera Federal a Cuernavaca - Km 33.5 Tehuisco,5006
05134A1-KM33,Carretera Federal a Cuernavaca - Km 33.5,5006
05134A1-TETEOCOTLA,Carretera Federal a Cuernavaca - Km 33 Teteocotla,5007
05134A0-KM32,Carretera Federal a Cuernavaca - Km 32.6,5008
05134A1-KM32,Carretera Federal a Cuernavaca - Km 32.6,5008
05134A1-OYAMEYO,Carretera Federal a Cuernavaca - Oyameyo,5009
05134A0-OYAMEYO,Carretera Federal a Cuernavaca - Oyameyo,5009
05134A1-31CNOAJUSCO,Carretera Federal a Cuernavaca - Km 31 Camino Antiguo al Ajusco,5010
05134A1-KM305,Carretera Federal a Cuernavaca - Km 30.5,5011
05134A0-KM30GASOLINE,Carretera Federal a Cuernavaca - Km 30.5 Gasolineria,5011
05134A1-KM30,Carretera Federal a Cuernavaca - Km 30,5012
05134A0-KM29AHUACATI,Carretera Federal a Cuernavaca - Km 29.5 Ahuacatitla,5012
0500691-CARRCUER27,Carretera Federal a Cuernavaca - Km 27.5,5013
0500690-CUERNAKM27,Carretera Federal a Cuernavaca - Km 27.5,5013
05134A1-KM28CNOSANTA,Carretera Federal a Cuernavaca - Km 28 Camino a Santana,5013
05134A0-KM31CNOAJUSC,Carretera Federal a Cuernavaca - Km 31 Camino Antiguo al Ajusco,5014
05134A0-KM33,Carretera Federal a Cuernavaca - Km 33,5015
05134A0-CARRFEDCUERN,Carretera Federal a Cuernavaca,5016
05134A0-CUERCIRCUNVA,C. C. Parres - Carretera Federal a Cuernavaca y Circunvalación,5017
05121A1-TENSIONFCAMP,Alta Tensión - Flor de Campo,5018
05121A0-TENSIONFCAMP,Alta Tensión - Flor de Campo,5018
05121A0-GERANIOTORRE,Calle Geranio - Av. de las Torres,5019
05121A1-GERANIOTORRE,Calle Geranio - Av. de las Torres,5019
05121A1-MARGARITASTO,Calle Margaritas - Av. de las Torres,5020
05121A0-MARGARTSTOR,Calle Margaritas - Av. de las Torres,5020
05121A1-AMAPOLTANQUE,Cda. Amapola - Av. de los Tanques,5021
05121A0-AMAPOLATANQU,Cerrada Amapola - Av. de los Tanques,5021
05121A1-CLAZOTANQUES,Av. Carlos Lazo - Av. de los Tanques,5022
05121A0-CLAZOTANQUES,Av. Carlos Lazo - Av. de los Tanques,5022
05121A1-GLACIARPABLO,Glaciar - Calle San Pablo,5023
05121A1-GLACIARMAISAB,Glaciar - Residencial María Isabel,5024
05121A1-SEMINARIOTOLU,Cda. Seminario - Av. Toluca,5025
05121A1-JUANIXTAPANTO,Cda. Loma de los Juanes  - Av. Torres Ixtapantongo,5026
05121A1-TOLUCAZAMORA,Av. Toluca - Zamora,5027
05121A1-ACAMBAROTOL,Calle Acámbaro - Av. Toluca,5028
05121A1-ACAPLCSALVAT,Antiguo Camino a Acapulco - Salvatierra,5029
05121A1-TELEVISANGEL,Televisa - San Ángel,5030
05121A0-ACAPULCMATEO,Cda. de Acapulco - Blvd. Adolfo López Mateos,5030
0501160-CNODSTLEON,Camino al Desierto de los Leones,5031
05116A0-CRACOVIASU,Cracovia Sumesa,5031
05013A0-CNODTOLEONE,Camino al Desierto de los Leones,5031
05121A1-CNODTOLEONS,Camino al Desierto de los Leones,5031
0501161-AVALTAVISTA,Av. Altavista,5031
05013A1-BARRAMUERTO,Barranca del Muerto,5032
05121A1-MBARRANMUER,Metro Barranca del Muerto,5032
05121A1-INSURMIXCOAC,Insurgentes Sur - Río Mixcoac,5033
05001D0-JMRINSURGNTS,José María Rico y Eje 8 sur - Insurgentes,5033
0501201-AVINSURGENTES,Av. Insurgentes,5033
0501200-OSO,Oso,5033
05001D1-JMRNICOSNJUA,Eje 8 Sur José María Rico - Nicolas San Juan,5034
05121A1-UNIVERPOPOCA,Universidad - Popocatepetl,5034
05052C0-EJ8PPUNIVERS,Eje 8 Popocatepetl - Av. Universidad,5034
05121A1-UNIVERSDDCHO,Av. Universidad - Laboratorios Chopo Universidad,5035
05121A0-TNALMZAPATA,Terminal Metro Zapata,5036
0501201-ADOLFPRIETO,Adolfo Prieto,5037
05121A0-JMRICOPRIETO,José María Rico - Adolfo Prieto,5037
05121A0-MIXCOACANGEL,Cto. Int. Río Mixcoac - del Ángel,5038
05001D0-MXCGALICIA,Av. Río Mixcoac - Galicia,5038
0501160-AVREVOLUCION,Av. Revolución,5039
05121A0-ALTAVSTFLORE,Altavista - Las Flores,5039
05121A0-DIEGORIVERA,Diego Rivera,5040
05116A1-DIEGORIVERA,Diego Rivera,5040
05116A1-REFORMA,Reforma,5041
05121A0-ALTAVSTREFOR,Altavista - Reforma,5041
05121A0-JALAPAQRO,Jalapa - Calle Querétaro,5042
05121A0-AJUSCOROMUL,Ajusco - Rómulo O'Farril,5043
05121A0-FERROCUERNA,Ferrocarril de Cuernavaca,5044
05121A0-IXTAPANTONGO,Glaciar - Ixtapantongo,5045
05121A0-GLACIARMAISAB,Glaciar - Residencial María Isabel,5046
05121A0-GLACIARPEDRO,Glaciar - Calle San Pedro,5047
05121A0-NABORGLACIAR,Calle Doctor Nabor Carrillo Flores - Glaciar,5048
05121A0-RIOSELIZONDO,Roberto Ríos Elizondo,5049
05034B1-UPTELIZONDO,Autopista Urbana Poniente - Roberto Ríos Elizondo,5049
0500690-CUERMARGARIT,Carretera Federal a Cuernavaca - Km 30.5 Las Margaritas,5050
0500691-CARRMARGARIT,Carretera Federal a Cuernavaca - Km 30.5 Las margaritas,5050
0500691-MARGARITAS,Carretera Federal a Cuernavaca - Las Margaritas,5051
0500690-CARRMARGARIT,Carretera Federal a Cuernavaca - Las Margaritas,5051
0500690-ANACAHUITA,Carretera Federal a Cuernavca - Km 30.3 Anacahuita,5052
0500691-CARRANACAHUI,Carretera Federal a Cuernavaca - Km 30.3 Anacahuita,5052
0500691-ANACAHUITA,Carretera Federal a Cuernavaca - Anacahuita,5053
0500690-CARRANACAHUI,Carretera Federal a Cuernavaca - Anacahuita,5053
0500690-CARRELCANTIL,Carretera Federal a Cuernavaca - El Cantil,5054
05134B1-AVCANTIL,Av. El Cantil,5054
0500691-CUERELCANTIL,Carretera Federal a Cuernavaca - El Cantil,5054
0500691-CUERAJUSCO,Carretera Federal a Cuernavaca - Km 25.5 México Ajusco,5055
0501341-KM255AVMX,Kilometro 25.5 Av. México,5055
0501340-KM255,Kilometro 25.5,5055
0500690-CUER25AJUSCO,Carretera Federal a Cuernavaca - Km 25.5 México Ajusco,5055
05134B1-AVMXAJUSCO,Av. México Ajusco,5056
0501340-KM245,Kilometro 24.5,5056
0500691-CUERTERRAZAS,Carretera Federal a Cuernavaca - Km 24.5 Terrazas,5056
0500690-CUE24TERRAZA,Carrtera Federal  a Cuernavaca - Km 24.5 Terrazas,5056
0500691-HIPOCAMPO,Hipocampo,5057
0500690-HIPOCAMPO,Hipocampo,5057
05134D0-CLAVELITO,Clavelito,5057
05134B1-FHIPOCAMPO,Frente a Hipocampo,5057
0501340-KM235,Kilometro 23.5,5057
0500691-TIJUAMALOAPAN,Carretera Federal a Cuernavaca - Tijuamaloapan,5058
0500690-TIJUMALOAPAN,Carretera Federal a Cuernavaca - Tijuamaloapan,5058
05134D1-KM235,Km 23.5,5059
05134D0-KM21,Kilometro 21,5059
0500691-CUERTLATEMPA,Carretera Federal a Cuernavaca - Tlatempa,5059
0500690-TLATEMPA,Carretera Federal a Cuernavaca - Calle Tlatempa,5059
0500691-CRUZBLANCMOR,Cruz Blanca - Prol. Morelos,5060
0500690-CURZBLANCMOR,Cruz Blanca - Prol. Morelos,5060
0501341-SANANDRES,San Andres,5061
0501340-XICHITLA,Xochitla,5061
0500691-CUARXOCHITLA,Carretera Federal a Cuernavaca - Xochitla,5061
0500691-RINCPASEOJUAN,Rinconada Paseo de San Juan,5062
0501320-RINCNDSANJUAN,Carretera Federal a Cuernavaca - Rinconada Paseo de San Juan,5062
0500691-SANBORNSHOSP,Sanborns - Hospitales,5063
0500690-CLAVELITO5MAY,Carretera Federal a Cuernavaca - El Clavelito antes de 5 de Mayo,5064
0501340-CLAVELITO,El Clavelito,5064
0501341-CLAVELITO,Clavelito,5064
05017F0-CDRLROSAS,Cedral - Cerrada de las Rosas,5065
05002A1-CEDRALDFRAG,Cedral - David Fragoso,5065
05017F1-CDRLDFRAGOS,Cedral - David Fragoso,5065
05002A0-CEDRALPARAISO,Calle Cedral - Av. del Paraíso,5066
05002A1-CEDRALPARAIS,Calle Cedral - Av. del Paraíso,5066
05017F1-CDRLAVPARAIS,Cedral - Av. del Paraíso,5066
05002A0-SNPEDROMART,Antiguo Camino a San Pedro Mártir - San Pedro Mártir,5067
05002A1-SANPEDROMAR,Antiguo Camino a San Pedro Mártir - San Pedro Mártir,5067
05002A1-PEDROMOCAMP,Antiguo Camino a San Pedro Mártir - Melchor Ocampo,5068
05002A0-PEDROMOCAMP,Antiguo Camino a San Pedro - Calle Melchor Ocampo,5068
05002A1-INSURGTSMX,Av. Insurgentes Sur - México 95D,5069
05002A1-ROSACTLALPAN,Calle La Rosa - Calz. de Tlalpan,5070
05145A0-CALZTLALVIADU,Calz. de Tlalpan - Viaducto,5071
05002A0-MVIADUCTO,Metro Viaducto,5071
05002A0-CERROJESUS,Cerro de Jesús,5072
05002A0-BJUAREZ,Benito Juárez,5073
05134B0-ELKAR,Elkar,5074
05017E1-CTLALRENATO,Calz. de Tlalpan - Renato Leduc,5074
05145A1-CMXOCHCTLAL,Calz. México-Xochimilco - Calz. de Tlalpan,5074
05002A0-TLALMXOCHIM,Calz. de Tlalpan - México-Xochimilco,5074
05017F1-FERNUTRICION,San Fernando - Nutrición,5075
05002A0-TLALARENAL,Viaducto - Tlalpan Arenal,5075
05031B1-GPEINCLANREZ,Guadalupe Inclan Ramírez,5076
05031B1-LANORIA,La Noria,5077
05031B1-VIADUCTO,Viaducto,5078
05145A1-MXOCHXOMALLI,Calz. México Xochimilco - Xomalli,5078
05031B1-HUIPULCO,Huipulco,5079
05031B1-LAVIRGEN,La Virgen,5080
05145A1-CTLALLANTEN,Calz. de Tlalpan - Llanten,5080
05031B1-AMERICA,América,5081
05145A1-CTLALPQANDRE,Calz. de Tlalpan - Parque San Andres,5081
05031B0-DELTALLER,Del Taller,5082
05145A0-CALZABADCUELL,Calz. San Antonio Abad - José Tomas Cuellar,5082
05145A1-CABADCUELLAR,Calz. San Antonio Abad - José Tomas Cuellar,5082
05031B0-HDEZDAVALS,Calle Juan E. Hernández y Dávalos - Calz. San Antonio Abad,5083
05145A1-CABADHDEZDAV,Calz. San Antonio Abad - Hernández Davalos,5083
05031B0-QUINTO,Quinto,5084
05031B0-TLALPAN,Tlalpan,5085
0501310-HUIPULCO,Huipulco,5085
05145A0-XOMALLI,Calz. México Xochimilco - Xomalli,5086
05031B0-FORESTAL,Forestal,5086
05031B0-GPEIRNARDOS,Gpe. Inclan Ramírez - Calle Nardo Sur,5087
05111A1-CDMXCUERNAV,CDMX - Cuernavaca,5088
05111A1-BJMIRAFLORES,Prol. Benito Juárez - Calle Miraflores,5089
05111A0-BJMIRAFLORES,Prol. Benito Juárez - Calle Miraflores,5089
05111A1-REGISFEDAUTO,Registro Federal de Automoviles,5090
05145A1-CTLALCALIZ,Calz. de Tlalpan - Caliz,5090
05111A1-NONOALCO,Nonoalco,5091
05116A0-20AGOSTCALZTL,20 de Agosto y Calz. de Tlalpan,5091
05111A1-CHABACANO,Chabacano,5092
05111A1-CHIMALPOPOCA,Chimalpopoca,5093
05111A0-FLAMENCOS,Flamencos,5094
05111A0-FRAYSERVANDO,Fray Servando,5095
05111A0-ABADBOTURINI,San Antonio Abad - Lorenzo Boturini,5096
05111A0-TLALMVIADUCT,Calz. de Tlalpan - Metro Viaducto,5097
05111A0-STANITATLALPA,Calz. Santa Anita  - Calz. de Tlalpan,5098
05111A0-PALERMOTLALPA,Palermo - Calz. de Tlalpan,5099
05145A1-CTLALMALTRAT,Calz. de Tlalpan - Cumbres de Maltrata,5100
05111A0-LACUESTA,La Cuesta,5100
05111A0-PRESIDNTSTLAL,Av. Presidentes - Calz. de Tlalpan,5101
05111A0-CHURUTLALPAN,Av. Río Churubusco - Calz. de Tlalpan,5102
05145A1-CTLALPOPOCAT,Calz. de Tlalpan - Popocatepetl,5102
05111A0-PTORICOTLALPA,Puerto Rico - Calz. de Tlalpan,5103
05111A0-TLALCNANTON,Calz. de Tlalpan - Cerro de San Antonio,5104
05111A0-TLALDVSNTE,Calz. de Tlalpan - División del Norte,5105
05111A0-CUERNCDMXINS,Cuernavaca - CDMX y Insurgentes Sur,5106
05111A0-CLAVELNTE,Clavel Norte,5107
05111A0-MXCUERNCDMX,Autopista México-Cuernavaca - CDMX,5108
05111A0-ROSAL,Rosal,5109
0501311-PTEPANTMILITA,Puente Peatonal Panteón Militar,5109
05111A0-MXCUERVIOLET,Autopista México-Cuernavaca - Puente Peatonal Violeta,5110
05081A1-MIRAMESTRBINA,Av. Canal de Miramontes - Estrella Binaria,5111
05081A0-MIRAMTSDHDEZ,Av. Canal de Miramontes - Calle Daniel Hernández,5112
05081A1-EJ1OERIDONA,Eje 1 Oriente Canal de Miramontes - Eridona,5112
0501431-CALZBOMBAS,Calz. de las Bombas,5113
05081A1-EJ1CALZBOMBA,Eje 1 Canal de Miramontes - Calz. de las Bombas,5113
0501430-CALZBOMBAS,Claz. de las Bombas,5113
05081A1-EJ1CALZHUESO,Eje 1 Canal de Miramontes - Calz. del Hueso,5114
0501431-MONZA,Monza,5115
0501430-SIENA,Siena,5115
05081A1-EJ1SIENA,Eje 1 Canal de Miramontes - Siena,5115
05081A1-EJ1COAPLAZA,Eje 1 Canal de Miramontes - Coaplaza,5116
0501431-CANTARO,El Cantaro,5117
05081A1-CANTAROMIRAM,Cántaro - Miramontes,5117
05081A1-LORENZODVSNT,San Lorenzo - División del Norte,5118
05047A0-DNTELORENZO,Prol. División del Norte - Av. San Lorenzo,5118
05047A0-DNTEFPENERI,Prol. División del Norte - Felipe Neri,5119
05081A1-PDNPLANAYALA,Prol. División del Norte - Plan de Ayala,5119
05047A0-DNTERFMAGON,Prol. División del Norte - Ricardo Flores Magón,5119
05047A0-DNTENORIA,Prol. División del Norte - de la Noria,5120
05081A1-DNPLANAYALA,Prol. División del Norte - Plan de Ayala,5120
05081A0-ALCANFORDNTE,Alcanfores - Prol. División del Norte,5121
05081A1-ALCANFORESDN,Alcanfores - Prol. División del Norte,5121
05081A0-DVGPEIRMREZ,Prol. División del Norte - Av. Guadalupe I. Ramírez,5122
0501430-GPEINLCANRAM,Guadalupe Inclan Ramírez,5122
05081A1-DNGPEINCLREZ,Prol. División del Norte - Gpe. Inclan Ramírez,5122
0547AX0-GPEINCLANR,Guadalupe Inclan Ramírez,5122
05081A1-GPEIRTABACHIN,Gpe. Inclan Ramírez - Av. Tabachines,5123
05081A1-GPEIRMNOMATA,Gpe. Inclan Ramírez - Mariano Matamoros,5124
05081A1-DALIANVOLEON,Calle Dalia - Av. Nuevo León,5125
05081A0-DALIANVOLEON,Calle Dalia - Av. Nuevo León,5125
05081A0-GLORIANVOLEO,Callejón la Gloria - Av. Nuevo León,5126
05081A1-GLORIANVOLEO,Callejón la Gloria - Av. Nuevo León,5126
05081A0-PINOSNLORENZ,Pino - Callejón San Lorenzo,5127
05081A1-PINOSNLORENZ,Pino - Callejón San Lorenzo,5127
05081A1-BEGONIANVOL,Callejón Begonia - Av. Nvo. León,5128
05081A0-BEGONIANVOLE,Callejón Begonia - Av. Nuevo León,5128
05081A1-NVOLZACAPA,Av. Nuevo León - Calle Zacapa,5129
05081A1-TENOCHBJUARZ,Tenochtitlan - Cerrada Benito Juárez,5130
05081A1-TENOCHBJUARE,Tenochtitlan - Cerrada Benito Juárez,5131
05081A1-HUERTANVOLEO,La Huerta - Nuevo León,5132
0501430-AVMXPTE,Av. México Poniente,5133
05081A1-ACTOPANMXPTE,Actopan - México Poniente,5133
05081A1-CUAUHOAXTEPE,Cuauhtémoc - Carretera a Oaxtepec,5134
0501430-ACUEDUCTO,Acueducto,5134
0501430-CARROAX3,Carretera a Oaxtepec 3,5134
0501430-LOPEZMATEOS,Lopez Mateos,5135
0501421-3CDAMINAS,Tercera Cerrada de Minas,5135
05081A0-MXPTECHAPULT,México Poniente - Chapultepec,5135
05081A0-NUEVOLEON,Av. Nuevo León - Priv. Nuevo León,5136
05081A0-NVOLPUENTE,Av. Nuevo León - Calle del Puente,5137
05081A0-CLAVELPINO,Clavel - Calle Pino,5138
05081A0-GLADIOLAGPEIR,Gladiola - Av. Gpe. I. Ramírez,5139
0547AX1-PREPA1,Preparatoria No. 1,5140
05081A0-DNMUYUGUARD,Prol. División del Norte - Av. Muyuguarda,5140
0501430-AVNORIA,Av. de la Noria,5140
0501431-AVNORIA,Av. de la Noria y Preparatoria 1,5140
05081A0-DNMANIFSTVILL,Prol. División del Norte - Manifiesto de Villa,5141
05081A0-14FEBDVSNTE,Calle 14 de Febrero - Prol. División del Norte,5142
0547AX0-PLZVAQUERITO,Prol. División del Norte - Plaza Vaqueritos,5142
05081A0-MIRAMTSFAROL,Av. Canal de Miramontes - Av. El Farol,5143
0501321-TETENCOTLALP,Calle Cerro Tetenco - Calle Cerro Tlalpuente,5144
0501340-INXITLE,Tlalpuente Entrada al Xitle,5145
0501320-TLALPTEXITLE,Carretera Federal a Cuernavaca - Tlalpuente entrada al Xitle,5145
0501321-TLALPTEXITLE,Carretera Federal a Cuernavaca - Tlalpuente entrada al Xitle,5145
0501341-TLALPUENTE,Tlalpuente,5145
0501321-CTORRESKM21,Carretera Federal a Cuernavaca - Callejón Las Torres Km 21,5146
0501320-CTORRESKM21,Carretera Federal a Cuernavaca - Callejón Las Torres Km 21,5146
0501340-CJONTORRES21,Callejón Las Torres y Kilometro 21,5146
0501341-KM215TORRES,Kilometro 21.5 Las Torres,5146
0501320-DILIORQUIDEA,Cerrada Diligencias - Calle Orquídea,5147
0501321-DILIORQUIDEA,Cerrada Diligencias - Calle Orquídea,5147
05134B1-TEPEHUANOS,Tepehuanos La Joya,5148
0501341-CHIMALCOYO,Chimalcoyoc,5148
0501320-CUARNJOYA,Carretera Federal a Cuernavaca - La Joya,5148
0501320-INSURGNTSUR,Insurgentes Sur,5149
0501311-CETRAMEAZTEC,Cetram Estadio Azteca Anden A,5150
0501320-CTOCETRAMEAZ,Cierre de Circuito Cetram Estadio Azteca,5150
0501320-TLALTEZOQUIPA,Calz. de Tlalpan - Tezoquipa,5151
0501311-TEZOQUIPA,Tezoquipa,5151
0501320-DUQUE,Duque,5152
0501320-CHIMALCOYOTL,Carretera Federal a Cuernavaca - Priv. de Chimalcoyotl,5153
0501340-PRIVCHIMALCO,Privada del Chimalcoyotl,5153
0501341-SANPEDROMAR,San Pedro Mártir,5154
0501320-5MAYPMARTIR,Carretera Federal a Cuernavaca - 5 de Mayo y San Pedro Mártir,5154
0501340-INPEDROMART,5 de Mayo Entrada a San Pedro Mártir,5154
0501320-BATACAPAXTLA,Cerro de las Batallas - Calle Sierra Acapaxtla,5155
05107B1-TICOMANCOQUI,Ticoman - Coquimbo,5156
05101A1-CANTERA,Cantera,5156
05107B1-PTE152NTE45,Av. Poniente 152 - Norte 45,5157
0500191-EJ5NTEPABXALP,Eje 5 Norte Av. Dvo. Reynosa - Av. San Pablo Xalpa,5158
05107B1-XALPEJ5NTE,Av. San Pablo Xalpa - Eje 5 Norte,5158
05107B1-CASTLLOTE,Av. Azcapotzalco - Castilla Oriente,5159
05001D1-EIZTAREFURBAN,Calz. Ermita Iztapalapa - Reforma Urbana,5160
05161E0-CALZIZTACAMA,Calz. Ermita Iztapalapa - González Camarena,5161
05001D1-EIZTAJAVIERSM,Calz. Ermita Iztapalapa - Javier Santa María,5161
05001D1-EIZTAC1917,Calz. Ermita Iztapalapa - Metro Constitución de 1917,5162
05001D1-EIZTAESTRELLA,Calz. Ermita Iztapalapa - Estrella,5163
05001D1-EIZTAURRERA,Calz. Ermita Iztapalapa - Aurrera,5164
05001D1-EIZTAS125A,Calz. Ermita Iztapalapa - Sur 125A,5165
05052C0-ERMJUAREZ,Calz. Ermita Iztapalapa - Año de Juárez,5166
05001D1-EIZTATROJES,Calz. Ermita Iztapalapa - Trojes,5166
05001D1-EIZTARNESES,Calz. Ermita Iztapalapa - Arneses,5167
05001D1-EIZTAMEXICALT,Calz. Ermita Iztapalapa  - Metro Mexicaltzingo,5168
05001D1-EIZTAPAS73,Calz. Ermita Iztapalapa - Sur 73,5169
05052C0-ERMSUR73,Calz. Ermita Iztapalapa - Sur 73,5169
05052C1-ERMSUR73,Calz. Ermita Iztapalapa - Sur 73,5169
05001D1-S73MANUGAMIO,Sur 73 - Manuel Gamio,5170
05001D0-S73MANUGAMIO,Sur 73 - Manuel Gamio,5170
05001D0-S73OTE172,Sur 73 - Oriente 172,5171
05001D1-S73,Sur 73,5171
05001D1-OTE172SUR69A,Oriente 172 - Sur 69A,5172
05001D1-EZAPELIASCALL,Emiliano Zapata - Plutarco Elias Calles,5173
05001D1-EZAPBALBOA,Emiliano Zapata - Balboa,5174
05001D0-EZAPBELGICA,Emiliano Zapata y Mpo. Libre - Belgica,5174
05001D1-EZAPCANARIAS,Emiliano Zapata - Canarias,5175
05001D0-EZAPEJLCARD,Emiliano Zapata y Mpo. Libre - Eje Central Lázaro Cardenas,5176
05001D1-EZAPEJCTRALC,Emiliano Zapata - Eje Central Lázaro Cardenas,5176
05001D1-EZAPTOKIO,Emiliano Zapata - Tokio,5177
05001D0-EZAPTOKIO,Emiliano Zapata y Mpo. Libre - Tokio,5177
05001D1-EZAPDVSNTE,Emiliano Zapata - División del Norte,5178
05001D1-EZAPTAJIN,Emiliano Zapata - Tajin,5179
05001D0-EZAPUXMAL,Emiliano Zapata y Mpo. Libre - Uxmal,5180
05001D1-EZAPUXMAL,Emiliano Zapata - Uxmal,5180
05001D0-EZAPCUAUHTEM,Emiliano Zapata y Mpo. Libre - Cuauhtémoc,5181
05001D1-EZAPCUAUHTE,Emiliano Zapata - Cuauhtémoc,5181
05052C0-ZPTUNIVERSIDA,C. C. Metro Zapata - Av. Universidad y San Lorenzo,5182
05001D0-EZAPMTROEZAP,Emiliano Zapata y Municipio Libre - Metro Emiliano Zapata,5182
05001D1-UNIVSNLORENZ,Universidad - San Lorenzo,5182
05001D0-JMREJ8SRECRE,José María Rico y Eje 8 Sur - Recreo,5183
05001D1-JMREJ8SRCREO,Eje 8 Sur José María Rico - Recreo,5183
05001D1-MXCFELIXPARR,Río Mixcoac - Félix Parra,5184
05001D0-EIZTATULIPAN,Calz. Ermita Iztapalapa - Tulipan,5185
0501590-CALZIZTATULIP,Calz. Ermita Iztapalapa - Tulipan,5185
05161F0-CALZIZTACAMA,Calz. Ermita Iztapalapa - Cerrada Camarillo,5185
05001D0-EIZTACINCO,Calz. Emiliano Zapata - Cinco,5186
05001D0-EIZTACENTENO,Calz. Emiliano Zapata - Centeno,5187
05001D0-EIZTAVENA,Calz. Ermita Iztapalapa - Avena,5188
05052C0-ERMAVENA,Calz. Ermita Iztapalapa - Avena y Artesanos,5188
05001D0-EIZTASUR85,Calz. Ermita Iztapalapa - Sur 85,5189
05052C0-ERMSUR85A,Calz. Ermita Iztapalapa - Sur 85A,5189
05001D0-EIZTAS81A,Calz. Ermita Iztapalapa - Sur 81A,5190
0502000-CTOIEJ8SEIZTA,Circuito Interior - Eje 8 Sur Calz. Ermita Iztapalapa,5191
05001D0-CINTEJ8SCEIZT,Circuito Interior - Eje 8 Sur Calz. Ermita Iztapalapa,5191
05001D0-EZAPELIASCALL,Emiliano Zapata y Mpo. Libre - Plutarco Elias Calles,5192
05001D0-EZAPMIRAVALL,Emiliano Zapata y Mpo. Libre - Miravalle,5193
05001D0-EZAPRUMANIA,Emiliano Zapata y Mpo. Libre - Rumania,5194
05001D0-EZAPODESA,Emiliano Zapata y Mpo. Libre - Odesa,5195
05001D0-EZAPAZORES,Emiliano Zapata y Mpo. Libre - Azores,5196
05001D0-EZAPDVSNTE,Emiliano Zapata y Mpo. Libre - División del Norte,5197
05001D0-UNIVPARROQU,Universidad - Parroquia,5198
0501200-PARROQUIA,Parroquia,5198
05001D0-JMRGMANCERA,José María Rico y Eje 8 Sur - Gabriel Mancera,5199
0501200-GMANCERA,Gabriel Mancera,5199
0501200-SANFCO,San Francisco,5200
05001D0-JMREJ8SNFCO,José María Rico y Eje 8 Sur - San Francisco,5200
05001D0-MXCSIMONBOLV,Av. Río Mixcoac - Colegio Simon Bolivar,5201
05115A0-GOYA,Goya,5202
05001D0-PATRPRQGOYA,Av. Patriotismo - Parque Goya,5202
05001D0-MTRMIXCOAC,C. C. Metro Mixcoac,5203
0501160-BENVECEL,Benvenuto Cellini y Av. Revolución,5203
0501240-MIXCOAC,Metro Mixcoac,5203
0576AX1-CECHANOVE,C. C. Centro Comercial Santa Fe - Prol. Vasco de Quiroga y Carlos Echanove,5204
05034A0-VASCQUIROG,C. C. Centro Comercial Santa Fe - Av. Vasco de Quiroga y Juan Salvador Agraz,5204
0576AX0-PRADONTE,Paseo de la Reforma - Prado Norte,5205
0576AX1-PRADONTE,Paseo de la Reforma - Prado Norte,5205
0576AX0-MNTESURALES,Paseo de la Reforma - Montes Urales,5206
05023X1-FCOVGBARRED,Francisco Villa - Gabino Barreda,5207
05023X1-EJLCTRALCNTE,Eje Central Lázaro Cardenas - Frente a Central Camionera del Norte,5208
0547AX0-MERCASNJUAN,Anillo Periférico Canal de Garay - Mercado de San Juan,5209
0547AX1-MERCSNJUAN,Anillo Periférico Canal de San Juan - Mercado San Juan,5209
0547AX1-PRQPOLICFED,Parque de la Policia Federal,5210
0547AX1-PERIFERICO,Anillo Periférico Canal de Garay - Periférico,5211
0501620-GARAYREFORM,Anillo Periférico Canal de Garay - Reforma,5212
05047A0-GARAYLEBRIJA,Anillo Periférico Canal de Garay - Lebrija y Reforma,5212
0501621-GARAYRECLUO,Anillo Periférico Canal de Garay - Reclusorio Oriente,5212
0547AX1-RECLUOTE,Anillo Periférico Canal de Garay - Reclusorio Oriente,5212
0547AX1-AVTLAHUAC,Anillo Periférico Canal de Garay - Av. Tláhuac,5213
0547AX1-SEDENA,Anillo Periférico Canal de Garay - Sedena,5214
0547AX0-BSQNATIVITAS,C. C. Xochimilco - Bosque de Nativitas,5215
05047A1-GOYTMUYUG,Francisco Goytia - Plan de Muyuguarda,5216
0547AX0-PREPA1,Prol. División del Norte - Preparatoria No. 1,5216
0547AX0-VAQUERITOS,Anillo Periférico Canal de Garay - Glorieta de Vaqueritos,5217
05047A0-CORTVAQUERI,Anillo Periférico Blvd. Adolfo Ruiz Cortines - Hacienda Glorieta de Vaqueritos,5217
05057A1-GARAYCAFETLS,Anillo Periférico Canal de Garay - Cafetales,5218
0547AX0-CAFETALES,Anillo Periférico Canal de Garay - Cafetales,5218
0547AX0-JUANTEZONTLE,Canal de San Juan - Canal de Tezontle,5219
0547AX0-CONAPATZINGA,Constitución de Apatzingan,5220
05009C1-CENTPOETAS,Av. Centenario - Circuito de los Poetas,5221
05009C0-CENTFREN1832,Av. Centernario - Frente a No. 1832,5221
05009C1-CENTFREN1825,Av. Centenario - Frente  a 1825,5222
05009C1-CENTFRENT1701,Av. Centenario - Frente a 1701,5223
05009C0-CENTFREN2760,Av. Centenario - Frente a No. 2760,5224
05009C1-CENTFREN2760,Av. Centenario - Frente a No. 2760,5224
05009C1-CENTFRENT3000,Av. Centenario - Frente a No. 3000,5225
05009C0-CENTFREN1732,Av. Centenario - Frente a No. 1732,5226
05009C0-CENTARANGO,Av. Centenario - Bosques de Tarango,5227
05034B1-CLZTECMREY,Carlos Lazo - Tec de Monterrey,5228
05034B0-CLZTECMREY,Carlos Lazo - Tecnológico de Monterrey,5228
05009C0-LAZOTECMREY,Av.  Carlos Lazo - Frente a Tecnológico de Monterrey,5228
05034B0-CLZBSIERRA,Carlos Lazo - Barros Sierra,5229
05009C0-LAZOBARRIOS,Av. Carlos Lazo - Jaime Barrios Sierra,5229
05009C0-STAFERNESTOD,Av. Santa Fe - Ernesto Domínguez,5230
05009C0-VASCOMCHAVZ,Prol. Vasco de Quiroga - Agustín Manuel Chavez,5231
0501151-ERNEDGUEZ,Ernesto Domínguez,5231
05076A1-REFSIERIXTLAN,Paseo de la Reforma - Sierra Ixtlan,5232
05076A0-REFAUVERNIA,Paseo de la Reforma - Monte Auvernia,5233
05076A1-REFAUVERNIA,Paseo de la Reforma - Monte Auvernia,5233
05076A1-REFROCALLOSA,Paseo de la Reforma - MontaNas Rocallosas,5234
05076A0-REFROCALLOS,Paseo de la Reforma - MontaNas Rocallosas,5234
05076A1-REFTARAHUMAR,Paseo de la Reforma - Sierra Tarahumara,5235
05076A1-REFEXPLANA2,Paseo de la Reforma - Explanada II,5236
05076A1-REFMTEBLANCO,Paseo de la Reforma - Monte Blanco,5237
05076A1-REFHIMALAYA,Paseo de la Reforma - Monte Himalaya,5238
05076A0-REFHIMALAYA,Paseo de la Reforma - Montes Himalaya,5238
05076A1-REFEXPLANAD1,Paseo de la Reforma - Explanada I,5239
05076A1-REFMTEALTAI,Paseo de la Reforma - Monte Altai,5240
05076A0-REFPRADONTE,Paseo de la Reforma - Prado Norte,5241
05076A1-REFPRADONTE,Paseo de la Reforma - Prado Norte,5241
05076A0-REFSIERIXTLAN,Paseo de la Reforma - Sierra Ixtlan,5242
05076A0-REFTARAHUMAR,Paseo de la Reforma - Sierra Tarahumara,5243
05076A0-REFBOCATETE,Paseo de la Reforma - Sierra del Bocatete,5244
05076A0-REFMTELIBANO,Paseo de la Reforma - Monte Libano,5245
05076A0-REFPRADOSUR,Paseo de la Reforma - Prado Sur,5246
05076A0-REFEVEREST,Paseo de la Reforma - Monte Everest,5247
05076A0-REFEXPLANADA,Paseo de la Reforma - Explanada,5248
05076A0-REFMTEALTAI,Paseo de la Reforma - Monte Altai,5249
0500761-REFRDARIO,Paseo de la Reforma - Ruben Dario y Calz. Chivatito,5250
05113B1-PALMVERTIEN,Paseo de las Palmas - Vertientes,5251
0500761-REFALMATEO,Paseo de la Reforma - Blvd. Adolfo Lopez Mateos,5252
0500761-URALESREFORM,Montes Urales - Paseo de la Reforma,5253
0500761-URALESVOLCAN,Montes Urales - Volcan,5254
0500761-URALESANDES,Montes Urales - Av. de los Andes,5255
0500761-ANDESMOJADA,Av. de los Andes - Sierra Mojada,5256
0500760-PALMSIERRAMO,Paseo de las Palmas - Sierra Mojada,5257
0500761-SGAMONPALM,Sierra Gamon - Paseo de las Palmas,5257
0500760-PALMSGAMON,Paseo de las Palmas - Sierra Gamon,5257
0500761-PALMSTANOVOI,Paseo de las Palmas - Stanovoi,5258
0500760-PALMTABOR,Paseo de las Palmas - Monte Tabor,5259
0500761-PALMTABOR,Paseo de las Palmas - Monte Tabor,5259
0500761-PALMPEROTE,Paseo de las Palmas - Cobre de Perote,5260
0500761-PALMCHIMBORA,Paseo de las Palmas - Chimborazo,5261
0500761-PALMANTUCO,Paseo de las Palmas - Monte Antuco,5262
0500760-PALMANTUCO,Paseo de las Palmas - Monte Antuco,5262
0500761-PALMARARAT,Paseo de las Palmas - Monte Ararat,5263
0500761-PALMLIBANO,Paseo de las Palmas - Monte Líbano,5264
0500761-PALMROCALLOS,Paseo de las Palmas - MontaNas Rocallosas,5265
0500761-PALMVERTIENT,Paseo de las Palmas - Sierra Vertientes,5266
0500761-PALMREFORMA,Paseo de las Palmas - Av. Paseo de laReforma,5267
0500761-REFCONSTYTS,Paseo de la Reforma  - Constituyentes,5268
05113B1-FTORRELALTA,Frente a Torre Lomas Altas,5268
0500761-REFTAMARINDO,Prol. Paseo de la Reforma - Paseo de los Tamarindos,5269
0500761-REFBECERRIL,Prol. Paseo de la Reforma - Roberto Becerril,5270
0500761-REFERNESTPIP,Paseo de la Reforma - Av. Ernest J. Piper,5271
0500761-REFORVASCO,Prol. Paseo de la Reforma - Av. Vasco de Quiroga,5272
0500761-VASCOCCOMER,Prol. Vasco de Quiroga - Centro Comercial,5273
0500760-VASCOCCSTAFE,Prol. Vasco de Quiroga - Centro Comercial Santa Fe,5274
0501151-SAKS,Saks Fifth Avenue,5275
0500760-VASCOLIVERPO,Prol. Vasco de Quiroga - Liverpool,5275
0500760-REFMEMOHARO,Prol. Paseo de la Reforma - Guillermo Haro,5276
0500760-REFMSANDOVAL,Prol. Paseo de la Reforma - Manuel Sandoval,5277
0500760-REFCOSTERO,Prol. Paseo de la Reforma - Costero,5278
0500760-REFSTAFE,Paseo de la Reforma - Santa Fe,5279
0500760-REFBRENA,Paseo de la Reforma - Sierra BreNa,5280
0500760-PALMGRANDE,Paseo de las Palmas - Sierra Grande,5281
0500760-PALMROCALLOS,Paseo de las Palmas - MontaNas Rocallosas,5282
0500760-PALMLIBANO,Paseo de las Palmas - Monte Libano,5283
0500760-PALMARARAT,Paseo de las Palmas - Monte Ararat,5284
0500760-PALMCALIZAS,Paseo de las Palmas - MontaNas Calizas,5285
0500760-PALMVENTANA,Paseo de las Palmas - Sierra Ventana,5286
0500760-ANPREFORMA,C. B. Auditorio Nacional-Paseo de la Reforma - ,5287
05059A1-RENDGPRIETO,Serapio Rendon - Guillermo Prieto,5288
05059A1-RENDSNCOSME,Serapio Rendon - Ribera San Cosme,5289
05059A1-RIBAMANERVO,Santa María Ribera - Amado Nervo,5290
05059A1-RIBSORJUANA,Santa María Ribera - Sor Juana,5291
05059A1-RIBALZATE,Santa Maria Ribera - Antonio Alzate,5292
05059A1-RIBMIRON,Santa María la Ribera - Salvador Diaz Miron,5293
05059A1-BODETMCARPIO,Jaime Torres Bodet - Manuel Carpio,5294
05059A1-BODETELIGIOAN,Jaime Torres Bodet - Eligio Ancona,5295
0500181-RFMCIPRES,Ricardo Flores Magón - Cipres,5296
0500180-RFMGONCIPRES,Ricardo Flores Magón - Cipres,5296
05059A1-BODETMAGON,Jaime Torres Bodet - Flores Magon,5296
05059A1-CIPEULALIAGZM,Cipres - Eulalia Guzman,5297
05059A1-CIPRIOCONSUL,Cipres - Río Consulado,5298
05059A1-CIPCALLE4,Cipres - Calle 4,5299
05059A1-CIPVALERIANO,Cipres - Antonio Valeriano,5300
05059A1-CIPCALLE7,Cipres - Calle 7,5301
05059A0-CUICALLE16,Cuitlahuac - Calle 16,5302
05059A1-CALLE16CUITL,Calle 16 - Cuitlahuac,5302
05059A1-CUIFERROCARR,Cuitlahuac - Ferrocarril,5303
05059A1-CMRSALONICA,Camarones - Salonica,5304
05059A1-CMRTULA,Camarones - Tula,5305
05059A1-CMR22FEBRER,Camarones - 22 de Febrero,5306
05059A1-MACAZCAPOTZ,Manuel Acuña - Av. Azcapotzalco,5307
05059A1-AZCLERDOTEJA,Av. Azcapotzalco - Lerdo de Tejada,5308
05059A1-CASTZARAGOZA,Castilla - Zaragoza,5309
05059A0-SMONCASTILLA,San Simón - Castilla,5309
05059A1-VIA16SEPT,Parque Vía - 16 de Septiembre,5310
0500590-VIAMAQSERDAN,Parque Vía - Metro Aquiles Serdán,5311
05059A1-VIATEZOZOMOC,Parque Vía - Av. Tezozomoc,5311
0500591-ASDMASERDAN,Aquiles Serdán - Metro Aquiles Serdan,5311
05059A0-RENDANTCASO,Serapio Rendón - Antonio Caso,5312
05059A0-SCHSULLIVAN,Miguel Schultz - Sullivan,5313
05059A0-SCHANTCASO,Miguel Schultz - Antonio Caso,5314
05059A0-SCHGPRIETO,Miguel Schultz - Guillermo Prieto,5315
05059A0-SCHAHERRERA,Miguel Schultz - Alfonso Herrera,5316
05059A0-BODETSANCOS,Jaime Torres Bodet - Ribera de San Cosme,5317
05059A0-BODETSORJUAN,Jaime Torres Bodet - Sor Juana,5318
05059A0-BODETALZATE,Jaime Torres Bodet - Antonio Alzate,5319
05059A0-PINOELIGIOAN,Pino - Eligio Ancona,5320
05059A0-PINOFMAGON,Pino - Flores Magón,5321
05059A0-PINOEULALIAG,Pino - Eulalia Gúzman,5322
05059A0-PINOMIMOSAS,Pino - Mimosas,5323
05059A0-PINORIOCONSU,Pino - Río Consulado,5324
05059A0-PINOCALLE4,Pino - Calle 4,5325
05059A0-PINOEORTIZ,Pino - Encarnación Ortiz,5326
05059A0-PINOCUAUHTEM,Pino - Cuauhtémoc,5327
05059A0-PINOCALLE7,Pino - Calle 7,5328
0500121-CUITLAHUAC,Cuitláhuac,5329
05059A0-CUICAMARNS,Cuitlahuac - Camarones,5329
0500190-GRANCUITLAHU,Granjas - Cuitlahuac,5329
0500121-NUBIA,Nubia,5330
05059A0-CMRNSNUBIA,Camarones - Nubia,5330
05059A0-ZRGZESPERANZ,Zaragoza - Esperanza,5331
05059A0-CULTBACHILLE,Av. de las Culturas - Frente a Bachilleres,5332
0500591-TOLMNOESCOB,Tolstoi - Mariano Escobedo,5333
05011A0-CPOSELISEOS,Campos Eliseos,5334
0500591-MESCELISEOS,General Mariano Escobedo - Campos Eliseos,5334
0500591-MNALGARDA,Marina Nacional - Lago Garda,5335
0500591-MNALCARRILLO,Marina Nacional - Carrillo Puerto,5336
0500591-MNALGSIDRA,Marina Nacional - Golfo de Sidra,5337
0500590-VIAMREFINERIA,Parque Vía - Metro Refinería,5338
0500591-ASDINVIERNO,Aquiles Serdán - Invierno,5338
0500591-ASD5FEBRERO,Aquiles Serdán - 5 de Febrero,5339
0500591-ASDMACUNA,Aquiles Serdán - Manuel Acuña,5340
0500121-AVASERDAN,Av. Aquiles Serdán,5340
0500591-ASDSANMATEO,Aquiles Serdán - San Mateo,5341
0500591-ASDFERROCAR,Aquiles Serdán - Ferrocarril,5342
0500590-VIAFERROCARR,Parque Vía - Ferrocarril,5342
0500590-VIAXOLAHUAC,Parque Vía - Campo Axolahuac,5343
0500591-ASDCHICHAPO,Aquiles Serdán - Campo Chichapo,5343
0500591-ASDSAUCES,Aquiles Serdán - Sauces,5344
0500591-ASDAHUEHUETS,Aquiles Serdán - Ahuehuetes,5345
0500591-ASDCOLORADA,Aquiles Serdán - Tierra Colorada,5346
0500591-ASDROSARIO,Aquiles Serdán - Av. Rosario y Prados del Rosario,5347
0500591-ASDOSAMAYOR,Aquiles Serdán - Osa Mayor,5348
0500591-VIARENACIMNTO,Aquiles Serdán y Parque Vía - Renacimiento,5349
0500590-CULTALFARERS,Av. de las Culturas - Alfareros,5350
0500591-RENCULTURAS,Renacimiento - Av. de las Culturas,5350
0500591-CULTRIOBLNCO,Av. de las Culturas - Río Blanco,5351
0500590-CULTPESCADRS,Av. de las Culturas - Pescadores,5352
0500591-CULTHIDROGNO,Av. de las Culturas - Hidrógeno,5352
0500591-CULTCARBONO,Av. de las Culturas - Carbono,5353
0500590-CULTMECANICO,Av. de las Culturas - Mecánicos,5353
0500590-CTRMCHAPULT,Cierre de Circuito Cetram Chapultepec,5354
0500590-MNALGARDA,Marina Nacional - Lago Garda,5355
0500590-MNALESPIRIDIN,Marina Nacional - Lago Espiridino,5356
0500590-MNALCARRILLO,Marina  Nacional - Carrillo Puerto,5356
0500590-VIAESTIO,Parque Vía - Estio,5357
0500590-VIAELORDUY,Parque Vía - Aquiles Elorduy,5358
0500121-ASERDAN,Aquiles Serdán,5359
0500590-VIAMCAMRONS,Parque  Vía - Metro Camarones,5359
0500590-VIAMHGO,Parque Vía - Miguel Hidalgo,5360
0500590-VIAUHMHGO,Parque Vía - Unidad Habitacional Miguel Hidalgo,5361
0500590-VIAPTEGUERRA,Parque Vía - Puente de Guerra,5362
0500590-VIACOVARRUV,Parque Vía - Hernández Covarruvias,5363
0500590-VIAHCDSOTELO,Parque Vía - Hacienda de Sotelo,5364
0500590-VIAHCDMEDIO,Parque Vía - Hacienda de en Medio,5365
0500590-RENAPRQVIA,Renacimiento - Parque Vía,5366
0500590-CULTNAHUATL,Av. de las Culturas - Cultura Nahuatl,5367
05019A0-CULTBACHILL1,Av. de las Culturas - Frente a Bachilleres No. 1,5368
0500590-CULTURANIO,Av. de la Culturas - Uranio,5368
05057C1-GARAYUHEJER,Anillo Periférico Canal de Garay - Unidad Habitacional Ejercito,5369
05057C1-CORTKIOTO,Anillo Periférico Blvd. Adolfo Ruiz Cortines - Kioto,5370
05057C1-CORTLEDUC,Anillo Periferico Blvd. Adolfo Ruiz Cortines - Renato Leduc,5371
05057C1-CORTCEFIRO,Anillo Periférico Blvd. Adolfo Ruiz Cortines - Cefiro,5372
05057C0-GARAYCAMACH,Anillo Periférico Canal de Garay - Avila Camacho,5373
05057C0-CORTMXOCHIM,Anillo Periférico Blvd. Adolfo Ruiz Cortines - México-Xochimilco,5374
05300B1-FBANOR,Frente Banorte Tepepan,5374
05057C0-CORTCARDIOL,Anillo Periférico Blvd. Adolfo Ruiz Cortines - Cardiología,5375
05057C0-APSARCINIEGA,Anillo Periférico Sur - Arciniega y Luis Alconedo,5376
05057C0-MATECEBALLO,Anillo Periférico Blvd. Adolfo Lopez Mateos - Gob. José Ceballos,5377
05057C0-MATECONSTYN,Anillo Periférico Blvd. Adolfo Lopez Mateos - Av. Constituyentes,5378
05057A1-GARAYCRIT,Anillo Periférico Canal de Garay - C.R.I.T.,5379
05057A1-GARAYAVILA,Anillo Periférico Canal de Garay - Avila Camacho y Puente Peatonal,5380
05057A1-GARAYTECMREY,Anillo Periférico Canal de Garay - Tec de Monterrey,5381
05145A1-MXOCHPERIFERI,Calz. México Xochimilco - Periférico,5382
05057A1-CORTMXOCHIM,Anillo Periférico Blvd. Adolfo Ruiz Cortines - México-Xochimilco,5382
05057A1-CORTKIOTO,Anillo Periférico Blvd. Adolfo Ruiz Cortines - Kioto,5383
05057A1-CORTVTLALPN,Anillo Periférico Blvd. Adolfo Ruiz Cortines - Viaducto Tlalpan,5384
05057A1-CORTEAZTEC,Anillo Periférico Blvd. Adolfo Ruiz Cortines - Puente Estadio Azteca,5385
05057A1-CORT1900,Anillo Periférico Blvd. Adolfo Ruiz Cortines - Paris 1900,5386
05057A1-CORTGRNSUR,Anillo Periférico Blvd. Adolfo Ruiz Cortines - Gran Sur,5387
05057A1-CORTPERISUR,Anillo Periférico Blvd. Adolfo Ruiz Cortines - Perisur,5388
05057A1-CORTDELALUZ,Anillo Periférico Blvd. Adolfo Ruiz Cortines - Blvd. de la Luz,5389
05057A1-APSALTAVISTA,Anillo Periférico Sur - Altavista,5390
05057A1-APSFLORES,Anillo Periférico Sur - Av.  las Flores,5391
05057A1-APSBMUERTO,Anillo  Periférico Sur - Barranca del Muerto,5392
05057A1-APSMCABRER,Anillo Periférico Sur - Miguel Cabrera,5393
05057A1-APSVANDICK,Anillo Periférico Sur - Van Dick y La Castañeda,5394
0501120-PERIFERIPTE,"Periférico, Puente hacia Periférico Norte",5395
05057A1-APSANTONIO,Anillo Periférico Sur - San Antonio,5395
05057A1-MATEOBSERVA,Anillo Periférico Blvd. Adolfo Lopez Mateos - Av. Observatorio,5396
05057A0-ADLFSROCHA,Anillo Periférico Blvd. Adolfo Lopez Mateos - General Sostenes Rocha,5397
05057A1-MATESROCHA,Anillo Periférico Adolfo Lopez Mateos - Sostenes Rocha,5397
05057A1-MATEPREFORM,Anillo Periférico Blvd. Adolfo Lopez Mateos - Paseo de la Reforma,5398
05057A0-ADLFCEBALLO,Anillo Periférico Blvd. Adolfo Lopez Mateos - Gob. José Ceballos,5398
05057A1-MATEMASARIK,Anillo PEriférico Blvd. Adolfo Lopez Mateos - Presidente Masaryk,5399
05057A1-MATELBRUZ,Anillo Periférico Blvd. Adolfo Lopez Mateos - Monte Elbruz y Palmas,5400
05057A1-AVILJUANMELL,Anillo Periférico Blvd. Manuel Avila Camacho - Juan Velazquez Mella,5401
05057A1-AVILHORACIO,Anillo Periférico Blvd. Manuel Avila Camacho - Horacio,5402
05057A1-AVILEJNAL,Anillo PEriférico Blvd. Manuel Avila Camacho - Ejercito Nacional,5403
05057A1-AVILEGARIA,Anillo Periférico Blvd. Manuel Avila Camacho - Calz. Legaria,5404
05057A1-AVILSALINILLA,Anillo Periférico Blvd. Manuel Avila Camacho - Presa Salinillas,5405
05057A1-AVILAVELAZQZ,Anillo Periférico Blvd. Manuel Avila Camacho - Antonio Velazquez,5406
05057A0-GARAYCRIT,Anillo Periférico Canal de Garay -C.R.I.T.,5407
05057A0-CORTPTE2,Anillo Periférico Blvd. Adolfo Ruiz Cortines - Puente 2,5408
05047A1-CORTBUANVENT,Anillo Periférico Blvd. Adolfo Ruiz Cortines - Río Buenaventura,5409
05057A0-CORTPTE1,Anillo Periférico Blvd. Adolfo Ruiz Cortines - Puente 1,5409
05057A0-CORTDVSNTE,Anillo Periférico Blvd. Adolfo Ruiz Cortines - Prol. División del Norte,5410
05057A0-CORTVAQUERT,Anillo Periférico Blvd. Adolfo Ruiz Cortines - Glorieta de Vaqueritos,5411
05057A0-CORTBUENAVE,Anillo Periférico Blvd. Adolfo Ruiz Cortines - San Buenaventura,5412
05057A0-CORTVTLALPN,Anillo Periférico Blvd. Adolfo Ruiz Cortines - Viaducto Tlalpan,5413
05057A0-CORTLALPAN,Anillo Periférico Blvd. Adolfo Ruiz Cortines - Tlalpan,5414
05057A0-CORTRLEDUC,Anillo Periférico Blvd. Adolfo Ruiz Cortines - Renato Leduc,5415
05057A0-CORTOTE10,Anillo Periférico Blvd. Adolfo Ruiz Cortines - Oriente 10,5416
05057A0-CORTOTE4,Anillo Periférico Blvd. Adolfo Ruiz Cortines - Oriente 4,5417
05057A0-CORTYOLIZTLI,Anillo Periférico Blvd. Adolfo Ruiz Cortines - Sala Ollin Yoliztli,5418
05057A0-CORTINSURG,Anillo Periférico Blvd. Adolfo Ruiz Cortines - Insurgentes Sur,5419
05057A0-CORTALBORAD,Anillo Periférico Blvd. Adolfo Ruiz Cortines - Alborada,5420
05057A0-CORTERESA,Anillo Periférico Blvd. Adolfo Ruiz Cortines - Camino a Santa Teresa,5421
05057A0-CORTDELALUZ,Anillo Periférico Blvd. Adolfo Ruiz Cortines - Blvd. de la Luz,5422
05057A0-CORTTVAZTEC,Anillo Periférico Blvd. Adolfo Ruiz Cortines - TV Azteca,5423
05057A0-CORTHPEMEX,Anillo Periférico Blvd. Adolfo Ruiz Cortines - Hospital PEMEX,5424
05123A1-TERASQUILLO,Terasquillo,5425
05057A0-CORTARASQUI,Anillo Periférico Blvd. Adolfo Ruiz Cortines - Tarasquillo,5425
05057A0-APSJERONIMO,Anillo Periférico Sur - San Jerónimo,5426
05057A0-APSAVTOLUCA,Anillo Periférico Sur - Av. Toluca,5427
05116A1-ANILPERIBLVD,Anillo Periférico y Blvd. Adolfo López Mateos,5428
05057A0-APSDLEONES,Anillo Periférico Sur - Desierto de los Leones,5428
05057A0-APSFLORES,Anillo Periférico Sur - Las Flores,5429
05057A0-APSBMUERTO,Anillo Periférico Sur - Barranca del Muerto,5430
05057A0-APSRTREPADR,Anillo Periférico Sur - Rosa Trepadora,5431
05057A0-APSTIZIANO,Anillo Periférico Sur - Tiziano,5432
05057A0-APSGIRARDON,Anillo Periférico Sur - Fernando Girardon,5433
05057A0-APSANTONIO,Anillo Periférico Sur - San Antonio,5434
05057A0-APSPRICECLB,Anillo Periférico Sur - Price Club,5435
05057A0-APSCALLE10,Anillo Periférico Sur - Calle 10,5436
05057A0-APSCALLE4,Anillo Periférico Sur - Calle 4,5437
0501120-CALLE4,Calle 4,5437
05057A0-APSHERO1914,Anillo Periférico sur - Héroes de 1914,5438
05057A0-APSCNOTOLUC,Anillo Periférico Sur - Camino Real a Toluca,5439
05057A0-ADLFOBSERVA,Anillo Periférico Blvd. Adolfo Lopez Mateos - Av. Observatorio,5440
05057A0-ADLFCONSYNTS,Anillo Periférico Blvd. Adolfo Lopez Mateos - Av. Constituyentes,5441
05057A0-ADLFPAPALOT,Anillo Periférico Blvd. Adolfo López Mateos - Papalote,5442
05057A0-AVILPETROLE,Anillo Periférico Blvd. Manuel Avila Camacho - Fuente de Petróleo,5443
05057A0-AVILPREFORM,Anillo Periférico Blvd. Manuel Avila Camacho - Paseo de la Reforma,5444
05057A0-AVILTECAMACH,Anillo Periférico Blvd. Manuel Avila Camacho - Tecamachalco,5445
05057A0-AVILBTLCELAYA,Anillo Periférico Blvd. Manuel Avila Camacho - Batalla de Celaya,5446
05057A0-AVILJCABRAL,Anillo Periférico Blvd. Manuel Avila Camacho - General Juan Cabral,5447
05057A0-AVILINDMILITA,Anillo Periférico Blvd. Manuel Avila Camacho - Av. Industria Militar,5448
05057A0-AVILCONSCRIPT,Anillo Periférico Blvd. Manuel Avila Camacho - Conscripto,5449
05057A0-AVILZAPADORE,Anillo Periférico Blvd. Manuel Avila Camacho - Ingenieros Zapadores,5450
05052C1-ERMACATITLA,Calz. Ermita Iztapalapa - Santa Marta Acatitla,5451
05052C0-GRLMORELCAR,Generalisimo Morelos - Carretera Federal Peubal-México,5451
05052C1-ERMLIRIO,Calz. Ermita Iztapalapa - Lirio,5452
05161D0-CAZLIZTAFPE,Calz. Ermita Iztapalapa - San Felipe de Jesús,5453
05052C1-ERMCAMPANUL,Calz. Ermita Zaragoza - Campanula,5453
05052C1-ERMESTRELLA,Calz. Ermita Iztapalapa - Cerro de la Estrella,5454
05161D0-CALZIZTAESTR,Calz. Ermita Iztapalapa - Metro Cerro de la Estrella,5454
05052C1-ERMROJOGMZ,Calz. Ermita Iztapalapa - Rojo Gómez,5455
05052C1-ERMSANFPE,Calz. Ermita Iztapalapa - San Felipe,5456
05052C1-ERMCONVENTO,Calz. Ermita Iztapalapa - Convento,5457
05052C1-ERMPTETITLA,Calz. Ermita Iztapalapa - Puente Titla,5458
05052C1-ERMATLALILCO,Calz. Ermita Iztapalapa - Metro Atlalilco,5459
05052C1-ERMTLAHUAC,Calz. Ermita Iztapalapa - Av. Tláhuac,5460
05052C0-ERMRADAMES,Calz. Ermita Iztapalapa - General Radames Andrade,5461
05052C1-ERMAIZ,Calz. Ermita Iztapalapa - Maíz,5461
05052C1-ERMAVENA,Calz. Ermita Iztapalapa - Avena,5462
0500371-VIGAERMITAIZT,Calz. de la Viga - Calz. Ermita Iztapalapa,5463
0500370-VIGAERMITAIZT,Calz. de la Viga - Calz. Ermita Iztapalapa,5463
05052C1-ERMVIGA,Calz. Ermita Iztapalapa - La Viga,5463
05052C1-ERMCRUZSUR,Calz. Ermita Iztapalapa - Cruz del Sur ,5464
05052C0-ERMSUR75A,Calz. Ermita Iztapalapa - Sur 75A,5465
05052C1-ERMAURIGA,Calz. Ermita Iztapalapa - Auriga,5465
05052C1-ERMPELIASCAL,Calz. Ermita Iztapalapa - Plutarco Elias Calles,5466
05052C0-EJ8PPALHAMBR,Eje 8 Popocatepetl - Alhambra,5467
05052C1-POPOALHAMBR,Av. Popocatepetl - Alhambra,5467
05052C1-POPOCANARIAS,Av. Popocatepetl - Canarias,5468
05052C0-EJ8PPCANARIAS,Eje 8 Popocatepetl - Canarias,5468
05052C0-EJ8PPEJCTRLC,Eje 8 Popocatepetl - Eje Central Lázaro Cardenas,5469
05052C1-POPOEJCTRLC,Av. Popocatepetl - Eje Central Lázaro Cardenas,5469
05052C1-POPODVSNTE,Av. Popocatepetl - División del Norte,5470
05052C1-POPOTRAVEN,Av. Popocatepetl - Bruno Traven,5471
05052C0-EJ8PPUXMAL,Eje 8 Popocatepetl - Uxmal,5472
05052C1-POPOUXMAL,Av. Popocatepetl - Uxmal,5472
05052C1-EJ8CUAUHTEMO,Cuauhtémoc,5473
05052C0-EJ8PPCUAUHTE,Eje 8 Popocatepetl - Cuauhtémoc,5473
05052C0-STAMRTA,C. C. Metro Santa Marta - Cetram Santa Marta Anden A,5474
05052C0-ERMCERVANTE,Calz. Ermita Iztapalapa - Luis Cervantes,5475
05162B0-SANTIEJ8SEIZT,Av. Santiago - Eje 8 Sur Av. Calz. Ermita Iztapalapa,5476
05052C0-ERMSANTIAGO,Calz. Ermita Iztapalapa - Santiago,5476
05052C0-ERMSENTIES,Calz. Ermita Iztapalapa - Octavio Senties,5477
0501611-CALZIZTAOSENT,Calz. Ermita Iztapalapa - Octavio Senties,5477
0501610-CALZIZTAEJE6S,Calz. Ermita Iztapalapa - Eje 6 Sur,5478
05052C0-ERMTORRES,Calz. Ermita Iztapalapa - Av. las Torres,5478
05052C0-ERMJALISCO,Calz. Ermita Iztapalapa - Jalisco,5479
05052C0-ERMCONST1917,Calz. Ermita Iztapalapa - Metro Constitución de 1917,5480
05052C0-ERMGPEVICTO,Calz. Ermita Iztapalapa - Guadalupe Victoria y San Lorenzo,5481
05161D1-CALZIZTALORE,Calz. Ermita Iztapalapa - Av. San Lorenzo,5481
05161D0-CALZIZTAUAM,Calz. Ermita Iztapalapa - Metro UAM,5481
05052C0-ERMESTREL,Calz. Ermita Iztapalapa - Metro Cerro de la Estrella,5482
05161D1-EJE5LORENZO,Eje 5 Oriente Av. Javier Rojo Gómez - Camino Real a San Lorenzo,5482
05052C0-ERMESTRELLA,Calz. Ermita Iztapalapa - Camino Cerro de la Estrella,5483
05052C0-ERMIZTAPALAPA,Calz. Ermita Iztapalapa - Metro Iztapalapa,5484
05052C0-ERMPTETITLA,Calz. Ermita Iztapalapa - Puente Titla,5485
05052C0-ERMATLALILCO,Calz. Ermita Iztapalapa - Metro Atlalilco,5486
05052C0-ERMTLAHUAC,Calz. Ermita Iztapalapa - Av. Tláhuac,5487
05052C0-ERMVIGA,Calz. Ermita Iztapalapa - La Viga,5488
05052C0-ERMJORGERIV,Calz. Ermita Iztapalapa - Jorge Alberto Rivas,5489
05052C0-ERMSUR83,Calz. Ermita Iztapalapa - Sur 83,5490
05052C0-ERMPELIASCALL,Calz. Ermita Iztapalapa - Plutarco Elias Calles,5491
05052C0-EJ8PPTOKIO,Eje 8 Popocatepetl - Tokio,5492
05052C0-EJ8PPIRINEOS,Eje 8 Popocatepetl - Pirineos,5493
05052C0-UNIPLZUNIVERS,Av. Universidad - Plaza Universidad,5494
05047A1-GOYT5MAYO,Francisco Goytia - 5 de Mayo,5495
0501420-5MAYO,5 de Mayo,5495
05047A1-GOYTMARGARI,Francisco Goytia - Margaritas,5496
05047A1-GOYTUHROSA,Francisco Goytia - Unidad Habitacional Rosalina,5497
0501430-PLANORIA,Plan de la Noria y  Preparatoria 1,5498
0501431-PLANORIA,Plan de la Noria,5498
05047A1-GOYTIERRALIBE,Francisco Goytia - Tierra y Libertad,5498
05047A1-DNTE10ABRIL,Prol. División del Norte - 10 de Abril 1919,5499
05047A1-CORTCAFETAL,Anillo Periférico Blvd. Adolfo Ruiz Cortines - Cafetales,5500
05162D0-CHALCGARAY,Canal de Chalco - Anillo Periférico Canal de Garay,5501
05047A1-GARAYCHALCO,Anillo Periférico Canal de Garay - Canal de Chalco,5501
05047A1-GARAYCALL20,Anillo Periférico Canal de Garay - Calle 20,5502
05047A1-GARAYLERDOT,Anillo Periférico Canal de Garay - Lerdo de Tejada,5503
05047A1-GARAYJACARAN,Anillo Periférico Canal de Garay - Jacarandas,5504
0501621-GARAYSABADE,Anillo Periférico Canal de Garay - Sabadel,5505
0501620-GARAYRBRAVO,Anillo Periférico Canal de Garay - Río Bravo,5505
05047A1-GARAYMIRAMN,Anillo Periférico Canal de Garay - Río Miramontes,5505
0501621-GARAYEGIRON,Anillo Periférico Canal de Garay - Eugenio Giron,5506
0501620-GARAY5MAYO,Anillo Periférico Canal de Garay - 5 de Mayo,5506
05047A1-GARAY5MAYO,Anillo Periférico Canal de Garay - 5 de Mayo,5506
05047A1-GARAYLLUVIAO,Anillo Periférico Canal de Garay - Lluvia de Oro,5507
0501620-GARAYLLUVIA,Anillo Periférico Canal de Garay - Lluvia,5507
05047A1-GARAYBUENDIA,Anillo Periférico Canal de Garay - Eje 5 Sur Prol. Marcelino Buendia,5508
05047A1-GARAYEJ5S,Anillo Periférico Canal de Garay - Eje 5 Sur Aurrera-Home-Mart,5509
05047A1-GARAYTEZONTL,Anillo Periférico Canal de Garay - Canal Tezontle,5510
05047A1-GARAYAPATZIN,Anillo Periférico Canal de Garay - Constitución de Apatzingan,5511
05047A1-GARAYPTEZARG,Anillo Periférico Canal de Garay - Puente Peatonal Zaragoza,5512
05047A1-GARAYGPEVICT,Anillo Periférico Canal de Garay - Guadalupe Victoria,5513
05047A1-GARAYOAXACA,Anillo Periférico Canal de Garay - Oaxaca,5514
05047A1-GARAYAVNTE,Anillo Periférico Canal de Garay - Av. Norte,5515
05047A1-GARAYPANTITLA,Anillo Periférico Canal de Garay - Av. Pantitlan,5516
05047A1-GARAYPIRULES,Anillo Periférico Canal de Garay - Pirules,5517
05047A1-GARAYBRAVO,Anillo Periférico Canal de Garay - Valle de Bravo,5518
05047A1-GARAYCHIMALH,Anillo Periférico Canal de Garay - Av. Chimalhuacan,5519
05047A1-GARAY6AV,Anillo Periférico Canal de Garay - Sexta Avenida,5520
05047A1-GARAY4AV,Anillo Periférico Canal de Garay - Cuarta Avenida,5521
05047A1-GARAYBORDXO,Anillo Periférico Canal de Garay - Av. Bordo de Xochiaca,5522
05047A1-GARAYPRIMERA,Anillo Periférico Canal de Garay - Primera Avenida,5523
05047A0-AOTEXOCHIACA,C. C. Alameda Oriente - Av. Bordo de Xochiaca y XIutetelco,5523
05047A1-AOTEXOCHIAC,C. C. Alameda Oriente - Av. Bordo de Xochiaca y Xiutetelco,5524
0501421-FCOGOITIA,Francisco Goitia,5525
05047A0-GOYT16SEPTIE,Francisco Goytia - 16 de Septiembre,5525
05047A0-GOYTGLADIOLA,Francisco Goytia - Gladiolas,5526
0501430-GLADIOLAS,Gladiolas,5526
0501431-REDENCION,Redención,5527
05047A0-FCOGOYTIA,Francisco Goytia,5527
05047A0-DNTE20NOVIE,Prol. División del Norte - 20 de Noviembre,5528
0501431-20NOVIEMBRE,20 de Noviembre,5528
05047A0-DNTEAVMX,Prol. División del Norte - Av. México,5529
0501431-AVMX,Av. México,5529
05047A0-DNTEGPEIRAMZ,Prol. División del Norte - Guadalupe I. Ramírez,5530
05047A0-DNTESMARCOS,Prol. División del Norte - Condominios San Marcos,5531
05047A0-CORTCAFETALE,Anillo Periférico Blvd. Adolfo Ruiz Cortines - Cafetales,5532
05047A0-GARAYECOLOX,Anillo Periférico Canal de Garay - Parque Ecológico Xochimilco I,5533
05047A0-GARAYCNLNAL,Anillo Periférico Canal de Garay - Canal Nacional,5534
05047A0-GARAYAFEDERA,Anillo Periférico Canal de Garay - Area Federal Fave Sedena,5535
05047A0-GARAYCAMACH,Anillo Periférico Canal de Garay - Villa Camacho Sedena,5536
05047A0-GARAYJACARAN,Anillo Periférico Canal de Garay - Jacarandas,5537
05165A0-APOTELMENDEZ,Anillo Periférico Oriente - Luis Mendez,5538
05047A0-GARAYEJ6SLM,Anillo Periférico Canal de Garay - Eje 6 Sur Av. Luis Mendez,5538
05047A0-GARAYEJ5SREF,Anillo Periférico Canal de Garay - Eje 5 Sur Leyes de Reforma,5539
05047A0-GARAYSUR28A,Anillo Periférico Canal de Garay - Sur 28A,5540
05047A0-GARAYSUR22,Anillo Periférico Canal de Garay - Sur 22,5541
05047A0-GARAYSUR14C,Anillo Periférico Canal de Garay - Sur 14C,5542
05047A0-GARAYCISNERO,Anillo Periférico Canal de Garay - Licenciado J. Cisneros,5543
05047A0-GARAYFCOBNE,Anillo Periférico Canal de Garay - Francisco González Bocanegra,5544
05047A0-GARAYXOCHIMI,Anillo Periférico Canal de Garay - Xochimilco,5545
05047A0-GARAYUNION,Anillo Periférico Canal de Garay - Priv. Unión,5546
05047A0-GARAYBELTRAN,Anillo Periférico Canal de Garay - Priv. Beltran,5547
05047A0-GARAYCHIMAL,Anillo Periférico Canal de Garay - Chimalhuacan,5548
05047A0-GARAYCHIMALP,Anillo Periférico Canal de Garay - Chimalpopoca,5549
05047A0-BORDOGARAY,Bordo de Xochiaca - Anillo Periférico Canal de Garay,5550
05046C1-EJ10SUR,Eje 10 Sur,5551
05046C1-AMXPBESCONDI,Autopista México-Puebla - La Escondida,5552
05046C1-EJ6SAMERICAS,Eje 6 Sur Av. de las Torres - Las Americas,5553
05162B0-EJ6SLCARDENA,Eje 6 Sur Av. de las Torres - Lázaro Cardenas,5553
05046C1-EJ6SNOCHEBUE,Eje 6 Sur Av. de las Torres - Noche Buena,5554
05046C1-EJ6S12OCTUBR,Eje 6 Sur Av. de las Torres - 12 de Octubre,5555
05046C0-EJ6SMMADRID,Eje 6 Sur Av. de las Torres - Miguel de la Madrid,5555
05046C1-EJ6SIGNACIO,Eje 6 sur Av. de las Torres - San Ignacio,5556
05046C0-EJ6SPINO,Eje 6 Sur Av. de las Torres - Pino,5557
05046C1-EJ6SPINO,Eje 6 Sur Av. de las Torres - Pino,5557
05162B1-EJ6SVENUS,Eje 6 Sur - Venus,5558
05046C1-EJ6SOAXACA,Eje 6 Sur Av. de las Torres - Oaxaca,5558
05046C0-EJ6SRCORONA,Eje 6 Sur Av. de las Torres- Ramón Corona,5558
05046C1-EJ6SAYALA,Eje 6 Sur Av. de las Torres - Ayala,5559
0501640-EJ6STACRUZ,Eje 6 Sur Av. de las Torres - Santa Cruz,5559
0501641-EJ6SAYALA,Eje 6 Sur Av. de las Torres - Ayala,5559
05046C1-EJ6SOSENTIES,Eje 6 Sur Av. de las Torres - Octavio Senties,5560
0501640-EJ6SOSENTIES,Eje 6 Sur  Av. de las Torres - Octavio Senties,5560
05046C0-EJ6SOCTSENTIE,Eje 6 Sur Av. de las Torres - Octavio Senties,5560
05046C1-EJ6SIZTAPALA,eje 6 Sur Av. de las Torres - Eje 8 Sur Calz. Ermita Iztapalapa ,5561
05046C0-EJ5SJUANALVAR,Eje 5 Sur Av. de las Torres - Juan N. Alvarez,5562
05046C1-EJ6SCUAUHTEM,Eje 6 Sur Av. de las Torres - Cuauhtémoc,5562
05046C0-EJ6SJUANALVAR,Eje 6 Sur Av. de las Torres - Juan N. Alvarez,5562
05046C1-EJ6SVISTAHERM,Eje 6 Sur Av. de las Torres - Vista Hermosa,5563
05046C0-EJ6SAVMX,Eje 6 Sur Av. de las Torres - Av. México,5564
05046C0-EJ5SAVMX,Eje 5 Sur Av. de las Torres - Av. México,5564
05046C1-EJ6SAVMX,Eje 6 Sur Av. de las Torres - Av. México,5564
05046C0-EJ5SGUERRE,Eje 5 Sur Av. de las Torres - Vicente Guerrero,5565
05046C1-EJ6SVGUERRE,Eje 6 Sur Av. de las Torres - Vicente Guerrero,5565
05046C0-EJ6SGUERRE,Eje 6 Sur Av. de las Torres - Vicente Guerrero,5565
05046C1-EJ6SNARCISO,Eje 6 Sur Av. de las Torres - Narciso Mendoza,5566
05046C1-EJ6SPAYALA,Eje 6 Sur Av. de las Torres - Plan de Ayala,5567
05046C1-EJ6SFCOVILLA,eje 6 Sur Av. de las Torres - Francisco Villa,5568
05046C1-EJ6SGUELATAO,Eje 6 Sur Jalisco - Guelatao,5569
05046C1-EJ6SCGRACIDA,Eje 6 Sur Jalisco - Carlos L. Gracida,5570
05046C1-EJ6SCELESGAS,Eje 6 Sur Jalisco - Celestino Gasca,5571
05046C1-EJ6SHUITRON,Eje 6 Sur Jalisco - Jacinto Huitron,5572
05046C1-EJ6SALEJORIC,Eje 6 Sur Jalisco - Alejo Rico y Combate León,5573
05046C1-EJ6SESMONROY,Eje 6 Sur Jalisco - Esteban Monroy,5574
05046C1-EJ6SALBARRAD,Eje 6 Sur Jalisco - Albarrada,5575
05046C1-EJ6SUAM,Eje 6 Sur Jalisco - UAM,5576
05046C1-EJ6SATLIXCO,Eje 6 Sur Jalisco - San Rafael Atlixco,5577
05046C1-EJ6SAGUSTINM,Eje 6 Sur Jalisco - Agustín Melgar,5578
05161D1-HUALCHURUBU,Hualquila - Canal de Churubusco,5579
05046C1-HUALCNLCHURU,Hualquila - Canal de Churubusco,5579
05046C1-ABASTPESCADE,Central de Abasto - Pescaderia,5580
0501621-EJ10SHPSIQUIA,Santa Catarina y Eje 10 Sur - Hospital Psiquiatrico,5581
05046C0-LZCSTACATARIN,C. C. Lienzo Charro - Santa Catarina Eje 10 Sur y Temoayac,5581
0501620-EJ10STEMOAY,Eje 10 Sur - Temoaya,5581
0501620-EJ10SMXPUE,Eje 10 Sur - Entronque Autopista Puebla - México,5581
05046C0-AMXPBVIRGEN,Autopista México-Puebla - La Virgen,5582
05046C0-EJ6SOLVIDO,Eje 6 Sur Av. de las Torres - Olvido,5583
0501671-CALENDULA,Calendula,5584
0501630-PPLAEJ6STORR,Pipila - Eje 6 Sur Av. de las Torres,5584
0501631-PPLAEJ5STORR,Pipila - Eje 5 Sur Av. de las Torres,5584
0501671-PIPILAEJ6STOR,Pipila - Eje 6 Sur Av. de las Torres,5584
05046C0-EJ6SPIPILA,Eje 6 Sur Av. de las Torres - Pipila,5584
05162B1-EJ6SFCOMOCA,Eje 6 Sur - Francisco Montes de Oca y Pipila,5584
05046C0-EJ6STEPOZTLA,Eje 6 Sur Av. de las Torres - Tercera Cerrada Tepoztlan,5585
05046C0-EJ5SCPACHECO,Eje 5 Sur Av. Circunvalación - Carlos Pacheco,5586
05046C0-EJ5SMHGO,Eje 5 Sur Av. Circunvalación - Miguel Hidalgo,5587
05046C0-EJ5S5MAYO,Eje 5 Sur Av. Circunvalación - Batalla 5 de Mayo,5588
05046C0-EJ5SGUELATAO,eje 5 Sur Prol. Marcelino Buendia - Guelatao,5589
05046C0-EJ5SRENOVACI,Eje 5 Sur Prol. Marcelino Buendia - Renovación,5590
05046C0-EJ5SCDNAZUL,Eje 5 Sur Prol. Marcelino Buendia - Los Frentes y Cadena Azul,5591
05165A0-AZULEJ5SMARC,Cadena Azul - Eje 5 Sur Prol. Marcelino Buen Dia,5591
05046C0-EJ5SUHFRENTE,Eje 5 Sur Prol. Marcelino Buendia - Unidad Habitacional Los Frentes y Telecomunicaciones,5592
05046C0-EJ5SUHFLORES,Eje 5 Sur Prol. Marcelino Buendia - Mercado Los Frentes y Unidad Habitacional Las Flores,5593
05046C0-EJ5SPERIFERIC,Eje 5 Sur Prol. Marcelino Buendia - Periférico,5594
05046C0-EJ5S11ENERO,Eje 5 sur Leyes de Reforma - 11 de Enero de 1861,5595
05046C0-EJ5SGUERREFO,Eje 5 Sur Leyes de Reforma - Guerra de Reforma,5596
05046C0-EJ5SROJOGOM,Eje 5 Sur Av. Leyes de Reforma - Rojo Gómez,5597
05161D1-CTRALABASTO,Central de Abasto Av. Principal - Abarrotes,5598
05046C0-ABASTABARROT,Central de abasto Av. Principal - Abarrotes,5598
05161D1-PESCADHUALQ,Pescaderias - Hualquila,5599
05161D0-PESCADHUALQ,Pescaderias - Hualquila,5599
05046C0-HUALPESCADER,Hualquila - Pescaderías,5599
0500431-CONSUOCEANIA,Río Consulado - Oceanía,5600
0502000-CTOIOCEANIA,Circuito Interior - Av. Oceania,5600
0500431-PLZMERCED,Plaza Merced Abasto - Central de Abasto,5601
0500431-CHURU2DASALID,Canal Río de Churubusco - 2A Salida ,5601
0500431-CCCTRALABAST,C. C. Central de Abasto - Anden C Paradero y Central de Abasto,5601
0500431-CHURUEJ5OTE,Canal Río de Churubusco - Eje 5 Oriente,5602
0500431-TZNTLVIVERES,Canal Río de Churubusco - Abarrotes y Viveres ,5603
0500431-CHURUTEZONTL,Canal Río de Churubusco - Canal de Tezontle,5604
0500431-TZNTLSUR159,Canal de Tezontle - Sur 159,5605
0500431-TZNTLSUR147,Canal de Tezontle - Sur 147,5606
0500431-TZNTLCHURUB,Canal de Tezontle - Río Churubusco,5607
0500431-CHURUOTE116,Río Churubusco - Oriente 116,5608
0500431-CHURUOTE106,Río Churubusco - Oriente 106,5609
0500431-CHURUAVTE,Río Churubusco - Av. Te,5610
0502000-CTOIEJ4SAVTE,Circuito Interior - Eje 4 Sur Av. Te,5610
0500431-AVTEAZAFRAN,Av. Te - Azafrán,5611
0500431-CHURUANIL,Río Churubusco - ANil,5612
0500431-CHURUPTOAER,Río Churubusco - Metro Puerto Aéreo,5613
0500431-CHURUAV8,Río Churubusco - Av. 8,5614
0500431-Av8Av4,Av. 8 - Av. 4,5615
0500431-BLVDPTOAVIAC,Blvd. Puerto Aéreo - Aviación Comercial,5616
0500431-BLVDPTOANTE13,Blvd. Puerto Aéreo - Norte 13,5617
0500431-BLVDPTOAMIRAD,Blvd. Puerto Aéreo - Frente al Mirador,5618
0500431-BLVDPTOAERO,Blvd. Puero Aéreo - Aeropuerto,5619
0502001-CTOINTE33,Circuito Interior - Norte 33,5619
0502000-CTOIAEROCIVIL,Circuito Interior - Aeropuerto Civil,5619
0500431-CONSUPENON,Río Consulado - Av. del Peñon,5620
0500431-CONSUIRAPUAT,Río Consulado - Irapuato,5621
0500431-CONSUMORELO,Río Consulado - Morelos,5622
0500431-CONSUNTE178,Río Consulado - Norte 178,5623
0500431-OCNDVOCEAN,Oceanía - Deportivo Oceanía,5624
0500431-OCEANIADVO,Oceanía - Metro Deportivo Oceanía,5625
0500431-JLFBSQARAGON,José Loreto Fabelas - Bosque de Aragón,5626
05011A0-LORETOFAVELA,Loreto Favela,5626
0500430-JLFAV508,José Loreto Fabela - Av. 508,5626
0500431-JLFCANTINFLAS,José Loreto Fabela - Teatro Cantinflas,5627
0500431-JLFAV510,José Loreto Fabela - Av. 510,5628
0500431-JLFAV414,José Loreto Fabela - Av. 414,5629
0500431-JLFAV416,José Loreto Fabela - Av. 416,5630
0500430-JLFPTOTAMPICO,José Loreto Fabela - Puerto Tampico,5631
0500431-JLFPTOTAMPICO,José Loreto Fabela - Puerto de Tampico,5631
0500431-JLFPTOMAZATLA,José Loreto Fabela - Puerto de Mazatlán,5632
0500430-JLFPTOMAZATL,José Loreto Fabela - Puerto de Mazatlán,5632
0500431-JLFCOMORAZAN,José Loreto Fabela - Francisco Morazan,5633
0500431-BCSCONSTREPU,Baja California Sur - Constitución de la República,5634
0500431-BCSMORELOS,Baja California Sur - Estado de Morelos,5635
0500431-BCSOAXACA,Baja California Sur - Estado de Oaxaca,5636
0500430-AYACNOUNION,Villa de Ayala - Camino de la Unión,5637
0500431-AYATOTONILCO,Villa de Ayala - Atotonilco,5637
0500431-AYATAMAZULA,Villa de Ayala - Tamazula,5638
0500431-AYALEONALDAM,Villa de Ayala - León de los Aldama,5639
0500431-LALDLRSHGO,León de los aldama - Dolores Hidalgo,5640
0500331-EJILEONALDAM,Ejido - Av. León de los Aldama,5640
0500430-CHURUFCABAS,C. C. Central de Abasto - Frente a Anden C Paradero y Central de Abasto,5641
0500430-CHURUAPATLAC,Canal Río de Churubusco - Apatlaco,5642
0500430-TZNTLCHURUB,Canal de Tezontle - Canal Río Churubusco,5643
0500430-TZNTLCALL47,Canal de Tezontle - Calle 47,5644
0500430-CHURUTEZONTL,Río Churubusco - Canal de Tezontle,5645
0500430-CHURUOTE116,Río Churubusco - Oriente 116,5646
0500430-CHURUOTE106,Río Churubusco - Oriente 106,5647
0500430-CHURUPELIASCA,Río Churubusco - Plutarco Elias Calles,5648
0500430-CHURUCANELA,Río Churubusco - Canela,5649
0502001-CTOIEJ4SPECA,Circuito Interior - Eje 4 Sur Av. Presidente Plutarco Elias Calles,5649
0500430-FRAYMIERGVIL,Fray Servando Teresa de Mier - Galindo y Villa,5650
0500430-BLVDPTOAV4,Blvd. Puerto Aéreo - Av. 4,5651
0500430-BLVDPTAZARAG,Blvd. Puerto Aéreo - Calz. Ignacio Zaragoza,5652
0502001-CTOINTE9,Circuito Interior - Norte 9,5653
0500430-BLVDPTOANTE3,Blvd. Puerto Aéreo - Norte 3,5653
0500430-BLVDPTOANTE9,Blvd. Puerto Aéreo - Norte 9,5654
0500430-BLVDPTOANTE17,Blvd. Puerto Aéreo - Norte 17,5655
0500430-NTE172NTE17,Norte 172 - Norte 17,5656
0500430-NTE172NTE21,Norte 172 - Norte 21,5657
0500430-NTE172NTE25,Norte 172 - Norte 25,5658
0500180-NTE33OTE172,Norte 33 - Oriente 172,5659
0500430-NOTE172NTE33,Norte 172 - Norte 33,5659
0500430-NTE172NTE37,Norte 172 - Norte 37,5660
0500430-NTE172PENON,Norte 172 - Del Peñon,5661
0500430-NTE172PERSIA,Norte 172 - Persia,5662
0500430-NTE172TRANSVA,Norte 172 - Transval,5663
0500430-MANESTERLINA,Manchurias - Esterlinas,5664
0500430-BOLIMANCHURI,Bolivares - Manchuria,5665
0502001-CTOIOCEANIA,Circuito Interior - Av. Oceanía,5666
0500430-JLF504,José Loreto Fabela - 504,5666
0500430-JLFAV565,José Loreto Fabela - Av. 565,5667
0500430-JLFAV506,José Loreto Fabela - Av. 506,5668
05011A1-LORETOFABELA,Loreto Fabela,5668
0500430-JLFMNOMORENO,José Loreto Fabela - Teatro Mariano Moreno,5669
0500430-JLFCNOGPE,José Loreto Fabela  - Camino de Guadalupe,5670
0500430-JLFCALL414,José Loreto Fabela - Calle 414,5671
0500430-JLFCNOJUANAR,José Loreto Fabela - Camino San Juan de Aragón,5672
0500430-CNOUCNOLIGA,Camino de la Unión - Camino de la Liga,5673
0500430-CNOUTLAXCAL,Camino de la Unión - Estado de Tlaxcala,5674
0500430-CNOUPRQCTRAL,Camino de la Unión - Camino Parque Central,5675
0500430-CNOUCOOPER,Camino de la Unión - Camino de la Cooperación,5676
0500430-AYATOYAC,Villla de Ayala - Atoyac,5677
0500430-AYALAPATZINGA,Villa de ayala - Apatzingan,5678
0500430-LALDVILLAYALA,León de los Aldama - Villa de Ayala,5679
05039B1-STANATARAHU,Santa Ana - Tarahumaras,5680
05039B1-STANAMRSEQU,Av. Santa Ana - Rosa María Sequeira,5681
05039B0-STANARMSEQUE,Av. Santa Ana - Rosa María Sequeiros,5681
05039B1-16SEPTCAPULIN,Prol. 16 de Septiembre - Capulines,5682
05039B1-16SEPNATIVITA,Prol. 16 de Septiembre - Unidad Habitacional Nativitas,5683
0501421-MADRESELVA,Madre Selva,5683
05039B1-16SEPTMADRES,Prol. 16 de Septiembre - Madre Selva,5684
05039B0-STANAMERCED,Av. Santa Ana - Mercedes Abrego,5685
05039B0-ZACAPACNONA,C. C. Xochimilco Bosque de Nativitas por Miramontes - Zacapa y Camino a Nativitas,5686
0500371-FAMILYUREN,Fernando Amilpa - Luis Yuren,5687
0500371-AV6FAMILPA,Av. 6 Fernando Amilpa,5688
0500371-18FRNDAMILPA,Av. 18 Fernando Amilpa,5689
0500371-FNDOAMILPA,Av. 30 Fernando Amilpa,5690
0500370-FAMILMARTINE,Fernando Amilpa - José M. Martínez,5690
0500371-CUNIONPELICAN,Honorable Congreso de la Unión - Pelicano,5691
0500371-CUNIONOTE171,Honorable Congreso de la Unión - Oriente 171,5692
0500370-TALISMAN,Talisman,5693
0500371-CUNIONTALISMA,Honorable Congreso de la Unión - Talisman,5693
0500370-VICTORIA,Victoria,5694
0500371-CUNIONVICTORI,Honorable Congreso de la Unión - Victoria,5694
0500371-CUNIONHENRYF,Honorable Congreso de la Unión - Henry Ford,5695
0500370-HENRYFORD,Henry Ford,5695
05011A1-CONGREUNION,Congreso de la Unión,5696
0500371-CUNIONCORZO,Honorable Congreso de la Unión - Ángel Albino Corzo,5696
0500370-CUNIONALBINO,Honorable Congreso de la Unión - Ángel Albino Corzo,5696
0500371-CUNIONOTE91,Honorable Congreso de la Unión - Oriente 91,5697
0500371-CUNIONESTANO,Honorable Congreso de la Unión - Estaño,5698
0500371-CUNIONCNLNTE,Honorable Congreso de la Unión - Canal del Norte,5699
0500370-CUNIONPELUQU,Honorable Congreso de la Unión - Peluqueros,5700
0500371-CUNIONPELUQ,Honorable Congreso de la Unión - Peluqueros,5700
0500371-CUNIONCIRCUN,Honorable Congreso de la Unión - Circunvalación,5701
0500371-CUNIONHERR,Honorable Congreso de la Unión - Herreros,5702
0500371-CUNIONALBANIL,Honorable Congreso de la Unión - AlbaNil,5703
0500371-CUNIONACOZARI,Honorable Congreso de la Unión - Héroe de Nacozari,5704
0500370-CUNIONACOZAR,Honorable Congreso de la Unión - Héroe de Nacozari,5704
0500371-CUNIONTOMATL,Honorable Congreso de la Unión - San Andres Tomatlan,5705
0500371-CUNIONEZAPATA,Honorable Congreso de la Unión - Emiliano Zapata,5706
0500371-CUNIONROBELO,Honorable Congreso de la Unión - Cecilio Robelo,5707
0500370-CUNIONUNION,Honorable Congreso de la Unión - Unión,5707
0500371-CUNIONJCHIAPA,Honorable Congreso de la Unión - Jardín Chiapas,5708
0500371-CUNIONFRAYMIE,Honorable Congreso de la Unión - Fray Servando Teresa de Mier,5709
0500370-CUNIONBOTURIN,Honorable Congreso de la Unión - Lorenzo Boturini,5710
0500371-CUNIONBOTURIN,Honorable Congreso de la Unión - Lorenzo Boturini,5710
0500371-CUNIONTALLER,Honorable Congreso de la Unión - Av. del Taller,5711
0500370-CUNIONMOREL,Honorable Congreso de la Unión - Av. Morelos,5712
0500371-CUNIONMORELO,Honorable Congreso de la Unión - Av. Morelos,5712
0500371-CUNIONRIOPIE,Honorable Congreso de la Unión - Viaducto Río de la Piedad,5713
0500371-CUNIONPELIASC,Honorable Congreso de la Unión - Plutarco Elías Calles,5714
0500371-VIGARECREO,Calz. de la Viga - Recreo,5715
0500371-VIGAFCOIMADER,Calz. de la Viga - Francisco I. Madero,5716
0500370-VIGAILOPEZRAY,Calz. de la Viga - Ignacio López Rayon,5716
0500370-VIGASANTIAGO,Calz. de la Viga - Santiago,5717
0500371-VIGASANTIAGO,Calz. de la Viga - Santiago,5717
0500371-VIGAJALVAREZ,Calz. de la Viga - Juan Alvarez,5718
0500371-VIGAPATLACO,Calz. de la Viga - Av. Apatlaco,5719
0500371-VIGAPURISIMA,Calz. de la Viga - Purísima,5720
0500371-VIGACARDIOLO,Calz. de la Viga - Cardiologos,5721
0500371-VIGACJONQUIMI,Calz. de la Viga - Callejón Químicos,5722
0500371-VIGALFTORO,Calz. de la Viga - AlfonsoToro,5723
0500371-VIGAGUSYANEZ,Calz. de la Viga - Agustín Yañez,5724
0500371-VIGANASTASIO,Calz. de la Viga - Anastasio G. Saravia,5725
0500370-VIGAOSAMENOR,Calz. de la Viga - Osa Menor,5726
0500371-VIGACAMPESINO,Calz. de la Viga -Campesinos,5726
0500371-NAVALCNLNAL,Escuela Naval Militar - Canal Nacional,5727
0500371-NAVALCJONALF,Escuela Naval Militar - Callejón San Alfredo,5728
0500371-NAVAL16SEPTIE,Escuela Naval Militar - 16 de Septiembre,5729
0500370-NAVALEJIDOLOR,Escuela Naval Militar - Ejido San Lorenzo,5730
0500371-NAVALTEZONCO,Escuela Naval Militar - Ejido San Lorenzo Tezonco,5730
0500371-NAVALSTANA,Escuela Naval Militar - Av. Santa Ana,5731
0500371-NAVALPORFIRIO,Escuela Naval Militar - Cerrada Porfirio Díaz,5732
0500371-VRGNBOJORQU,Calz. de la Virgen - Bojorquez,5733
0500371-VRGNBONFIL,Calz. de la Virgen - Alfredo Vladimir Bonfil,5734
0500370-VRGNBONFIL,Calz. de la Virgen - Alfredo  Vladimir Bonfil,5734
0500370-VRGNSEQUEIRA,Calz. de la Virgen - Rosa María Sequeira,5735
0500371-VRGNSEQUEIR,Calz. de la Virgen - Rosa María Sequeira,5735
0500371-VRGNRZARAGO,Calz. de la Virgen - Rosa Zaragoza,5736
0500370-VRGNRZARAGO,Calz. de la Virgen - Rosa Zaragoza,5736
0500371-VRGNCARALOTA,Calz. de la Virgen - Carlota Armero,5737
0500371-VRGNTEPEHUAN,Calz. de la Virgen - Tepehuanes,5738
0500370-VRGNSOLORZA,Calz. de la Virgen - Soledad Solorzano,5739
0500371-VRGNCATALINA,Calz. de la Virgen - Catalina Buendia,5739
0500371-MMADELITA,Manuela Medina - Adelita,5740
0500370-MMADELITA,Manuela Medina - La Adelita,5740
0500371-MMVALLE,Manuela Medina - Valle,5741
0500371-DGMMEDINA,Dolores Guerrero - Manuela Medina,5742
0500370-MMTEPETLAPA,Manuela Medina - Tepetlapa,5742
0500371-DGRCASTELLA,Dolores Guerrero - Rosario Castellanos,5743
0500370-DGROSARCASTE,Dolores Guerrero - Rosario Castellanos,5743
0500370-CSERDANNIME,C. C. Carmen Serdán - Candelaria Pérez y Nimes,5744
0500370-CPMARIAMAR,Candelaria Pérez - María del Mar,5745
0500370-CPDOLORESGU,Candelaria Pérez - Dolores Guerrero,5746
0500370-EVARGASCANDE,Elvira Vargas - Candelaria Pérez,5747
0500370-RCASTVARGAS,Rosario Castellano - Elvira Vargas,5748
0500370-VRGNHGLEZ,Calz. de la Virgen - Hermanas González,5749
0500370-VRGNMAGDALE,Calz. de la Virgen - Magdalena,5750
0500370-VRGNARMERO,Calz. de la Virgen - Carlota Armero,5751
0500370-NAVALCDAPORFI,Escuela Naval Militar - Cerrada Porfirio Díaz,5752
0500370-NAVALSTANA,Escuela Naval Militar - Santa Ana,5753
0500370-NAVALBOSQUE,Escuela Naval Militar - Paseos del Bosque,5754
0500370-NAVALPHACIEND,Escuela Naval Militar - Paseo de la Hacienda,5755
0500370-NAVALPCHICO,Escuela Naval Militar - Paseo Chico,5756
0500370-VIGAEZAPATA,Calz. de la Viga - Emiliano Zapata,5757
0500370-VIGAGUSYANEZ,Calz. de la Viga - Agustín Yañez,5758
0500370-VIGAECARANZA,Calz. de la Viga - Emilio Carranza,5759
0500370-VIGAPORTOALE,Calz. de la Viga - Porto Alegre,5760
0500370-VIGAPIECUESTA,Calz. de la Viga - Playa Pie de la Cuesta,5761
0500370-VIGAVILLAMAR,Calz. de la Viga - Playa Villa del Mar,5762
0500370-VIGAROQUTA,Calz. de la Viga - Playa Roqueta,5763
0500370-VIGAERIZO,Calz. de la Viga - Playa Erizo,5764
0500370-VIGASANFCO,Calz. de la Viga - San Francisco,5765
0500370-CUNIONRECREO,Honorable Congreso de la Unión - Recreo,5766
0500370-CUNIONHGO,Honorable Congreso de la Unión - Calle Miguel Hidalgo,5767
0500370-CUNIONMALEM,Honorable Congreso de la Unión - Viaducto Miguel Alemán,5768
0500370-CUNIONTALLER,Honorable Congreso de la Unión - Av. del Taller,5769
0500370-CUNIONOTE32,Honorable Congreso de la Unión - Oriente 32,5770
0500370-CUNIONCANDEL,Honorable Congreso de la Unión - M. Candelaria,5771
0500370-CUNIONEZAPAT,Honorable Congreso de la Unión - Emiliano Zapata,5772
0500180-HORTCUNION,Hortelanos - Congreso de la Unión,5773
0500370-CUNIONHORTEL,Honorable Congreso de la Unión - Hortelanos,5773
0500370-CUNIONCIRCUNV,Honorable Congreso de la Unión - Circunvalación,5774
0500370-CUNIONCNLNTE,Honorable Congreso de la Unión - Canal del Norte,5775
0500370-CUNIONTALABAR,Honorable Congreso de la Unión - Talabarteros,5776
0500370-CUNIONPLATINO,Honorable Congreso de la Unión - Platino,5777
0500370-CUNIONRCONS,Honorable Congreso de la Unión - Río Consulado,5778
0500370-CUNIONOTE87,Honorable Congreso de la Unión - Oriente 87,5779
0500370-TESORO,Tesoro,5780
0500370-FAMILGARCIA,Fernando Amilpa - Vicente García,5781
0500370-FAMILMARENCO,Fernando Amilpa - Ismael Marenco,5782
0500370-CTMATZAMILPA,Unidad CTM Atzacoalco - Fernando Amilpa y Francisco J. Macin,5783
05034B1-PROLSTAFALAM,Prol. Av. Santa Fe - Alameda Poniente,5784
05034B1-BARRPARKPLA,Barros Sierra - Park Plaza,5785
0501150-CALLE3,Calle 3,5785
05034B1-BARRSIERRA,Barros Sierra,5786
05034B1-POETASTAFE,Paseo de los Poetas - Cumbres Santa Fe,5787
05034B1-UPTETORRES,Autopista Urbana Poniente - Av. de las Torres,5788
05034B1-CABRFERROCU,Luis Cabrera - Ferrocarril de Cuernavaca,5789
05034B1-CABRNARANJO,Luis Cabrera - Naranjos,5790
05034B1-CABRJALAPA,Luis Cabrera - Jalapa,5791
05034B1-CABRPOPULAR,Luis Cabrera - Casa Popular,5792
05034B0-CONTRPOPULA,Av. Contreras - Casa Popular,5792
05300B1-EZAPLCABRERA,Emiliano Zapata - Luis Cabrera,5792
05034B1-PERIFCODIF,Anillo Periférico - DIF,5793
05034B1-EJ10SDONATO,Eje 10 Sur - Donato Guerra,5794
05123A1-AVUNIVERSIDAD,Av. Universidad,5795
05034B1-UNICOPILCO,Av. Universidad - Copilco,5795
05034B1-MAQINSURSUR,C. C. Miguel Angel de Quevedo  Av. Insurgentes Sur - Miguel Ángel de Quevedo,5796
05034B0-UNIMAQ,Av. Universidad - Metro Miguel Ángel de Quevedo,5796
05034B0-UNIACASULCO,Av. Universidad - Cerro Acasulco,5797
05123A0-PSICOLOGIA,Psicología,5798
05034B0-UNIVERSIDUNAM,Av. Universidad - UNAM,5798
05034B0-EJ10SREVOLUCI,Eje 10 Sur - Av. Revolución,5799
05034B0-JRNMFUENTES,Av. San Jerónimo - Las Fuentes,5800
05034B0-JRNMPERIFERI,Av. San Jerónimo - Anillo Periférico,5801
05034B0-JRNMTARASQUI,Av. San Jerónimo - Tarasquillo,5802
05034B0-JERONMDIF,Av. San Jerónimo - DIF,5803
05034B0-CONTRTUXPAN,Av. Contreras  - Tuxpan,5804
05034B0-CABRMAGNOLIA,Luis Cabrera - Magnolia,5805
05034B0-CABRFRRCUER,Luis Cabrera - Ferrocarril del Cuernavaca,5806
05034B0-UPTEANAHUAC,Autopista Urbana Poniente - Universidad Anahuac del Sur,5807
05034B0-UPTELIZONDO,Autopista Urbana Poniente - Roberto Díaz Elizondo,5808
05034B0-UPTETORRES,Autopista Urbana Poniente - Av. de las Torres,5809
05034B0-UPTEAGUILAS,Autopista Urbana Poniente - Av. de las Aguilas,5810
05034B0-POETASTAFE,Paseo de los Poetas - Cumbres Santa Fe,5811
05034A1-CHAPUDRVERT,Av. Chapultepec - Dr. Vertiz,5812
05034A1-CHAPUCUAUHT,Av. Chapultepec - Metro Cuauhtémoc,5813
05034A0-CHAPULNAPOLE,Av. Chapultepec - Napoles,5814
05034A1-CHAPUMERIDA,Av. Chapultepec - Merida,5814
05034A1-CHAPUMEDELLI,Av. Chapultepec - Medellin,5815
05034A1-CHAPUSEVILLA,Av. Chapultepec - Metro Sevilla,5816
05034A1-CHAPUSONORA,Chapultepec - Sonora,5817
05034A0-CHAPFLORES,Av. Chapultepec - Las Flores,5818
05034A1-CYTFLORES,Av. Constituyentes - Las Flores,5818
05034A1-CYTMONTIEL,Av. Contituyentes - Gobernador Tiburcio Montiel,5819
05034A0-CYTMONTIEL,Av. Contituyentes - Gobernador Tiburcio Montiel,5819
05034A1-CYTUVM,Av. Constituyentes - UVM,5820
05034A0-CYTMUZQUIZ,Av. Constituyentes - Gobernador Melchor Muzquiz,5821
05034A1-CONSTITUYEN,Av. Constituyentes - Constituyentes,5821
05034A0-CYTMONTESINO,Av. Constituyentes - General José Montesinos,5822
05034A1-CYTMONTESINO,Av. Constituyentes - General José Montesinos,5822
05034A0-CYTGRALJMME,Av. Constituyentes - General José María Mendivil,5823
05034A1-CYTGRALJMEN,Av. Constituyentes - General José María Mendivil,5823
05034A1-CYTSUR128,Av. Constituyentes - Sur 128,5824
05034A1-CYTMIRANDA,Av. Contituyentes - Miranda,5825
05034A1-CYTOBSERVATO,Av. Constituyentes - Av. Observatorio,5826
05034A1-VQGRMEDELLN,Av. Vasco de Quiroga - Roberto Medellin,5827
050115-JOAQGALLO,Joaquin gallo,5827
05034A1-CLZCTRBANC,Av. Carlos Lazo - Centro Bancomer,5828
05300B1-EXPOBANAM,Frente expo banamex,5828
05034A1-STAFBARRAGAN,Av. Santa Fe - Luis Barragan,5829
05300B1-2AGLORIETA,Av. Santa Fe (segunda glorieta),5830
05034A1-STAFJOGORMA,Av. Santa Fe - Juan O'Gorman,5830
05034A1-STAFMORAL,Av. Santa Fe - Enrique del Moral,5831
05300B0-ENRMORAL,Enrique del Moral (frente edificio movistar),5831
05034A0-STAFEMORAL,Av. Santa Fe - Enrique del Moral,5831
05034A0-JSAGRAZSC,Juan Salvador Agraz - Sam's Club,5832
05034A1-JSAGRAZSCB,Juan Salvador Agraz - Sam's Club,5832
05034A1-JSAGRAZSB,Juan Salvador Agraz - Sam's Club,5833
05300B1-AVTAMAUL,Av. Tamaulipas (frente walmart),5833
05034A0-MBALDERATOLS,C. C. Metro Balderas - Tolsa y Av. Chapultepec,5834
05034A0-CHAPUCUAUHTE,Av. Chapultepec - Metro Cuauhtémoc,5835
05SEL1-CUAUOP,Cuauhtémoc,5835
05SEL1-INSURGOP,Insurgentes,5836
05034A0-CHAPULVARSOV,Av. Chapultepec - Varsovia,5836
05034A0-CHAPUSEVILLA,Av. Chapultepec - Metro Sevilla,5837
05034A0-CHAPULTEPEME,Av. Chapultepec - Metro Chapultepec,5838
05034A0-CYTESUVM,Av. Constituyentes - UVM,5839
05034A0-CYSPDOLORES,Av. Constituyentes - Panteón Dolores,5840
05034A0-CYTMIRANDA,Av. Constituyentes - Miranda,5841
05034A0-CYTVOCACIO4,Av. Contituyentes - Vocacional No. 4,5842
0501100-SECRHACIENDA,Secretaría de Hacienda,5843
05034A0-CYTSEDESOL,Av. Constituyentes - SEDESOL,5843
05034A0-CYTRADIOCTR,Av. Constituyentes - Radio Centro,5844
05034A0-CYTCONAFRUT,Av. Constituyentes - Puente Conafrut,5845
0501150-ACCTELEVISA,Acceso a Televisa,5846
05034A0-VQUIRTELEVIS,Av. Vasco de Quiroga - Televisa Santa Fe,5846
05034A0-VQUIRMEDELLI,Av. Vasco de Quiroga - Roberto Medellin,5847
05034A0-STAFEDIF3M,Av. Santa Fe - Edificio 3M,5848
05034A0-STAFEBANCOM,Av. Santa Fe - Centro Bancomer,5849
05034A0-STAFLBARRAGA,Av. Santa Fe - Luis Barragan,5850
05300B0-JUANGOR,Juan O Gorman,5851
05034A0-STAFJOGGORM,Av. Santa Fe - Juan O'Gorman,5851
05034A0-JSAGRAZOD,Juan Salvador Agraz - Office Depot,5852
0500331-EDOMOLINA,Eduardo Molina  - Eje 3 Sur Av. Morelos,5853
0500330-CVIGACHABACA,Calz. de la Viga - Chabacano,5853
0500331-LALDJUANLAGO,Av. León de los Aldama - San Juan de los Lagos,5854
0500331-LALDCALPULAL,Av. León de los Aldama - Calpulalpan,5855
0500330-LALDEJIDO,Av. León de los Aldama - Ejido,5856
0500331-EJIBJUAREZ,Ejido - Benito Juárez,5856
0500331-EJIEZAPATA,Ejido - Emiliano Zapata,5857
0500330-EJIDONJUAREZ,Ejido - Benito Juárez,5857
0500331-EJIGCNLDESAG,Ejido - Av. Gran Canal del Desague,5858
0500331-C310GCNLDESA,Calle 310 - Av. Gran Canal del Desague,5859
0500331-CALL310Y315,Calle 310 - Calle 315,5860
0500331-5MAYEDOMOLIN,5 de Mayo - Av. Ing. Eduardo Molina,5861
0500331-5MAYFRAYPADIL,5 de Mayo - Fray Juan de Padilla,5862
0500331-CENTE5MAYO,Centenario - 5 de Mayo,5863
0500330-CENTECUAUHT,Centenario - Cuauhtémoc,5864
0500331-CENTEVASCOQ,Centenario - Vasco de Quiroga,5864
0500330-CENTEMORELOS,Centenario - Morelos,5865
0500331-CENTEJBOSCO,Centenario - Padre Juan Bosco,5865
0500331-FHGOTE157,Av. Ferrocarril Hidalgo - Oriente 157,5866
0500331-FHGOMCARRER,Av. Ferrocarril Hidalgo - Metro Martín Carrera,5867
0500331-CUNIONFENIX,Congreso de la Unión - Fenix,5868
0500331-PLCEJ2OTECUN,Pelicano - Eje 2 Oriente Av. Honorable Congreso de la Unión,5869
0500331-FHGOPELICANO,Av. Ferrocarril Hidalgo - Pelicano,5870
0500330-FHGOVTEVILLAD,Av. Ferrocarril Hidalgo - Vicente Villada,5870
0500330-FHGOMOCTEZU,Av. Ferrocarril Hidalgo - Moctezuma,5871
0500331-FHGOMOCTEZU,Av. Ferrocarril Hidalgo - Moctezuma,5871
0500330-FHGOEJ4NTETA,Av. Ferrocarril Hidalgo - Eje 4 Norte Talisman,5872
0500331-FHGOEJ4NTETAL,Av. Ferrocarril Hidalgo - Eje 4 Norte Talisman,5872
0500331-FHGOTESORO,Av. Ferrocarril Hidalgo - Tesoro,5873
0500331-FHGOVICTORIA,Av. Ferrocarril Hidalgo - La Victoria,5874
0500331-FHGOHENRYFO,Av. Ferrocarril Hidalgo - Henry Ford,5875
0500331-FHGOEJ3NTENO,Av. Ferrocarril Hidalgo - Eje 3 Norte Noé,5876
05011A0-FERROHGO,Ferrocarril Hidalgo,5876
0500331-FHGOTE91,Av. Ferrocarril Hidalgo - Oriente 91,5877
0500330-FHGOABEL,Av. Ferrocarril Hidalgo - Abel,5877
0500331-FHGORIOCONS,Av. Ferrocarril Hidalgo - Av. Río Consulado,5878
0500330-BOLEOPLATINO,Boleo - Platino,5879
0500331-BOLEOCOBRE,Boleo - Cobre y Platino,5879
0500331-BOLEOEJ2NCNL,Boleo- Ejer 2 Norte Canal del Norte,5880
0500331-TRABPANADERO,Av. del Trabajo - Panaderos,5881
0500180-EJ1NJARDINE,Eje 1 Norte Rayon - Jardineros,5882
0500331-EJ1OTRABAJO,Eje 1 Oriente Vidal Alcocer - Eje 1 Oriente Av. del Trabajo,5882
0500330-TRBJEJ1NGRAN,Av. del Trabajo - Eje 1 Norte Héroes de Granaditas,5882
0500181-EJ1NTEVIDALAL,Eje 1 Norte Rayón - Vidal Alcoser,5882
0500331-EJ1OPENAYPE,Eje 1 Oriente Vidal Alcocer - Manuel de la Peña y Peña,5883
0500330-EJ1OMPENAYPE,Eje 1 Oriente Vidal Alcocer - Manuel de la Peña y Peña,5883
0500330-EJ1OLECUMBER,Eje 1 Oriente Vidal Alcocer - Lecumberri,5884
0500331-EJ1OLECUMBER,Eje 1 Oriente Vidal Alcocer - Lecumberri,5884
0500331-CIRCUTOMATLA,Anillo de Circunvalación - San Antonio Tomatlan,5885
0500331-CIRCUNACOZARI,Anillo de Circunva;ación - Héroes de Nacozari,5885
0500331-CIRCUALARCON,Anillo de Circunvalación - Alarcon,5886
0500330-CIRCUNREPGUA,Anillo de Circunvalación - República de Guatemala,5887
0500331-CIRCUNEGRET,Anillo de Circunvalación - Miguel Negrete,5887
0500331-CIRCUEZAPATA,Anillo de Circunvalación - Emiliano Zapata,5888
0500331-CIRCUCORREGI,Anillo de Circunvalación - Corregidora,5889
0500331-CIRCUZAVALA,Anillo de Circunvalación - Zavala,5890
0500331-CIRCUGRALANA,Anillo de Circunvalación - General Anaya ,5890
0500331-CIRCURCORONA,Anillo de Circunvalación - Ramón Corona,5891
0500331-CIRCUCARRETO,Anillo de Circunvalación - Carretones,5892
0500331-CIRCUAGURRIO,Anillo de Circunvalación - Adolfo Gurrion,5893
0500331-CNLFRYMIER,Av. Canal - Fray Servando Teresa de Mier,5894
0500330-CIRCUNFRAYS,Anillo de Circunvalación - Fray Servando Teresa de Mier,5894
0500331-CANALZOQUIPA,Av. Canal - Calle Zoquipa,5895
0500331-CVIGLBOTURINI,Calz. de la Viga - Lorenzo Boturini,5896
0500330-CVIGALBOTURIN,Calz. de la Viga - Lorenzo Boturini,5896
0500331-CVIGAEJ2STALL,Calz. de la Viga - Eje 2 Sur Av. del Taller,5897
0500330-CVIGATALLER,Calz. de la Viga - Av. del Taller,5897
0500331-AMOLEJ1OTE,Prol. Andrés Molina Enriquez - Eje 1 Oriente Andrés Molina Enríquez,5898
0500331-JAMTOPACIO,Juan Antonio Mateos - Topacio,5899
0500331-JAMVBERISTAIN,Juan Antonio Mateos - Vicente Beristain,5900
05SEL9-CHAB1,Chabacano,5901
0500330-CHABAJATORRE,Calz. Chabacano - José Antonio Torres,5901
05SEL9-CHAB,Chabacano,5901
0500330-CHABASOTERO,Calz. Chabacano - José Sotero,5902
0500330-AVCJONCANAL,Av. Canal - Callejón del Canal,5903
0500330-CIRCUNSPABLO,Anillo de Circunvalación - San Pablo,5904
0500330-CIRCUNSTOMAS,Anillo de Circunvalación - Santo Tomás,5905
0500330-CIRCUNGRALAN,Anillo de Circunvalación - General Anaya,5906
0500330-CIRCUNMANZAN,Anillo de Circunvalación - Manzanares,5907
0500330-CIRCUNTOMATL,Anillo de Circunvalación - San Antonio Tomatlan,5908
0500330-EJ1OREPCOLOM,Eje 1 Oriente Vidal Alcocer  - República de Colombia- ,5909
0500330-TRABAJRIVERO,Av. del Trabajo - Rivero,5910
0500330-BOLEOEJ2NC,Boleo - Eje 2 Norte Canal del Norte,5911
0500330-FHGORIOCONSU,Av. Ferrocarril Hidalgo - Av. Río Consulado,5912
0500330-FHGOHENRYFOR,Av. Ferrocarril Hidalgo - Henry Ford,5913
0500330-FHGOVICTORIA,Av. Ferrocarril Hidalgo - Victoria,5914
0500330-FHGOTESORO,Av. Ferrocarril Hidalgo - Tesoro,5915
0500330-MARISGPEVICTO,General Mariano Arista - General Guadalupe Victoria,5916
0500330-CENTEOTE157,Centenario - Oriente 157,5917
0500330-CENTECDAEZAP,Centenario - Cerrada Emiliano Zapata,5918
0500330-CENTECERRITO,Centenario - Cerritos,5919
0500330-CENTEJUANICO,Centenario - San Juanico,5920
0500330-CENTERIOREME,Centenario - Río de los Remedios,5921
0500330-DEFOGMARGAR,Canal de Desfogue - Margaritas,5922
0500330-DESFOFLORLIS,Canal de Desfogue - Flor de Lis,5923
0500330-314EDOMOLINA,Calle 314 - Av. Eduardo Molina,5924
0500330-CALLE314315,Calle 314 - Calle 315,5925
0500330-GCANALCALL314,Av. Gran Canal del Desague - Calle 314,5926
0500330-EJGRANCANAL,Ejido - Av. Gran Canal del Desague,5927
0500330-LALDCALPULAL,Av. León de los Aldama - Calpulalpan,5928
0500330-LALDAJUANLAG,Av. León de los Aldama - San Juan de los Lagos,5929
0500330-LALDAOTUMBA2,Av. León de los Aldama - Otumba,5930
0500330-LALDAOTUMBA,Av. León de los Aldama - Otumba,5930
0500330-LALDREMEDIOS,Av. León de los Aldama - Río de los Remedios,5931
0500330-LONALDAMA,C. C. León de los Aldama,5932
0501031-FWALMART,Frente a Wal-mart,5933
05027A1-LESPTEMOMULC,Luis Espinoza - Temomulco y Modulo de Policia,5933
0501040-BRISAS,Brisas,5933
0501030-FCHEDRAUI,Frente a Chedraui,5933
0501031-GUANAJUATO,Guanajuato,5934
05027A1-EJCLCAHUEHUE,Eje Central Lázaro Cardenas - Ahuehuetes,5934
05027A1-EJLCCHVALLEJ,Eje Central Lázaro Cardenas - Central Camionera del Norte y CCH Vallejo,5935
0501031-JGPELOPEZVEL,José Guadalupe López Velarde,5935
05027A0-HEROESTRELL,Calle Héroes - Estrella y Manuel González,5936
05027A1-RFMECTRALCAR,Av. Ricardo Flores Magón - Eje Central Lázaro Cardenas,5936
0500180-RFMGONEJNTE,Ricardo Flores Magón - Eje Central Norte,5937
0500181-RFMEJCTRLCAR,Ricardo Flores Magón - Eje Central Lázaro Cardenas,5937
05027A0-HEROMOSQUET,Calle Héroes - Mosqueta Eje 1 Norte y Flores Magon,5937
05027A1-ZARAGRFMAGO,Zaragoza - Av. Ricardo Flores Magon,5937
05027A1-ZARAGMENESE,Zaragoza - Carlos Julio Meneses,5938
05027A1-ZARAGMINA,Zaragoza - Mina,5939
05027A0-MHGOVTRUJAN,C. C. Metro Hidalgo y Alameda Central - Valerio Trujano y Av. Hidalgo,5940
05027A0-MOSQLERDO,Mosqueta Eje 1 Norte - Lerdo Lázaro Cardenas y Mina,5941
05027A0-EJLCLAVE,Eje Central Lázaro Cardenas - Clave,5942
05027A0-EJCLCMRAZA,Eje Central Lázaro Cardenas - Metro La Raza,5943
05027A0-100MCNTRLCAM,Av. 100 Metros - Frente a Metro Central Camionera,5944
0501031-CHALMAVILLA,Chalma La Villa,5945
0500230-CUALFMAZO,Av. Cuauhtepec - Av. Alfredo del Mazo,5945
05027A0-CUALFRMAZO,Av. Cuautepec - Alfredo del Mazo,5945
05027A0-EMXTECNOLOG,Estado de México - Tecnológico,5946
0501040-SORJUANA,Sor Juana Ines de la Cruz,5946
0501041-SORJUANA,Sor Juana Ines de la Cruz,5946
0500251-ACUE30JUNIO15,Acueducto - 30 de Junio 1520,5947
0500250-ACUE30JUN1520,Av. Acueducto - 30 de Junio de 1520,5947
0500251-ACUEVIDRIOPLA,Acueducto - Vidrio Plano,5948
0500250-ACUEVIDRPLAN,Av. Acueducto - Vidrio Plano,5948
0500251-ACUERIOJA,Acueducto - La Rioja,5949
0501020-ACUEDUCTO,Acueducto,5949
0500251-ACUECARTAGEN,Acueducto - Cartagena Sur,5950
0500251-ACUEPTOBARAC,Acueducto - Puerto Baracoa,5951
0500251-ACUEARACAZU,Acueducto - Aracazu,5952
0500251-ACUEACOYAPA,Acueducto - Acoyapa Frente a Registro Civil 23,5953
0500250-ACUAVIPN,Av. Acueducto - Av. Instituto Politécnico Nacional,5954
0500251-IPNACUEDUCTO,Av. Instituto Politécnico Nacional - Acueducto,5954
0500251-IPNPARANAGUA,Av. Instituto Politécnico Nacional - Paranagua,5955
0500251-IPNHUANUCO,Av. Instituto Politécnico Nacional - Huanuco,5956
0500250-IPNTICOMAN,Av. Instituto Politécnico Nacional - Ticoman,5957
0501010-AVIPN,Av. Instituto Politécnico Nacional,5957
0501011-IPN,Instituto Politécnico Nacional,5957
0500251-IPNTICOMAN,Av. Instituto Politécnico Nacional - Ticoman,5957
0501081-AVIPN,Av. Instituto Politécnico Nacional,5957
0501041-FORTUNA,Fortuna,5958
0500250-IPNFORTUNA,Av. Instituto Politécnico Nacional - Fortuna,5958
05101D0-AVIPN,Av. Instituto Politécnico Nacional,5959
05101A1-AVIPN,Av. Instituto Politécnico Nacional,5959
05101A0-AVIPN,Av. Instituto Politécnico Nacional,5959
0500250-IPNJUANBATIZ,Instituto Politécnico Nacional - Juan de Dios Batiz,5959
0500250-IPNCINVESTAV,Av. Instituto Politécnico Nacional - CINVESTAV (Pta. principal),5960
0500250-ZACCHIQUIHUI,C. C. Zacatenco - Cerro del Chiquihuite,5961
0500250-CHIQCDATRIUN,Cuiquihuite - Cerrada del Triunfo,5962
0500250-CHIQSTACRUZ,Chiquihuite - Santa Cruz,5963
0500250-STACPRESA,Santa Cruz - La Presa,5964
0500231-18M100MTRS,18 de Marzo - 100 Metros,5965
0500230-MARZUACM,18 de Marzo - Frente a UACM,5966
0500231-18MFUACM,18 de Marzo - Frente a la UACM,5966
0501080-PTOACAPULCO,Puerto Acapulco,5967
0500231-18MPTOACAPUL,18 de Marzo - Puerto Acapulco,5967
0500231-18MGPEVICTO,18 de Marzo - Guadalupe Victoria,5968
0501080-GPEVICTORIA,Guadalupe Victoria,5968
0501080-GPE,Guadalupe,5969
0500231-AVGPEMORELOS,Av. Guadalupe - Morelos,5969
0501030-CALLE16,Calle 16,5970
0500231-CALLE16,Calle 16,5970
0500231-EJLCBUENAVIS,Eje Central Lázaro Cardenas - Buenavista,5971
0500231-EJLCMONTEVID,Eje Central Lázaro Cardenas - Montevideo,5972
0500231-EJLCRICARTE,Eje Central Lázaro Cardenas - Ricarte,5973
0500231-EJLCPTEFORTU,Eje Central Lázaro Cardenas - Puente de Fortuna,5974
0500230-METRORAZA,Frente a Metro La Raza,5975
0501081-JAIMENUNO,Jaime Nuno,5976
0500230-FCIVJNUNO,Francisco Villa - Jaime Nunó,5976
0500230-AVTECALTAMIRA,Av. Tecnológico - Manuel Altamirano,5977
0501040-EVASAMANO,Eva Samano de López Mateos,5977
0501081-18MARZO,18 de Marzo,5978
0501080-18MARZO,18 de Marzo,5978
0500230-18MARZO,18 de Marzo,5978
0501040-PARDAVEROLON,Joaquin Pardave y José Rolon,5979
0500230-JPARDALARA,Joaquín Pardave - Agustín Lara,5979
0501080-PARDAVEROLON,Joaquin Pardave y José Rolon,5979
0501081-PARDAVEROLON,Joaquin Pardave y  José Rolon,5979
0501040-GENARONUNEZ,Genaro NuNez,5979
0502000-CTOIMCARPIO,Circuito Interior - Manuel Carpio,5980
0502001-CTOIMCARPIO,Circuito Interior - Manuel Carpio,5980
0502001-CTOIRSCOSME,Circuito Interior - Ribera de San Cosme,5981
0502001-CTOICHAPULTE,Circuito Interior - Metro Chapultepec,5982
0502001-CTOIBFRANKLIN,Circuito Interior - Av. Benjamín Franklin,5983
0502001-CTOIJMVIGIL,Circuito Interior - José María Vigil,5984
0502001-CTOITINTORETO,Circuito Interior - Tintoreto,5985
05115A0-TINTORETO,Tintoreto,5985
0502001-CTOIJMRICO,Circuito Interior - José María Rico,5986
0502001-CTOIUNIVERSID,Circuito Interior - Av. Universidad,5987
0502001-CTOICENTENAR,Circuito Interior - Centenario,5988
0502001-CTOIDVSNTE,Circuito Interior - División del Norte y Coyoacan,5989
0502001-CTOIEJ8SEIZTA,Circuito Interior - Eje 8 Sur Calz. Ermita Iztapalapa,5990
0502001-CTOIFCOPTRON,Circuito Interior - Eje 3 Oriente Francisco del Paso y Troncoso,5991
0502001-CTOIEJ6STSOC,Circuito Interior - Eje 6 Sur Trabajadores Sociales,5992
0502001-CTOIGIRASOL,Circuito Interior - Girasol,5993
0502001-CTOIEJ3SANIL,Circuito Interior - Eje 3 Sur ANil,5994
0502001-CTOIFRAYTMIER,Circuito Interior - Fray Servando Teresa de Mier,5995
0502001-CTOIVALLEJO,Circuito Interior - Calz. Vallejo,5996
0502001-CTOIEJCTRLLC,Circuito Interior - Eje Central Lázaro Cardenas,5997
0502000-CTOIEDOMOLIN,Circuito Interior - Eduardo Molina,5998
0502001-CTOIEDOMOLIN,Circuito Interior - Metro Eduardo Molina,5998
0502000-CTOIRSCOSME,Circuito Interior - Ribera de San Cosme,5999
0502000-CTOICHAPULTE,Circuito Interior - Metro Chapultepec,6000
0502000-CTOIEJ4SBFRAN,Circuito Interior - Eje 4 Sur Benjamín Franklin,6001
05115A1-GOBVICENEGUI,Gobernador Vicente Eguia,6001
0502000-CTOIEJ5SANTON,Circuito Interior - Eje 5 Sur San Antonio,6002
0502000-CTOIJMRICO,Circuito Interior - José María Rico,6003
0502000-CTOIUNIVERSID,Circuito Interior - Av. Universidad,6004
0502000-CTOICENTENAR,Circuito Interior - Centenario,6005
0502000-CTOIDVSNTE,Circuito Interior - División del Norte,6006
0502000-CTOIEJ3OTEFCO,Circuito Interior - Eje 3 Oriente Francisco del Paso y Troncoso,6007
0502000-CTOIEJ6STSOCI,Circuito Interior - Eje 6 Sur Trabajadores Sociales,6008
0502000-CTOILINDIGENA,Circuito Interior - Lenguas Indigenas,6009
0502000-CTOIEJ3SURAN,Circuito Interior - Eje 3 Sur ANil,6010
0502000-CTOIAV8,Circuito Interior - Av. 8,6011
0502000-CTOINTE9,Circuito Interior - Norte 9,6012
0502000-CTOIEJCTRLCAR,Circuito Interior - Eje Central Lázaro Cardenas,6013
0502000-CTOINSRUGEN,Circuito Interior - Av. Insurgentes,6014
05019A1-EJ2PTEYUCATAN,Eje 2 Poniente Monterrey - Yucatan,6015
05019A1-EJ2PTEINSURG,Eje 2 Poniente Monterrey - Insurgentes,6016
05019A1-EJ2PTEDURANGO,Eje 2 Poniente Monterrey - Durango,6017
05019A1-CTOMOEJ2PTE,Circuito Interior Melchor Ocampo - Eje 2 Poniente Río Tiber ,6018
05019A1-CTOMOMNAL,Circuito Interior Melchor Ocampo - Marina Nacional,6019
05019A1-CTOMOPRIETO,Circuito Interior Melchor Ocampo - Guillermo Prieto,6020
05019A1-VFABREAHERRE,Virginia Fabregas - Alfonso Herrera,6021
05019A1-VFABRERIBERA,Virginia Fabregas - Ribera de San Cosme,6022
05019A1-RSCOSMELAUA,Ribera de San Cosme - Lauro Aguirre,6023
05019A1-LAUALZATE,Lauro Aguirre - Antonio Alzate,6024
05019A1-LAUASDMIRON,Lauro Aguirre - Salvador Díaz Mirón,6025
05019A1-SDMESTROS,Salvador Díaz Mirón - Av. de los Maestros,6026
05019A0-MAESDIAZMIRN,Av. de los Maestros - Salvador Díaz Mirón,6026
05019A1-MAESMCARPIO,Av. de los Maestros - Manuel Carpio,6027
05019A1-PSLEJ2NTEULA,Plan de San Luis - Eje 2 Norte Eulalia Gúzman,6028
05019A0-PSLEULALIAGZ,Plan de San Luis - Eulalia Gúzman,6028
05019A1-PSLARTEMISA,Plan de San Luis - Artemisa,6029
05019A1-PSLINERNADER,Plan de San Luis - Invernadero,6030
05019A1-PSLBOLDO,Plan de San Luis - Boldo,6031
05019A0-PSLBOLDO,Plan de San Luis - Boldo,6031
05019A1-PSLCUITLAHUA,Plan de San Luis - Cuitlahuac,6032
05011A1-PSL,Plan de San Luis,6032
05019A1-CUINUECES,Cuitlahuac - Nueces,6033
0500120-AVNUECES,Av. de las Nueces,6033
05011A0-NUECES,Nueces,6033
05019A1-NUECRABAUL,Nueces - Rabaúl,6034
05019A1-RABANTE71,Rabaúl - Norte 71,6035
0500191-GRANRABAUL,Granjas - Rabaúl,6036
05019A1-RABAGRANJAS,Rabaúl - Granjas,6036
0500190-GRANRABAUL,Granjas - Rabaúl,6036
0500190-AVCULTUHXOCHI,Av. de las Culturas - Unidad Habitacional Xochinahuac,6037
05019A1-EJ5NTEUHXOCHI,Eje 5 Norte Av. Dvo. Reynosa - Unidad Habitacional Xochinahuac,6037
05019A1-CUTLGRIEGA,Av. de las Culturas - Cultura Griega,6038
05019A1-CNTEUHXOCHI,Cultura Norte - Unidad Habitacional Xochinahuac,6039
05019A0-SONOAMSTER,Av. Sonora - Amsterdam,6040
05019A0-EJ3PTEOAXAC,Eje 3 Poniente Salamanca - Oaxaca,6041
05019A0-EJ3PTEDURANG,Eje 3 Poniente Salamanca - Durango,6042
05019A0-EJ3PTESINALOA,Eje 3 Poniente Salamanca - Sinaloa,6043
05019A0-SEVILCHAPULT,Sevilla - Av. Chapultepec,6044
05019A0-SEVILHAMBURG,Sevilla - Hamburgo,6045
05019A0-MSSREFORMA,Río Mississippi - Reforma,6046
05019A0-MSSLERMA,Río Mississippi - Río Lerma,6047
05019A0-CTOMOHERODO,Circuito Interior Melchor Ocampo - Herodoto,6048
05019A0-CTOMOEJNAL,Circuito Interior Melchor Ocampo - Ejercito Nacional,6049
05019A0-CTOMOBAHIA,Circuito Interior Melchor Ocampo - Bahía de la Ascención,6050
05019A0-CTOMOMNAL,Circuito Interior Melchor Ocampo - Marina Nacional,6051
05019A0-CTOMOATZA,Circuito Interior Melchor Ocampo - Atzayactl,6052
05019A0-PAPMCARPIO,Plan de Agua Prieta - Manuel Carpio,6053
0500180-CGALLPSL,Calz. de los Gallos - Plan de San Luis,6054
05019A0-PSLAVGALLOS,Plan de San Luis - Av. de los Gallos,6054
05019A0-PSLBEGONIAS,Plan de San Luis - Begonias,6055
05019A0-PSLCLAVELLIN,Plan de San Luis - Clavellinas,6056
05019A0-NUECUITLAHUA,Nueces - Cuitlahuac,6057
05019A0-RABANUECES,Rabaúl - Nueces,6058
05019A0-RABANTE73,Rabaúl - Norte 73,6059
0500190-AVCULTNTE,Av. Cultura - Cultura Norte,6060
0500191-CULTURANTE,Eje 5 Norte Av. Dvo. Reynosa - Av. Culturas,6060
0500191-MARMARMARA,General Mariano Escobedo -  Mar Marmara,6061
05011A0-SANCHEZTRUJI,Sánchez Trujillo,6061
0500191-CTOPQMXINSU,Cierre de Circuito Parque México - Insurgentes,6062
0500191-SONOMEDELLIN,Av. Sonora - Medellin,6063
0500191-SLPAOBREGON,San Luis Potosi - Álvaro Obregón,6064
0500191-EJ2PTEMINSURG,Eje 2 Poniente Monterrey - Insurgentes,6065
0500191-EJ2PTEMSINALO,Eje 2 Poniente Monerrey - Sinaloa,6066
0500191-EJ2PTEMCHAPU,Eje 2 Poniente Monerrey - Av. Chapultepec,6067
0500191-EJ2PTEMREYHA,Eje 2 Poniente Monterrey - Hamburgo,6068
0500191-FLOREFORMA,Florencia - Reforma,6069
0500191-EJ2PTELERMA,Eje 2 Poniente Río Tiber - Lerma,6070
0500191-FLORPANUCO,Florencia - Panuco,6071
0500191-EJ2PTENAZAS,Eje 2 Poniente Río Tiber - Nazas,6072
0500191-EJ2PTEBAHIA,Eje 2 Poniente Río Tiber - Bahía la Ascensión,6073
0500191-BAHIAMNAL,Bahía la Ascención - Marina Nacional,6074
0500191-MNALMAYRAN,Marina Nacional - Laguna de Mayran ,6075
0500191-MNALTERMINOS,Marina Nacional - Laguna de Términos,6076
0500191-MNALUNITEC,Marina Nacional - UNITEC,6077
0500191-MNALMNOESCO,Marina Nacional - Mariano Escobedo,6078
0500191-GRALMNOMAR,General Mariano Escobedo - Mar Adriático,6079
0500191-CUICAMARONE,Cuitlahuac - Camarones,6080
0500191-GRANCUITLAH,Granjas - Cuitlahuac,6081
0500191-GRANSALONICA,Granjas - Salonica,6082
0500190-GRANSALONICA,Granjas - Salonica,6082
0500191-GRANELORDUY,Granjas - Aquiles Elorduy,6083
0500191-GRANSALOMON,Granjas - Salomón,6084
0500190-GRANSALOMON,Granjas - Salomón,6084
0500190-GRANACALTENC,Granjas - Acaltenco,6085
0500191-GRANACALTENC,Granjas - Acaltenco,6085
0500191-GRANSTOMAS,Granjas - Santo Tomas,6086
0500190-GRANSTOMAS,Granjas - Santo Tomas,6086
0500191-GRANALMACEN,Granjas - Almacenes,6087
0500190-GRANVOCA8,Granjas - Vocacional 8,6087
0500191-GRANAZCAVILLA,Granjas - Azcapotzalco y La Villa,6088
0500190-GRANAVHGO,Granjas - Av. Hidalgo,6089
0500191-GRANAVHGO,Granjas - Av. Hidalgo,6089
0500191-GRANRASTRO,Granjas - Rastro,6090
0500190-GRANRASTRO,Granjas - Rastro,6090
0500191-GRANALANTE,Granjas - Alameda Norte,6091
0500190-EJ5NTEALANTE,Eje 5 Norte Av. Dvo. Reynosa - Alameda Norte,6091
0500191-CNTEUHXOCHIA,Cultura Norte - Unidad Habitacional Xochinahuac,6092
0500191-EJ5NTEUAM,Eje 5 Norte Av. Dvo. Reynosa - UAM,6093
0500190-EJ5NTEUAM,Eje 5 Norte Av. Deportivo Reynosa - UAM,6093
0500191-EJ5NTEAVCULTU,Eje 5 Norte Av. Dvo. Reynosa - Av. de las Culturas,6094
0500191-CNTEANGELES,Cultura Norte - Priv. de los Ángeles,6095
0500191-CULTNTEAVROS,Cultura Norte - Av. el Rosario,6096
0500191-ROSARIOANDEN,Metro el Rosario Anden A,6097
0500190-GRANELORDUY,Granjas - Aquiles Elorduy,6098
0500190-EJ5NTETECMILE,Eje 5 Norte Av. Dvo. Reynosa - Tec Milenio,6099
0500190-EJ5NTEMATLAC,Eje 5 Norte Av. Dvo. Reynosa - Matlacoatl,6100
0500190-EJ5NTEPABXAL,Eje 5 Norte Av. Dvo. Reynosa - San Pablo Xalpa,6101
0500190-AVCULTEJ5NTE,Av. de las Culturas - Eje 5 Norte,6102
0500190-CETRAMROSAR,Cetram Metro Rosario Anden A,6103
0500181-OTE168NTE25,Oriente 168 - Norte 25,6104
0500181-CTOMOCTEZUMA,Cierre de Circuito Col Moctezuma,6105
0500181-PRSIDARNTE29,Pablo R. Sidar - Norte 29,6106
0500180-NTE33PABLOSID,Norte 33 - Pablo Sidar,6107
0500181-OTE162NTE33,Oriente 162 - Norte 33,6107
0500181-OTE162NTE37,Oriente 162 - Norte 37,6108
0500181-MARRAVOCEAN,Marruecos - Av. Oceanía,6109
0500180-MARRCOREA,Marruecos - Corea (Pekin),6109
0500180-MARRJERUSAL,Marruecos - Jerusalen,6110
0500181-MARRJERUSAL,Marruecos - Jerusalen,6110
0500181-DAMASPLAFRICA,Damasco - Plaza Africa,6111
0500181-AVPENFCOVILLA,Av. del PeNón - Francisco Villa,6112
0500180-HORTPENON,Hortelanos - Peñón,6113
0500181-AVPENPIROTEC,Av. del PeNón - Pirotecnia,6113
0500181-HERRAVPENON,Herreros - Av. del PeNón,6114
0500181-HERROTOGRAB,Herreros - Rotograbados,6115
0500181-HERREMOLINA,Herreros - Eduardo Molina,6116
0500181-HERRTAPICERIA,Herreros - Tapiceria,6117
0500181-HERRCUNION,Herreros - Congreso de la Unión,6118
0500181-EJ1NTEHERRER,Eje 1 Norte Rayón - Herreros,6119
0500180-EJ1NGLEZORTE,Eje 1 Norte Rayon - González Ortega,6120
0500181-EJ1NTEGLEZART,Eje 1 Norte Rayón - González Arteaga,6120
0500180-EJ1NFLORIDA,Eje 1 Norte Rayon - Florida,6121
0500181-EJ1NTEFLORID,Eje 1 Norte Rayón - Florida,6121
0500181-EJ1NTEAZTECAS,Eje 1 Norte Rayón - Aztecas,6122
0500180-EJ1NAZTECAS,Eje 1 Norte Rayón - Aztecas,6122
0500181-EJ1NTEREPBRA,Eje 1 Norte Rayón - República de Brasil,6123
0500181-EJ1NTECOMON,Eje 1 Norte Rayón - Comonfort,6124
0500181-EJ1NTEALLENDE,Eje 1 Norte Rayón - Allende,6125
0500181-RFMPREFORMA,Ricardo Flores Magón - Paseo de la Reforma,6126
0500180-RFMGONALLEND,Ricardo Flores Magón - Allende,6126
0500181-RFMLERDO,Ricardo Flores Magón - Lerdo,6127
0500181-RFMZARCO,Ricardo Flores Magón - Zarco,6128
0500180-RFMGONZARAG,Ricardo Flores Magón - Zaragoza,6129
0500181-RFMZARAGOZA,Ricardo Flores Magón - Zaragoza,6129
0500181-RFMINSURNTE,Ricardo Flores Magón - Insurgentes Norte,6130
0500180-RFMGONFRESN,Ricardo Flores Magón - Fresno,6131
0500181-RFMFRESNO,Ricardo Flores Magón - Fresno,6131
0500181-CGALLRCONSUL,Calz. de los Gallos - Río Consulado,6132
0500181-CGALLAVMAEST,Calz. de los Gallos - Av. de los Maestros,6133
0500180-CGALLAVMAEST,Calz. de los Gallos - Av. de los Maestros,6133
0500181-PAYACALZGALL,Plan de Ayala - Calz. de los Gallos,6134
0500181-PAYAMIRON,Plan de Ayala - Privada de Mirón,6135
0500181-MXTBFERRCUER,Calz. México Tacuba - Ferrocarril a Cuernavaca,6136
0500181-MXTBCANITAS,Calz. México Tacuba - CaNitas,6137
0500181-MXTBARBOLNT,Calz. México Tacuba - Arbol de la Noche Triste,6138
0500181-MXTBNOESCOB,Calz. México Tacuba - Mariano Escobedo,6139
05011A0-CALZMXTACUBA,Calz. México Tacuba,6139
0500181-MXTBMARTIRRE,Calz. México Tacuba - Mar Tirreno,6140
0500181-MXTBGOLFCALI,Calz. México Tacuba - Golfo de California,6141
0500181-INGMILITARES,Transmisiones Militares - Ingenieros Militares,6142
0500181-MXTBMTACUBA,Calz. México Tacuba - Frente a Metro Tacuba,6143
0500181-LGRGLORENZO,Calz. Legaria - Golfo de San Lorenzo,6144
0500181-LGRLSUPERIOR,Calz. Legaria - Lago Superior,6145
0500181-LGRONTARIO,Calz. Legaria - Lago Ontario,6146
0500181-FCPLEGARIA,Felipe Carrrilo Puerto - Calz. Legaria,6147
0500181-FCPAULLAGAS,Felipe Carrillo Puerto - Lago Aullagas,6148
0500181-CGNCARDIEL,Lago Caneguin - Lago Cardiel,6149
0500181-CANEGUINCOL,Lago Caneguin - Lago Colhue,6150
0500181-MXTBARISTA,Calz. México Tacuba - General Aristas,6151
0500180-CTOMOCTEZUM,Cierre de Circuito - Col. Moctezuma,6152
0500180-OTE174NTE25,Oriente 175 - Norte 252,6153
0500180-NTE37OTE158,Norte 37 - Oriente 158,6154
0500180-DAMGTAPAFRIC,Damasco - Glorieta Plaza Africa,6155
0500180-COREAJAPON,Corea - Japón,6156
0500180-AVREVCAIRO,Av. Revolución - Cairo,6157
0500180-HORTFLORICUL,Hortelanos - Floricultura,6158
0500180-HORTROTOGRAB,Hortelanos - Rotograbados,6159
0500180-HORTEMOLINA,Hortelanos - Eduardo Molina,6160
0500180-HORTAPICERIA,Hortelanos - Tapicería,6161
0500180-TRABHOJALAT,Av. del Trabajo - Hojalatería,6162
0500180-EJ1NFERROCINT,Eje 1 Norte Rayon - Ferrocarril de Cintura,6163
0500180-EJ1NPERALV,Eje 1 Norte - Peralvillo,6164
0500180-REFALLENDE,Reforma - Allende,6165
0500180-RFMGONMATAM,Ricardo Flores Magón  - Matamoros,6166
0500180-RFMGONLERDO,Ricardo Flores Magón - Lerdo,6167
0500180-RFMGONEJGUE,Ricardo Flores Magón - Eje Guerrero,6168
0500180-RFMGONRCON,Ricardo Flores Magón  - Río Consulado,6169
0500180-PAYAMCARPIO,Plan de Ayala - Manuel Carpio,6170
0500180-CMXTBCJONZAN,Calz. México-Tacuba - Callejón de la Zanja,6171
0500180-CMXTBPOPOTL,Calz. México-Tacuba - Cerrada Popotla,6172
05011A1-CALZMXTACUBA,Calz. México Tacuba,6173
0500180-CMXTBCUITLAHU,Calz. México-Tacuba - Av. Cuitlahuac,6173
0500180-CMXTBHUDSON,Calz. México-Tacuba - Mar Hudson,6174
0500180-CMXTBARABIGO,Calz. México-Tacuba - Mar Arabigo,6175
0500180-CMXTACUBA,Calz. México - Tacuba y Parque Vía,6176
0500180-NPANVIEDMA,San Bartolo Naucalpan - Lago Viedma,6177
0500180-NPANRIOURUGU,San Bartolo Naucalpan - Río Uruguay,6178
0500180-NPANRIOPARAN,San Bartolo Naucalpan - Río Paraná,6179
0500180-IMILRIOPILCOM,Ingenieros Militares - Río Pilcomayo,6180
0500180-CETRAM4CNOS,Cetram Metro Cuatro Caminos ,6181
05017F1-CDRLBUGAMBIL,Cedral - Bugambilia,6182
05017F0-CDRLFLORDUR,Cedral - Flor de Durazno,6182
05017F0-CDRL2CDACEDR,Cedral - Segunda Cerrada Cedral,6183
05017F1-CDRLAGAPANDO,Cedral - Agapando,6183
05017F1-CDRLGARDENI,Cedral - Gardenias,6184
05017F0-MRTIRCEDRAL,Camino a San Pedro Mártir - Cedral,6184
05017F0-MRTIR1FOVISSS,Camino a San Pedro Mártir - Primera Puerta a FOVISSSTE,6185
05017F1-MRTIRFOVISSST,Camino a San Pedro Mártir - Unidad FOVISSSTE,6185
05017F1-MRTIR2DAPTA,Camino a San Pedro Mártir - Segunda Puerta FOVISSSTE,6186
05017F0-MRTIRFOVISSS,Camino a San Pedro Mártir -  Segunda puerta FOVISSSTE,6186
05017F0-MOCAPMARTIR,Melchor Ocampo - Camino a San Pedro Mártir,6187
05017F1-MRTIRMOCAMPO,Camino a San Pedro Mártir - Melchor Ocampo,6187
05017F1-VTLALRAGRAR,Viaducto Tlalpan - Reforma Agraria,6188
05017F1-VTLALTEZOQUI,Viaducto Tlalpan - Tezoquipa,6189
05017F1-VTLALARENAL,Viaducto Tlalpan - Arenal,6190
05017F1-VTLALFERNAND,Viaducto Tlalpan - San Fernando,6191
05017F1-FERCANCEROL,San Fernando - Cancerología ,6192
0501311-FERNANDO,San Fernando,6193
0501310-SANFERNANDO,San Fernando,6193
05017F1-FERCALZTLAL,San Fernando - Calz. de Tlalpan,6193
05145A0-CALZTLALTEZOZ,Calz. de Tlalpan - Tezozomoc,6194
05017F1-TLALNEZAHUAL,Calz. de Tlalpan - Nezahualpilli,6194
05017F0-CDRLEZAPATA,Cedral - Emiliano Zapata,6195
05017F0-CDRLCLAVELINA,Cedral - Clavelinas,6196
05145A0-CALZTLALR814,Calz. de Tlalpan - Retorno 814,6197
05017F0-TLALCDJARDIN,Calz. de Tlalpan - Ciudad Jardín,6197
05017F0-TLALTORRES,Calz. de Tlalpan las Torres,6198
05017E1-5MAYNHEROES,5 de Mayo - Niños Héroes,6199
05017E0-5MAYNHEROES,5 de Mayo - Niños Héroes,6199
05017E1-5MAYENSENAN,5 de Mayo - EnseNanza,6200
05017E0-5MAYENSENANZ,5 de Mayo - EnseNanza,6201
05017E1-5MAYROSAL,5 de Mayo - El Rosal,6201
05017E1-5MAYDILIGENC,5 de Mayo - Diligencias,6202
05017E0-5MAYDILIGEN,5 de Mayo - Diligencias,6202
05017E1-EAZTJULIO,Av. Estadio Azteca - San Julio,6203
05017E0-5MAYCUAUHTE,C. C. San Pedro Mártir por Carretera Federal - 5 de Mayo y Cuauhtémoc,6204
0501681-XALTXOCOYOT,Xaltocan - Xocoyote,6205
0501680-XCYXANO,Xocoyote - Xano,6205
0501680-XCYXOCHISUR,Xocoyote - Xochitlan Sur,6206
0501681-XANAXICO,Xana - Xico,6206
0501681-XICOXOCHISTLA,Xico - Xochistlahuaca,6207
0501681-XOCHMEZTLI,Xochistlahuaca - Meztli,6208
0501681-ACOLCHIMALPO,Acolhuacan - Chimalpopoca,6209
0501681-CHIMCUITLAHU,Chimalpopoca - Cuitlahuac,6210
0501681-CIRCUNMEZTLI,Circunvalación - Meztli,6211
0501681-MAXTCIRCUNV,Maxtla - Circunvalación,6211
0501681-TENOCHCIRCUN,Tenochtitlan - Circunvalación,6212
0501681-CIRCIZTACIHU,Circunvalación - Iztacihuatl,6213
0501681-IZTACACAMATZ,Iztacihuatl - Cacamatzin,6214
0501681-CCMTIZOC,Cacamatzin - Tizoc,6215
0501681-TIZOCATZAYAC,Tizoc - Atzayacatl,6216
0501681-NEZAMOCTEZU,Nezahualcoyotl - Moctezuma,6217
0501681-CHURUTORTUGA,Prol. Río Churubusco - Tortuga,6218
0501681-CARACOLANGOS,Caracol - Langosta,6219
0501681-LANGCORAL,Langosta - Coral,6220
0501681-CORALJAIBA,Coral - Jaiba,6221
0501680-AMAZOAOLACHE,Alfredo del Mazo - Agustín Olachea,6222
0501681-JAIBACAMARON,Jaiba - Camaron,6222
0501681-CMRNJBARROS,Camaron - Javier Barros,6223
0501681-AOLAJTBODET,Agustín Olachea - Jaime Torres Bodet,6224
0501681-JBAREPURUCH,Javier Barros - Ernesto P. Uruchurtu,6224
0501681-JTBCOQUET,Jaime Torres Bodet - Benito Coquet,6225
0501681-BCOQGDORDAZ,Benito Coquet - Gustavo Díaz Ordaz,6226
0501680-ARENALXOCOYO,C. C. Arenal Cuarta Sección - Xocoyote y Xanticas,6227
0501680-XALTXOCOYOTE,Xaltocan - Xocoyote,6228
0501680-XNTEXALTOCAN,Xochitlan Norte - Xaltocan,6229
0501680-XNTEXOCOYOT,Xochitlan Norte - Xocoyote,6229
0501680-XNTEXIUTETEL,Xochitlan Norte - Xiutetelco,6230
0501680-CXCXOCHITLAN,Coxcox - Xochitlan Norte,6231
0501680-CXCXCHIMALP,Coxcox - Chimalpopoca,6232
0501680-CXCXCUITLAH,Coxcox - Cuitlahuac,6233
0501680-CXCXMAXTLA,Coxcox - Maxtla,6234
0501680-CIRCOXCOX,Circunvalación - Coxcox,6235
0501680-CIRCALLE6,Circunvalación - Calle 6,6236
0501680-CIRCALLE5,Circunvalación - Calle 5,6237
0501680-CIRCUNCALL2,Circunvalación - Calle 2,6238
0501680-CIRCALL3,Circunvalación - Calle 3,6239
0501680-CIRCALLE4,Circunvalación - Calle 4,6240
0501680-CMRNCHURUBU,Av. Camaron - Río Churubusco,6241
0501680-CMRNSLMNGLEZ,Av. Camaron - Salomon González Blanco,6242
0501680-CMRNJTELLO,Av. Camaron - Manuel J. Tello,6243
0501680-ALMEPURUCHU,Adolfo López Mateos - Ernesto P. Uruchurtu,6244
0501680-ALMBENITOCOQ,Adolfo López Mateos - Benito Coquet,6245
0501680-CETRAMPANTITL,Cetram Pantitlán,6246
0501660-REVASTER,Av. Revolución - Aster,6247
0501660-REV20NOVIEMB,Av. Revolución - 20 de Noviembre,6247
0501671-SENT20NOVIEM,Sentimientos - 20 de Noviembre,6247
0501671-SENTIMIENTOS,Sentimientos - Lázaro Cardenas,6248
0501660-REVLCARDENAS,Av. Revolución - Lázaro Cardenas,6248
0501670-15SEPTSIMONB,15 de Septiembre - Simon Bolivar,6249
0501630-15SEPTQROO,15 de Septiembre - Quintana Roo,6249
0501671-15SEPTSIMONB,15 de Septiembre - Simón Bolivar,6249
0501630-JBARRE15SEP,Juan de la Barrera - 15 de Septiembre,6249
0501671-15SEPQROO,15 de Septiembre - Quintana Roo,6249
0501631-15SEPJBARRER,15 de Septiembre - Juan de la Barrera,6249
0501631-15SEPCJONMOR,15 de Septiembre - Callejón de Morelos,6250
0501630-15SEPMNOMATA,15 de Septiembre - Mariano Matamoros,6250
0501631-15SEPMATAMOR,15 de Septiembre - Matamoros,6250
0501670-15SEPPORFIRIO,15 de Septiembre - Porfirio Diaz,6250
0501671-15SEPIRFIRIO,15 de Septiembre - Porfirio Díaz,6250
0501661-REVPERAS,Av. Revolución - Peras,6251
0501670-MARAPERAS,Maravillas - Peras,6251
0501661-REVPINA,Av. Revolución - PiNa,6252
0501670-MARAPINA,Matavillas - PiNa,6252
0501670-MARAPANUCO,Maravillas - Panuco,6253
0501661-REVPANUCO,Av. Revolución - Panuco,6253
0501661-REVZAPATA,Av. Revolución - Zapata,6254
0501670-MARAZAPATA,Maravillas - Zapata,6254
0501670-CALNDULACDA,Calendula - Cerrada Calendula,6255
0501630-PPLASIQUEIRO,Pipila - David Alfaro Siqueiros,6255
0501631-FPEFCOVILLA,Felipe Ángeles - Francisco Villa,6256
05163B0-FCOVILLANGELE,Felipe Ángeles - Francisco Villa,6256
0501670-FPECERROGPE,Felipe Ángeles - Cerro de Guadalupe,6256
0501670-JLPORTILLO,Agustín Melgar - José López Portillo,6257
0501670-PENITENCIARIA,Agustín Melgar - Penitenciaria,6258
0501661-REVGUERRERO,Av. Revolución - Vicente Guerrero,6259
0501660-PALMREVOLU,Palmitas - Revolución,6259
0501660-REVGUERRERO,Av. Revolución - Vicente Guerrero,6259
0501661-REVCDAREVO,Av. Revolución - Cerrada Revolución,6260
0501660-AVMXMAGUEY,Av. México - Maguey,6261
0501661-AVMXPIRULS,Av. México - Pirules,6261
0501660-AVMXLIMAS,Av. México - Limas,6262
0501661-AVMXEUCALIPT,Av. México - Eucalipto,6262
0501660-AVMXEUCALIPT,Av. México - Eucalipto,6262
0501661-AVMXLIMAS,Av. México - Limas,6263
0501661-AVMXPUEBLA,Av. México - Puebla,6264
0501660-AVMXPUEBLA,Av. México - Puebla,6264
0501660-AVMXOAXACA,Av. México - Oaxaca,6265
0501661-AVMXOAXACA,Av. México - Oaxaca,6265
0501661-AVMXCUNION,Av. México - Congreso de la Unión,6266
0501660-REVCDAREVOLU,Av. Revolución - Cerrada Revolución,6267
0501660-REVLCARDAVMX,Av. Revolución y Lázaro Cardenas - Av. México,6268
0501631-CALENAVMX,Calendula - Av. México,6268
0501630-AVMXCALENDUL,Av. México - Calendula,6268
0501660-AVMXEJ6STORR,Av. México - Eje 6 Sur Av. de las Torres y Cuauhtémoc,6269
0501660-AVMXCUNION,Av. México - Congreso de la Unión,6269
05162B1-EJ6SMX,Eje 6 Sur - México,6269
05165A1-FTELCPACHECO,Fuente de Loreto - Carlos Pacheco,6270
05165A0-FTELCPACHECO,Fuente de Loreto - Carlos Pacheco,6270
05165A0-FTELCHAUTLA,Fuente de Loreto - Batallon Chautla,6271
05165A1-FTELCHAUTLA,Fuente de Loreto - Batallon Chautla,6271
05165A1-FTELAGARCES,Fuente de Loreto - Antonio Garces,6272
05165A0-FTELAGARCES,Fuente de Loreto - Antonio Garces,6272
05165A1-FTELSALDANA,Fuente de Loreto - Sebastian SaldaNa,6273
05165A1-FTELFGARCILAZ,Fuente de Loreto - Fernando Garcilazo,6274
05165A0-FTELFGARCILAZ,Fuente de Loreto - Fernando Garcilazo,6274
05165A1-FTELBAT5MAYO,Fuente de Loreto - Batalla de 5 de Mayo,6275
05165A0-FTELSTAROSA,Fuente de Loreto - Batalla de Santa Rosa,6276
05165A1-FTELSTAROSA,Fuente de Loreto - Batalla de Santa Rosa,6276
05165A1-FTELRCRUZ,Fuente de Loreto - R. Cruz,6277
05165A1-PECFPFV2,Plutarco Elias Calles - F. P. F. V. 2,6278
05165A1-PECGUELATAO,Plutarco Elias Calles - Av. Guelatao,6278
05165A1-PECFPFV,Plutarco Elias Calles - F. P. F. V. ,6279
05165A1-PECPARQUETAM,Plutarco Elias Calles - Humberto G. Tamayo y Parque,6280
05165A0-HUMBERGLEZ,Humberto González Tamayo,6280
05165A1-PECALLES,Plutarco Elias Calles,6281
05165A0-PECALLES,Plutarco Elias Calles,6281
05165A0-PECHUMBERTO,Plutarco Elias Calles - Humberto González Tamayo,6282
05165A1-PECHUMBERTO,Plutarco Elias Calles - Humberto G. Tamayo,6282
05165A0-TELECAZUL,Telecomunicaciones - Cadena Azul,6283
05165A1-TELECDAZUL,Telecomunicaciones - Cerrada Cadena Azul,6283
05165A1-TELECHUMBERT,Telecomunicaciones - Humberto González Tamayo,6284
05165A1-AZULTOMASAH,Cadena Azul - Tomas Ahoyama,6285
05165A1-EJ5SROSARIO,Eje 5 Sur Prol. Marcelino Buen Dia - Rosario Castellanos,6286
05165A1-APOTEPRICESH,Anillo Periférico Oriente - Price Shoes,6287
05165A1-APOTEMICHOAC,Anillo Periférico Oriente - Michoacan,6288
05165A1-APOTETELECOM,Anillo Periférico Oriente - Av. Telecomunicaciones,6289
05165A1-APOTEJ6SMEN,Anillo Periférico Oriente - Eje 6 Sur Luis Mendez,6290
05165A1-APOTEDIAZSOT,Anillo Periférico Oriente - Díaz Soto y Gama,6291
05165A1-APOTECALLE3,Anillo Periférico Oriente - Calle 3,6292
05165A1-APOTEREVSOCI,Anillo Periférico Oriente - Revolución Social,6293
05165A1-APOTECANDIDO,Anillo Periférico Oriente - Candido Aguilar,6294
05165A0-FTELRSALDANA,Fuente de Loreto - Rafael SaldaNa,6295
05165A0-FTELBAT5MAYO,Fuente de Loreto - Batalla de 5 de Mayo,6296
05165A0-FTELCELAYA,Fuente de Loreto - Batalla de Celaya,6297
05165A0-FTELGUELATAO,Fuente de Loreto - Av. Guelatao,6298
05165A0-PECFPFV2,Plutarco Elias Calles - F. P. F. V. 2,6299
05165A0-PECFPFV,Plutarco Elias Calles - F. P. F. V.,6300
05165A0-PECA,Plutarco Elias Calles 2,6301
05165A0-TELECELIASCAL,Telecomunicaciones - Plutarco Elias Calles,6302
05165A0-AZULCTRSALUD,Cadena Azul - Centro de Salud,6303
05165A0-APOTEPRICES,Anillo Periférico Oriente - Price Shoes,6304
05165A0-APOTECONTEL,Anillo Periférico Oriente - Price Shoes y Contel,6305
05165A0-APOTESOTOGA,Anillo Periférico Oriente - Soto y Gama,6306
05165A0-APOTERCIVIL,Anillo Periférico Oriente - Registro Civil,6307
05165A0-APOTEREVSOCI,Anillo Periférico Oriente - Revolución Social,6308
05165A0-APOTEHILARIO,Anillo Periférico Oriente - Hilario Medina,6309
05165A0-APOTEPORFIRI,Anillo Periférico Oriente - Porfirio Castillo,6310
0501590-CONST1917AND,C. C. Metro Constitución de 1917 - Cetram Constitución de 1917 Anden B,6311
05165A0-C1917CEIZTAPA,C. C. Constitución de 1917 - Calz. Ermita Iztapalapa Entre Hortencia y Periferico,6311
0501641-OAXLISBOACAM,Oaxaca - Lisboa y Campeche,6312
0501640-OAXACA,Oaxaca,6312
0501640-OAXLORENZO,Oaxaca - San Antonio y San Lorenzo,6313
0501641-OAXLORENZO,Oaxaca - San Antonio y San Lorenzo,6313
0501640-OAXAVELLANO,Oaxaca - Avellano,6314
0501641-OAXARBOLEDA,Oaxaca - Arboledas y Avellano,6314
0501641-OAXDCACAPUL,Oaxaca - Cerrada de Caputitla,6315
0501641-OAXCAPULTI,Oaxaca - Primera Capultitla,6316
0501641-TLAOAXACA,Tlahuitla - Oaxaca,6316
0501640-OAXIALLENDE,Oaxaca - Ignacio Allende y Caputitla,6316
0501641-TLAOLA,Tlahuitla - Tlaola,6317
0501640-OAXCEDRO,Oaxaca -Cedro y Tlaola,6317
0501641-TLAHUITLACUI,Tlahuitla - Tlacuitlapa,6318
0501640-TLAHUTLAC,Tlahuitla - Tlacuitlapa,6318
0501641-NARANTLACUI,Naranjo - Tlacuitlapa,6319
0501640-TLACUINARANJ,Tlacuitlapa - Naranjo y Zaragoza,6319
0501640-ZARAGOZAPATA,Zaragoza - Zapata,6320
0501641-ZAPZARAGOZA,Zapata - Zaragoza,6320
0501640-ZAPAFCOMADE,Zapata - Francisco I. Madero,6321
0501640-SASAPAROTAS,Sasatra - Parotas,6321
0501641-FCOIZAPATA,Francisco I. Madero - Zapata,6321
0501641-PAROSINALOA,Parotas - Sinaloa,6322
0501640-PAROIXTEPEC,Parotas - Ixtepec y Sinaloa,6322
0501640-PAROACOXOL,Parotas - Acoxoloapan,6323
0501641-PAROZTOLOAP,Parotas - Oztoloapan,6323
0501641-EJ6STEPOTZT,Eje 6 Sur Av. de las Torres - Tepotzotlan,6324
0501641-SENTIMARAVILL,Octavio Senties - Maravillas,6325
0501640-OAXARBOLAD,Oaxaca - Arboladas,6326
0501640-EJ6SCUAUHTE,Eje 6 Sur Av. de las Torres - Cuauhtémoc,6327
05162B1-EJ6SPAROTAS,Eje 6 Sur - Parotas,6327
0501640-EJ6SEJ8S,Eje 6 Sur Av. de las Torres - Eje 8 Sur Calz. Ermita Iztapalapa,6328
0501640-EJ8SPENITENCI,Eje 8 Sur Calz. Ermita Iztapalapa - Penitenciaria,6329
0501640-EJ8SBJUAREZ,Eje 8 Sur Calz. Ermita Iztapalapa - Benito Juárez,6330
0501640-EJ8S12MTRS,Eje 8 Sur Calz. Ermita Iztapalapa - 12 Metros,6330
0501640-EJ8SMOCTEZUM,Eje 8 Sur Calz. Ermita Iztapalapa - Moctezuma,6331
05163A0-BJUAREZ,Benito Juárez,6332
0501631-ORQUIMNOESC,Orquidea - Mariano Escobedo,6333
0501630-MNOESCORQUI,Mariano Escobedo - Orquidea,6333
0501631-GASTONSAN,Gaston Santos,6334
0501630-GASTONSANT,Gaston Santos,6334
0501630-GASTONFERMIN,Gaston Santos - Fermin Espinoza,6335
0501631-FESPIGASTONS,Fermin Espinoza - Gaston Santos,6335
0501630-ESPIJHUERTA,Fermín Espinoza - Joselito Huerta,6336
0501631-HUERFESPINO,Joselito Huerta - Fermín Espinoza,6336
0501631-HUERCAVAZOS,Joselito Huerta - Eloy Cavazos,6337
0501630-HUERTELOYC,Joselito Huerta - Eloy Cavazos,6337
0501630-HUERFRESNO,Joselito Huerta - Fresno,6338
0501631-HUERFRESNO,Joselito Huerta - Fresno,6338
0501631-HUEROSALES,Joselito Huerta - Rosales,6338
0501630-NICAARRAYAN,Nicaragua - Arrayan,6339
0501631-NICAARRAYAN,Nicaragua - Arrayan,6339
0501631-NICAPALMITAS,Nicaragua - Palmitas,6340
0501630-NICATULE,Nicaragua - Tule ,6340
0501630-NICAZAPOTIT,Nicaragua - Zapotitos,6341
0501631-ZAPONICARAGU,Zapotitos - Nicaragua,6341
0501631-AVMXPEDREGA,Av. México - Pedregal,6342
0501630-PIPILAJBARRE,Pipila - Juan de la Barrera,6343
0501631-JBARREPIPILA,Juan de la Barrera - Pipila,6343
0501631-15SEPLCARDEN,15 de Septiembre - Lázaro Cardenas,6344
0501630-15SEPLCARDEN,15 Septiembre - Lázaro Cardenas,6344
0501630-15SEPTZARAGO,15 de Septiembre - Zaragoza,6345
0501631-15SEPIZARAGOZ,15 de Septiembre - Calz. Ignacio Zaragoza,6345
0501630-15SEPTFPEANG,15 de Septiembre - Felipe Ángeles,6346
0501631-FPE15SEPT,Felipe Ángeles - 15 de Septiembre,6346
0501631-EZAPMELGAR,Emiliano Zapata - Agustín Melgar,6347
0501630-MELGAREZAPAT,Agustín Melgar - Emiliano Zapata,6347
0501631-IZTACUAUHTEM,Calz. Ermita Iztapalapa - Cuauhtémoc,6348
0501631-IZARACATITLA,Calz. Ignacio Zaragoza - Metro Acatitla,6349
05162B1-IZARROSALIOB,Calz. Ignacio Zaragoza - Rosalio Bustamante,6350
0501631-IZARMZARAGOZ,Calz. Ignacio Zaragoza - Metro Zaragoza,6351
0501630-CORDOBA,Cordoba,6352
0501630-JHUEROSALES,Joselito Huerta - Rosales,6353
0501630-NICAROSALES,Nicaragua - Rosales,6354
0501630-ZAPOREVOLU,Zapotitos - Obrero Revolucionario,6355
0501630-CALENARMERIA,Calendula - Armeria,6356
0501630-15SEPTJMM,15 de Septiembre - José María Morelos,6357
0501630-FPEVLLEBRAVO,Felipe Ángeles - Valle de Bravo,6358
0501630-FPEREALMNTE,Felipe Ángeles - Real del Monte,6358
0501630-MELGARSANTI,Agustín Melgar. Av. Santiago,6359
0501630-IZARVCARRANZA,Calz. Ignacio Zaragoza - Venustiano Carranza,6360
0501630-IZAREULOGIO,Calz. Ignacio Zaragoza - Eulogio Parra,6361
0501630-IZARREYES,Calz. Ignacio Zaragoza - Julian de los Reyes,6362
0501630-CETRAMZARAG,Cetram Metro Zaragoza y Metro Tepalcates,6363
0501620-EJ10SPIPILA,Eje 10 Sur - El Pipila y José Guadalupe Posada,6364
05162D1-EJ10SGPEPOSA,Eje 10 Sur - Pipila y José Guadalupe Posada,6364
05162D1-EJ10SALDAMA,Eje 10 Sur - Antonio Aldama,6365
0501620-EJ10SALDAMA,Eje 10 Sur - Antonio Aldama,6365
05162D1-TLAPUMABARR,Av. Tláhuac - Bodega Puma Abarrotero,6366
05162D1-TLARUPERTO,Av. Tláhuac - Ruperto Pérez de León,6367
0501620-TLAHFPEANGEL,Av. Tláhuac - Felipe Ángeles,6368
05162D1-TLACASTULO,Av. Tláhuac - Castulo García,6368
05162D0-NOREGPRIE,Teofilo Norte - Guillermo Prieto,6369
05162D1-GPRIETEOFILO,Guillermo Prieto - Teofilo Norte,6369
05162D1-GPRIEDELEON,Guillermo Prieto - Bartolomé Díaz de León,6370
05162D0-GPRIEBARTOL,Guillermo Prieto - Bartolomé Díaz de León,6370
05162D0-GPRIENELLADO,Guillermo Prieto - Andrés Nellado y Deodato,6371
05162D1-GPRIEMELLADO,Guillermo Prieto - Andres Mellado,6371
05162D1-GPRIEROMERO,Guillermo Prieto - Agustín Romero,6372
05162D0-GPRIETARTINI,Guillermo Prieto - José Tartini y Agustín Romero,6372
05162D1-TURBGPRIETO,La Turba - Guillermo Prieto,6373
05162D0-PRIETURBA,Guillermo Prieto - La Turba,6373
05162D0-TURBLOMBARD,La Turba - Lombardos,6374
05162D1-TURBTEPOZAN,La Turba - Unidad Habitacional Tepozanes,6374
05162D1-TURBQUELITE,La Turba - Unidad Habitacional Quelite,6375
05162D0-TURBWALKIRIA,La Turba - Walkirias,6375
05162D1-TURBUHDRAGA,La Turba - Unidad Habitacional La Draga,6376
05162D1-TURBTLAHUAC,La Turba - Bosque Tláhuac,6377
05162D1-TURBUHAMERI,La Turba - Unidad Habitacional La Villa Centro Americana,6378
05162D1-TURBLANGOST,La Turba - Langosta,6379
05162D0-TURBPASCUAL,La Turba - Don Pascuale,6379
05162D1-TURBABULON,La Turba - Abulon,6380
05162D0-TURBHUACHINA,La Turba - Huachinango,6381
05162D1-TURBHUACHINA,La Turba - Huachinango,6381
05162D1-TURBGITANA,La Turba - Gitana,6382
05162D0-TURBGITANA,La Turba - Gitana,6382
05162D1-PIRANTURBA,Piraña - La Turba,6383
05162D1-PIRANCASAHO,Piraña - Casa Hogar de las niñas de Tláhuac,6384
05162D0-PIRANDEMOCR,Piraña - Derechos Democráticos,6384
05162D0-PIRANOCEANO,Piraña - Oceano,6385
05162D1-PIRANOCEANO,Piraña - Oceano,6385
05162D0-PIRANSIRENA,Piraña - Sirena,6386
05162D1-PIRANSIRENA,Piraña - Sirena,6386
05162D0-PIRANGUACEP,Piraña - Hipocampo y Guacepil,6387
05162D1-PIRANHIPOCAM,Piraña - Hipocampo,6387
05162D1-PIRANTINTORER,Piraña - Tintorera,6388
05162D0-PIRANTINTORE,Piraña - Tintorera,6388
05162D0-PIRANCHALCO,Piraña - Canal de Chalco,6389
05162D1-CHALCOPIRANA,Canal de Chalco - Piraña,6389
05162D0-CHALCOALDAM,Canal de Chalco - Aldama,6390
05162D1-CHALCOFCOVIL,Canal de Chalco - Frente a Popular Francisco Villa y Aldama,6390
05162D1-CHALCOEZAPAT,Canal de Chalco - Emiliano Zapata,6391
05162D0-CHALCOEZAPA,Canal de Chalco - Deportivo Gallegos y Emiliano Zapata,6391
05162D1-CHALCOFUERTE,Canal de Chalco - Río Fuerte,6392
05162D1-CHALCOBALSA,Canal de Chalco - Río Balsas,6393
05162D1-CHALCOTORRE,Canal de Chalco - Av. de las Torres,6394
05162D0-CHALCOTORRE,Canal de Chalco - An. Las Torres,6394
05162D1-CHALCO8,Canal de Chalco - Calle 8,6395
05162D1-GARAYECOX2,Anillo Periférico Canal de Garay - Parque Ecológico Xochimilco II,6396
05162D1-GARAYECOLXO,Anillo Periférico Canal de Garay - Parque Ecológico Xochimilco I,6397
05162D1-GARAYNACIONA,Anillo Periférico Canal de Garay - Canal Nacional,6398
05162D1-GARAYCUEMAN,Anillo Periférico Canal de Garay - Canal de Cuemanco,6399
05162D1-GARAYCAFETAL,Anillo Periférico Canal de Garay - Cafetales,6400
05162D1-GARAYVCOAPA,Anillo Periférico Canal de Garay - Glorieta Villa Coapa,6401
05162D1-ACOXMIRAMONT,Acoxpa - Miramontes,6402
05162D1-ACOXDVSNTE,Acoxpa - División del Norte,6403
05162D0-ACOXDVSNTE,Acoxpa - División del Norte,6403
05162D1-ACOXTOLUCA,Acoxpa - Club Toluca,6404
05162D1-ACOXTORRES,Acoxpa - Las Torres,6405
05162D1-ACOXPARNO2,Acoxpa - Retorno 2 Acoxpa,6406
05145A0-CALZTLALACOX,Calz. de Tlalpan - Calz. Acoxpa,6407
05162D0-ACOXTLALPAN,Acoxpa - Tlalpan,6407
05162D1-TLALACOXPA,Calz. de Tlalpan - Acoxpa,6407
05145A0-CALZTLALBOSC,Calz. de Tlalpan - Don Juan Bosco,6408
05162D1-TLALHUIPULCO,Calz. de Tlalpan - Glorieta Huipulco,6408
05162D1-TLALEAZTECA,Calz. de Tlalpan - Estadio Azteca,6409
05162D0-EAZTFLORES,Estadio Azteca - Las Flores,6410
05134C1-LASFLORES,Las Flores,6410
05162D1-EAZTFLORES,Estadio Azteca - Las Flores,6410
05134C0-LASFLORES,Las Flores,6410
05162D1-URSCASTULO,Santa Ursula - San Castulo,6411
05162D0-EAZTCASTULO,Estadio Azteca - San Castulo,6411
05162D0-URSTOMAS,Av. Santa Ursula - Santo Tomas,6412
05162D1-URSTOMAS,Santa Ursula - Santo Tomas,6412
05162D1-URSFEDERICO,Santa Ursula - San Federico,6413
05162D1-URSRICARDO,Santa Ursula - San Ricardo,6414
05162D0-URSRICARDO,Av. Santa Ursula - San Ricardo,6414
05162D1-URSPASCACIO,Santa Ursula - San Pascacio,6415
05162D0-URSPASCACIO,Av. Santa Ursula - San Pascacio,6415
05162D1-URSGABINO,Santa Ursula - San Gabino,6416
05162D1-URSGUILLERM,Santa Ursula - San Guillermo,6417
05162D0-NEZCORAS,Nezahualpilli - Coras,6418
05162D1-CORAS,Nezahualpilli - Coras,6418
05162D1-NEZCHICHIMEC,Nezahualpilli - Chichimecas,6419
05162D0-NEZCHICHIMEC,Nezahualpilli - Chichimecas,6419
05162D1-NEZMIXTECAS,Nezahualpilli - Mixtecas,6420
05162D0-NEZMIXTECAS,Nezahualpilli - Mixtecas,6420
05162D1-AZTPAPATZIN,Aztecas - Papatzin,6421
05162D1-AZTLATECUTLI,Aztecas - Cuauhtémoc y Tlatecutli,6422
05162D0-EJ10SCOCUHT,Eje 10 Sur - Primer Semaforo Cocuhatla,6423
0501621-TLAHMAGDAITA,Av. Tláhuac - Magdaleno Ita,6424
05162D0-TLAHMGDITA,Av. Tláhuac - Magdaleno Ita,6424
0501620-TLAHCORTES,Av. Tláhuac - Hernan Cortes,6425
05162D0-RVALDEZ,Rodrigo Valdez,6425
05162D0-GPRIESALOMON,Guillermo Prieto - Elias Salomoni,6426
05162D0-TURBHEBREA,La Turba - Hebrea,6427
05162D0-TURBCENICIEN,La Turba - Cenicienta,6428
05162D0-TURBCAPA,La Turba - La Capa,6429
05162D0-TURBFIDELIO,La Turba - Fidelio,6430
05162D0-TURBCARMEN,La Turba - Carmen,6431
05162D0-TURBAIDA,La Turba - Aida,6432
05162D0-TURBTIBURON,La Turba - Tiburon,6433
05162D0-TURBDELFIN,La Turba - Delfín,6434
05162D0-TURBPIRANA,La Turba - Piraña,6435
05162D0-CHALCOFCOVI,Canal de Chalco - Frente Popular Francisco Villa,6436
05162D0-CHALCOBALSA,Canal de Chalco - Río Balsas,6437
05162D0-CHALCO9,Canal de Chalco - Calle 9,6438
05162D0-CHALCO2,Canal de Chalco - Calle 2,6439
05162D0-GARAYDVOXOC,Anillo Periférico Canal de Garay - Deportivo Xochimilco,6440
05162D0-GARAYCROJAC,Anillo Periférico Canal de Garay - Cruz Roja Cuemanco,6441
05162D0-GARAYSAUZAL,Anillo Periférico Canal de Garay - Sauzales,6442
05162D0-GARAYCAFETAL,Anillo Periférico Canal de Garay - Cafetales,6443
05162D0-ACOXPOTRERO,Acoxpa - El Potrero,6444
05162D0-ACOXTEJA,Acoxpa - La Teja,6445
0501431-CALZACOXPA,Calz. Acoxpa,6446
05162D0-ACOXMIRAMON,Acoxpa - Miramontes,6446
05162D0-ACOXPLZCOAP,Acoxpa - Plaza Coapa,6447
05162D0-ACOXCALZGPE,Acoxpa - Calz. de Guadalupe,6448
05162D0-ACOXTORRES,Acoxpa - Las Torres,6449
05162D0-ACOXBORDO,Acoxpa - El Bordo,6450
05162D0-EAZTSLEON,Estadio Azteca - San León,6451
05162D0-URSNEZAHUALP,Av. Santa Ursula - Nezahualpilli,6452
05162D0-NEZAZTECAS,Nezahualpilli - Aztecas,6453
05162D0-AZTPAPATZIN,Aztecas - Papatzin,6454
05162D0-AZTREYTLALT,Aztecas - Rey Tlaltecuhtli,6455
05162B1-IZARCUAUH,Calz. Ignacio Zaragoza - Cuauhtémoc,6456
05162B0-CEDROSALAMO,Cedros - Alamos,6457
05162B1-ALAMOSCEDRO,Alamos - Cedro,6457
05162B1-CEDROROSAL,Cedro - Rosal,6458
05162B0-POTRFCOIMAD,C. C. Campestre Potrero - Francisco I. Madero,6459
05162B1-CEDROJORTIZ,Cedro - Josefa Ortiz de Domínguez,6459
05162B1-POTREFCOIMAD,C. C. Campestre Potrero - Francisco I. Madero,6460
05162B1-ALAMOSLAUREL,Alamos - Laurel,6461
05162B1-LIRIOTORRES,Lirio - de las Torres,6462
05162B1-LIRIOGAVILLER,Lirio - Gavilleros,6463
05162B1-TORRESLIRIO,De las Torres - Lirio,6464
05162B1-AMXPUEVIRGEN,Autopista México-Puebla - La Virgen,6465
05162B1-EJ6SMINAS,Eje 6 Sur - Minas,6466
05162B0-EJ6SUCOLONO,Eje 6 Sur Av. de las Torres - Unión de Colonos,6467
05162B1-EJ6SUCOLONO,Eje 6 Sur - Unión de Colonos,6467
05162B1-EJ6SROSA,Eje 6 Sur - Rosa,6468
05162B1-EJ6S12OCT,Eje 6 Sur - 12 de Octubre,6469
05162B1-EJ6SPIRULI,Eje 6 Sur - Piruli,6470
05162B1-EIZTSANTIAGO,Calz. Ermita Iztapalapa - Santiago,6471
05162B1-EIZT5FEBRE,Calz. Ermita Iztapalapa - 5 de Febrero,6472
05162B1-EIZTNHEROES,Calz. Ermita Iztapalapa - Niños Héroes,6473
05162B1-REYESEJ8S,Rafael Reyes - Eje 8 Sur Calz. Ermita Iztapalapa,6474
05162B1-REYESARABIA,Rafael Reyes - Francisco Sarabia,6475
05162B1-IZARACATITLA,Calz. Ignacio Zaragoza- Metro Acatitla y Amador Salazar,6476
05162B1-IZAREVERARD,Calz. Ignacio Zaragoza - Everardo González,6477
05162B1-IZARTITOFERRE,Calz. Ignacio Zaragoza - Tito Ferrer,6478
05162B1-IZARREPFEDSUR,Calz. Ignacio Zaragoza - República Federal Sur,6479
05162B1-IZARELPIDIO,Calz. Ignacio Zaragoza - Cesar Elpidio Canales,6480
05162B1-IZARELBA,Calz. Ignacio Zaragoza - Elba,6481
05162B1-IZARVARTA,Calz. Ignacio Zaragoza - Varta,6482
05162B1-IZARJMMORA,Calz. Ignacio Zaragoza - José María Mora,6483
05162B1-IZARGUELATAO,Calz. Ignacio Zaragoza - Guelatao ,6484
05162B1-IZARAZCARRAG,Calz. Ignacio Zaragoza - Azcarraga,6485
05162B1-IZARISSSTE,Calz. Ignacio Zaragoza - ISSSTE Zaragoza,6486
05162B1-IZARTEPALCATE,Calz. Ignacio Zaragoza - Metro Tepalcates,6487
05162B1-IZARGRALALEON,Calz. Ignacio Zaragoza - Av. General Antonio de León,6488
05162B1-IZARFRAYJALMA,Calz. Ignacio Zaragoza - Fray Jesús Almanza,6489
05162B1-IZARCUAUHTE,Calz. Ignacio Zaragoza - Cuauhtémoc,6490
05162B1-IZARPRIMAVERA,Calz. Ignacio Zaragoza - Primavera,6491
05162B1-IZARCNLSJUAN,Calz. Ignacio Zaragoza - Canal de San Juan,6492
05162B1-IZAROTE259,Calz. Ignacio Zaragoza - Oriente 259,6493
05162B1-IZAROTE253,Calz. Ignacio Zaragoza - Oriente 253,6494
05162B1-IZAROTE245A,Calz. Ignacio Zaragoza - Oriente 245A,6495
05162B1-IZAROTE247,Calz. Ignacio Zaragoza - Oriente 247,6496
05162B1-IZAROTE245,Calz. Ignacio Zaragoza - Oriente 245,6497
05162B1-IZARGOMEZ,Calz. Ignacio Zaragoza - Rojo Gómez,6498
05SEL9-AGRILC,Agrícola Oriental,6498
05162B1-IZAROTE237,Calz. Ignacio Zaragoza - Oriente 237,6499
05162B1-IZAREJ4OTE,Calz. Ignacio Zaragoza - Eje 4 Oriente Av. Río Churubusco,6500
05162B0-JMMNHEROES,José María Morelos - Niños Héroes,6501
05162B0-CEDROSTREM,Cedros - Trementino,6502
05162B0-ALAMOSAMAPO,Alamos - Amapola,6503
05162B0-TORRESROSAL,De las Torres - Av. del Rosal,6504
05162B0-ROSALDONALDO,Av. del Rosal - Av. Luis Donaldo Colosio,6505
05162B0-ROSALYECA,Av. del Rosal - Av. Yecahuitzotl,6506
05162B0-YECAPRIMAVER,Av. Yecahuizotl - Primavera,6507
05162B0-YECAMXPUEB,Av. Yecahuizotl - Autopista México-Puebla,6508
05162B0-AMXPUEVIRGEN,Autopista México-Puebla - La Virgen,6509
05162B0-EJ6SJESCUTIA,Eje 6 Sur Av. de las Torres - Juan Escutia,6510
05162B0-COLO18MARZO,Union de Colonos - 18 de Marzo,6511
05162B0-EIZTEZAPATA,Calz. Ermita Iztapalapa - Emiliano Zapata,6512
05162B0-IZGZMACATITL,Calz. Ignacio Zaragoza - Metro Acatitla,6513
05162B0-IZGZOYAMELES,Calz. Ignacio Zaragoza - Oyameles,6514
05162B0-IZGZREPFEDNTE,Calz. Ignacio Zaragoza - República Federal Norte,6515
05162B0-IZGZMPEREZR,Calz. Ignacio Zaragoza - Manuel Pérez Romero,6516
05162B0-IZGZCIRILOARE,Calz. Ignacio Zaragoza - Cirilo Arenas,6517
05162B0-IZGZENACOSTA,Calz. Ignacio Zaragoza - Emilio N. Acosta,6518
05162B0-IZGZJUSTINA,Calz. Ignacio Zaragoza - Justina,6519
05162B0-IZGZJMPATONI,Calz. Ignacio Zaragoza - José María Patoni,6520
05162B0-IZGZJUANBONI,Calz. Ignacio Zaragoza  - Juan C. Bonilla,6521
05162B0-IZGZFCOLEYVA,Calz. Ignacio Zaragoza - Francisco Leyva,6522
05162B0-IZGZINGPASTOR,Calz. Ignacio Zaragoza - Ingeniero Pastor Rouaix,6523
05162B0-IZGZFCOGSALI,Calz. Ignacio Zaragoza - Francisco García Salinas,6524
05162B0-IZGZTRINIDADS,Calz. Ignacio Zaragoza - Trinidad Salgado,6525
05162B0-IZGZEULOGIO,Calz. Ignacio Zaragoza - Eulogio Parra,6526
05162B0-IZGZCALLE6,Calz. Ignacio Zaragoza - Calle 6,6527
05162B0-IZGZCALLEA,Calz. Ignacio Zaragoza - Calle A,6528
05162B0-IZGZCONAIZTA,Calz. Ignacio Zaragoza - Conalep Iztacalco,6529
05162B0-IZGZEJ5OTECT,Calz. Ignacio Zaragoza - Eje 5 Oriente Central,6530
05162B0-IZGZAGUACALI,Calz. Ignacio Zaragoza - Agua Caliente,6531
05162B0-IZGZCHURUBUS,Calz. Ignacion Zaragoza - Eje 4 Oriente Av. Río Churubusco,6532
05162B0-IZGZSIMONAUD,Calz. Ignacio Zaragoza - Simon Audenard,6533
05162B0-MZARATEPAL,C. C. Metro Zaragoza - Metro Tepalcates Anden A,6534
0501621-TLAHLTORRES,Av. Tláhuac - Las Torres,6535
0501621-EJ10SCHICHILA,Eje 10 Sur - Semaforo y Chichilaula,6536
0501620-EJ10S1SEMAFO,Eje 10 Sur - Primer Semaforo,6536
0501621-EJ10SFTUBOS,Eje 10 Sur - Fabrica de Tubos,6537
0501620-EJ10SFTUBOS,Eje 10 Sur - Fábrica de Tubos,6537
0501621-EJ10SVIAS,Eje 10 Sur - Las Vias,6538
0501620-EJ10SVIAS,Eje 10 Sur - Las Vias,6538
0501620-EJ10STACAT8,Eje 10 Sur - Santa Catarina (Calle 8),6539
0501621-EJ10STACATAR,Eje 10 Sur - Santa Catarina,6539
0501620-EJ10SIMARINEZ,Eje 10 Sur - Ignacio Martínez,6540
0501621-EJ10SIMARTINE,Eje 10 Sur - Ignacio Martínez,6540
0501621-EJ10SNARCISO,Eje 10 Sur - Narciso María Loreto,6541
0501620-EJ10SMLORETO,Eje 10 Sur - Narciso María Loreto,6541
0501620-EJ10STECNI95,Eje 10 Sur - Técnica 95,6542
0501621-EJ10SECUN95,Eje 10 Sur - Secundaria No. 95,6542
0501620-EJ10STACATARI,Eje 10 Sur - Panteón Santa Catarina,6543
0501621-EJ10STACATARI,Eje 10 Sur - Panteón Santa Catarina,6543
0501621-EJ10SZECOLOG,Eje 10 Sur - Zona Ecológica,6544
0501620-EJ10SESTANISL,Eje 10 Sur - Estanislao Ramírez,6545
0501621-EJ10SESTANIS,Eje 10 Sur - Estanislao Ramírez,6545
0501621-EJ10STYCHO,Eje 10 Sur - Crater  Tycho,6546
0501620-EJ10STYCHO,Eje 10 Sur -  Crater Tycho,6546
0501621-EJ10SCAUCAS,Eje 10 Sur - Montes Caucaso,6547
0501620-EJ10SMTCAUCA,Eje 10 Sur - Montes Caucaso,6547
0501621-EJ10SMCARPAT,Eje 10 Sur - Montes Carpatos,6548
0501620-EJ10SGUADAL,Eje 10 Sur - Cerro de la Guadalupana (Monte de las Cruces),6549
0501621-EJ10SPIRINEOS,Eje 10 Sur - Montes Pirineos,6549
0501621-VGUEPMANAYA,Vicente Guerrero - Pedro María Anaya,6550
0501621-VGUEFCOVILLA,Vicente Guerrero - Francisco Villa,6551
0501621-VGUEJUANULU,Vicente Guerrero - San Juan de Ulua,6552
0501621-VGUEPABLGLZ,Vicente Guerrero - Pablo González,6553
0501621-VGUEVERARDO,Vicente Guerrero - Everardo González,6554
0501621-VGUEAOBREGN,Vicente Guerrero - Álvaro Obregón,6555
0501620-QROOVGUERR,Andrés Quintana Roo - Vicente Guerrero,6556
0501621-VGUEAQROO,Vicente Guerrero - Andrés Quintana Roo,6556
0501621-JMCADENATLAH,José Mariano Cadena - Av. Tláhuac,6557
0501621-TLAHINDEPEN,Av. Tláhuac y Ferrocarril San Rafael Atlixco - Independencia,6558
0501621-TLAHEJIDO,Av. Tláhuac - Ejido,6559
0501621-TLAHZACATEN,Av. Tláhuac - Zacatenco,6560
0501621-TLAHTORRES,Av. Tláhuac - Las Torres,6561
0501620-TLAHAUREX,Av. Tláhuac - Aurex,6561
0501621-TLAHPCONEJO,Av. Tláhuac - Paso Conejo,6561
0501621-TLAHLDELGADO,Av. Tláhuac - Luis Delgado,6562
0501621-TLAHGRALF,Av. Tláhuac - General F. Mendoza,6563
0501620-TLAHGRALNARC,Av. Tláhuac - General Narciso Mendoza,6563
0501620-TLAH16SEPT,Av. Tláhuac - 16 de Septiembre,6564
0501621-TLAHASIERRA,Av. Tláhuac - Antonio Sierra,6564
0501620-TLAHRGMAGON,Av. Tláhuac - Ricardo Flores Magón,6565
0501621-TLAHFCOJIMEN,Av. Tláhuac - Francisco Jiménez,6565
0501621-TLAHFCOLAZO,Av. Tláhuac - Francisco Lazo,6566
0501621-TLAHGPRIETO,Av. Tláhuac - Guillermo Prieto,6567
0501620-TLAHJUANDIOS,Av. Tláhuac - Juan de Dios Peza,6567
0501621-TLAHARABELLA,Av. Tláhuac - Arabella,6568
0501620-TLAHAMADON,Av. Tláhuac - Amado Nervo,6569
0501621-TLAHGALLORO,Av. Tláhuac - Gallo de Oro y Amado Nervo,6569
0501621-TLAHGITANA,Av. Tláhuac - Gitana,6570
0501620-TLAHGITANA,Av. Tláhuac - Gitana,6570
0501620-TLAHSTACRUZ,Av. Tláhuac - Santa Cruz,6571
0501621-TLAHTURANDOT,Av. Tláhuac - Turandot,6571
0501621-TLAHCISNE,Av. Tláhuac - Cisne,6572
0501621-TLAHCOCVENA,Av. Tláhuac - Cocodrilo y Venado,6573
0501621-TLAHOLIVOS,Av. Tláhuac - Los Olivos,6574
0501621-TLAHEVAZQU,Av. Tláhuac - Eduardo Vázquez,6575
0501621-TLAHTURBA,Av. Tláhuac - Turba,6576
0501620-TLAHZACATLA,Av. Tláhuac - Zacatlan,6577
0501621-TLAHJPATRICI,Av. Tláhuac - Juan Patricio,6577
0501621-TLAHOGORMAN,Av. Tláhuac - Cecil O Gorman,6578
0501620-TLAHIALDAMA,Av. Tláhuac - Ignacio Aldama,6579
0501621-TLAHIALDAMA,Av. Tláhuac - Ignacio Aldama,6579
0501621-TLAHCANDELAB,Av. Tláhuac - Candelabro,6580
0501620-TLAHZARAGOZA,Av. Tláhuac - Zaragoza,6581
0501621-TLAHTULYEHU,Av. Tláhuac - Plaza Tulyehualco y Zaragoza,6581
0501621-AVTLAHUAC,Av. Tláhuac,6582
0501621-GARAYESPANA,Anillo Periférico Canal de Garay - EspaNa ,6583
0501621-GARAYBILBAO,Anillo Periférico Canal de Garay - Bilbao,6584
0501621-GARAYBELLAVIS,Anillo Periférico Canal de Garay - Mercado Bella Vista,6585
0501621-GARAYIZTACIHU,Anillo Periférico Canal de Garay - Iztacihuatl,6586
0501621-GARAYBETABEL,Anillo Periférico Canal de Garay - Betabel,6587
0501621-GARAYROSAL,Anillo Periférico Canal de Garay - Av. del Rosal,6588
0501620-GARAYNBUENA,Anillo Periférico Canal de Garay - Noche Buena,6588
0501620-EJ10SIXCHEL,Eje 10 Sur - Ixchel,6589
0501620-EJ10SCHICHILA,Eje 10 Sur Chichilaula,6590
0501620-EJ10STECAMA,Eje 10 Sur - Tecamazuchitl,6591
0501620-AVIDALFCOVILL,Carlos A. Vidal - Francisco Villa,6592
0501620-AVIDALEVERAR,Carlos A. Vidal - Everardo González,6593
0501620-AVIDALCTRSAL,Carlos A. Vidal - Andrés Quintana y Centro de Salud,6594
0501620-PNVOJOAGUA,Paseo Nuevo - Ojo de Agua,6595
0501620-OJOAGUATLAH,Eje 10 Sur Ojo de Agua - Av. Tláhuac,6596
0501620-TLAHBJUAREZ,Av. Tláhuac - Benito Juárez,6597
0501620-TLAHCJONHGO,Av. Tláhuac - Callejón Hidalgo y Camino Real,6598
0501620-TLAHGRALMFLO,Av. Tláhuac - General Manuel Flores,6599
0501620-TLAHPORVENI,Av. Tláhuac - Porvenir,6600
0501620-TLAHBUENASRT,Av. Tláhuac - Buena Suerte,6601
0501620-TLAHCDAPROV,Av. Tláhuac - Cerrada Providencia ,6602
0501620-TLAHLORENZO,Av. Tláhuac - San Lorenzo,6603
0501620-TLAHSTACATA,Av. Tláhuac - Santa Catarina,6604
0501620-TLAHUACGARAY,Av. Tláhuac - Anillo Periférico Canal de Garay,6605
0501620-GARAYBILBAO,Anillo Periférico Canal de Garay - Bilbao,6606
0501620-GARAYUMACITA,Anillo Periférico Canal de Garay - Río Umacita y Río Panuco,6607
0501620-GARAYIZTACIH,Anillo Periférico Canal de Garay - Iztacihuatl y San Nicolas,6608
05161F1-URBSTAMARIA,Consejo Urbano - Santa María,6609
05161F0-BARGPEPROL,Barranca de Guadalupe - Prolongación Consejo Urbano,6609
05161F1-CNOMINANINA,Camino a Minas - La Niña,6609
05161F1-URB3CDAMINA,Consejo Urbano - Tercera Cerrada Camino a Minas,6610
05161F0-PROLURBANO,Prolongación Consejo Urbano - Camino a Minas,6610
05161F1-CJOURBAGLAD,Consejo Urbano - Gladiolas,6611
05161F1-URBAMANZA,Consejo Urbano - Manzanal de MontaNa,6611
05161F1-CNOMINABUEN,Camino a Minas - Buenavista,6612
05161F0-CNOMINABUENA,Camino a las Minas - Priv. Buenavista,6612
05161F1-MINASCAMPE,Camino a Minas - Muralla de Campeche,6612
05161F1-CNOMINPLUNA,Camino  a Minas - Piramide de la Luna,6613
05161F1-CNOMINASPIRS,Camino a Minas - Piramide del Sol,6614
05161F0-CNOMINSOL,Camino a las Minas - Piramide del Sol,6614
05161F0-CNOMINAS12O,Camino a las Minas - 12 de Octubre,6615
05161F1-CNOMINA1ENER,Camino a Minas - Primero de Enero,6615
05161F1-CNOMINA12DIC,Camino a Minas - 12 de Diciembre,6616
05161F1-CNOMINASEVER,Camino a las Minas - Monte Everest,6617
05161F0-MINASTORRES,Camino a las minas - Av. de las Torres,6617
05161F1-TORRESMINAS,Av. de las Torres - Camino a Minas,6618
05161F1-REFAGRARIA,Av. de las Torres - Reforma Agraria,6619
05161F0-TORRESAGRIC,Av. de las Torres - Reforma Agrícola,6619
05161F0-BARRGPE,C. C. Barranca de Guadalupe,6620
05161F0-CNOMINAS5CDA,Camino a las Minas - Quinta Cerrada a Minas (Gladiolas),6621
05161F0-MINASEVEREST,Camino a las Minas - Monte Everest (Zapote),6622
05161F0-TORRESCIENTI,Av. de las Torres - Reforma Científica,6623
05161F0-TORRESLIBER,Av. de las Torres - Calle Reforma Liberal,6624
05161D1-TORRESPOZOS,De las Torres - Pozos,6624
05161E0-JBUENAVISTA,C. C. San José Buenavista  - C. C. Juan Escutia y  Ignacio Allende,6625
05161E1-CIDJUANESCU,Villa Cid y Juan Escutia,6625
05161E0-CIDJUANBARRE,Villa Cid - Juan de la Barrera,6626
05161E0-JUANESCFRAN,Juan Escutia - Villa de la Franqueza,6626
05161E1-CIDJUANESC,Villa Cid - Juan Escutia y José Buenavista,6626
05161E1-CIDJUANBARR,Villa Cid - Juan de la Barrera,6627
05161E0-CIDPOZOS,Villa Cid - Pozos,6628
05161E1-FRANQGONZA,Villa Franqueza - Villa Gonzalo,6628
05161E1-FRANQFABELA,Villa Franqueza - Villa Fabela,6629
05161E0-FRANQGATON,Villa Franqueza - Villa Gaton,6629
05161E0-FRANQCID,Villa Franqueza - Villa Cid,6630
05161E1-FRANQFUFRE,Villa Franqueza - Villa Fufre,6630
05161E0-FRANQUFRECH,Villa Franqueza - Villa Frecho,6631
05161E1-FRANQFRECHO,Villa Franqueza - Villa Frechos,6631
05161E1-FRANQVILLAC,Villa Franqueza - Villa C,6632
05161E0-FRANQUEZAC,Villa Franqueza - Villa C,6632
05161E1-MCANFRANQ,Manuel CaNas - Villa Franqueza,6633
05161E0-FRANQMCAN,Villa Franqueza - Manuel CaNas,6633
05161E1-MCANFEDERA,Manuel CaNas - Villa Federal,6634
05161E1-MCANELOISA,Manuel CaNas - Villa Eloisa,6635
05161E0-MCANELOISA,Manuel CaNas - Villa Eloisa,6635
05161E0-MCANFELICHE,Manuel CaNas - Villa Feliche,6636
05161E1-MCANDIEGO,Manuel CaNas - Villa Diego,6636
05161E1-MCANASVILL,Manuel CaNas - Villa CaNas,6637
05161E0-MCANVILLAREY,Manuel CaNas - Villa del Rey,6637
05161E0-MCANPUSUAL,Manuel CaNas - Villa Pusual,6638
05161E1-MCANJACARAN,Manuel CaNas - Jacarandas,6638
05161E1-MCANASCASU,Manuel CaNas - Villa Ascasuri,6639
05161E0-MCANASCASU,Manuel CaNas - Villa Ascasuri,6639
05161E0-MCANVALLES,Manuel CaNas - Villa Vallester,6639
05161E0-MCANFIGUERO,Manuel CaNas - Villa Figueroa,6640
05161E0-MCANASINSUR,Manuel CaNas - Insurgentes,6641
05161D0-INSURMCANAS,Av. Insurgentes - Manuel CaNas,6641
05161D1-INSURMCANAS,Av. Insurgentes - Manuel CaNas,6641
05161E0-CALZITAHGO,Calz. Ermita Iztapalapa - Hidalgo,6642
05161D1-POZOMILTENCO,Pozos - Miltenco,6643
05161D0-POZOSMILTEC,Pozos - Milteco,6643
05161D0-NVOLEONCNO,Nuevo León - Camino Real,6644
05161D0-BUENATORRES,C. C. Colonia Buenavista - Av. de las Torres y Nuevo León ,6644
05161D1-NVOLEONTORR,Nuevo León  y  Las Torres,6644
05161D1-CNOREALNVOL,Camino Real - Nuevo León,6645
05161D0-CNOREALMORE,Camino Real - Morelos,6645
05161D0-CNOREALHGO,Camino Real - Hidalgo,6646
05161D1-CNOREALTLAX,Camino Real -Tlaxcala,6646
05161D1-CNOREALTRIGA,Camino Real - Trigal,6647
05161D1-POZOCNOREAL,Pozos - Camino Real,6648
05161D0-CNOREALPOZO,Camino Real - Pozos,6648
05161D1-POZOVIOLET,Pozos - Violeta,6649
05161D0-POZOVIOLETAS,Pozos - Violetas,6649
05161D1-POZONBUENA,Pozos - Noche Buena,6650
05161D0-POZOSMINAS,Pozos - de las Minas,6651
05161D1-POZOMOCAMP,Pozos - Melchor Ocampo,6651
05161D1-POZOTORRES,Pozos - De las Torres,6652
05161D0-POZOSAVTORR,Pozos - Av. de las Torres,6652
05161D0-TORRESINSUR,Av. de las Torres - Insurgentes,6653
05161D1-INSURTORRES,Av. Insurgentes - Av. de las Torres,6653
05161D1-INSURCDAMEYE,Av. Insurgentes - Cerrada Meyehualco ,6654
05161D1-INSURCDACUAU,Av. Insurgentes - Cerrada Cuauhtémoc,6655
05161D1-INSURJSIERRA,Av. Insurgentes - Justo Sierra,6655
05161D1-INSURMNOMAT,Av. Insurgentes - Mariano Matamoros,6656
05161D1-INSURZAPATA,Av. Insurgentes - Zapata,6657
05161D0-INSURZAPATA,Av. Insurgentes - Zapata,6657
05161D1-INSURGPEVICT,Av. Insurgentes - Guadalupe Victoria,6658
05161D0-INSURGPEVICT,Insurgentes - Guadalupe Victoria,6658
05161D1-INSURMAUMEJ,Av. Insurgentes - Maurilio Mejia,6659
05161D0-INSURURSULA,Av. Insurgentes - Ursula Galván,6660
05161D1-INSRURSULO,Av. Insurgentes - Ursulo Galván,6660
05161D0-AVINSURGALTA,Av. Insurgentes - Altamirano,6661
05161D1-IMAINSURG,Ignacio Manuel Altamirano - Insurgentes,6661
05161D1-IMALUCIOBLC,Ignacio Manuel Altamirano - Lucio Blanco,6662
05161D0-IMALUCIOBLC,Ignacio Manuel Altamirano - Lucio Blanco ,6662
05161D0-IMACUAUHTE,Ignacio Manuel Altamirano - Cuauhtémoc,6663
05161D1-IMAVERGEL,Ignacio Manuel Altamirano - Vergel,6663
05161D1-HGOALTAMIRA,Hidalgo - Altamirano,6664
05161D1-CALZIZTAHORT,Calz. Ermita Iztapalapa - Hortensias,6665
05161D1-CALZIZTAMARG,Calz. Ermita Iztapalapa - Margaritas,6666
05161D0-CALZIZTAMATI,Calz. Ermita Iztapalapa - Matias Rodríguez,6666
05161D1-CALZIZTACAMP,Calz. Ermita Iztapalapa - Campánula,6667
05161D1-CALZIZTAFUND,Calz. Ermita Iztapalapa - Fundición,6668
05161D1-EJE5EJE8IZTA,Eje 5 Oriente Av. Javier Rojo Gómez - Eje 8 Sur Calz. Ermita Iztapalapa,6669
05161D1-EJE5HGO,Eje 5 Oriente Av. Javier Rojo Gómez - Hidalgo,6670
05161D0-RGOMEZHGO,Av. Rojo Gómez - Av. Hidalgo,6670
05161D0-RGOMEZTORR,Av. Rojo Gómez - Torres Quintano,6671
05161D1-EJE5ALLENDE,Eje 5 Oriente Av. Javier Rojo Gómez - Allende,6671
05161D1-EJE5GAVILANE,Eje 5 Oriente Av. Javier Rojo Gómez - Gavilanes,6672
05161D1-EJE5RGOMEZ,Eje 5 Oriente Av. Javier Rojo Gómez,6673
05161D1-EJE6SRGOMEZ,Eje 6 Sur - Rojo Gómez,6674
05161D1-FRTLEGUMVIVE,Frutas y Legumbres - Abarrotes y Viveres,6675
05161D1-FRTLEGUMBSU,Frutas y Legumbres - Subasta Hortalizas,6676
05161D0-ABASTOVERDU,Central de Abasto Av. Principal - Verduras,6677
05161D1-CTRALABASTV,Central de Abasto Av. Principal - Verduras,6677
05161D0-INSURMEYEHU,Av. Insurgentes - Meyehualco,6678
05161D0-INSURPROLMO,Av. Insurgentes - Prol. Morelos,6679
0501591-CALZIZTALTAM,Calz. Ermita Iztapalapa - Altamirano,6680
05161D0-IMAEJE8SUR,Ignacio Manuel Altamirano - Eje 8 Sur  Calz. Ermita Iztapalapa,6680
05161D0-CALZIZTAROJA,Calz. Ermita Iztapalapa - Manuel Rojas,6681
05161D0-CALZIZTAJUAN,Calz. Ermita Iztapalapa - Juan Alvarez,6682
05161D0-CALZIZTAFCO,Calz. Ermita Iztapalapa - Francisco Javier Mina,6683
05161D0-RGOMEZGAVIL,Av. Rojo Gómez - Gavilan,6684
05161D0-RGOMEZJALISC,Av. Rojo Gómez - Av. Jalisco,6685
05161D0-RGOMEZEJE6S,Av. Rojo Gómez - Eje 6 Sur,6686
05161D0-CAZUELABAST,Cazuela - Central de Abasto,6687
05161D0-EJE5SABASTO,Eje 5 Sur - Entrada Central de Abastos,6688
05161D0-EJE5SUBASTA,Eje 5 Sur - Subasta,6689
05161D0-ABASTOABARR,C. C. Central de Abasto - Abarrotes,6690
0501611-SANTIGIRASOL,C. C. Ampl. Santiago-Girasol y Gladiolas,6691
0501610-GLADIOLAS,C. C. Amp. Santiago-Girasol - Gladiolas,6691
0501611-HANKTULIPAN,Av. Carlos Hank González - Tulipan,6692
0501610-HANKTULIPAN,Tulipan - CaNada (Hank González),6692
0501611-HANKTEMAZCAL,Av. Carlos Hank González - Temazcal,6693
0501610-HANKTEMAZCA,Av. Carlos Hank González - Temazcal,6693
0501610-HANKCANADA,Av. Carlos Hank González - Cerrada de CaNada (Chiquihuite) ,6694
0501611-HANKCDACANA,Av. Carlos Hank González - Cerrada de la CaNada,6694
0501610-HANKCORRALE,Av. Carlos Hank González - Hacienda Corralejo,6695
0501611-HANKJARRITO,Av. Carlos Hank González - Jarrito,6695
0501611-HANKPLANET,Av. Carlos Hank González - Planeta,6696
0501610-HANKCELESTES,Av. Carlos Hank González - Celestes (Jacarandas),6696
0501611-CANPRIMAVE,CaNada - Primavera,6697
0501610-CANAPRIMAV,CaNada - Primavera,6697
0501611-CANGLADIOLA,CaNada - Gladiolas,6698
0501610-CANAQUEBRA,CaNada - Quebracho (Iturbide),6698
0501611-CANCEDRO,CaNada - Cedro,6699
0501610-CANADACEDRO,CaNada - Cedro,6699
0501610-CANAENCINO,CaNada - Encino (Caoba),6700
0501611-CANENCINO,CaNada - Encino (Alcanfor),6700
0501611-OSENTFRESNO,Octavio Senties - Fresno (Sauces),6701
0501610-CANAFRESNO,CaNada - Fresno (Sauces),6701
0501611-OSENTRETAMA,Octavio Senties - Retama (Reforma),6702
0501611-OSENTALDAMA,Octavio Senties - Aldama,6702
0501610-OSENTRETAMA,Octavio Senties - Retama (Reforma),6702
0501610-OSENTALDAMA,Octavio Senties - Aldama,6703
0501611-OSENTONATICO,Octavio Senties - Tonatico Calle 6,6703
0501611-OSENTEJE5S,Octavio Senties - Eje 5 Sur Av. de las Torres,6704
0501610-OSENTEJE6SUR,Octavio Senties - Eje 6 Sur Av. de las Torres,6704
0501610-OSENTCALLE8,Octavio Senties - Carril Calle 8,6704
0501611-CALZIZTAEJE6S,Calz. Ermita Iztapalapa - Eje 6 Sur Av. de las Torres,6705
0501611-CALZIZTAPRIMA,Calz. Ermita Iztapalapa - Primavera,6706
0501610-CALZIZTAPRIMA,Calz. Ermita Iztapalapa - Primavera,6706
0501611-CALZIZTAPEGA,Calz. Ermita Iztapalapa - Hotel Pegaso (Hidalgo),6707
0501611-CALZIZTACAMAR,Calz. Ermita Iztapalapa - Enrique Camarillo,6708
0501590-CALZIZTAPERIF,Calz. Ermita Iztapalapa - Periférico,6709
0501611-CALZIZTAPERIF,Calz. Ermita Iztapalapa - Periférico,6709
0501610-CALZIZTAMIGU,Calz. Ermita Iztapalapa - San Miguel,6710
0501610-CALZIZTAPALM,Calz. Ermita Iztapalapa - Las Palmas (Quebradora),6711
0501591-CALZIZTAMANT,Calz. Ermita Iztapalapa - Manto,6712
0501591-CALZIZTAMACU,Calz. Ermita Iztapalapa - Manuel Acuña,6713
0501590-CALZIZTA55,Calz. Ermita Iztapalapa - Calle 55,6714
0501591-CALZIZTAGPEVI,Calz. Ermita Iztapalapa - Guadalupe Victoria,6714
0501591-CALZIZTACUIT,Calz. Ermita Iztapalapa - Cuitlahuac,6715
0501590-CALZIZTA39,Calz. Ermita Iztapalapa - Calle 39,6715
0501591-CALZIZTAMATA,Calz. Ermita Iztapalapa - Matamoros,6716
0501591-CALZIZTAPOZO,Calz. Ermita Iztapalapa - Pozos,6717
0501591-CALZIZTAZACA,Calz. Ermita Iztapalapa - Zacapexco,6718
0501591-CALZIZTAVOC7,Calz. Ermita Iztapalapa - Vocacional No. 7,6719
0501590-PALMITASERMIT,Palmitas - Ermita Iztapalapa,6720
0501591-CALZIZTAPALMI,Calz. Ermita Iztapalapa - Palmitas,6720
0501590-CALZIZTAJALIS,Calz. Ermita Iztapalapa - Jalisco,6720
0501591-PALMSALLENDE,Palmitas - Salvador Allende,6721
0501590-PALMITASJOTHO,Palmitas - José Othon,6722
0501591-PALMIJOTHON,Palmitas - José Othon,6722
0501591-MACUNA,Manuel Acuña,6723
0501590-PALMIMACUNA,Palmitas - Manuel Acuña,6723
0501591-MACUNASORJU,Manuel Acuña - Sor Juana,6724
0501590-PALMILDAVINCI,Palmitas - Leonardo Da Vinci,6724
0501590-PALMSTAMJESU,Palmitas - Santa María de Jesús,6725
0501591-MACUNATEPATL,Manuel Acuña - Tepatlaxco,6725
0501590-TURITZIOPLATA,Calle Turitzio - Plata,6726
0501591-MACUNATIRUTZI,Manuel Acuña - Turitzio,6726
0501590-MACUNALAHOS,Manuel Acuña - Alahos ,6727
0501591-MACUNALAHOS,Manuel Acuña - Alahos,6727
0501590-MACUNANUECE,C. C. Palmitas - Manuel Acuña y Nueces,6728
0501591-MACUNAJACARA,C. C. Palmitas - Manuel Acuña y Jacarandas,6728
0501590-CALZIZTALLANO,Calz. Ermita Iztapalapa - El Llano,6729
0501590-CALZIZTATINAC,Calz. Ermita Iztapalapa - Tinacos,6730
0501590-CALZIZTA17,Calz. Ermita Iztapalapa - Calle 17,6731
0501590-CALZIZTA71,Calz. Ermita Iztapalapa - Calle 71,6732
0501590-CALZIZTAMARIL,Calz. Ermita Iztapalapa - Profesor Mariles (2 de Abril),6733
0501590-CALZIZTACIROB,Calz. Ermita Iztapalapa - Ciro B. Ceballos,6734
0501491-ELIASCALLPOSA,Plutarco Elias Calles - José Guadalupe Posadas,6735
0501490-ELIASCALJGPE,Plutarco Elias Calles - José Guadalupe Posadas,6735
0501490-ELIASCALSECO,Plutarco Elias Calles - Canal Seco,6736
0501491-CNLSECOELIASC,Canal Seco - Plutarco Elias Calles,6736
0501491-CNLSECOALHEL,Canal Seco - Alheli,6737
0501491-AVROSASNARCI,Av. de las Rosas - Narciso Mendoza,6738
0501491-AVROSASECO,Av. de las Rosas - Canal Seco,6739
0501491-EZAPATROSAS,Emiliano Zapata - Av. de las Rosas,6740
0501491-EZAPACNTE,Emiliano Zapata - Canal del Norte,6741
0501490-EZAPATACNTE,Emiliano Zapata - Canal del Norte,6741
0501490-EZAPATEBELTRA,Emiliano Zapata - Antonio Beltran,6742
0501491-EZAPATABELTRA,Emiliano Zapata - Antonio Beltran,6742
0501490-INDROSAS,Independencia - Las Rosas,6743
0501490-ELIASCALSEC34,Plutarco Elias Calles - Frente a Secundaria Técnica No. 34,6744
0501490-MIXQELIASCALL,C. C. Mixquic - Plutarco Elias Calles y Río Ameca,6745
0501481-RAFAELOMBARD,Ferrocarril San Rafael Atlixco - Enrique Lombardo,6746
0501411-EZAPATA,Emiliano Zapata,6747
0501481-RAFAELTRECE,Ferrocarril San Rafael  Atlixco - Sonido Trece,6747
0501481-RAFAELEZAPATA,Ferrocarril San Rafael Atlixco - Emiliano Zapata,6748
0501481-RAFAELBLASCO,Ferrocarril San Rafael Atlixco - Blas Corral,6749
0501481-SANRAFAELMHG,Ferrocarril San Rafael Atlixco - Miguel Hidalgo,6750
0501481-TLAHUACGARZA,Av. Tláhuac Tulyehualco - Calle de las Garzas,6751
0501481-AVDVNTEMONER,Av. División del Norte - Calz. La Monera,6752
0501411-PALMA,Palma,6753
0501481-MORELOSPALM,Morelos - Palma,6753
0501481-5MAYVGUERRE,5 de Mayo - Vicente Guerrero,6754
0501481-5MAYIALLENDE,5 de Mayo - Ignacio Allende,6755
0501480-5MAYECOLOGI,5 de Mayo - Secretaría de Ecología,6756
0501481-5MAYECOLOGIA,5 de Mayo - Secretaría de Ecología,6756
0501481-5MAYO,5 de Mayo,6757
0501480-5MAYO,5 de Mayo,6757
0501480-5MAYFRNTE375,5 de Mayo - Frente a No. 375,6758
0501481-5MAYFRNTE375,5 de Mayo - Frente a 375,6758
0501481-5MAYARBOLAD,5 de Mayo - Arboladas,6759
0501480-5MAYARBOLEDA,5 de Mayo - Arboladas,6759
0501480-EZAPATA,20 de Noviembre - Emiliano Zapata,6760
0501481-5MAYEZAPATA,5 de Mayo - Emiliano Zapata,6760
0501481-20NOVCARRAN,20 de Noviembre - Venustiano Carranza,6761
0501480-VCARRANZA,20 de Noviembre - Venustiano Carranza,6761
0501480-PUEBLA20NOV,C. C. San Nicolas Tetelco - Puebla y 20 de Noviembre,6762
0501481-20NOVPUEBLA,C. C. San Nicolas Tetelco - 20 de Noviembre y Puebla,6762
0501480-TLAHUACETRAM,C. C. Metro Tláhuac - CETRAM Tláhuac,6763
0501480-DRPALOMEZAPA,Dr. Juan Palomo - Emiliano Zapata,6764
0501480-AVSURTECNOLO,Av. Sur del Comercio - Educación Tecnológica,6765
0501411-ETECNOLOGIC,Educación Tecnológica,6765
0501410-NARCISOMZA,Narciso Mendoza,6766
0501411-NARCISOMZA,Narciso Mendoza,6766
0501480-BLVDJPORTILLO,Blvd. José López Portillo- Caltenco,6766
0501480-MHGONARCISOM,Miguel Hidalgo - Narciso Méndoza,6767
0501480-BJUAREZMHGO,Benito Juárez - Miguel Hidalgo,6768
0501480-5MAYTECOMITL,5 de Mayo - Mercado de Tecomitl,6769
0501441-HILUSVGUERRE,Hombres Ilustres - Vicente Guerrero,6770
0501471-HILUSVGUERR,Hombres Ilustres - Vicente Guerrero,6770
0501471-HILUSF387,Hombres Ilustres - Frente a No. 387 ,6771
0501441-HILUS387,Hombres Ilustres - Frente a No. 387,6771
0501471-5MAYOAITURBID,5 de Mayo - Agustín Iturbide,6772
0501471-5MAYOHGO,5 de Mayo - Hidalgo,6773
0501471-5MAYONINOSHE,5 de Mayo - Niños Héroes,6774
0501471-BARTRABEJAS,Carretera San Bartolomé Xicomulco - Rancho Las Abejas,6775
0501470-BARTABEJAS,Carretera San Bartolomé Xicomulco - Rancho las Abejas,6775
0501471-BARTPIEDRBLC,Carretera San Bartolomé Xicomulco - Piedra Blanca,6776
0501470-BARTPIEDRABLC,Carretera San Bartolomé Xicomulco - Piedra Blanca,6776
0501470-BARTMATERIALE,Carretera San Bartolomé Xicomulco - Casa de Materiales,6777
0501471-BARTELMURO,Carretera San Bartolomé Xicomulco - El Muro,6777
0501471-BARTTEOCA,Carretera San Bartolomé Xicomulco - El Teoca,6778
0501470-BARTEOCA,Carretera San Bartolomé Xicomulco - El Teoca,6778
0501470-BARTHILUSTRES,Carretera San Bartolomé Xicolulco - Hombres Ilustres,6779
0501471-HILUSCSANPAB,Hombres Ilustres - Carretera San Pablo,6779
0501470-AVMORELNBRA,Av. Morelos - Nicolas Bravo,6780
0501470-AVMOREL12OCT,Av. Morelos - 12 de Octubre,6781
0501470-AVMOREL5MAY,Av. Morelos - 5 de Mayo,6782
0501470-AVMORELOS,Av. Morelos,6783
0501441-JMMORELOS,José María Morelos - Av. Morelos,6784
0501460-MORELOSJMM,Morelos - José María Morelos,6784
0501470-AVMORELCAMP,Av. Morelos - Campo,6784
0501470-XOCHCAMPO,Carretera Xochimilco-San Pablo - Campo,6785
0501460-TOPIXOCHPABLO,Carretera a Topilejo - Carretera a Xochimilco-San Pablo,6785
0501440-XOCHTOPILEJO,Carretera Xochimilco-San Pablo - Carretera a Topilejo,6785
0501440-XOCHPROGRES,Carretera Xochimilco-San Pablo - Progreso,6786
0501470-IALLENPARDA,Ignacio Allende - Parda,6786
0501470-BARTF90,Carretera San Bartolomé Xicomulco - Frente a No. 90,6787
0501470-AVJUAREZ5MAYO,Av. Juárez - 5 de Mayo,6788
0501470-AVJUAREZINDEP,Av. Juárez - Independencia,6789
0501470-JUAREZFCOIMAD,San Bartolomé Xicomulco - Av. Juárez y Francisco I. Madero,6790
0501461-CRUZBLCEZAPA,Cruz Blanca - Emiliano Zapata,6791
0501461-MORELOSABASO,Morelos - Abasolo,6792
0501460-MORELOSVGUE,Morelos - Vicente Guerrero,6793
0501461-MORELOSVGUE,Morelos - Vicente Guerrero,6793
0501461-BJUAREZMOREL,Benito Juárez - Morelos,6794
0501461-AVMCPOFLORIDA,Av. Morelos - Campo Florida,6795
0501460-MORELOSALLEN,Av. Morelos - Allende,6795
0501460-MORELOSPROL,Av. Morelos - Prol. Morelos,6796
0501461-PROLMORELOS,Prol. Morelos - Av. Morelos,6796
0501461-TOPIRASTRO,Carretera a Topilejo - Calz. del Rastro,6797
0501460-TOPILEJORASTR,Carretera a Topilejo - Av. del Rastro,6797
0501461-TOPILEJOPANTE,Carretera a Topilejo - Panteón Topilejo,6798
0501460-TOPIMONTESUR,Carretera a Topilejo - Monte Sur,6799
0501461-TOPILMONTESUR,Carretera a Topilejo - Monte Sur,6799
0501461-TOPILCEDRAL,Carretera a Topilejo - Cedral,6800
0501460-TOPICEDRAL,Carretera a Topilejo - Cedral,6800
0501461-TOPIPNXALPA,Carretera a Topilejo - Camino Panteon Xalpa,6801
0501460-TOPIPANTXALPA,Carretera a Topilejo - Camino Panteón Xalpa,6801
0501460-TOPILEJOPINO,Carretera a Topilejo - Pino,6802
0501461-TOPILEJOPEDRE,Carretera a Topilejo - Pedregal,6802
05134B1-AVCRUZBLANC,Av. Cruz Blanca,6803
0501460-CIMA3CDAPTE,Camino a la Cima - Tercera Cerrada Poniente,6803
05134B0-KM28CRUZBLCA,Km 28 Cruz Blanca,6803
0501461-CARRFEDCUERN,Carretera Federal a Cuernavaca,6803
0501460-CRZBLCTEZONTI,Cruz Blanca - Tezontitla,6804
05134B1-TEZONTITLA,Tezontitla,6804
0501460-CRZBLCCHAPUL,Cruz Blanca - Mirador Chapultepec,6805
05134B0-MDORCHAPULT,Mirador de Chapultepec,6805
0501460-MORETOPILEJO,Morelos - Carretera a Topilejo,6806
0501460-PROLHGOMONO,Prol. Hidalgo - Privada Monoxola,6807
0501460-TOPICDALUCA,Carretera a Topilejo - Cerrada I Luca,6808
05134B0-MORELOS,Morelos,6809
05134B1-JMMORELOS,José María Morelos,6809
0501460-CRUZBLCAVMOR,Cruz Blanca - Av. Morelos,6809
05134B0-BUENAVISTA,Buenavista,6810
0501460-CRUZBLCPROL,Cruz Blanca - Prol. Cruz Blanca,6810
0501460-CRZBLCTEJOCO,Cruz Blanca - Tejocotes,6811
05134B1-MARGARITAS,Las Margaritas,6812
05134B0-CUAUHTEMOC,Cuauhtémoc,6812
0501460-LASMARGARITA,Las Margaritas,6812
0501460-CIMACUERNAVA,Camino a la Cima - Carretera Federal a Cuernavaca,6813
05145A1-EZCUAUHTEM,Emiliano Zapata - Cuauhtémoc,6814
05145A0-EZCUAUHTEM,Emiliano Zapata - Cuauhtémoc,6814
05145A0-EZCONSTITUCI,Emiliano Zapata - Constitución,6815
05145A1-EZCONSTITUC,Emiliano Zapata - Constitución,6815
05145A0-EZAPATACALLE,Emiliano Zapata - Calle Nueva,6816
05145A1-EZCALLENVA,Emiliano Zapata - Calle Nueva,6816
05145A1-XOCHEZAPATA,Carretera San Pablo-Xochimilco - Emiliano Zapata,6817
05145A0-PABLOTOPILEJO,Emiliano Zapata - Carretera San Pablo-Topilejo,6817
05145A0-TOPILEJOREDEN,Carretera San Pablo-Topilejo - Rerención,6818
05145A1-XOCHCONSTITU,Carretera San Pablo-Xochimilco - Constitución,6818
05145A1-XOCHRINCONAD,Carretera San Pablo Xochimilco - Unidad Habitacional Rinconada San Pablo,6819
05145A0-RIOTITLA,Antiguo Camino a Xochimilco - Rio Titla,6819
05145A1-XOCHAVXOCH,Carretera San Pablo-Xochimilco - Av. Xochimilco,6820
05145A1-XOCHJACARAN,Carretera San Pablo-Xochimilco - Jacarandas,6821
05145A0-ACUEDUCTO,Antiguo Camino a Xochimilco - Acueducto,6822
05145A1-ACUETOPILEJO,Acueducto - Carretera San Pablo-Topilejo,6822
05145A1-ACUECNOSANTI,Acueducto - Camino viejo a Santiago,6823
05145A1-ACUEFCETIS49,Acueducto - Frente a CETIS No. 49,6824
05145A1-ACUEUHENCANT,Acueducto - Unidad Habitacional el Encanto,6825
05145A1-ACUENORIA,Acueducto - La Noria,6826
05145A1-16SEPHIDALGO,16 de Septiembre - Hidalgo,6827
05145A1-16SEPALDAMA,16 de Septiembre - Aldama,6828
05145A1-16SEPNHEROES,16 de Septiembre - Niños Héroes,6829
05145A1-16SEPASEOVIRG,16 de Septiembre - Paseo de la Virgen,6830
05145A1-MXOCHSTACRUZ,Calz. México Xochimilco - Santa Cruz,6831
05145A1-MXOCHKIOTO,Calz. México Xochimilco - Kioto,6832
05145A1-MXOCHFOREST,Calz. México Xochimilco - Forestal,6833
05145A1-MXOCHENFERM,Calz. México-Xochimilco - Escuela de Enfermería UNAM,6834
05145A1-MXOCHCNOREA,Calz. México-Xochimilco - Camino Real,6835
05145A1-CTLALGTAHUIPU,Calz. de Tlalpan - Glorieta de Huipulco,6836
0501311-RENATOLEDUC,Renato Leduc,6836
05134B1-ACOXPA,Acoxpa,6837
05145A1-CTLALALEJAND,Calz. de Tlalpan - San Alejandro,6837
05145A1-CTLALTLALMAN,Calz. de Tlalpan - Tlalmanalco,6838
05145A1-CTLALVERGEL,Calz. de Tlalpan - Vergel,6839
05145A1-CTLALPBJUARE,Calz. de Tlalpan - Plazuela Benito Juárez,6840
05145A1-CTLALESFUERZ,Calz. de Tlalpan - Esfuerzo,6841
05145A1-CTLALTEXTITLA,Calz. de Tlalpan - Textitlan,6842
05145A1-CTLALBJUAREZ,Calz. de Tlalpan - Benito Juárez,6843
05145A1-CTLALNEZAHUA,Calz. de Tlalpan - Nezahualpilli,6844
05145A1-CTLALMUSEO,Calz. de Tlalpan - Museo,6845
05145A1-CTLALXOTEPIN,Calz. de Tlalpan - Xotepingo,6846
05145A1-CTLALJACARAN,Calz. de Tlalpan - Jacarandas,6847
05145A1-CTLALROSAS,Calz. de Tlalpan - Av. de las Rosas,6848
05145A1-CTLALCANDELA,Calz. de Tlalpan - Candelaria,6849
05145A1-CTLALIRLANDE,Calz. de Tlalpan - Mártires Irlandeses,6850
05145A1-CTLALPIRINEOS,Calz. de Tlalpan - Pirineos,6851
05145A1-CTLALEZAPATA,Calz. de Tlalpan - Emiliano Zapata,6852
05145A1-CTLALMPOLIBR,Calz. de Tlalpan - Municipio Libre,6853
05145A1-CTLALSTACRUZ,Calz. de Tlalpan - Santa Cruz,6854
05145A1-CTLALSANSIMON,Calz. de Tlalpan - San Simon,6855
05145A1-CTLALMNATIVIT,Calz. de Tlalpan - Metro Nativitas,6856
05145A0-CALZTLALNATIV,Calz. de Tlalpan - Metro Nativitas,6856
05145A1-CTLALRMILLAN,Calz. de Tlalpan - Ramos Millan,6857
05145A1-CTLALCLINIC10,Calz. de Tlalpan - Clínica 10,6858
05145A1-CTLALAPOSTAL,Calz. de Tlalpan - Ahorro Postal,6859
05145A1-CTLALUPOSTAL,Calz. de Tlalpan - Unión Postal,6860
05145A0-CALZTLALXOLA,Calz. de Tlalpan - Metro Xola,6861
05145A1-CTLALXOLA,Calz. de Tlalpan - Xola,6861
05145A1-CTLALCADIZ,Calz. de Tlalpan - Cadiz,6862
05145A1-CTLALSEGOVIA,Calz. de Tlalpan - Segovia,6863
05145A1-CABADTORIBIO,Calz. San Antonio Abad - Toribio Medina,6864
05145A1-CABADTORQUE,Calz. San Antonio Abad -Torquemada,6865
05145A1-CABADMFLORE,Calz. San Antonio Abad - Manuel María Flores,6866
05145A1-CABADLBOTURI,Calz. San Antonio Abad - Lorenzo Boturini,6867
05145A1-CABADFLAMENC,Calz. San Antonio Abad - Flamencos,6868
05145A1-SANJERONIMO,José María Pino Suarez - San Jerónimo,6869
05145A0-EZ2ABRIL,C. C. Santiago Tepalcatlalpan - Emiliano Zapata y 2 de Abril,6870
05145A0-AVXOCHIMILCO,Antiguo Camino a Xochimilco - Av. Xochimilco,6871
05145A0-DVOCRUZAZUL,Antiguo Camino a Xochimilco - Deportivo Cruz Azul,6872
05145A0-AVMEXICO,Antiguo Camino a Xochimilco - Av. México,6873
05145A0-20NOVIEMBRE,Antiguo Camino a Xochimilco - 20 de Noviembre,6874
05145A0-HIDALGO,Guadalupe Inclan Ramírez - Hidalgo,6875
05145A0-RETANA,Guadalupe Inclan Ramírez - Retana,6876
05145A0-NINOSHEROES,Guadalupe Inclan Ramírez - Niños Héroes,6877
05145A0-PERIFERICO,Guadalupe Inclan Ramírez - Periférico,6878
05145A0-TRANSMISIONES,Calz. México-Xochimilco - Transmisiones,6879
05145A0-FCOLIERE,Calz. México-Xochimilco - Frente a Coliere,6880
05145A0-ARENAL,Acueducto - Arenal,6881
05145A0-SANJUANDIOS,Acueducto - San Juan de Dios,6882
05145A0-CALZTLALTLAL,Calz. de Tlalpan - Tlalmanalco,6883
05145A0-CALZTLALVIAT,Calz. de Tlalpan - Viaducto Tlalpan,6884
05145A0-CALZTLALHUES,Calz. de Tlalpan - Calz. del Hueso,6885
05145A0-CALZTLALTEXTI,Calz. de Tlalpan - Textitlan,6886
05145A0-CALZTLAL3000,Calz. de Tlalpan - Tlalpan 3000 Televisa Radio,6887
05145A0-CALZTLALDNTE,Calz. de Tlalpan - División del Norte,6888
05145A0-CALZTLALXOTE,Calz. de Tlalpan - Xotepingo,6889
05145A0-CALZTLALVIRGE,Calz. de Tlalpan - La Virgen,6890
05145A0-CALZTLALGALVE,Calz. de Tlalpan - Dr. Galvez y Fuentes,6891
05145A0-CALZTLALTORRE,Calz. de Tlalpan - Las Torres,6892
05145A0-CALZTLALPATIN,Calz. de Tlalpan - Patinadores,6893
05145A0-CALZTLALANAYA,Calz. de Tlalpan - Metro General Anaya,6894
05145A0-CALZTLALCHURU,Calz. de Tlalpan - Av. Río Churubusco,6895
05145A0-CALZTLALEJE8S,Calz. de Tlalpan - Eje 8 Sur Calz. Ermita - Iztapalapa,6896
05145A0-CALZTLALERMIT,Calz. de Tlalpan - Metro Ermita,6897
05145A0-CALZTLALZAPAT,Calz. de Tlalpan - Zapata,6898
05145A0-CALZTLALMPOL,Calz. de Tlalpan - Municipio Libre,6899
05145A0-CALZTLALPORTA,Calz. de Tlalpan - Metro Portales,6900
05145A0-CALZTLALNORM,Calz. de Tlalpan - Normandia,6901
05145A0-CALZTLALMORE,Calz. de Tlalpan - Morelos,6902
05145A0-CALZTLALREFUG,Calz. de Tlalpan - Refugio,6903
05145A0-CALZTLALCORT,Calz. de Tlalpan - Metro Villa de Cortes,6904
05145A0-CALZTLALSANTI,Calz. de Tlalpan - Santiago,6905
05145A0-CALZABADCHAB,Calz. San Antonio Abad - Calz. Chabacano,6906
05145A0-CALZABAD,Calz. San Antonio Abad - Metro San Antonio Abad,6907
05145A0-20NOVJMIZAZAG,20 de Noviembre - José María Izazaga,6908
05145A0-CCREPSALVAD,C. C. República del Salvador - José María Pino Suarez y Mesones,6909
0501440-XOCHCONEJO,Carretera Xochimilco-San Pablo - El Conejo,6910
0501450-XOCHCONEJO,Carretera Xochimilco-San Pablo - El Conejo,6910
0501441-XOCHCONEJO,Carretera Xochimilco-San Pablo - El Conejo,6910
0501451-ELCONEJO,El Conejo,6910
0501451-TLALNECEDRAL,Carretera San Fco. Tlalnepantla - Cedral,6911
0501450-CONSTCEDRAL,Constitución - Cedral,6911
0501450-CONSTLACRUZ,Constitución - La Cruz,6912
0501451-TLALNMTESUR,Carretera San Fco. Tlalnepantla - Monte Sur,6912
0501450-CONSTPRIV,Constitución - Priv. Constitución,6913
0501451-TLALAYUNTA,Carretera San Fco. Tlalneplanta - Ayuntamiento,6913
0501450-16SEPAYUNTAM,16 de Septiembre - Ayuntamiento,6914
0501451-AYUNTA16SEP,Ayuntamiento - 16 de Septiembre,6914
0501451-16SEPHUEXTLA,16 de Septiembre - Cerrada Huextlalpan,6915
0501450-16SEP1CDAPROL,16 de Septiembre - Primera Cerrada Prol. 16 de Septiembre,6915
0501450-16SEPTORRES,16 de Septiembre - Las Torres,6916
0501451-16SEPTORRES,16 de Septiembre - Las Torres,6916
0501451-PROL16SEPEZAP,Prol. 16 de Septiembre - Emiliano Zapata,6917
0501450-PROL16SEPEZAP,Prolongación 16 de Septiembre - Emiliano Zapata,6917
0501450-CONSTPROGRE,Constitución -Progreso,6918
0501450-16SEPCONSTITU,16 de Septiembre - Constitución,6919
0501450-16SEP3CDACUAU,16 de Septiembre - Tercera Cerrada de Cuauhtémoc,6920
05144C0-CUAUTENTEPE,C. C. San Salvador Cuauhtenco - José María Morelos-Tepecuentech,6921
0501440-AVFABFPRIV,Av. Fabián Flores - Priv. Fabián Flores,6921
05144C1-JMMNHEROES,José María Morelos - Niños Héroes,6921
05144C1-AVFABFLCDABA,Av. Fabián Flores - Cerrada Abasolo,6922
05144C1-JMMCDABA,José María Morelos - Cerrada Abasolo,6922
0501441-AVFABFBJUAREZ,Av. Fabián Flores-Benito Juárez,6922
0501440-AVFABFBJUARE,Av. Fabián Flores - Benito Juárez,6922
05144C1-AVFABFLPRIVFF,Av. Fabián Flores - Priv. Fabián Flores,6923
0501441-AVFABFMONTEA,Av. Fabián Flores-Monte Alegre,6923
05144C0-AVFABFLPROGR,Av. Fabián Flores - Progreso,6924
05144C1-AVFABFLPROGR,Av. Fabián Flores - Progreso,6924
05144C1-AVFABFLAZIMBR,Av. Fabián Flores - Ángel Zimbron,6925
05144C1-AVFABFLVCARRA,Av. Fabián Flores - Venustiano Carranza,6926
05144C1-AVFABFLPROLIZ,Av. Fabián Flores - Prol. Ignacio Zaragoza,6927
05144C0-AVFABFLIZARAG,Av. Fabián Flores - Prol. Ignacio Zaragoza,6927
05144C1-CUAUCBPABLO,Cuauhtémoc - C. B. San Pablo,6928
05144C1-CUAUPROLNH2,Cuauhtémoc - Prol. Niños Héroes 2,6929
05144C1-CUAUHPROLNH,Cuauhtémoc - Prol. Niños Héroes,6930
05144C0-CUAUCIRUELO,Cuauhtémoc - Calle Ciruelos,6931
05144C1-CUAUHCIRUELO,Cuauhtémoc - Calle Ciruelos,6931
05144C1-CUAUHF319,Cuauhtémoc - Frente a No. 319,6932
05144C1-CUAUHAPROLNH,Cuauhtémoc - Antes de Prol. Niños Héroes,6933
05144C1-CUAUHEZAPAT,Cuauhtémoc - Emiliano Zapata,6934
05144C0-CUAUPROLNHE,Cuauhtémoc - Prol. Niños Héroes,6934
05144C1-CUAUHCJONCU,Cuauhtémoc - Callejón Cuauhtémoc,6935
05144C0-CUAUEZAPATA,Cuauhtémoc - Emiliano Zapata,6935
05144C1-JSIERRACUAUH,Justo Sierra - Cuauhtémoc,6936
05144C0-CUAUJSIERRA,Cuauhtémoc - Justo Sierra,6936
05144C1-JSIERRAMOCTE,Justo Sierra - Moctezuma,6937
05144C1-ATZACJSIERRA,Atzacayatl - Justo Sierra,6938
05144C1-ZARAGOATZACA,Zaragoza - Atzacayatl,6939
05144C1-AVMHGOCUAUH,Av. Miguel Hidalgo - Cuauhtémoc,6940
05144C0-CUAUAVHGO,Cuauhtémoc - Av. Hidalgo,6940
05144C0-JMMGUATEMA,José María Morelos - Guatemala,6941
0501441-AVJMMEZAPATA,Av. José María Morelos-Emiliano Zapata,6941
05144C0-JMMORELOSCJO,José María Morelos - Callejon Morelos,6942
05144C0-AVFABFLJORTIZ,Av. Fabián Flores - Josefa Ortiz de Domínguez,6943
05144C0-AVFABFLEZAPAT,Av. Fabián Flores - Emiliano Zapata,6944
05144C0-AVFABFLAZIMBR,Av. Fabián Flores - Ángel Zimbron,6945
05144C0-AVFABFLVCARRA,Av. Fabián Flores - Venustiano Carranza,6946
05144C0-CUAUPVILLPABL,Cuauhtémoc - Pasando Villa San Pablo,6947
05144C0-CUAUSANPABL,Cuauhtémoc - San Pablo,6948
05144C0-CUAUHTEMOC,Cuauhtémoc,6949
05144C0-CUAUVILLACANE,Cuauhtémoc - Villa Canelin,6950
05144C0-CUAUPPROLNH,Cuauhtémoc - Pasando Prol. Niños Héroes,6951
05144C0-CUAUCJONNHER,Cuauhtémoc - Callejón Niños Héroes,6952
05144C0-JSIERRAQUETZ,Justo Sierra - Quetzalcoatl,6953
05144C0-QUETZALMOREL,Quetzalcoatl - Morelos,6954
0501431-AVHIDALGO,Av. Hidalgo,6955
05144C0-AVMHGOHEROE,Av. Miguel Hidalgo - Niños Héroes,6955
0501430-NINOSHEROES,Niños Héroes,6955
0501441-HILUSJAGUEY,Hombres Ilustres - EL Jaguey,6956
0501440-HILUSNECAXA,Hombres Ilustres - Necaxa,6956
0501441-GPEINFONAVIT,Guadalupe Inclan Ramírez - Unidad Infonavit,6957
0501440-GPEINFONAVIT,Guadalupe Inclan Ramírez - Unidad Infonavit,6957
0501440-GPEIRIOSANLU,Guadalupe Inclan Ramírez - Río San Lucas,6958
0501441-GPEIRIOSANLUC,Guadalupe Inclan Ramírez - Río San Lucas,6958
0501441-GPEIMTEMOTE,Guadalupe Inclan Ramírez - Monte Morelos Oriente,6959
0501440-GPEIMTEMOTE,Guadalupe Inclan Ramírez - Monte Morelos Oriente,6959
0501440-GPEIMONTECAL,Guadalupe Inclan Ramírez - Monte Calvario,6960
0501441-GPEIMONTECAL,Guadalupe Inclan Ramírez - Monte Calvario,6960
0501440-XOCHINCLAN,Carretera Xochimilco-San Pablo - Guadalupe Inclan Ramírez,6961
0501441-XOCHINCLAN,Carretera Xochimilco-San Pablo - Guadalupe Inclan Ramírez,6961
0501440-PROLHGODURZ,Prol. Hidalgo - Duraznos,6962
0501441-JMMPROLHGO,José María Morelos - Prol. Hidalgo,6963
0501440-PROLHGOMOR,Prol. Hidalgo - Morelos,6963
0501441-PROLHGODURAZ,Prol. Hidalgo - Duraznos,6964
0501440-AVMHGOPINAPA,Av. Miguel Hidalgo - PiNa y Palacios,6964
0501440-AVMHGONICOBR,Av. Miguel Hidalgo - Nicolas Bravo,6965
0501440-AVMHGOHEROE,Av. Miguel Hidalgo - Niños Héroes,6966
0501440-AVMHGOIZARAG,Av. Miguel Hidalgo - Ignacio Zaragoza,6967
0501441-JMMVEREDA,José María Morelos - La Vereda,6968
0501440-XOCHVEREDA,Carretera Xochimilco-San Pablo - La Vereda,6968
0501440-XOCHFRESNO,Carretera Xochimilco-San Pablo - Fresno,6969
0501441-XOCHFRESNO,Carretera Xochimilco-San Pablo - Fresno,6969
0501441-XOCHPROLCEDR,Carretera Xochimilco-San Pablo - Prol. Cedro,6970
0501440-XOCHPROLCED,Carretera Xochimilco-San Pablo - Prol. Cedro,6970
0501440-XOCHCEDRO,Carretera Xochimilco-San Pablo - Cedro,6971
0501441-XOCHCEDRO,Carretera Xochimilco-San Pablo - Cedro,6971
0501440-XOCHAHUACA,Carretera Xochimilco-San Pablo - Ahuacayucan,6972
0501440-XOCHCUAUHTE,Carretera Xochimilco-San Pablo - Cuauhtémoc,6973
0501440-IALLBJUAREZ,Ignacio Allende - Benito Juárez,6974
0501441-IALLBJUAREZ,Ignacio Allende - Benito Juárez,6974
0501440-IALLENVGUER,Ignacio Allende - Vicente Guerrero,6975
0501440-VGUERTLACOM,Vicente Guerrero - Tlacomulco,6976
0501441-IALLTLACOMULC,Ignacio Allende - Tlacomulco,6976
0501441-VGUERRERO,Vicente Guerrero - Prol. Vicente Guerrero,6977
0501440-HILUSROSAS,Hombres Ilustres - Las Rosas,6977
0501441-HILUSGRANJAS,Hombres Ilustres - Las Granjas,6978
0501440-HILUSPOZO,Hombres Ilustres - El Pozo,6978
0501440-HILUSCDAHILUS,Hombres Ilustres - Cerrada de Hombres Ilustres,6979
0501441-HILUSFCOSARAB,Hobres Ilustres - Francisco Sarabia,6980
0501440-HILUSFCOSARAB,Hombres Ilustres - Francisco Sarabia,6980
0501440-HILUSCNOSTACE,Hombres Ilustres - Camino a Santa Cecilia,6981
0501441-HILUSLUCERNSU,Hombres Ilustres - Lucerna Sur,6982
0501440-HILUSILUSTRE2,Hombres Ilustres - Lucerna 2 ,6982
0501440-HILUSLUSTR,Hombres Ilustres - Lucerna ,6983
0501441-HILUSLUCERN2,Hombres Ilustres - Lucerna 2,6983
0501440-XOCHTANQUE,Carretera Xochimilco-San Pablo - El Tanque,6984
0501441-XOCHTANQUE,Carretera Xochimilco-San Pablo - El Tanque,6984
0501440-XOCHCNOREAL,Carretera Xochimilco-San Pablo - Camino Real  ,6985
0501441-XOCHCNOREAL,Carretera Xochimilco-San Pablo - Camino Real,6985
0501440-XOCHCAJON,Carretera Xochimilco-San Pablo - El Cajon,6986
0501441-XOCHCAJON,Carretera Xochimilco-San Pablo - El Cajon,6986
0501441-PROLJMM350,Prol. José María Morelos-Frente a No. 350,6987
0501440-JMMF350,José María Morelos - Frente a No. 350,6987
0501440-JMMACACHINA,José María Morelos - Acachinamic,6988
0501441-PROLJMMACACH,Prol. José María Morelos-Acachinamic,6988
0501440-JMMF300,José María Morelos - Frente a No. 300,6989
0501441-PROLJMM300,Prol. José María Morelos-Frente a No. 300,6989
0501441-AVJMMTEPECU,Av. José María Morelos-Tepecuentech,6990
0501440-JMMTEPECUENT,José María Morelos - Tepecuentech,6990
0501441-AVJMMOTRIQU,Av. José María Morelos-Otriquisco,6991
0501440-JMMGUATEMAL,José María Morelos - Guatemala,6991
0501441-AVJMMJALAPA,Av. José María Morelos-Jalapa,6992
0501440-JMMJALAPA,José María Morelos - Jalapa,6992
0501440-JMMCJONMORE,José María Morelos - Cjon. Morelos,6993
0501440-JMMABASOLO,José María Morelos - Abasolo,6994
0501441-AVFABFJORTIZ,Av. Fabián Flores y Josefa Ortiz de Domínguez,6995
0501440-AVFABFJORTIZD,Av. Fabián Flores - Josefa Ortiz de Domínguez,6995
0501440-AVFABFABASOLO,Av. Fabián Flores - Abasolo,6996
0501441-AVFABFABASOL,Av. Fabián Flores-Abasolo,6996
0501441-AVFABFEZAPAT,Av. Fabián Flores-Emiliano Zapata,6997
0501440-AVFABFZAPATA,Av. Fabián Flores - Emiliano Zapata,6997
0501440-AVFABFGUERRE,Av. Fabián Flores - Guerrero,6998
0501441-AVFABFGUERRE,Av. Fabián Flores-Guerrero,6998
0501441-16SEPTIMADERO,16 de Septiembre - Francisco I. Madero,6999
0501441-PROL16CNONATI,Prolongación 16 de Septiembre - Camino a Nativitas,7000
0501431-PROL16SEPTIEM,Prolongación 16 de Septiembre,7000
0501441-GPEIPROL16SEP,Guadalupe Inclan Ramírez - Prol. 16 de Septiembre,7001
0501441-JMMCDAMOREL,José María Morelos - Cerrada Morelos,7002
0501441-JMMIZARAGOZA,José María Morelos - Ignacio Zaragoza,7003
0501441-JMMHEROES,José María Morelos - Niños Héroes,7004
0501441-XOCHPROGRES,Carretera Xochimilco-San Pablo - Progreso,7005
0501441-IALLCUAUHTEM,Ignacio Allende - Cuauhtémoc,7006
0501441-HILUSAGUASPO,Hombres Ilustres - Aguas Potables,7007
0501441-HILUSLUCERNA,Hombres Ilustres - Lucerna,7008
0501441-AVJMMCUAUTE,Av. José María Morelos-Cuautepec,7009
0501441-AVJMMFRONTE,Av. José María Morelos-Frontera,7010
0501441-AVJMMVCARRAN,Av. José María Morelos-Venustiano Carranza,7011
0501441-AVJMMFMOCA,Av. José María Morelos-Fernando Montes de Oca,7012
0501441-AVFABFGALEAN,Av. Fabián Flores y Galeana,7013
0501441-CJONFABFLORE,Av. Fabián Flores y Callejón Fabián Flores,7014
0501430-CALZTASQUENA,Calz. Tasqueña,7015
0501431-CALZTASQUEN,Calz. Tasqueña,7015
0501431-TEPONAXTLE,Teponaxtle,7016
0501431-GALVEZFTES,Galvez y Fuentes,7017
0501431-CASTELLANOS,Castellanos Quinto,7018
0501431-CALZVIRGEN,Calz. La Virgen,7019
0501431-XOTEPINGO,Xotepingo,7020
0501431-RNO69,Retorno 69,7021
0501431-CALLE9,Calle 9,7022
0501430-TENOCH,Tenoch,7022
0501431-ALDEBARAN,Aldebaran,7023
0501431-MARTRANQUILI,Mar de la Tranquilidad,7024
0501431-TZINNIAS,Tzinnias,7025
0501431-RANCHOMANT,Rancho Mante,7026
0501431-CALZHUESO,Calz. del Hueso,7027
0501431-CANNES,Cannes,7028
0501431-COAPLAZA,Coaplaza,7029
0501431-CARRETA,La Carreta,7030
0501431-DIVISIONTE,División del Norte,7031
0501431-VAQUERITOS,Plaza Vaqueritos y San Lorenzo,7032
0501431-FPEANGELES,Felipe Ángeles,7033
0501430-VILLAYALA,Villa de Ayala,7033
0501431-ALCANFORES,Alcanfores,7034
0501431-DVOXOCHIMIL,Deportivo Xochimilco,7035
0501431-ACUEDUCTO,Acueducto,7036
0501431-CARROAXTE2,Carretera a Oaxtepec 2,7037
0501431-FRENTE39,Frente a No. 39,7038
0501430-LAHERRADURA,La Herradura,7038
0501431-HERRADURA,Herradura,7039
0501431-KM175,Km 17.5,7040
0501430-KM175,Km 17.5,7040
0501431-CUITLAHUAC,Cuitlahuac,7041
0501431-TLALOC,Tlaloc,7042
0501431-CARROAXTE,Carretera a Oaxtepec,7043
0501431-AVNVOLEONPTE,Av. Nuevo León Poniente,7044
0501430-NVOLEONPUEB,Av. Nuevo León y Av. Puebla Poniente,7044
0501430-TLAXCALA,Tlaxcala,7045
0501431-TLAXCALA,Tlaxcala,7045
0501431-MXNTE,México Norte,7046
0501411-CAMPECHE,Campeche,7046
0501430-CETRAMTASQUE,Cetram Tasqueña Anden B,7047
0501430-AV3,Av. 3,7048
0501430-MARCOSHPUL,Marcos H. Pulido,7049
0501430-CALZVIRGEN,Calz. de la Virgen,7050
0501430-RETORNO50,Retorno 50,7051
0501430-ALDEBARAN,Aldebaran,7052
0501430-CIRUELOS,Ciruelos,7053
0501430-RAMONARRIAG,Ramón Arriaga,7054
0501430-ALAMEDASUR,Alameda Sur,7055
0501430-RANCHOVISTA,Rancho Vista Hermosa,7056
0501430-CALZHUESO,Calz. del Hueso,7057
0501430-PARMA,Parma,7058
0501430-ABREVADERO,Abrevadero,7059
0501430-LAVEREDA,La Vereda,7060
0501430-ELFAROL,El Farol,7061
0501430-VAQUERITOS,Plaza Vaqueritos,7062
0501430-UINFO5234,Unidad Infonavit frente a No. 5234,7063
0501430-AVMX,Av. México,7064
0501430-CUAUHTEMOC,Cuauhtémoc,7065
0501430-LCARDENAS,Lazaro Cardenas,7066
0501430-SANTUARIO,Santuario,7067
0501430-HERRADURA,Herradura,7068
0501430-CARROAXT2,Carretera a Oaxtepec 2,7069
0501430-FRAYBCASAS,Fray Bartolome de las Casas,7070
0501430-TLALOC,Tlaloc,7071
0501430-CDAHGO,Cerrada Hidalgo,7072
0501430-CARROAXTEPEC,Carretera a Oaxtepec,7073
0501430-JALISCO,Jalisco,7074
0501430-AGUASCALIEN,Aguascalientes,7075
0501420-MIGUELHGO,Miguel Hidalgo,7076
0501420-ALVAROBREGO,Álvaro Obregon,7077
0501420-MAISABELALE,María Isable Alegría,7078
0501420-QUIRINOMEND,Quirino Mendoza,7079
0501420-ACUEXCOMATL2,Acuexcomatl 2,7080
0501420-ACUEXCOMATL,Acuexcomatl,7081
0501420-HORTICULTOR,Horticultor,7082
0501420-FLORICULTOR,Floricultor,7083
0501420-LCARDENAS,Lazaro Cardenas,7084
0501420-CUACONTLE,Cuacontle,7085
0501420-ATLAPULCO,Atlapulco,7086
0501420-CALVARIO,Calvario,7087
0501420-AVCUAUHTEMO,Av. Cuauhtémoc,7088
0501420-AMELGAR,Agustín Melgar,7089
0501420-GVODIAZORDAZ,Gustavo Díaz Ordaz,7090
0501420-LAGALLERA,La Gallera,7091
0501420-CUAUHTEMOC2,Cuauhtémoc 2,7092
0501421-OJODEAGUA,Ojo de Agua,7093
0501420-IZARAGOZA,Ignacio Zaragoza,7093
0501420-PEDROBENAVI,Pedro Benavides,7094
0501420-LAPLANTA,La Planta,7095
0501420-CDABJUAREZ,Cerrada Benito Juárez,7096
0501420-AHUEHUETITLA,Ahuehuetitla,7097
0501420-MGTAMAZAJUA,Margarita Maza de Juárez,7098
0501420-COCOXOCHITL,Cocoxochitl,7099
0501420-DESIDERIOPE,Desiderio Peña,7100
0501420-PROLCUAUHTE,Prolongación Cuauhtémoc,7101
0501420-MERCADO,Mercado,7102
0501420-CICLAMEN,Ciclamen,7103
0501420-MADRESELVA,Madre Selva,7104
0501420-LIRIOACUATIC,Lirio Acuatico,7105
0501420-CUITLAHUAC,Cuitlahuac,7106
0501420-CUAUHTEMOC,Cuauhtémoc,7107
0501420-NEZAHUALCOY,Nezahualcoyotl,7108
0501421-JOSEFAQUILES,Josefa Ortíz de Domíngez y Aquiles Serdán,7109
0501421-JOSEFAODGUEZ,Josefa Ortiz de Domínguez,7110
0501421-MIGUELHGO,Miguel Hidalgo,7111
0501421-LASANIMAS,Las Animas,7112
0501421-IALLENDE,Ignacio Allende,7113
0501421-MANTONLANZ,Marco Antonio Lanz Galera,7114
0501421-FRENTE34,Frente a No. 34,7115
0501421-TIZOC,Tizoc,7116
0501421-CALVARIO,Calvario,7117
0501421-FLORICULTOR,Floricultor,7118
0501421-CUACONTLE,Cuacontle,7119
0501421-JACARANDAS,Jacarandas,7120
0501421-SANANDRES,San Andrés,7121
0501421-AVCUAUHTEM,Av. Cuauhtémoc,7122
0501421-VGUERRERO2,Vicente Guerrero,7123
0501421-AVACTOPAN,Av. Actopan,7124
0501421-SANJUANMINAS,San Juan Minas,7125
0501421-ALCOCATITLA,Alcocatitla,7126
0501421-PEDROBENAVID,Pedro Benavides,7127
0501421-LAPLANTA,La Planta,7128
0501421-LIBERTAD,Libertad,7129
0501421-FRENTE7353,Frente a No. 7353,7130
0501421-SANJERONIMO,San Jerónimo,7131
0501421-FCOIMADERO2,Francisco I. Madero,7132
0501421-BJUAREZ,Benito Juárez,7133
0501421-ZACAPA,Zacapa,7134
0501421-CAPULINES,Capulines,7135
0501421-CUITLAHUAC,Cuitlahuac,7136
0501421-CUAUHTEMOC,Cuauhtémoc,7137
0501421-NEZAHUALCO,Nezahualcoyotl,7138
0501421-FCOIMADERO,Francisco I. Madero,7139
0501421-VGUERRERO,Vicente Guerrero y José María Morelos,7140
0501410-MARTRANQUIL,Mar de la Tranquilidad,7141
0501411-JBERNAL,José Bernal,7141
0501411-CALLE1,Calle 1,7142
0501411-BLASCORRAL,Blas Corral,7143
0501411-MIGUELHGO,Miguel Hidalgo,7144
0501411-DRJUANPALOM,Dr. Juan Palomo,7145
0501410-LASGARZAS,Las Garzas,7146
0501411-FCOVILLA,Francisco Villa,7146
0501411-CNALCHALCO,Canal Nacional Chalco-Amecameca,7147
0501411-NICOBRAVO,Nicolas Bravo,7148
0501411-MIXCALCO,Mixcalco,7149
0501410-LALOMA,La Loma,7150
0501411-CALZMONERA,Calz. La Monera,7150
0501411-MELCHOROCAM,Melchor Ocampo,7151
0501410-MELCHOROCAM,Melchor Ocampo,7151
0501411-BARRANCA,La Barranca,7152
0501411-VCARRANZA,Venustiano Carranza,7153
0501411-JUANBARRERA,Juan de la Barrera,7154
0501410-CNOREAL,Camino Real,7155
0501411-AVSURCOMER,Av. Sur del Comercio,7155
0501411-PEDROHDEZSIL,Pedro Hernández Silva,7156
0501411-CDAHGO,Cerrada Hidalgo,7157
0501410-CDAHGO,Cerrada Hidalgo,7157
0501411-JMMORELOS,José María Morelos,7158
0501411-CUAUHTEMOC,Cuauhtémoc,7159
0501411-IALLENDEPTE,Ignacio Allende Poniente,7160
0501410-IALLENDE,Ignacio Allende,7160
0501411-GPEVICTORIA,Guadalupe Victoria,7161
0501411-16SEPTIEMBRE,16 de Septiembre,7162
0501410-16SEPTIEMBRE,16 de Septiembre,7162
0501411-SANFCO,San Francisco,7163
0501411-AVTRABAJO,Av. del Trabajo,7164
0501410-AVTRABAJO,Av. del Trabajo,7164
0501410-TECOXPA,Tecoxpa,7165
0501411-TECOXPA,Tecoxpa,7165
0501411-FFACODONTO,Frente a Facultad de Odontología,7166
0501410-FFACODONTOL,Frente a Facultad de Odontología,7166
0501410-YUCATAN,Yucatán,7167
0501411-ORIZABA,Orizaba,7167
0501411-PUEBLAPTE,Puebla Poniente,7168
0501410-ANTONBEJAR,Antonio Bejar,7169
0501410-RIACHUELOSER,Riachuelo Serpentino,7170
0501410-AVTLAHUAC,Av. Tláhuac,7171
0501410-TIERRALIBERT,Tierra y Libertad,7172
0501410-SEVERINOCENI,Severino Ceniceros,7173
0501410-REFOAGRARIA,Reforma Agraria,7174
0501410-EZAPATA,Emiliano Zapata,7175
0501410-20NOVIEMBRE,20 de Noviembre,7176
0501410-DRJUANPALOM,Dr. Juan Palomo,7177
0501410-FCOVILLA,Francisco Villa,7178
0501410-DESIERTO,Desierto,7179
0501410-DCAYETANOZAP,Diego Cayetano Zapata,7180
0501410-ISIDROTAPIA,Isidro Tapia,7181
0501410-CUAUHTEMOC,Cuauhtémoc,7182
0501410-AVMAESTRO,Av. del Maestro,7183
0501410-GRAMOSMILLAN,Gabriel Ramos Millan,7184
0501410-NTECOMERCIO,Sobre Norte del Comercio y G. Ramos Millan,7185
0501410-BARRANCA,La Barranca,7186
0501410-CALTENCO,Caltenco,7187
0501410-ETECNOLOGIC,Educación Tecnológica,7188
0501410-MIGUELHGO,Miguel Hidalgo,7189
0501410-GASTONMELO,Gastón Melo,7190
0501410-NVOLEON,Nuevo León,7191
0501410-SANFCO,San Francisco,7192
0501410-MICHOACANOTE,Michoacan Oriente y Sonora Norte,7193
05134D1-16SEPTIEMBRE,16 de Septiembre,7194
05134D1-KM21,Km 21,7195
05134D1-SANANDRES,San Andres,7196
05134D1-CLAVELITOS,Clavelitos,7197
05134D0-CHICARA,Chicara,7198
05134C1-BLVDGRANSUR,Blvd. Gran Sur,7198
05134D0-KM23,Kilometro 23,7199
05134D0-POSSENTI,Possenti,7200
05134C0-AVAZTECAS,Av. Aztecas,7201
05134C0-TOTONACAS,Totonacas,7202
05134C1-AVLIBERTAD,Av. de la Libertad,7203
05134C0-PLANTASFALTO,Planta de Asfalto No. 263,7203
05134C0-SANGUILLERM,San Guillermo,7204
05134C1-CHICARA,Chicara,7205
05134C0-4CDAIMAN,Cuarta Cerrada del Iman,7205
05134C0-5CDAIMAN,Quinta Cerrada del Iman,7206
05134C1-COMPORIS,Comporis,7206
05134C0-3CDAIMAN,Tercera Cerrada del Iman,7207
05134C1-CTOAZTECA,Circuito Azteca,7208
05134C0-DIAMENTE,Diamante,7208
05134C0-HSHRINERS,Hospital Shriners,7209
05134C1-HSHRINERS,Hospital Shriners,7209
05134C1-SANBENITO,San Benito,7210
05134C0-SANALEJANDRO,San Alejandro,7210
05134C1-SANBENJAMIN,San Benjamín,7211
05134C0-SANCELSO,San Celso,7211
05134C1-ANTONDELFINM,Antonio Delfin Madrigal,7212
05134C1-AVPANAMERICA,Av. Panamericana,7213
05134C1-SANCELSO,San Celso,7214
05134B1-EAZTECA2,Estadio Azteca 2,7215
05134B1-INESPECIALID,Instituto Nacional de Especialidades,7216
05134B1-LAUREL,Laurel,7217
05134B1-COLIBRI,Colibri,7218
05134B0-KM275,Km 27.5,7219
05134B1-KM275,Km 27.5,7219
05134B0-ESCVETERINARI,Esc. Veterinaria,7220
05134B1-FACMEDZOO,Facultad de Medicina y Zootecnia,7220
05134B1-LASROSAS,Las Rosas,7221
05134B0-ROSAS,Rosas,7221
05134B0-CRUZBLANCA,Cruz Blanca,7222
05134B1-TEJOCOTES,Tejocotes,7222
05134B1-ANTICNOCUERN,Antiguo Camino a Cuernavaca,7223
05134B1-DELPUENTE,Del Puente,7224
05134B0-PUENTE,Del Puente,7224
05134B0-CDAYOCATITLA,Cerrada Ayocatitla,7225
05134B1-CDAAYOCATITL,Cerrada Ayocatitla,7225
05134B1-STACRUZ,Santa Cruz,7226
05134B1-ARENAL,Arenal,7227
05134B0-STACRUZ,Santa Cruz,7227
05134B0-KM27,Km 27,7228
0501341-APATLACO,Apatlaco,7229
0501341-COLEGIOPETER,Colegio Peterson,7230
0501340-KM23,Kilometro 23,7230
0501341-KM25,Kilometro 25,7231
0501341-2ABRIL,2 de Abril,7232
0501340-AXOXCOTLE,Axoxcotle,7232
0501340-5MAYO,5 de Mayo,7233
0501341-MORELOS,Morelos,7233
0501341-REFORMA,Reforma,7234
0501340-16SEPTIEMBR,16 de Septiembre,7235
0501341-DELRIO,Del Río,7235
0501341-GALEANA,Galeana,7236
0501341-302,No. 302,7237
0501341-DILIGENCIAS,Diligencias,7238
0501341-CHABACANO,Chabacano,7239
0501340-CHABACANO,Chabacano,7239
0501340-MARAVILLAS,Las Maravillas,7240
0501341-EZAPATA2,Emiliano Zapata 2,7240
0501341-ARENAL,Arenal,7241
0501340-ELARENAL,El Arenal,7241
0501340-ARENALQROO,Arenal Sección Estado de Quintana Roo,7242
0501341-SEC151,Secundaria 151,7242
0501341-HACIENDA,Hacienda,7243
0501341-ARBOLADA,Arbolada,7244
0501340-ESCFUTCHIVAS,Escuela de Futbol Chivas,7244
0501341-DILIGENCIA,Diligencia,7245
0501340-MNOABASOLO2,Mariano Abasolo 2,7246
0501341-MNOABASOLO,Mariano Abasolo,7246
0501341-BIENESTAR,Bienestar,7247
0501340-LASVIAS,Las Vías,7247
0501341-MNOMATAMORO,Mariano Matamoros,7248
0501340-MNOMATAMOR,Mariano Matamoros,7248
0501340-AVHGO,Av. Hidalgo,7249
0501341-ABASOLO,Abasolo,7249
0501340-MNOABASOLO,Mariano Abasolo,7250
0501341-GRALPEDROM,General Pedro María Maya,7250
0501341-EZAPATA,Emiliano Zapata,7251
0501341-IALLENDE,Ignacio Allende,7252
0501340-MNOESCOBEDO,Mariano Escobedo,7252
0501341-RAMONCORONA,Ramón Corona,7253
0501340-RAMONCORON,Ramón Corona,7253
0501341-JMORELOSMA,José María Morelos y Mariano Matamoros,7254
0501340-JMMORELOSMA,José María Morelos y Mariano Matamoros,7254
0501340-ACOXPA,Acoxpa,7255
0501340-AUMXCUERNA,Autopista México-Cuernavaca,7256
0501340-LAUREL,Laurel,7257
0501340-KM25,Kilometro 25,7258
0501340-CDAOLVIDO,Cerrada del Olvido,7259
0501340-DILIGENCIAS,Diligencias,7260
0501340-TRABAJO,Trabajo,7261
0501340-EZAPATA,Emiliano Zapata,7262
0501340-IALLENDE,Ignacio Allende,7263
0501340-JUANALDAMA,Juan Aldama,7264
0501310-ANILLOBLVDCO,Anillo Periférico y Blvd. Adolfo Ruíz Cortines,7265
0501310-FRAYPEDROGAN,Fray Pedro de Gante,7266
0501310-HMGGLEZ,Hospital Manuel Gea González.,7267
0501310-URGENRESPIR,Unidad de Urgencias Respiratorias,7268
0501310-MORELOS,Morelos,7269
0501311-MORELOS,Morelos,7269
0501310-TEZOQUIPA,Tezoquipa,7270
0501310-MICHOACAN,Michoacan,7271
0501311-PTEVIOLETA,Puente Peatonal Violeta,7272
0501310-PTEPVIOLETA,Puente Peatonal Violeta,7272
0501310-TUNELPEDROVR,Tunel de San Pedro Puente Verde,7273
0501310-PTEPANTMILIT,Puente Peatonal Panteón Militar,7274
0501310-PTEVCOLMILITA,Puente Vehícular Colegio Militar,7275
0501311-PTECOLMILITAR,Puente Peatonal Colegio Militar,7275
0501310-PTELAPALMA,Puente Peatonal La Palma,7276
0501311-PTEPALMA,Puente Peatonal la Palma,7276
0501310-PTEXOCHIPIL,Puente Peatonal Caseta Xochipilli,7277
0501311-SANALEJANDRO,San Alejandro,7278
0501311-ESTAZTECA,Estadio Azteca,7279
0501311-LUISMURILLO,Luis Murillo,7280
0501311-ANILLOBLVDCOR,Anillo Periférico y Blvd. Adolfo Ruiz Cortines,7281
0501311-COAPA,Coapa,7282
0501311-CHIMALCOYOTL,Chimalcoyotl,7283
0501311-SILLONMENDOZ,Sillón de Mendoza,7284
0501311-LAJOYA,La Joya y Insurgentes,7285
0501311-PTEVEHICUCHIM,Puente Vehicular Chimalcoyotl,7286
0501311-TUNELPEDROVR,Tunel de San Pedro Puente Verde,7287
0501311-CUERNAVA60,Cuernavaca 60,7288
0501311-PTEPNALCASETA,Puente peatonal Caseta,7289
0501311-PLANAYALA,Plan de Ayala,7290
0501311-MXCUERNAVACA,Autopista México-Cuernavaca,7291
05115A0-VERACRUZ,Veracruz,7292
05013A1-VERACRUZ,Veracruz,7292
05013A1-JUANESCUTIA,Juan Escutia,7293
05115A0-JUANESCUTI,Juan Escutia,7293
05013A0-JVASCONCELOS,José Vasconcelos,7293
05115A0-VICENTSUARE,Vicente Suárez,7294
05013A1-VSUAREZ,Vicente Suarez,7294
05115A0-ALFONSOREYE,Alfonso Reyes,7295
05013A1-AREYES,Alfonso Reyes,7295
05013A1-MAZATLAN,Mazatlán,7296
05115A0-MAZATLAN,Mazatlán,7296
05013A1-DIAGOPATRIO,Diagonal Patriotismo,7297
05013A1-JUANPABLOII,Juan Pablo II,7298
0501160-FPEVILLANV,Felipe Villanueva,7298
05013A1-JUVENTINOROS,Juventino Rosas,7299
05013A1-MALUISA,María Luisa (ISSSTE),7300
05013A1-LAPAZ,La Paz,7301
05013A0-DRGALVEZ,Dr. Galvez,7302
05013A1-DRGALVEZ,Dr. Galvez,7302
05013A1-REYCUAUHTE,Rey Cuauhtémoc,7303
05013A0-REYCUAUHTEM,Rey Cuauhtémoc,7303
05013A0-ALTAMIRANO,Altamirano,7304
05013A1-ALTAMIRANO,Altamirano,7304
05013A0-EJE10RIOMAGD,Eje 10 Río de la Magdalena,7305
0501251-PLAZALORETO,Plaza Loreto,7305
05013A1-RIOMAGDALENA,Río Magdalena,7305
05013A1-SANJERONIMO,San Jerónimo,7306
05013A1-AVCU,Av. Ciudad Universitaria,7307
05013A1-AVPLEUDERON,Av. Pleuderon,7308
05013A1-IGLESIA,Iglesia,7309
05123A0-IGLESIA,Iglesia,7309
05013A1-FUEGO,Fuego,7310
05013A1-HOMUN,Homun,7311
0501251-HOMUN,Homun,7311
05013A1-IZMAL,Izmal,7312
05013A1-IZAMAL,Izamal,7313
0501251-TIXKOKOB,Tixkokob,7314
05013A1-YOBAIN,Yobain,7314
05013A1-BECAL,Becal,7315
05013A0-BECAL,Becal,7315
05013A1-TEKAX,Tekax,7316
05013A0-TEKAX,Tekax,7316
05013A1-SACALUM,Sacalum,7317
05013A1-SEYE,Seye,7318
05013A0-SEYE,Seye,7318
05013A0-CHICOASEN,Chicoasen,7319
05013A1-CHICOASEN,Chicoasen,7319
05013A1-SUDZAL,Sudzal,7320
05013A0-SUDSAL,Sudsal,7320
05013A0-TETIZ,Tetiz,7321
05013A1-TEKAL,Tekal,7321
05013A0-HOCABA,Hocaba,7322
05013A1-HOCABA,Hocaba,7322
05013A1-CONKAL,Conkal,7323
05013A0-CONKAL,Con Kal,7323
05013A1-TETIZ,Tetiz,7324
05013A0-TIXMEHUAC,Tixmehuac,7324
05013A0-TINUM,Tinum,7325
05013A1-TIXMEHUAC,Tixmehuac,7325
05013A0-AVSONORAMEX,Av. Sonora y Av. México,7326
0501251-PASEOSPEDRE,Paseos del Pedregal,7327
05013A0-EJE10SURJERO,Eje 10 Sur Av. San Jerónimo,7327
0501250-JILOTZINGO,Jilotzingo,7328
0501251-JILOTZINGO,Jilotzingo,7328
0501250-ESCUINAPA,Escuinapa,7329
05123A0-ROSAS,Rosas,7329
05123A1-ESCUINAPA,Escuinapa,7329
05123A1-ODONTOLOGIA,Odontología,7330
0501250-ODONTOLOGI,Odontología,7330
0501250-CLINICAS,clinicas,7331
0501251-CRATER,Crater,7332
0501250-CRATER,Crater,7332
0501250-CASCADA,Cascada,7333
0501251-CASCADA,Cascada,7333
0501251-CANADA,CaNada,7334
0501250-CANADA,CaNada,7334
0501250-GRIETA,Grieta y Farallon,7335
0501251-IGLESIA,Iglesia,7335
0501250-DELRISCO,Del Risco,7336
0501250-LAVA,Lava,7337
0501251-LAVA,Lava,7338
0501250-LLUVIA,Lluvia,7338
0501250-FUEGO,Fuego,7339
0501251-LLUVIA,Lluvia,7339
0501250-VALLE,Valle y CCH,7340
0501250-COLEGIO,Colegio,7341
0501251-VALLE,Valle,7342
0501250-CNOSTATERES,Camino a Santa Teresa,7342
0501250-BLVDLUZ,Bolvd. de la Luz,7343
0501251-CNOSTATERESA,Camino a Santa Teresa,7343
0501251-BLVDLUZ,Boulevard de la Luz,7344
0501250-PERIFERICO,Periférico,7344
0501250-SUPERAMA,Superama,7345
0501251-ANILLOPEROBL,Anillo Periferico Boulevard Adolfo Ruiz Cortines,7345
0501250-COLEGIOMEX,Colegio de México,7345
0501250-PICOTURQUINO,Pico de Turquino,7346
0501250-CHEDRAUI,Chedraui,7347
0501250-SIXFLAGS,Six Flags,7348
0501251-CHEDRAUI,Chedraui,7348
0501250-SINANCHE,Sinanche,7349
0501250-ACANCEH,Acanceh,7350
0501251-SINANCHE,Sinanche,7350
0501251-ACACHEN,Acachen,7351
0501250-BLVDPICACHO,Blvd. Picacho Ajusco,7351
0501250-HUEHUETAN,Huehuetan,7352
0501251-TIZIMIN,Tizimin,7352
0501251-HUEHUETAN,Huehuetan,7353
0501250-CANCUN,Cancun,7353
0501251-CANCUN,Cancun,7354
0501250-YUCALPETEN,yucalpeten,7354
0501250-TIZIMIN,tizimin,7355
0501250-HALACHO,Halacho,7356
0501250-TENOZIQUE,Tenozique,7357
0501251-TENOZIQUE,Tenozique,7357
0501250-HOPELCHEN2,Hopelchen 2,7358
0501251-IZMAL,Izmal,7359
0501250-IZMAL,Izmal,7359
0501250-HOCABA,Hocaba,7360
0501250-TIXKOKOB,Tixkokob,7361
0501250-DZIBALCHEN,Dzibalchen,7362
0501251-DZIBALCHEN,Dzibalchen,7362
0501251-PETO,Peto,7363
0501250-YOBAIN,Yobain,7363
0501250-BECAL,Becal,7364
0501250-FERROCUERNA,Ferrocarril a Cuernavaca,7365
0501251-TEKIT2,Tekit 2,7365
0501251-TEKIT,Tekit,7366
0501250-TEKAK,Tekak,7366
0501251-MAYAHUEL,Mayahuel,7366
0501250-JILGUERO,Jilguero,7367
0501251-PROLHOPELCHE,Prolongación Hopelchen,7367
0501251-ANSAR,Ansar,7368
0501250-HOPELCHEN,Hopelchen,7368
0501250-ANSAR,Ansar,7369
0501251-CARRPICACHOA,Carretera Picacho Ajusco,7369
0501251-VENUSIA,Venusia,7370
0501250-VENUSIA,Venusia,7370
0501250-JAZMIN,Jazmin,7371
0501251-JAZMIN,Jazmin,7371
0501251-PIEDRATRONAD,Piedra Tronada,7372
0501250-PIEDRATRONAD,Piedra Tronada,7372
0501250-TOTOLAPA,Totolapa,7373
0501251-TOTOLAPAN,Totolapan,7373
0501250-PARAJE,Paraje,7374
0501250-CUILOTEPEC,Vista de Cuilotepec,7375
0501250-CERROPALOMAS,Cerro de las Palomas,7376
0501251-FRESNOS,Fresnos,7376
0501250-PLANMAQUINA,Plan de la Máquina,7377
0501251-ESCONDIDA,La Escondida,7378
0501250-ESCONDIDA,La Escondida,7378
0501251-SUPERAMA,Superama y Puente Peatonal,7379
05123A1-IGLESIA,Iglesia,7380
0501251-CLINICAS,Clinicas,7380
0501251-IGLESIA2,Iglesia,7381
0501251-FARALLON,Farallon,7382
0501251-RISCO,Risco,7383
0501251-AGUA,Agua,7384
0501251-COLEGIOMEX,Colegio de México,7385
0501251-PICOTURQUINO,Pico de Turquino,7386
0501251-SIXFLAGS,Six Flags,7387
0501251-PISTE,Piste,7388
0501251-HECELCHAKAN,Hecelchakan,7389
0501251-XITLE,Xitle,7390
0501251-TROYA,Troya,7391
0501251-ESPARTA,Esparta,7392
0501251-PARAJE,Paraje,7393
0501251-CUILOTEPEC,Vistas de Cuilotepec,7394
0501251-CERROPALMITA,Cerro de las Palmitas,7395
0501251-REGADEBOSQ,Regadera y Bosques,7396
05124A1-FPLAZACENTEN,Frente a Plaza Centenario,7397
05124A1-FPEMEX,Frente a Pemex,7398
05124A1-LOMANVA,Loma Nueva,7399
05124A1-CDACENTENA,Cerrada de Centenario,7400
05124A1-COLINAMONTEC,Colina de Montecarlo,7401
05124A1-FTELMEX,Frente a Telmex,7402
05124A0-FTELMEX,Frente a Telmex,7402
05124A1-5MAYO,5 de Mayo,7403
0501241-CENTENARIO,Centenario,7403
05124A1-JALISCO,Jalisco,7404
05124A1-LIRIO,Lirio,7405
05124A1-URRACA,Urraca,7406
05124A0-URRACA,Urraca,7406
05124A0-MILANO,Milano,7407
05124A1-MILANO,Milano,7407
05124A0-CURUCU,Curucu,7408
05124A1-CURUCU,Curucu,7408
05124A1-CDAPERDIZ,Cerrada de Perdiz,7409
05124A0-CDAPERDIZ,Cerrada de Perdiz,7409
05124A0-GPEHGO,Guadalupe Hidalgo,7410
05124A0-TUKURUTAI,Tukurutai Acatl,7411
05124A0-HERRADERO,Herradero y Frente a Presa Mixcoac,7412
0501240-LOSJUAREZ,Los Juárez,7413
0501240-AVLOMASPLAT,Av. Lomas de Plateros,7414
0501240-GRALANAYA,General Anaya,7415
0501240-TACUBA,Tacuba,7416
0501240-IZTAPALAPA,Iztapalapa,7417
0501240-AVLUZFUERZA,Av. Luz y Fuerza,7418
0501240-FRENTE492,Frente a 492,7419
0501240-CDA5MAYO,Cerrada 5 de Mayo,7420
0501240-LOMAESCONDI,Loma Escondida,7421
0501240-INPRESATARAN,Entrada Presa Tarango,7422
0501240-FUHTARANGO,Frente a Unidad Habitacional Tarango,7423
0501240-CONALEP,Conalep,7424
0501240-PASEOLMOS,Paseo de los Olmos,7425
0501240-MADERO,Madero,7426
0501240-CALLE6,Calle 6,7427
0501240-FRENTE3050,Frente a No. 3050,7428
0501240-5MAYO,5 de Mayo,7429
0501240-JGALVEZMOYA,José Galvez Moya,7430
0501241-JGALVEZMOYA,José Galvez Moya,7430
0501241-FUHPERA,Frente a Unidad Habitacional la Pera,7431
0501240-FUHPERA,Frente a Unidad Habitacional la Pera,7431
0501240-PRINCIPAL,Principal,7432
0501240-ANDQRO,Andador Querétaro,7433
0501241-ANDQRO,Andador Querétaro,7433
0501240-BELENFLORES,Belen de las Flores,7434
0501241-BELEMFLORES,Belem de las Flores,7434
0501241-CHARRUAS,Charruas,7435
0501240-CHARRUAS,Charruas,7435
0501240-CNOPTACEHUA,Camino Punta Cehuayo,7436
0501241-CNOPTACEGUAY,Camino a Punta de Ceguayo,7436
0501240-RNOPALMAS,Retorno de las Palmas,7437
0501240-MIXTECA,Mixteca,7438
0501241-MIXTECAS,Mixtecas,7438
0501240-TEOTIHUACAN,Teotihuacan,7439
0501241-TIBURCIOS,Tiburcio Sanchez de la Barquera,7440
0501241-MIXCOAC,Mixcoac,7441
0501241-AVLOMASPLATE,Av. Lomas de Platero,7442
0501241-AVCENTENARIO,Av. Centenario,7443
0501241-GRALANAYA,General Anaya,7444
0501241-AZCAPOTZALCO,Azcapotzalco,7445
0501241-CUAJIMALPA,Cuajimalpa,7446
0501241-XOCHIMILCO,Xochimilco,7447
0501241-GPEHGO,Guadalupe Hidalgo,7448
0501241-ALTATENSION,Alta Tensión,7449
0501241-5MAYO,5 de Mayo,7450
0501241-CDACHABACANO,Cerrada de Chabacano,7451
0501241-PRINCIPAL,Principal,7452
0501241-ANDCHIAPAS,Andador Chiapas,7453
0501241-AZTECAS,Aztecas,7454
0501241-BLVDURAZNO,Boulevard del Durazno y Av. Centenario,7455
05123A1-EJE10SUR,Eje 10 Sur,7456
05123A1-METROCOPILCO,Metro Copilco,7457
05123A1-UNIDADHABITA,Unidad Habitacional,7458
05123A1-AVREVOLUCION,Av. Revolución,7459
05123A1-AVINSURGENTE,Av. Insurgentes,7460
05123A1-PUENTE,Puente,7461
05123A1-FRATERNIDAD,Fraternidad,7462
05123A1-SANJERONIMO,San Jerónimo,7463
05123A1-CDAREDENCION,Cerrada Redención,7464
05123A1-LUISCABRERA,Luis Cabrera,7465
05123A1-OAXACA,Oaxaca,7466
05123A1-HANGELES,Hospital Ángeles,7467
05123A0-RNOFTEMOLI,Retorno Fuente de los Molinos,7468
05123A1-RNOFTEMOLINO,Retorno Fuente de los Molinos,7468
05123A1-MICHOACAN,Michoacan,7469
05123A0-MICHOACAN,Michoacan,7469
05123A1-PACHUCA,Pachuca,7470
05123A1-TOLUCA,Toluca,7471
05123A1-FLORESMAGON,Flores Magón,7472
05123A1-CHABACANO,Chabacano,7473
05123A1-FPEANGELES,Felipe Ángeles,7474
05123A1-PRIVFERROCUE,Privada Ferrocarril a Cuernavaca,7475
05123A0-PPRIVFERRCUE,Privada Ferrocarril a Cuernavaca,7475
05123A0-RIOMAGDALENA,Río Magdalena,7476
05123A1-MORELOS,Morelos,7476
05123A1-VGUERRERO,Vicente Guerrero,7477
05123A1-BALANCAN,Balancan,7478
05123A0-BALANCAN,Balancan,7478
05123A1-CALCALCHEN,Calcalchen,7479
05123A0-PIXOYAL,Pixoyal,7479
05123A0-HAMPOLOL,Hampolol,7480
05123A1-OPICHEN,Opichen,7480
05123A1-TETIZ,Tetiz,7481
05123A1-TINUM,Tinum,7482
05123A0-TINUM,Tinum,7482
05123A0-SINANCHE,Sinanche,7483
05123A1-MANI,Mani,7483
05123A1-ZINANCHE,Zinanche,7483
05123A0-CHEMAX,Chemax,7484
05123A1-CHEMAX,Chemax,7484
05123A1-ACANCEH,Acanceh,7485
05123A0-ACANCEH,Acanceh,7485
05123A0-TIZIMIN,Tizimin,7486
05123A1-TIZIMIN,Tizimin,7486
05123A0-ALACHON,Alachon,7487
05123A1-HOPELCHEN,Hopelchen,7487
05123A0-TENOZIQUE,Tenozique,7488
05123A1-TENOZIQUE,Tenozique,7488
05123A1-HOMUN,Homun,7489
05123A0-MANI,Mani,7489
05123A0-TEKAL,Tekal,7490
05123A1-TEKAL,Tekal,7490
05123A0-HOCABA,Hocaba,7491
05123A1-HOCABA,Hocaba,7491
05123A1-TIXMEHUAC,Tixmehuac,7492
05123A0-TIXMEHUAC,Tixmehuac,7492
05123A1-DZEMUL,Dzemul,7493
05123A0-CETRAMCU,Cetram Universidad anden B,7494
05123A0-PARADEROCU,Paradero Metro Universidad lado poniente,7495
05123A0-PRIVEZEQUIEL,Privada Ezequiel OrdoNez,7496
05123A0-ADELFINMADR,Antonio Delfín Madrigal,7497
05123A0-COPILCO,Copilco,7498
05123A0-INUNAM,Entrada UNAM,7499
05123A0-AVREVOLUCION,Av. Revolución,7500
05123A0-SISMO,Sismo,7501
05123A0-AVSANJERONIM,Av. San Jerónimo,7502
05123A0-SUBURBIA,Suburbia,7503
05123A0-SAMSCLUB,Sam's Club,7504
05123A0-BLVDLUZ,Boulevard de la Luz,7505
05123A0-LCABRERA,Luis Cabrera,7506
05123A0-OAXACA,Oaxaca,7507
05123A0-HANGELES,Hospital Ángeles,7508
05123A0-CHIHUAHUA,Chihuahua,7509
05123A0-PACHUCA,Pachuca,7510
05123A0-TOLUCA,Toluca,7511
05123A0-MORELIA,Morelia,7512
05123A0-ALFOPRIANI,Alfonso Priani,7513
05123A0-MCASTREJON,Manuel Castrejon,7514
05123A0-FCOVILLA,Francisco Villa,7515
05123A0-FLORESMAGON,Flores Magón,7516
05123A0-SOTUTA,Sotuta,7517
05123A0-OPICHEN,Opichen,7518
05123A0-CAPOMA,Capoma,7519
05123A0-POPOLNA,Popolna,7520
05123A0-TINUMDZEMUL,Tinum y Dzemul,7521
0501200-AVCOYOACAN,Av. Coyoacan,7522
0501201-COYOACAN,Coyoacan,7522
0501200-MORAS,Moras,7523
0501201-MORAS,Moras,7523
0501200-AVINSURGENTE,Av. Insurgentes,7524
0501200-CHARCOAZUL,Charco Azul,7525
0501201-GUILLAIN,Guillain,7525
05119B1-MIGUELANGEL,Miguel Ángel,7525
0501200-LOMASPLATERO,Lomas de Plateros,7526
0501200-SASSOFERRATO,Sassoferrato,7527
0501200-ROSABLANCA,Rosa Blanca,7528
0501200-CALLE7,Calle 7,7529
0501200-CALLE26,Calle 26,7530
05119B0-PESEBRE,Pesebre,7531
0501200-PESEBRE,Pesebre,7531
0501200-PASEOCORCELE,Paseo de los Corceles,7532
0501200-TROVADOR,Trovador,7533
05119B1-JARIPEO,Jaripeo,7533
05119B0-TROVADOR,Trovador,7533
0501200-ESTRIBO,Estribo,7534
05119B1-PTOMAZATLAN,Puerto Mazatlán,7534
05119B0-ESTRIBO,Estribo,7534
0501200-EUCALIPTO,Eucalipto,7535
0501201-EUCALIPTO,Eucalipto,7535
0501200-SAUCES,Sauces,7536
0501200-ARRAYAN,Arrayan,7537
0501200-PRIVCANTERA,Privada Cantera,7538
0501201-PRIVCANTERA,Privada Cantera,7538
0501200-SANMIGUEL,San Miguel,7539
0501201-SANMIGUEL,San Miguel,7539
0501201-ISIDROLERMA,Isidro Lerma,7540
0501200-ISIDROLERMA,Isidro Lerma,7540
0501200-SANLUIS,San Luis,7541
0501201-SANLUIS,San Luis,7541
0501201-MOCTEZUMA,Moctezuma,7542
0501200-MOCTEZUMA,Moctezuma,7542
0501201-18JULIO,18 de Julio,7543
0501200-18JULIO,18 de Julio,7543
0501200-ILOPEZRAYON,Ignacio López Rayón,7544
0501201-ILOEZRAYON,Ignacio López Rayón,7544
0501200-IZARAGOZA,Ignacio Zaragoza,7545
0501201-IZARAGOZA,Ignacio Zaragoza,7545
0501200-FRENTE112,Frente a No. 112,7546
0501200-CORAL,Coral,7547
0501200-PRADOSMONTA,Prados de la MontaNa,7548
0501151-COLMONTEVRDE,Colegio Monte Verde,7548
0501151-ALTAVISTA,Altavista,7549
0501200-ALTAVISTA,Altavista,7549
0501150-ALTAVISTA,Altavista,7549
0501150-AVTAMAULIPAS,Av. Tamaulipas,7550
0501200-AVTAMPS,Av. Tamaulipas,7550
0501180-AVARTEAGASAL,Av. Arteaga y Salazar,7551
0501200-AVARTEAGASAL,Av. Arteaga y Salazar,7551
0501200-PORTALSUR,Portal del Sur,7552
0501180-PORTALSOL,Portal del Sol,7552
0501181-PORTALSOL,Portal del Sol,7552
0501200-5TANALUISA,Quinta Ana Luisa,7553
0501180-QUINTANALUISA,Quinta Ana Luisa,7553
0501181-QUINTANALUISA,Quinta Ana Luisa,7553
0501200-CORREGIDORA,Corregidora,7554
0501180-CORREGIDORA,Corregidora,7554
0501201-CORREGIDORA,Corregidora,7554
0501200-DELRIO,Del Río,7555
0501201-VALLEMONJAS,Valle de las Monjas,7555
0501180-DELRIO,Del Río,7555
0501200-VALLEMONJAS,Valle de las Monjas,7556
0501180-VALLEMONJAS,Valle de las Monjas,7556
0501200-FRESNOS,Fresnos,7557
0501201-FRESNOS,Fresnos,7557
0501180-FRESNOS,Fresnos,7557
0501200-MINALLENDE,Mina y Allende,7558
0501201-MINALLENDE,Mina y Allende,7558
0501180-PORFIRIODIAZ,Porfirio Díaz,7558
0501201-AVUNIVERSIDAD,Av. Universidad,7559
0501201-EJE8SURJMRICO,Eje 8 Sur José María Rico,7560
0501201-AVREVOLUCION,Av. Revolución,7561
0501201-JUANCOUSIN,Juan Cousin,7562
0501201-AVROSAL,Av. del Rosal,7563
0501201-CALLE10,Calle 10,7564
05119B1-CALLE11,Calle 11,7564
0501201-CALLE22,Calle 22,7565
0501201-CALLE36,Calle 36,7566
0501201-JARIPEO,Jaripeo,7567
05119B0-2CDASTALUCIA,Segunda Cerrada de Santa Lucia,7567
0501201-AVCARLOSLAZO,Av. Carlos Lazo,7568
0501150-AVTAMAULIPS2,Av. Tamaulipas 2,7569
0501151-AVTAMPS,Av. Tamaulipas,7569
0501201-FCOJSERRANO,Francisco José Serrano,7569
0501201-ALTAVISTA,Altavista,7570
0501201-PACHUQUILLA,Pachiquilla,7571
0501201-MINA,mina,7572
0501180-HIDALGO,Hidalgo,7572
0500121-AV699ESQ606,Av. 699 Esquina 606,7573
05011A0-AVTAXIMETROS,Av. Taxímetros,7573
0500121-TAXIMETROS,Taxímetros,7574
0500121-VILLARAGON,Villa de Aragon,7575
0500120-AV608,Av. 608,7575
0500121-AV661,Av. 661,7576
0500121-BOSQUESARAG,Bosques de Aragon,7577
0500121-AV613,Av. 613,7578
0500120-AV603,Av. 603,7578
0500121-AV597,Av. 597,7579
0500121-AV583,Av. 583,7580
0500121-AV573,Av. 573,7581
0500120-CALLE573,Calle 573,7581
0500120-SALONICA,Salonica,7582
0500121-SANLUCAS,San Lucas,7582
0500121-22FEBRERO,22 de Febrero,7583
0500120-AZCAPOTZALC,Azcapotzalco y 22 de Febrero,7583
0500121-REYMAXTLA,Rey Maxtla,7584
0500121-CENTEOTL,Centeotl,7585
0500121-TEZOZOMOC,Tezozomoc,7586
0500120-RENACIMIENTO,Renacimiento,7587
0500121-RENACIMIENTO,Renacimiento,7587
0500121-MORELOS,Morelos,7588
0500120-CALZSANISIDR,Calz. San Isidro,7588
0500120-AVTAXIMETROS,Av. Taxímetros,7589
0500120-AV606,Av. 606,7590
0500120-AV661,Av. 661,7591
0500120-Av631,Av. 631,7592
0500120-calle593,Calle 593,7593
0500120-VOCA10,Vocacional 10,7594
0500120-LORETOFAVELA,Loreto Favela,7595
0500120-CALLE549,Calle 549,7596
05011A0-CALLE549,Calle 549,7596
0500120-CALLE519,CAlle 519,7597
0500120-AV503,Av. 503,7598
05011A0-CALLE503,Calle 503,7598
05011A0-ANGELALBINOC,Ángel Albino Corzo,7599
0500120-ANGELALBINO,Ángel Albino Corzo,7599
05011A0-NTE62A,Norte 62 A,7600
0500120-NTE62A,Norte 62A,7600
05011A0-NTE58,Norte 58,7601
0500120-NTE58,Norte 58,7601
0500120-BUENTONO,Buen Tono,7602
05011A0-BUENTONO,Buen Tono,7602
05011A1-LEOPOLAUBER,Leopoldo Auber,7603
05011A0-NTE1H,Norte 1 H,7603
0500120-NTEH1,Norte H1,7603
0500120-VALLEJONTE,Vallejo Norte,7604
05011A1-VALLEJO,Vallejo,7604
0500120-CALLE28,Calle 28,7605
05011A0-CALLE28,Calle 28,7605
05011A1-ALDAMA,Aldama,7606
0500120-JARDIN,Jardín,7606
05011A0-AVJARDIN,Av. Jardín,7606
0500120-PRIVTULA,Privada de Tula,7607
0500120-STODOMINGO,Santo Domingo,7608
0500120-PETROMEX,Petroleos Mexicanos,7609
0500120-AVTEZOZOMOC,Av. Tezozomoc,7610
0500120-FRANCITA,Francita,7611
0500120-AVMORELOS2,Av. Morelos 2,7612
0500120-CALZARMAS,Calz. de las Armas,7613
0500120-AVMORELOS,Av. Morelos,7614
0500120-LUCIOBLANCO,Lucio Blanco,7615
05119B0-AVREVOLICION,Av. Revolución,7616
05119B0-SANTIAGOREB,Santiago Rebull,7617
05119B0-ROSABENGALA,Rosa Bengala,7618
05119B0-ROSAEMERALDA,Rosa Esmeralda,7619
05119B0-ROSAVERDE,Rosa Verde,7620
05119B0-ALTATENSION,Alta Tensión,7621
05119B0-CALLE11,Calle 11,7622
05119B0-CALLE14,Calle 14,7623
05119B0-JCAMARILLO,José Camarillo,7624
05119B0-DOLORESRIO,Dolores del Río,7625
05119B0-CALLE25,Calle 25,7626
05119B0-ESTUDIANTINA,Estudiantina,7627
05119B0-AVSTALUCIA,Av. Santa Lucia,7628
05119B0-PTOVERACRUZ,Puerto de Veracruz,7629
05119B0-HGUADALUPE,Hacienda de Guadalupe,7630
0501191-VCARRANZA,Venustiano Carranza,7630
05119B1-THOMASJEFFER,Thomas Jefferson,7631
05119B0-THOMASJEFFER,Thomas Jefferson,7631
05119B0-ALVAROBREGON,Álvaro Obregón,7632
0501191-BJUAREZ,Benito Juárez,7632
05119B0-MANUELGLEZ,Manuel González,7633
05119B0-ADOLFLOPEZMA,Adolfo López Mateos,7634
0501191-MANUELGLEZ,Manuel González,7634
05119B1-SASSOFERRA,Sassoferrato,7635
05119B1-CARLOSDOLCI,Carlos Dolci,7636
05119B1-ROSABLANCA,Rosa Blanca,7637
05119B1-ALTATENSION,Alta Tensión,7638
05119B1-CALLE20,Calle 20,7639
05119B1-CALLE14,Calle 14,7640
05119B1-URUCHURTU,Ernesto Peralta Uruchurtu,7641
05119B1-CALLE25,Calle 25,7642
05119B1-CALLE28,Calle 28,7643
05119B1-CALLE32,Calle 32,7644
05119B1-CALLE35,Calle 35,7645
05119B1-AVSTALUCIA,Av. Santa Lucia,7646
05119B1-PTOVERACRUZ,Puerto Veracruz,7647
0501190-PTOMAZATLAN,Puerto Mazatlán,7648
05119B1-PTOPENASCO,Puerto Peñasco,7648
0501191-PTOMAZATLAN,Puerto Mazatán,7648
0501190-PTOMADERO,Puerto Madero,7649
05119B1-GVODIAZORDAZ,Gustavo Díaz Ordaz,7649
05119B1-PTOFCOVILLA,Puerto Francisco Villa,7650
05119B1-PTOESCONDIDO,Puerto Escondido,7651
05119B1-BJUAREZ,Benito Juárez,7652
0501190-BENIJUAREZ,Benito Juárez,7652
0501191-GDIAZORDAZ,Gustavo Díaz Ordaz,7652
0501191-AVPRESIDENTES,Av. Presidentes,7652
05119B1-PTOTECOLUTLA,Puerto Tecolutla,7653
05119B1-MAVILACAMACH,Manuel Avila Camacho,7654
0501191-HVIVALDI,Hermanos Vivaldi,7655
0501190-AMERICOVESPU,Americo Vespucio,7655
05119B1-ADOLFLOPEZMA,Adolfo López Mateos,7655
0501191-MATAGALPINOS,Matagalpinos,7656
0501191-MERCURIO,Mercurio,7657
0501121-MITUENSES,Mituenses,7658
0501120-MARACEIBERO,Maraceiberos,7658
0501191-CHICAGO,Chicago,7658
0501191-BATUECAS,Batuecas,7659
0501191-CDAMINAS,Cerrada de Minas,7660
0501190-GOLONDRINACE,Golondrina Acerada,7661
0501191-GOLONDRINACE,Golondrina Acerada,7661
0501190-GOLONDRINARU,Golondrina Rustica,7662
0501191-RNOGOLONMAR,Retorno Golondrina de Mar,7662
0501190-JAMESCOOK,James Cook,7663
0501191-JAMESCOOK,James Cook,7663
0501191-REYLOPEZVILLA,Rey López Villalobos,7664
0501190-CAPULA,Capula,7664
0501191-PEDROMENDOZ,Pedro Mendoza,7665
0501191-MAVILACAMACH,Manuel Avila Camacho,7666
0501191-PORFIRIODIAZ,Porfirio Díaz,7667
0501191-ROSSEVELT,Rossevelt,7668
0501190-ABRAHLINCOL,Abraham Lincoln,7669
0501191-ABRHALINCOL,Abraham Lincoln,7669
0501190-PTOMARQUEZ,Puerto Marquez,7670
0501191-HGUADALAJARA,Hacienda Guadalajara,7670
0501191-HACIHIGUERAS,Hacienda de Higueras,7671
0501190-PTOZAPATA,Puerto Zapata,7671
0501191-PTOVALLARTA,Puerto Vallarta,7672
0501190-CALLE2,Calle 2,7673
0501190-CALLE8,Calle 8,7674
0501190-CALLE16,Calle 16,7675
0501190-2CDAMINA,Segunda Cerrada de Mina,7676
0501121-AVCHICAGO,Av. Chicago,7677
0501190-AVCHICAGO,Av. Chicago,7677
0501120-CDAMERCURIO,Cerrada Mercurio,7677
0501190-PEDROMENDO,Pedro Mendoza,7678
0501190-LCARDENAS,Lázaro Cardenas,7679
0501190-PTOSANJUANCA,Puerto San Juan del Cabo,7680
0501190-COMONFORT,Comonfort,7681
0501190-PTOLORETO,Puerto Loreto,7682
0501180-FRENTE43,Frente a No. 43,7683
0501180-GUERRERO,Guerrero,7684
0501180-MUITELS,Muitles,7685
0501180-PANTSTAROSA,Panteón Santa Rosa,7686
0501180-ESCONDIDA,La Escondida,7687
0501180-CDACARRMATEO,Cerrada Carretera Santa Mateo-Santa Rosa,7688
0501160-CARRSTAROSA,Carretera Santa Rosa - San Mateo,7689
0501180-SEC105,Secundaria No. 105,7689
0501161-CARRSTAROSA,Carretera Santa Rosa - San Mateo,7689
05116A1-BATALLONPATRI,Batallon de San Patricio,7690
05116A1-AVCONVENTO,Av. del Convento,7691
05116A1-DIVISIONTE,División del Norte,7692
05116A1-CRUZBLANCA,Cruz Blanca,7693
05116A1-SANPEDRO,San Pedro,7694
05116A1-MORELOS,Morelos,7695
05116A1-ABASOLO,Abasolo,7696
05116A1-CUAUHTEMOC,Cuauhtémoc,7697
05116A1-ALLENDE,Allende,7698
05116A1-BELISARIODGZ,Belisario Domínguez,7699
05116A1-AYUNTAMIENT,Ayuntamiento,7700
05116A0-BELISARIODGZ,Belisario Domínguez,7700
05116A1-PEREZVALENZU,Perez Valenzuela,7701
05116A0-MELCHOROCAM,Melchor Ocampo,7701
05116A1-PROGRESO,Progreso,7702
05116A1-RETAMA,Retama,7703
05116A1-SEMARNAT,Semarnat,7704
05116A0-UNIVERSIDAD,Universidad,7705
05116A1-AVUNIVERSIDA,Av. Universidad,7705
05116A0-SALVADORNOVO,Salvador Novo,7705
05116A0-MARGARITAS,Margaritas,7706
05116A1-MARGARITA,Margarita,7706
05116A0-TECOYOTITLA,Tecoyotitla,7707
05116A1-TECOYOTITLA,Tecoyotitla,7707
05116A1-INSURGENTESU,Insurgentes Sur,7708
05116A0-AVINSURGEN,Av. Insurgentes,7708
05116A1-REVOLUCION,Revolución,7709
05116A1-CENTENARIO,Centenario,7710
05116A1-DSTLEONES,Desierto de los Leones,7711
05116A1-PRESA,Presa,7712
05116A1-EDIGALAXIA,Edificios Galaxia,7712
05116A0-CANCHAFUTB,Cancha de Futbol,7713
05116A1-CAMPOFUTBOL,Campo de Futbol,7713
05116A1-RIOAJUSCO,Río Ajusco,7714
05116A1-BORBONESA,Borbonesa,7715
05116A0-BARBONESA1PT,Barbonesa Primer Puente,7715
05116A0-ALMOREJOS,Almorejos,7715
05116A0-RIOBALSAMINA,Río Balsamina,7716
05116A1-RIOBALSAMINA,Río Balsamina,7716
05116A1-RIOBALSAS,Río Balsas,7717
05116A0-RIOBALSAS,Río Balsas,7717
05116A0-RIOGRIJALVA,Río Grijalva,7718
05116A1-RIOGRIJALVA,Río Grijalva,7718
05116A0-CALZTLALPAN,Calz. de Tlalpan,7719
05116A0-AVCONVENTO,Av. del Convento,7720
05116A0-GRALPEDROANA,General Pedro Anaya,7721
05116A0-DIVISIONTE,División del Norte,7722
05116A0-CORINA,Corina,7723
05116A0-SANPEDRO,San Pedro,7724
05116A0-MORELOS,Morelos,7725
05116A0-GOMEZFARIAS,Gómez Farias,7726
05116A0-ABASOLO,Abasolo,7727
05116A0-ALLENDE,Allende,7728
05116A0-CENTENARIO,Centenario,7729
05116A0-GUERRERO,Guerrero,7730
05116A0-AVMEXICO,Av. México,7731
05116A0-SLERDOTEJADA,Sebastian Lerdo de Tejada,7732
05116A0-AYUNTAMIENTO,Ayuntamiento,7733
05116A0-TORRESEMARN,Torres SEMARNAT,7734
05116A0-CJONRETANA,Callejón Retana,7735
05116A0-FERROCARRIL,Ferrocarril,7736
0501161-ROMULOFARR,Romulo O'Farril,7736
0501160-ROMULOFARR,Romulo O'Farril,7736
05116A0-PRESAGALAXIA,La Presa y Edificios Galaxia,7737
05116A0-AJUSCO,Ajusco,7738
05116A0-RIOGPERIOCOL,Río Guadalupe y Río Colorado,7739
0501160-CNODSTLETALO,Camino al Desierto de los Leones y Tlaloc,7740
0501161-CNODSTLEOTLA,Camino al Desierto de los Leones y Tlaloc,7740
0501161-CENTENARIO,Centenario,7741
0501160-CENTENARIO,Centenario,7741
0501161-MAXIMOSILVA,Maximo Silva,7742
0501160-MAXIMOSILVA,Maximo Silva,7742
0501161-PROGRESO,Progreso,7743
0501160-PROGRESO,Progreso,7743
0501160-1ABRIL,1 de Abril,7744
0501161-1ABRIL,1 de Abril,7744
0501160-STOSCASTILLO,Santos Castillo,7745
0501161-STSCASTILLO,Santos Castillo,7745
0501161-ESCONDIDA,La Escondida,7746
0501160-ESCONDIDA,La Escondida,7746
0501160-JLUISCUEVAS,José Luis Cuevas,7747
0501161-JLUISCUEVAS,José Luis Cuevas,7747
0501160-OJOAGUA,Ojo de Agua,7748
0501161-OJOAGUA,Ojo de Agua,7748
0501161-GRANJAS,Las Granjas,7749
0501160-LASGRANJAS,Las Granjas,7749
0501160-COMUNAL,Comunal,7750
0501161-COMUNAL,Comunal,7750
0501161-CJONENCINOS,Callejon de los Encinos,7751
0501160-CJONENCINOS,Callejon de los Encinos,7751
0501161-MNTALEGRE,Monte Alegre,7752
0501160-MONTEALEGRE,Monte Alegre,7752
0501161-CEDROS,Cedros,7753
0501160-CEDROS,Cedros,7753
0501160-ESPEJO,El Espejo,7754
0501161-ESPEJO,El Espejo,7754
0501160-CDALIMBO,Cerrada del Limbo,7755
0501161-CDALIMBO,Cerrada Limbo,7755
0501161-HIGUERA,Higuera,7756
0501160-HIGUERA,Higuera,7756
0501161-LECHEVERRIA,Luis Echeverria,7757
0501160-LECHEVERRIA,Luis Echeverría,7757
0501160-FACADEMIAPOL,Frente a Academia de Policia No. 5715,7758
0501161-FACADEPOLICI,Frente a Academia de Policia,7758
0501161-FCOLEGELEC,Frente a Colegio de Electricistas,7759
0501160-FCOLEGELECT,Frente a Colegio de Electricistas,7759
0501161-CALZOLIVAR,Calz. Olivar de los Padres,7760
0501160-CALZOLIVAR,Calz. Olivar de los Padres,7760
0501160-OCOTILLO,Ocotillo,7761
0501161-OCOTILLO,Ocotillo,7761
0501161-ENCINOGDE,Encino Grande,7762
0501160-ENCINOGDE,Encino Grande,7762
0501160-CDAFLORES,Cerrada de las Flores,7763
0501161-CDAFLORES,Cerrada de las Flores,7763
0501161-BARRANQUIL,Barranquilla,7764
0501160-BARRANQUILLA,Barranquilla,7764
0501160-MORAL,Moral,7765
0501161-MORAL,Moral,7765
0501161-CDASANAGUSTI,Cerrada San Agustín,7766
0501160-CDASANAGUST,Cerrada San Agustín,7766
0501160-TIZAMPAPANO,Tizampapano,7767
0501161-TIZAMPAPANO,Tizampapano,7767
0501161-CALLE8,Calle 8,7768
0501160-CALLE8,Calle 8,7768
0501160-CALLE6,Calle 6,7769
0501161-CALLE6,Calle 6,7769
0501161-FLORMARIA,Flor de María,7770
0501160-FLORDEMARIA,Flor de María,7770
0501161-CNODSTLEON,Camino al Desierto de los Leones,7771
0501161-ANILLOPERIFE,Anillo Periférico,7772
0501161-MAGNOLIA,Magnolia,7773
0501160-MAGNOLIA,Magnolia,7773
0501160-REYNA,Reyna,7774
0501161-REYNA,Reyna,7774
0501161-MALUISA,María Luisa,7775
0501161-TLACOPAC,Tlacopac,7776
0501161-SOFIA,Sofia,7777
0501161-ALFOCASO,Alfonso Caso,7778
0501160-ANILLOPERIFER,Anillo Periférico,7779
0501160-AVALTAVISTA,Av. Altavista,7780
0501160-FERVILLAPAN,Fernando Villalpando,7781
0501160-BARRMURT,Barranca del Muerto,7782
05115A1-BARRANCMRT,Barranca del Muerto,7782
05115A0-AVREVOLUCI,Av. Revolución,7782
0501160-JCASTILLO,José del Castillo,7783
05115A0-EMPRESA,Empresa,7784
0501160-EJE7SUREXTRE,Eje 7 Sur Extremadura,7784
05115A1-PTEMETLAC,Puente Metlac,7785
05115A0-PTEMETLAC,Puente Metlac,7785
05115A0-ALCANFORES,Alcanfores,7786
05115A1-JACARANDAS,Jacarandas,7786
05115A1-FRESNOS,Fresnos,7787
05115A0-FRESNOS,Fresnos,7787
05115A1-3CDABAHIA,Tercera Cerrada de Bahía,7788
05115A0-3CDABAHIA,Tercera Cerrada de Bahía,7788
05115A1-MARISOL,Marisol,7789
05115A1-LLANURA,Llanura,7790
05115A0-LLANURA,Llanura,7790
05115A0-MESETA,Meseta,7791
05115A1-MESETA,Meseta,7791
05115A1-CERRO,Cerro,7792
05115A0-CERRO,Cerro,7792
05115A0-4CDAGUILWALM,Cuarta Cerrada de las Aguilas y Walmart,7793
05115A1-4CDAGUILASWL,Cuarta Cerrada de las Aguilas y Walmart,7793
05115A1-ROMULOFARR,Romulo O'Farril,7794
05115A0-ROMULOFARR,Romulo O'Farril,7794
05115A1-MAR,Mar,7795
05115A1-TORRENTE,Torrente,7796
05115A0-ALFONSOCASO,Alfonso Caso,7797
05115A1-ALFOCASOLYF,Alfonso Caso y Luz y Fuerza,7797
05115A1-ESPIGONES,Espigones,7798
05115A0-ESPIGONES,Espigones,7798
05115A1-GUTIZAMORA,Gutiérrez Zamora,7799
05115A0-CNODSTLEON,Camino al Desierto de los Leones,7800
05115A1-CALZAGUILAS,Calz. Aguilas,7800
05115A1-CONDOR,Condor,7801
05115A0-CONDOR,Condor,7801
05115A1-FUGIYAMA,Fugiyama,7802
05115A1-CNODTOLEON,Camino al Desierto de los Leones y Liga Maya,7803
05115A1-MIGUELOCARA,Miguel Ocaranza,7804
05115A1-JUANTINOCO,Juan Tinoco,7805
05115A1-MERCEDGOMEZ,Merced Gómez,7806
05115A0-DIEGOBECER,Diego Becerra,7806
05115A1-MIGUELCABRE,Miguel Cabrera,7807
05115A1-CASTANEDA,Castañeda,7808
05115A1-TIZIANO,Tiziano,7809
05115A1-GIOTTO,Giotto,7810
05115A1-ANDREASART,Andrea del Sarto,7811
05115A1-MURILLO,Murillo,7812
05115A1-REMBRANDT,Rembrandt,7813
05115A1-MSANANTONIO,Metro San Antonio,7814
05SEL1-ALATACD,Alameda Tacubaya,7815
0501121-JMVIGIL,José María Vigil,7815
05115A1-JMVIGIL,José María Vigil,7815
0501121-AVREVOLUCI,Av. Revolución,7816
05115A1-PROGRESO,Progreso,7816
05115A1-GOBJMTORNEL,Gobernador José María Tornel,7817
05SEL1-JUANOP,Juanacatlán,7818
05115A1-MJUANACATL,Metro Juanacatlán,7818
05115A1-JUANESCUTIA,Juan Escutia,7819
05115A0-CETRAMCHAP,CETRAM Chapultepec,7820
05115A0-BENJAFRANK,Benjamín Franklin,7821
05115A0-JOSEMARTI,José Martí,7822
05115A0-13SEPTIEM,13 de Septiembre,7823
05115A0-11ABRIL,11 de Abril,7824
05115A0-PTEMORENA,Puente de la Morena,7825
05115A0-CALLE9,Calle 9,7826
05115A0-CALLE17,Calle 17,7827
05115A0-HOLBEIN,Holbein,7828
05115A0-INEGI,INEGI,7829
05115A0-IRINEOPAZ,Irineo Paz,7830
05115A0-RIOMIXCOAC,Río Mixcoac,7831
05115A0-ANDRESCONC,Andrés de la Concha,7832
05115A0-JMVELAZCO,José María Velazco,7833
05115A0-PERIFERICO,Periférico,7834
05115A0-ETNA,Etna,7835
05115A0-CALZAGUI,Calzada de las Aguilas,7836
05115A0-RIVERA,Rivera,7837
05115A0-MARISMA,Marisma,7838
05115A0-ISLA,Isla,7839
05115A0-RIONAUTLA,Río Nautla,7840
05115A0-CALZAGUILAS,Calz. de las Aguilas y Río Naza,7841
0501151-TINAJAS,Tinajas,7842
0501150-CNOSANMATEO,Camino a San Mateo,7842
0501151-FRENTE1160,Frente a No. 1160,7843
0501150-FRENTE1160,Frente a No. 1160,7843
0501151-AVARTEAGASAL,Av. Arteaga Salazar,7844
0501151-AVTAMPS2,Av. Tamaulipas 2,7845
0501150-FCOLEGWEST,Frente a Colegio Westhill,7846
0501151-FCOLEWEST,Frente a Colegio Westhill,7846
0501151-AVSTAFE2,Av. Santa Fe,7847
0501150-AVSTAFE,Av. Santa Fe,7847
0501151-SANBORNS,Sanborns,7848
0501151-FLIVERPOOL,Frente a Liverpool,7849
0501151-PALACIOHIERR,Palacio de Hierro,7850
0501151-ANTIGUA,Antigua,7851
0501151-AVCARLOSLAZ,Av. Carlos Lazo,7852
0501151-FHOTELFINN,Frente a Hotel Fiesta Inn,7853
0501151-PTEMXTOL,Puente Autopista México Toluca 2,7854
0501151-PTEAUTOMXTOL,Puente Autopista México-Toluca,7855
0501151-ERNDGUEZ2,Ernesto Domínguez 2,7856
0501151-INUIBERO,Entrada Universidad Ibero,7857
0501151-GLEZCAMARENA,González Camarena,7858
0501151-ESTUIBERO,Estacionamiento Universidad Ibero,7858
0501151-AVSTAFE,Av. Santa Fe,7859
0501151-JOAGALLO,Joaquin Gallo,7860
0501151-ROBERMEDELL,Roberto Medellin,7861
0501151-MEMOHARO,Guillermo Haro,7862
0501150-MANUSANDOVA,Manuel Sandoval,7863
0501151-MANUSANDOVAL,Manuel Sandoval,7863
0501151-ISAACOSTERO,Isaac Costero,7864
0501151-COLMADRAZO,Colonia Madrazo,7865
0501151-GLORIETA,Glorieta Vasco de Quiroga,7866
0501151-CNOVERDE,Camino Verde,7867
0501150-PTASTAFE,Puerta Santa Fe,7867
0501151-GOMEZFARIAS,Gómez Farias,7868
0501151-PORFIRIODIAZ,Porfirio Díaz,7869
0501150-GOMEZFARIAS,Gómez Farias,7869
0501151-MAGNOLIA,Magnolia,7870
0501151-MATAMOROS,Matamoros,7870
0501150-MATAMOROS,Matamoros,7870
0501151-HIDALGO,Hidalgo,7871
0501150-TEJOCOTES,Tejocotes,7871
0501151-PROGRESO,Progreso,7872
0501151-CORREGIDORA,Corregidora,7872
0501151-POLVORAS,Polvoras,7873
0501151-DIEGORDAZ,Diego de Ordaz,7874
0501150-DELALAJA,De La Laja,7875
0501151-CHACUBO,Chacubo,7875
0501150-MIGUELALEMA,Miguel Aleman,7876
0501151-PALMILLA,Palmilla,7876
0501151-FRENTE133,Frente a No. 133,7877
0501150-STAISABEL,Santa Isabel,7878
0501151-STAISABEL,Santa Isabel,7878
0501151-RAULZARATE,Raul Zarate,7879
0501151-BODEGAURRE,Bodega Aurrera,7880
0501151-TLAXCALTECA,Tlaxcaltecas,7881
0501150-TLAXCALTECAS,Tlaxcaltecas,7881
0501150-CHILENOS,Chilenos,7882
0501151-CHINAMECAS,Chinamecas,7882
0501151-ITALIANOS,Italianos,7883
0501151-ALEMANES,Alemanes,7884
0501151-15NOVIEMBRE,15 de Noviembre,7885
0501151-CRISTOREY,Cristo Rey,7886
0501151-SUR122,Sur 122,7887
0501151-PARALELA3,Paralela 3,7888
0501151-JARDIN,Jardín,7889
0501151-CANARIO,Canario,7890
0501151-BARZA,Barza,7891
0501151-ANILLOPERSUR,Anillo Periférico Sur,7892
0501120-AVJALISCVIADU,Av. Jalisco y Viaducto Miguel Alemán,7893
0501151-VIADUCTOMA,Viaducto Miguel Aleman,7893
0501151-TORDO,Tordo,7894
0501151-ITURBEAVJALI,Iturbe y Av. Jalisco,7895
0501150-ESC201,Escuadrón 201,7896
0501150-1RONOVIEMBRE,Primero de Noviembre,7897
050115-1NOV,Primero de noviembre,7897
0501150-TURINESES,Turineses,7898
0501150-CRISTOREY,Cristo Rey,7899
0501150-COSTARRICEN,Costarricenses,7900
0501150-URUGUAYOS,Uruguayos,7901
0501150-QUERETANOS,Queretanos,7902
0501150-UHBELEN,Unidad Habitacional Belen,7903
0501150-PASODEMONO,Paso de Mono,7904
0501150-AMADONERVO,Amado Nervo,7905
0501150-PASOCHABACAN,Paso Chabacano,7906
0501150-RUBENDARIO,Ruben Dario,7907
0501150-CEBADA,Cebada,7908
0501150-VIOLETA,Violeta,7909
0501150-PUEBLONVO,Pueblo Nuevo,7910
0501150-PRIVJOYA,Privada La Joya,7911
0501150-TLAPECHICO,Tlapechico,7912
0501150-GRALANTOROS,General Antonio Rosales,7913
0501150-COLMADRAZO,Colonia Madrazo,7914
0501150-ESPINGUTIERR,Espinoza Gutiérrez,7915
0501150-MEMOHARO,Guillermo Haro,7916
0501150-ROBERMEDELLI,Roberto Medellin,7917
0501150-AVASCOQUIRO,Av. Vasco de Quiroga,7918
0501150-ANTDOVALIJAI2,Antonio Dovali Jaime 2,7919
05300B0-PSAMARA,Frente plaza samara,7919
0501150-ANTDOVALIJAI,Antonio Dovali Jaime,7920
0501150-CALLE2,Calle 2,7921
0501150-CARRSANMASTA,Carretera San Mateo - Santa Rosa,7922
0501150-CUARTEL,Cuartel,7923
0501150-FRENTE783,Frente a No. 783,7924
0501150-AVARTEAGASAL,Av. Arteaga y Salazar,7925
0501150-FSEC211,Frente a la Secundaria 211,7926
0501150-MESCOBEDO,Mariano Escobedo,7927
0501150-AV16SEPT,Av. 16 de Septiembre,7928
0501150-OCAMPO,Ocampo,7929
0501100-AVERACRUZ,Av. Veracruz,7929
0501101-AVJMCASTOREN,Av. José María Castorena,7930
0501150-AVJUAREZ,Av. Juárez,7930
0501150-AVJMCASTOREN,Av. José María Castorena,7931
0501150-TELMEX,Telmex,7932
0501150-ALOPEZMATEOS,Adolfo López Mateos,7933
0501150-MTEALTO,Monte Alto,7934
0501150-AVJMONTEOCOT,Av. Jesús del Monte y Ocote,7935
05113B0-RIVERACUPIA,Rivera de Cupia,7936
05113B1-RIVERACUPIA,Rivera de Cupia,7936
05113B1-CASTMIRAMAR,Castillo de Miramar,7937
05113B1-CASTCHAPU,Castillo de Chapultepec,7938
05113B1-SIERRABRENA,Sierra de la BreNa,7939
05113B1-SIERRAVERT,Sierra Vertientes,7939
05113B1-AVPASREFORM,Av. Paseo de la Reforma,7940
05113B1-BOSQEBANOS,Bosques de Ebanos,7941
05113B1-BOSQDURAZ,Bosques de Duraznos,7942
05113B1-BOSQCHOPOS,Bosques de Chopos,7943
05113B1-BOSQMAPLES,Bosques de Maples,7944
05113B1-BOSQAILES,Bosques de Ailes,7945
05113B1-MAGNOLIA,Magnolia,7946
05113B1-BOSQGUANA,Bosques Guanacastes,7947
05113B1-BOSQPIRULE,Bosque de Pirules,7948
05113B0-BOSQCASTILL,Bosques de Castillas,7948
05113B0-BOSQOLIVOS,Bosques de Olivos,7949
05113B1-GARDENIAS,Gardenias,7949
05113B1-FABARMAS,Fabrica de Armas,7950
05113B0-FABARMAS,Fabrica de Armas,7950
05113B1-ANDENMISILES,Anden de Misiles,7951
05113B1-FABCARTUCH,Fabrica de Cartuchos,7952
05113B0-FABCARTUCH,Fabrica de Cartuchos,7952
05113B0-ROYALREFORMA,Royal Reforma,7953
05113B1-ROYALREFORMA,Royal Reforma,7953
05113B1-SECRMARINA,Secretaría de Marina,7954
05113B1-PROLPASEOLA,Prolongación Paseo de los Laureles,7955
05113B0-2RNOLOMASREC,2do Retorno Lomas del Recuerdo,7956
05113B1-2RNOLORECUE,2do Retorno Lomas del Recuerdo,7956
05113B0-LOMACHICA,Loma Chica,7957
05113B1-LOMACHICA,Loma Chica,7957
05113B1-LOMAREY,Loma del Rey,7958
05113B0-LOMAREY,Loma del Rey,7958
05113B1-CNOLIVO,Camino al Olivo,7959
05113B1-CNOHUIZACH,Camino al Huizachito,7960
05113B0-CNOLIVO,Camino al Olivo,7960
05113B0-POSADAS,Posadas,7961
05113B1-POSADAS,Posadas,7961
05113B1-25DIC,25 de Diciembre,7962
05113B0-25DIC,25 de Diciembre,7962
05113B0-GASPAR,Gaspar,7963
05113B1-AVHECVICTO,Av. Hector Victoria,7963
05113B0-BALTAZAR,Baltazar,7964
05113B1-BALTAZAR,Baltazar,7964
05113B1-MELCHOR,Melchor,7965
05113B0-MELCHOR,Melchor,7965
05113B0-CASTMIRAMAR,Castillo de Miramar,7966
05113B0-CASTCHAPULT,Castillo de Chapultepec,7967
05113B0-CASTWINDSOR,Castillo de Windsor,7968
05113B0-PASEOREFOR,Paseo de la Reforma,7969
05113B0-AHUEHUETES,Ahuehuetes,7970
05113B0-BOSQCHIHUA,Bosques de Chihuahua,7971
05113B0-BOSQCIRUEL,Bosques de Ciruelos,7972
05113B0-BOSQSANDAL,Bosques de Sandalos,7973
05113B0-BOSQMANGO,Bosques de Mangos,7974
05113B0-BOSQNARANJ,Bosques de Naranjo,7975
05113B0-BOSQMAPLE,Bosques de Maples,7976
05113B0-BOSQABEDUL,Bosques de Abedules,7977
05113B0-BOSQCOLIBR,Bosques de Colibries,7978
05113B0-BOSQREFOR,Bosques de la Reforma,7979
05113B0-ANDENMISILES,Anden de Misiles,7980
05113B0-PROLAURE2,Prolongación Paseo de los Laureles 2,7981
05113B0-PROLAUREL,Prolongación Paseo de los Laureles,7982
05113B0-INTORREALTU,Entrada Torre Altus,7983
05113B0-LOMARECUERD,Loma del Recuerdo,7984
05113B0-LOMAFLORIDA,Loma Florida,7985
05113B0-CECHANOVE,Carlos Echanove,7986
05113B0-CNOHUIZACHIT,Camino al Huizachito,7987
05113B0-16DIC,16 de Diciembre,7988
05113B0-PROL25DIC,Prolongación 25 de Diciembre y  Av. San Fernando,7989
0501121-ANTONMACEO,Antonio Maceo,7990
0501121-JMARTI,José Martí,7991
0501121-MTACUBAYA,Metro Tacubaya,7992
0501121-VIADUCTOMALE,Viaducto Miguel Aleman,7993
0501121-AVJALISCO,Av. Jalisco,7994
0501121-HEROESPADIER,Héroes de Padierna,7995
0501121-11ABRIL,11 de Abril,7996
0501121-CALLE2,Calle 2,7997
0501121-CALLE4,Calle 4,7998
0501121-CALLE10,Calle 10,7999
0501121-CALLE22,Calle 22,8000
0501121-LOSPINOS,Los Pinos,8001
0501121-LIBRERIADELTI,Librería Delti,8002
0501120-LIBRERIADELTI,Librería Delti,8002
0501120-DEMET,Demet,8003
0501121-DEMET,Demet,8003
0501121-ALTATENSION2,Alta Tension 2,8004
0501120-PROLSANANTON,Prolongación San Antonio,8004
0501121-ALTATENSION,Alta Tension,8005
0501121-1CDAMINAS,Primera Cerrada de Minas,8006
0501120-1CDAMINAS,Primera Cerrada de Minas,8006
0501120-3CDAMINAS,Tercera Cerrada de Minas,8007
0501121-3CDAMINA,Tercera Cerrada de Mina,8007
0501121-MATAGALPINOS,Matagalpinos,8008
0501121-MERCURIO,Mercurio,8009
0501120-MINAS,Minas,8010
0501121-ACATLAN,Acatlan,8010
0501120-LASPRESAS,Las Presas,8011
0501121-OMICRON,Omicron,8011
0501120-PUEBLA,Puebla,8011
0501120-CDACHICAGO,Cerrada Chicago,8012
0501121-TAPEOJUMA,Tapeojuma,8012
0501121-CDACHICAGO,Cerrada Chicago,8013
0501120-CHICAGO,Chicago,8013
0501120-FCOVILLA,Francisco Villa,8014
0501121-LGONZAURBINA,Luis Gonzaga Urbina,8014
0501121-ABELRGEZ,Abelardo Rodríguez,8015
0501120-GPEVICTORIA,Guadalupe Victoria,8015
0501120-PCARLOSAPERE,Primaria Carlos A. Pereira,8016
0501121-JALVARADOVILL,J. Alvarado y Francisco Villa,8016
0501121-GPEVICTORIA,Guadalupe Victoria,8017
0501120-NICOBRAVO,Nicolas Bravo,8017
0501121-GVODIAZORDAZ,Gustavo Díaz Ordaz,8018
0501120-LEOBRAVO,Leonardo Bravo,8018
0501121-MATAMOROS,Matamoros,8019
0501121-HERMEGALEANA,Hermenegildo Galeana,8019
0501121-AND2,Andador 2,8020
0501121-CALLE5,Calle 5,8021
0501121-CALLE1,Calle 1,8022
0501121-VILLAZUETA,Villa Azueta,8023
0501121-MTEOSCURO,Monte Oscuro,8024
0501121-FORTIN,Fortin,8025
0501121-NISPERO,Nispero,8026
0501121-GOBSANCHDEZ,Gobernador Sanchez Hernández,8027
0501121-RNO2NTE,Retorno 2 Norte,8028
0501121-4ACOLIPA,4A de Colipa,8029
0501121-3ACHAVARRILLO,3A Chavarrillo,8030
0501120-3CDAPOPOTLA,Tercera Cerrada de Popotla,8030
0501120-2CDAARRAYAN,Segunda Cerrada de Arrayan,8031
0501121-LAGUNA,La Laguna,8031
0501120-11ABRIL,11 de Abril,8032
0501120-CALLE10,Calle 10,8033
0501120-ALTATENSION,Alta Tension,8034
0501120-URANO,Urano,8035
0501120-MARTE,Marte,8036
0501120-ACATLAN,Acatlan,8037
0501120-AND2,Andador 2,8038
0501120-CALLE3,Calle 3,8039
0501120-CALLE1,Calle 1,8040
0501120-MTEOSCURO,Monte Oscuro,8041
0501120-ALMENDRO,Almendro,8042
0501120-PERAL,Peral,8043
0501120-2CDACASITAS,Segunda Cerrada de Casitas,8044
0501120-PALTATENSION,Pasando Alta Tension,8045
0501120-4ACAXAPA,4A Caxapa,8046
0501120-2CDACUATOLAPA,Segunda Cerrada de Cuatolapa,8047
0501120-CALZJALAPAPOR,Calz. Jalapa - Portland,8048
05110C1-HILA,Hila,8049
05110C0-PTEMXTOLUCA,Puente Autopista México-Toluca,8050
05110C1-SANMIGUEL,San Miguel,8050
05110C1-CDACEDROS,Cerrada de los Cedros,8051
05110C0-CDACEDROS,Cerrada de los Cedros,8051
05110C0-FRENTE888,Frente a No. 888,8052
05110C1-FRENTE888,Frente a No. 888,8052
05110C0-LAJAS,Lajas,8053
05110C1-LAJAS,Lajas,8053
05110C0-SUR144,Sur 144,8054
0501101-SUR138,Sur 138,8054
05110C0-SEDESOL,Sedesol,8055
05110C0-IZARAGOZA,Ignacio Zaragoza,8056
0501100-EDOMAYORPRE,Estado Mayor Presidencial,8056
05110C0-PALOSANTO,Palo Santo,8057
05110C0-FRENTE1111BIS,Frente a No. 1111 BIS,8058
05110C0-PTECONTADERO,Puente Contadero,8059
05110B0-PROL16SEPT,Prolongación 16 de Septiembre,8059
05110C0-LASFRESAS,Las Fresas,8060
05110C0-LAPALMA,La Palma,8061
05110B0-CDAPALMA,Cerrada de la Palma,8061
05110B1-CDAPALMA,Cerrada de la Palma,8061
05110C0-LEANDROVALLE,Leandro Valle,8062
05110B1-AVLEANDRVALL,Av. Leandro Valle,8062
05110C0-SANMIGUEL,San Miguel,8063
05110C0-CNOLAJAS,Camino a las Lajas,8064
05110C0-AVMTECRUCES,AV. Monte de las Cruces y Cerrada Monte de las Cruces,8065
05110B1-STARITA,Santa Rita,8066
05110B1-AUTOCONSTI,Autopista Constituyentes  y La Venta,8067
05110B0-1CDAMNTCRUCE,Primera Cerrada Monte de las Cruces,8068
05110B1-1CDAMNTCRUCE,Primera Cerrada Monte de las Cruces,8068
05110B1-AVFLORES,Av. de las Flores,8069
05110B0-FRENTE480,Frente a No. 480,8070
05110B1-FRENTE463,Frente a No. 463,8070
05110B1-CNOHILA,Camino de Hila,8071
05110B0-CNOHILA,Camino de Hila,8071
05110B0-CAMPESINOS,Campesinos,8072
05110B1-CJONJUAREZ,Callejon Juárez,8072
05110B1-1CDAFLORES,Primera Cerrada de las Flores,8073
05110B0-2CDAMINA,Segunda Cerrada de Mina,8073
05110B0-CNODTOLEONE,Camino al Desierto de los Leones,8074
05110B0-CRUZBLANCA,Cruz Blanca,8075
05110B0-AVMNTCRUCES,Av. Monte de las Cruces,8076
05110B0-AVLEANDROMIN,Av. Leandro Valle y Mina,8077
0501100-EXARZOBISPA,Ex-Arzobispado,8078
0501100-SOSTENROCHA,Sostenes Rocha,8079
0501100-SUR122,Sur 122,8080
0501101-SUR128,Sur 128,8081
0501100-SUR128,Sur 128,8081
0501100-SUR136,Sur 136,8082
0501100-FLORMIRANDA,Florencio Miranda,8083
0501100-HENEQUEN,Henequen,8084
0501100-VOCA4,Vocacional 4,8085
0501101-PALOSNTO,Palo Santo,8086
0501100-CDACONSTITU,Cerrada Constituyentes,8086
0501100-FGPORADIOCTR,Frente a Grupo Radio Centro,8087
0501100-PTECONAFRUT,Puente Conafrut,8088
0501100-KM14,Kilométro 14,8089
0501100-FTRESLOMITAS,Frente a tres Lomitas,8090
0501100-FNISSAN,Frente a Nissan,8091
0501100-CIDE,Cide,8092
0501101-CIDE,Cide,8092
0501100-VOLCANES,Volcanes,8093
0501100-FASILOPERROS,Frente a Asilo de Perros,8094
0501101-ASILOPERROS,Asilo de Perros,8094
0501100-ANTIGUA,Antigua,8095
0501100-CARLOSECHANO,Carlos Echanove,8096
0501100-PTEYAQUI,Puente El Yaqui,8097
0501101-PTEYAQUI,Puente El Yaqui,8097
0501100-CANDIDOAVILE,Constituyentes Candido Aviles,8098
0501100-PROLJUAREZ,Prolongación Juárez,8099
0501101-AVJUAREZ,Av. Juárez,8099
0501100-ESCPRIMPICHA,Escuela Primaria Pichardo,8100
0501100-CARRMXTOLUC,Carretera México Toluca,8101
0501100-LERDO,Lerdo,8102
0501101-OCAMPO,Ocampo,8103
0501100-AVMEXICO,Av. México,8103
0501100-MORELOS,Morelos,8104
0501100-SANANTONIO,San Antonio,8105
0501100-LOMAPADRE,Loma del Padre,8106
0501100-ANTCNOCHIMAL,Antiguo Camino a Chimalpa,8107
0501101-ANTCNOCHIMAL,Antiguo Camino a Chimalpa,8107
0501100-3CDALOMABONI,Tercera Cerrada Loma Bonita,8108
0501101-3CDALOMABONIT,Tercera Cerrada Loma Bonita,8108
0501101-CNOTECNOLOG,Camino al Tecnológico,8109
0501100-CNOTECNOLOG,Camino al Tecnológico,8109
0501100-CONCORDIA,Concordia,8110
0501101-CONCORDIA,Concordia,8110
0501101-REFORMA,Reforma,8111
0501100-REFORMA,Reforma,8111
0501100-INDEPENDENCIA,Independencia,8112
0501101-INDEPENDENC,Independencia,8112
0501101-LUISRUIZLAZO,Luis Ruiz y  Carlos Lazo,8113
0501101-EXARZOBISPA,Ex-Arzobispado,8114
0501101-EJE5PTE,Eje 5 Poniente,8115
0501101-FLORMIRANDA,Florencio Miranda,8116
0501101-HENEQUEN,Henequen,8117
0501101-LIENCHARRO,Lienzo Charro,8118
0501101-SECRHACIENDA,Secretaría de Hacienda,8119
0501101-COLARQUITEC,Colegio de Arquitectos,8120
0501101-CDACONSTITU,Cerrada Constituyentes,8121
0501101-PASEOLOMAS,Paseo de las Lomas,8122
0501101-PASEOREFORMA,Paseo de la Reforma,8123
0501101-KM14,Kilometro 14,8124
0501101-GALERIAREFOR,Galería Reforma,8125
0501101-SEAMS,Seams,8126
0501101-LOMATLALPEX,Loma Tlalpexco,8127
0501101-FCONFE,Frente a Confe,8128
0501101-CARLOSECHAN,Carlos Echanove,8129
0501101-CASTILLOLEDON,Castillo Ledon,8130
0501101-AVERACRUZ,Av. Veracruz,8131
0501101-TRUENO,Trueno,8132
0501101-SANANTONIO,San Antonio,8133
0501101-PTOANGEL,Puerto Ángel,8134
0501101-PROLAVCONSTI,Prolongación Constitución y Av. Constitución ,8135
0501100-MANANTIALES,Manantiales,8136
05011A1-AV553,Av. 553,8137
05011A1-AV543,Av. 543,8138
05011A1-AV535,Av. 535,8139
05011A1-AV519,Av. 519,8140
05011A1-AV509,Av. 509,8141
05011A1-AV503,Av. 503,8142
05011A1-NTE92,Norte 92,8143
05011A1-NTE84,Norte 84,8144
05011A0-NTE84,Norte 84,8144
05011A1-AVINGEDOMOLI,Av. Ingeniero Eduardo Molina,8145
05011A1-NTE72A,Norte 72 A,8146
05011A0-NTE72A,Norte 72 A,8146
05011A1-NTE70,Norte 70,8147
05011A0-NTE70,Norte 70,8147
05011A1-NTE54A,Norte 54 A,8148
05011A1-FERROHGO,Ferrocarril Hidalgo,8149
05011A0-GRACIELA,Graciela,8150
05011A1-GRACIELA,Graciela,8150
05011A1-CALZGPE,Calzada de Guadalupe,8151
05011A1-MISTERIOS,Misterios,8152
05011A0-REALMONTE,Real del Monte,8153
05011A1-REALMTE,Real del Monte,8153
05011A1-CENTRALSUR,Central Sur,8154
05011A0-CENTRALSUR,Central Sur,8154
05011A0-CALLE12,Calle 12,8155
05011A1-CALLE12,Calle 12,8155
05011A1-CALLE8,Calle 8,8156
05011A1-CEYLAN,Ceylan,8157
05011A1-FERROCENTRAL,Ferrocarril Central,8158
05011A1-PINA,PiNa,8159
05011A0-PLATANALES,Platanales,8160
05011A1-PLATANALES,Platanales,8160
05011A1-CAMARONES,Camarones,8161
05011A0-AVGRANJAS,Av. de las Granjas,8161
05011A0-NILO,Nilo,8162
05011A1-PTE62,Poniente 62,8162
05011A1-PTE58,Poniente 58,8163
05011A0-CLAVERIA,Clavería,8163
05011A1-PTE48,Poniente 48,8164
05011A1-PTE44,Poniente 44,8165
05011A1-MARNEGRO,Mar Negro,8166
05011A0-FPECARRPTO,Felipe Carrillo Puerto,8167
05011A1-CARRILLOPTO,Carrilo Puerto,8167
05011A1-GARDA,Garda,8168
05011A0-MARINANAL,Marina Nacional,8168
05011A1-MARINANAL,Marina Nacional,8169
05011A0-LAGOBOLSENA,Lago Bolsena,8170
05011A1-LAGOBOLSENA,Lago Bolsena,8170
05011A1-LAGUNATERMIN,Laguna de Términos,8171
05011A0-LNATERMINOS,Laguna de Términos,8171
05011A1-LAGUNAMAYRAN,Laguna de Mayran,8172
05011A1-LAGOALBERTO,Lago Alberto,8173
05011A0-NEWTON,Newton,8174
05011A1-THIERS,Thiers,8174
05011A1-EUCLIDES,Euclides,8175
05011A1-HORACIO,Horacio,8176
05011A1-GUTEMBERG,Gutemberg,8177
05011A0-AV606,Av. 606,8178
05011A0-AV604,Av. 604,8179
05011A0-CALLE687,Calle 687,8180
05011A0-AV661,Avenida 661,8181
05011A0-AND645,Andador 645,8182
05011A0-CALLE615,Calle 615,8183
05011A0-CALLE589,Calle 589,8184
05011A0-FVOCA10,Frente a Vocacional 10,8185
05011A0-CALLE535,Calle 535,8186
05011A0-CALLE529,Calle 529,8187
05011A0-CALLE 519,Calle 519,8188
05011A0-EDOMOLINA,Eduardo Molina,8189
05011A0-CALZGPE,Calz. Guadalupe,8190
05011A0-VALLEJO,Vallejo,8191
05011A0-CEYLAN,Ceylan,8192
05011A0-PSL,Plan de San Luis,8193
05011A0-BEGONIAS,Begonias,8194
05011A0-MARCANTABRI,Mar Cantábrico,8195
05011A0-LAGOALBERTO,Lago Alberto,8196
05011A0-LAGUNAMAYRAN,Laguna de Mayran,8197
05011A0-PDTEMASARIK,Presidente Masaryk,8198
05011A0-HORACIO,Horacio,8199
05011A0-HOMERO,Homero,8200
05011A0-LEONTOLSTOI,Leon Tolstoi,8201
0501011-PTEPASTORA,Bajo Puente la Pastora,8202
0501081-BAJOPASTORA,Bajo Puente La Pastora,8202
0501080-TICOMAN,Ticoman,8202
0501010-TICOMAN,Ticoman,8202
0501081-JFKENNEDY,John Fitzgerald Kennedy,8203
0501081-ANTOROANOVA,Antonio Roanova,8204
0501081-GABINOBARRED,Gabino Barreda,8205
0501080-CUAUTEPEC,Cuautepec,8206
0501081-CUAUTEPEC,Cuautepec,8206
0501081-MORELOS,Morelos,8207
0501080-JAIMENUNO,Jaime Nuno,8207
0501081-QRO,Querétaro,8208
0501080-QRO,Querétaro,8208
0501081-FRECLUFEMENI,Frente a Reclusorio Femenil,8209
0501081-EDOMEX,Estado de México,8209
0501080-MORELOS,Morelos,8209
0501080-DVOCARMENSE,Deportivo Carmen Serdan,8210
0501081-FDVOCSERDAN,Frente a Deportivo Carmen Serdan,8210
0501080-FCOGRANADOS,Francisco Granados,8211
0501081-FCOGRANADOS,Francisco Granados,8211
0501081-OAXACA,Oaxaca,8212
0501080-PTOVALLARTA,Puerto Vallarta,8213
0501081-PTOVALLARTA,Puerto Vallarta,8213
0501081-LECHEVERRIA,Luis Echeverria,8214
0501080-LECHEVERRIA,Luis Echeverria,8214
0501080-CDAPTOMARFIL,Cerrada Puerto Marfil,8215
0501081-DELOSALTOS,De Los Altos,8215
0501080-DIAMANTE,Diamante,8216
0501081-COMETA,Cometa,8216
0501080-PTORICOSALAVE,Puerto Rico y  Salaverry,8217
0501080-AVCUAUTEPEC,Av. Cuautepec,8218
05101A1-FRENTEPLECAR,Frente a Panadería Lecaroz,8218
0501011-STATERESA,Santa Teresa,8218
05101A1-STATERESA,Santa Teresa,8218
0501030-IPN,Instituto Politécnico Nacional,8219
0501080-AVIPN,Instituto Politécnico Nacional,8219
0501031-IPN,Instituto Politécnico Nacional,8219
0501080-CHALMAVILLA,Chalma La Villa,8220
0501040-FCOVILLA,Francisco Villa,8220
0501080-VGUERRERO,Vicente Guerrero,8221
0501080-ZACATECAS,Zacatecas,8222
0501080-PUEBLA,Puebla,8223
0501041-PARDAVEROLON,Joaquin Pardave y José Rolon,8224
0501010-GENARONUNEZ,Genaro NuNez,8225
0501040-LERDOTEJADA,Lerdo de Tejada,8225
0501041-LUISARCARAZ,Luis Arcaraz,8225
0501011-LUISARCARAZ,Luis Arcaraz,8225
0501011-SANMIGUEL,San Miguel,8226
05101A0-LERDOTEJADA,Lerdo de Tejada,8226
0501010-SANMIGUEL,San Miguel,8226
0501041-LERDOTEJADA,Lerdo de Tejada,8226
0501041-LUCIOBCO,Lucio Blanco,8227
0501041-FCOAGUILAR,Francisco Aguilar,8228
0501040-FCOAGUILAR,Francisco Aguilar,8228
0501040-FCOIMADERO,Francisco Ignacio Madero,8229
0501041-FCOIMADERO,Francisco Ignacio Madero,8229
0501041-CNONAL,Camino Nacional,8230
0501040-EZAPATA,Emiliano Zapata,8231
0501041-EZAPATA,Emiliano Zapata,8231
0501041-SEC160,Secundaria 160,8232
0501040-5MAYO,5 de Mayo,8233
0501041-5MAYO,5 de Mayo,8233
0501041-CIPRES,Cipres,8234
0501040-CIPRES,Cipres,8234
0501041-MLARROYO,Maestro Larroyo,8235
0501041-RAMONSAPENA,Ramón Sopena,8236
0501041-LUCIOTAPIA,Lucio Tapia,8237
0501041-MSANMOLINA,Maestro Sanchez Molina,8238
0501031-TECNOLOGICO,Tecnológico,8238
0501030-TECNOLOGICO,Tecnológico,8238
0501040-DESAPROFESIO,Desarrollo Profesional,8239
0501041-DESARRPROFE,Desarrollo profesional,8239
0501041-AVENTISCA,Av. de la Ventisca,8240
0501041-AND45,Andador 45,8241
0501041-AND21,Andador 21,8242
0501041-AVINSULA,Av. Insula,8243
0501041-AVDESEMBOCA,Av. Desembocadura,8244
0501041-CNOCUAUTEPEC,Antiguo Camino a Cuautepec,8245
0501041-AVCIMA,Av. Cima,8246
0501041-AND1,Andador 1,8247
0501040-AND01TEMOLUC,Andador 01 del Temoluco,8247
0501041-SIERRAVISTA,Sierra Vista,8248
0501040-AVIPN,Av. Instituto Politécnico Nacional,8248
0501041-FCENAC,Frente a Escuela CENAC,8249
0501040-FCENAC,Frente a Escuela CENAC,8249
0501041-LINDAVISTA,Lindavista,8250
0501040-FESEM,Frente a Escuela ESEM,8250
0501041-FDOMINOS,Frente a Dominos,8251
0501041-BUENAVISTA,Buenavista,8252
0501040-WMASSIEU,Wilfrido Massieu,8252
0501040-AVMONTEVIDEO,Av. Montevideo,8253
0501041-AVMONTEVIDEO,Av. Montevideo,8253
0501041-COLEC13,Colector 13,8254
0501040-COLECTOR13,Colector 13,8254
0501041-PTE112,Poniente 112,8255
0501041-AVIPN,Av. Instituto Politécnico Nacional,8256
0501041-PTE116,Poniente 116,8257
0501041-FTELMEX,Frente a TELMEX,8258
0501041-JURBANFONSE,José Urbano Fonseca,8259
0501040-AVINSURNTE2,Av. Insurgentes Norte 2,8260
0501040-AVINSURNTE,Av. Insurgentes Norte,8261
0501040-RIOBAMBA,Río Bamba,8262
0501040-FIMSS,Frente a IMSS,8263
0501040-RICARTE,Ricarte,8264
0501040-OTAVALO,Otavalo,8265
0501040-PLANSL,Plan de San Luis,8266
05101A0-CLINICA44,Frente a Clinica 44,8266
0501040-PROLRIOSANJOA,Prolongación Río San Joaquin,8267
0501040-BLVRTEMOLUCO,Boulevard Temoluco,8268
0501040-AVCIMA,Av. de la Cima,8269
0501040-DESEMBOCA,Desembocadura,8270
0501040-AND18TEMOLUC,Andador 18 del Temoluco,8271
0501040-AND23TEMOLUC,Andador 23 del Temoluco,8272
0501040-AND28,Andador 28,8273
0501040-MAREJADA,Marejada,8274
0501040-AND43,Andador 43,8275
0501040-AND49TEMOLU,Andador 49 del Temoluco,8276
0501031-FCETIS7,Frente a CETIS No. 7,8277
0501040-FCETIS7,Frente a CETIS No. 7,8277
0501040-ANTONIOMOLINA,Maestro Antonio Molina,8278
0501031-FCTROESCBA,Frente a Centro Escuela B. A.,8278
0501030-CTROESCOLAR,Centro Escolar,8278
0501040-LUCIOTAPIA,Maestro Lucio Tapia,8279
0501040-ANTONIOCASO,Maestro Antonio Caso,8280
0501040-RAMONSOPENA,Ramón Sopena,8281
0501040-CNONAL,Camino Nacional,8282
0501040-LUCIOBLANCO,Lucio Blanco,8283
0501031-SANPEDRO,San Pedro,8284
05101A0-COMONFORT,Comonfort,8284
0501031-HERNANFRANCO,Hernando Franco,8285
0501030-ALFRECARRASC,Alfredo Carrasco,8286
0501031-ALFREDCARRAS,Alfredo Carrasco,8286
0501031-JORGENEGRET,Jorge Negrete,8287
0501030-JORGENEGRETE,Jorge Negrete,8287
0501030-BLANCAPAVON,Blanca Estela Pavón,8288
0501031-BCAESTEPAVON,Blanca Estela Pavón,8288
0501030-FANNYSCHILL,Fanny Schiller,8289
0501031-FANNYSCHILL,Fanny Schiller,8289
0501031-VIRGIFABREGAS,Virginia Fabregas,8290
0501030-VIRGIFABREGA,Virginia Fabregas,8290
0501030-RIOSANPEDRO,Río San Pedro,8291
0501031-RIOSANPEDRO,Río San Pedro,8291
0501031-UHMATIASROME,Unidad Habitacional Matias Romero,8292
0501030-UHMATIASROME,Unidad Habitacional Matias Romero,8292
0501031-PEDROFERRIZ,Pedro Ferriz,8293
0501031-AVBJUAREZ,Av. Benito Juárez,8294
0501030-AVLESPINOZA,Av. Luis Espinoza,8294
0501030-FWALMART,Frente a Wal-mart,8295
0501031-FCHEDRAUI,Frente a Chedraui,8295
0501031-GTAGPE,Glorieta Guadalupe,8296
0501031-CALLE28,Calle 28,8297
0501031-AVPROGRENAL,Av. Progreso Nacional,8298
0501030-AVPROGRESNAL,Av. Progreso Nacional,8298
0501031-FDISCOGAS,Frente a Discos Gas,8299
0501031-JUPITER,Jupiter,8300
0501031-MTAMAZAJUAR,Margarita Maza de Juárez,8301
0501031-OTHONMENDI,Othon de Mendizabal,8302
0501031-FMETROPOLI,Frente a Metro Politécnico,8303
0501030-BARRANCACHIC,Barranca Chica,8304
0501030-HERNANFRANCO,Hernando Franco,8305
0501010-JUVENROSAS,Juventino Rosas,8306
0501011-JUVENROSAS,Juventino Rosas,8306
0501030-LERDOTEJADA,Lerdo de Tejada,8306
0501030-EJTRABAJO,Ejercito del Trabajo,8307
0501030-EZAPATA,Emiliano Zapata,8308
0501030-AVCUAUTEPEC,Av. Cuautepec,8309
0501030-GTAGPE,Glorieta Guadalupe,8310
0501030-PERIFERNTE,Periférico Norte,8311
0501030-AVMONTEVIDEO,Av. Montevideo,8312
0501030-FMETROPOLI,Frente a Metro Politécnico,8313
0501030-OTHONMENDI,Othon de Mendizabal,8314
0501030-MTAMAZAJUARE,Margarita Maza de Juárez,8315
0501030-JUPITER,Jupiter,8316
0501030-FMETROINSTP,Frente a Metro Instituto del Petróleo,8317
0501030-FTESORERIA,Frente a Tesorería,8318
0501030-PTE112,Poniente 112,8319
0501030-FMETRORAZA,Frente a Metro La Raza,8320
0501021-COCOS,Cocos,8321
0501020-COCOS,Cocos,8321
0501021-POCITOS,Pocitos,8322
05101D0-POPOCITOS,Popocitos,8322
0501020-SALAVERRY,Salaverry,8323
0501020-MATAGALPA,Matagalpa,8324
0501020-CIENFUEGOS,Cienfuegos,8325
0501020-INSURGENTES,Insurgentes,8326
05101D1-FELIPEANGELE,Felipe Ángeles,8327
05101D0-FELIPEANGELE,Felipe Ángeles,8327
05101D1-CIERRECTO,Cierre de Circuito,8328
05101D0-CIERRECTO,Cierre de Circuito,8328
05101D1-DELICIAS,Delicias,8329
05101D0-DELICIAS,Delicias,8329
05101D0-GOLONDRINAS,Golondrinas,8330
05101D1-GOLONDRINAS,Golondrinas,8330
05101D1-COCOYOTES,Cocoyotes,8331
05101D0-COCOYOTES,Cocoyotes,8331
05101D1-CNOBREPSL,Camino a la Brecha y Plan de San Luis,8332
05101D0-PSL,Plan de San Luis,8332
05101D0-PLANAYALA,Plan de Ayala,8333
05101D1-PLANAYALA,Plan de Ayala,8333
05101D1-CERRO,Cerro,8334
05101D0-CEDROS,Cedros,8334
05101D1-HALCONES,Halcones,8335
05101D0-HALCONES,Halcones,8335
05101D1-SANJUAN,San Juan,8336
05101D0-SANJUAN,San Juan,8336
05101D1-2DACDABRECHA,Segunda Cerrada la Brecha,8337
05101D0-2DACDABRECHA,Segunda Cerrada la Brecha,8337
05101D0-CASILDA,Casilda,8338
05101D1-CASILDA,Casilda,8338
05101D1-ATLACOMULCO,Atlacomulco,8339
05101D0-ATLACOMULCO,Atlacomulco,8339
05101D0-LINDAVISTA,Lindavista,8340
05101D1-LINDAVISTA,Lindavista,8340
05101D1-ADOLOMATEOS,Adolfo López Mateos,8341
05101D0-ADOLOPEZMATE,Adolfo López Mateos,8341
05101D1-AVCASTILLO,Av. del Castillo,8342
05101D1-CORONAROSAL,Corona del Rosal,8343
05101D1-CUAUHTEMOC,Cuauhtémoc,8344
05101A0-5FEBRERO,5 de Febrero,8344
05101D0-NARANJOS,Naranjos,8345
05101A1-GARRIDO,Garrido,8346
05101A0-AHERRERA,Alberto Herrera,8346
05101D0-BETOHERRERA,Alberto Herrera,8346
05101D0-CALZGPE,Calzada de Guadalupe,8347
05101A0-CALZGPE,Calzada Guadalupe,8347
05101B0-LERDO,Lerdo de Tejada,8348
0501011-LAPRESA,La Presa,8348
05101B1-FANNYSCHILL,Fanny Schiller,8349
05101B0-FANNYSCHIL,Fanny Schiller,8349
05101B1-BLANAESTEPAV,Blanca Estela Pavon,8350
05101B0-LUCHAREYES,Lucha Reyes,8350
05101B1-JAVISOLIS,Javier Solis,8351
05101B0-AGUSTINANDA,Agustín de Anda,8352
05101B1-CNOAGUILAS,Camino a las Aguilas,8352
05101B0-EUCALIPTO,Aucalipto,8353
05101B1-EUCALIPTO,Eucalipto,8353
05101B1-VIVEROSOLIVO,Viveros de la Paz y Los Olivos,8354
05101B0-VIVEROSPAZ,Viveros de la Paz,8354
05101B0-MINERVA,Minerva,8355
05101A1-FRENTEGAM,Frente a Delegación Gustavo A. Madero,8356
05101A1-MMIRAMON,Miguel Miramon,8357
05101A1-MORELOS,Morelos,8358
05101A1-AVINSURNTE,Av. Insurgentes Norte,8359
05101A0-COQUIMBO,Coquimbo,8360
05101A1-COQUIMBO,Coquimbo,8360
0501011-COQUIMBO,Coquimbo,8360
05101A1-TICOMAN,Ticoman,8361
05101A0-AVTICOMAN,Av. Ticoman,8361
05101A1-PALMAS,Palmas,8362
05101A0-ARROYOSAUCE,Arroyo de los Sauces,8363
05101A1-ARRSAUCES,Arroyo de los Sauces,8363
05101A1-ARRMENDIZA,Arroyo de Mendizabal,8364
05101A1-PSL,Plan de San Luis,8365
05101A0-FRENTE547,Frente a No. 547,8365
05101A1-FRENTE23,Frente a No. 23,8366
05101A1-ESTURISMO,Frente a Escuela Superior de Turismo,8367
05101A1-TALLESTRELLB,Frente a Talleres Estrella Blanca,8368
05101A0-TEMPLODIANA,Templo de Diana,8368
05101A1-PROLPERNTE,Prolongación Periférico Norte,8369
05101A1-LECHEVERRIA,Luis Echeverria,8370
0501011-LECHEVERRIA,Luis Echeverria,8370
0501010-JOAPARDAVE,Joaquin Pardave,8370
0501010-JFKENNEDY,John Fitzgerald Kennedy,8371
0501011-JFKENNEDY,John F. Kennedy,8371
05101A0-JKENNEDY,John Fitzgerald Kennedy,8371
05101A1-JFKENNEDY,John F. Kennedy,8371
0501011-AVCASTILLO,Av. del Castillo,8372
05101A1-AVCASTILLO,Av. del Castillo,8372
05101A1-FRENTECOMER,Frente a Comercial Mexicana,8373
0501011-BJUAREZ,Benito Juárez,8374
05101A1-BJUAREZ,Benito Juárez,8374
05101A1-MAUGOMEZ,Mauricio Gómez,8375
0501011-MAUGOMEZ,Mauricio Gómez,8375
0501011-CALABRECHA,Camino a la Brecha,8376
05101A1-CNOBRECHA,Camino a la Brecha,8376
05101A0-RAULHELMER,Raul Helmer,8377
05101A1-RAULHELMER,Raul Helmer,8377
05101A1-CDA1MIGUEL,Cerrada 1 de San Miguel,8378
05101A0-CERROCONEJO,Cerro de los Conejos,8378
05101A0-LOMAESCONDI,Loma Escondida,8379
05101A1-CDA11MIGUEL,Cerrada 11 de San Miguel,8379
05101A1-CANTERALFONS,Cantera Alfonsa,8380
05101A0-13MIGUEL,Cerrada 13 de San Miguel,8380
05101A0-CERROAZUL,Cerro Azul,8381
05101A1-CERROAZUL,Cerro Azul,8381
05101A1-CANTERAS,Canteras,8382
05101A0-CANTERAS,Canteras,8382
05101A0-LEONAVICARIO,Leona Vicario,8383
05101A1-LEONAVICARIO,Leona Vicario,8383
05101A1-SANPEDRO,San Pedro,8384
05101A0-BRISAS,Brisas,8384
05101A0-CIENFUEGOS,Cienfuegos,8385
0501011-CIENFUEGOS,Cienfuegos,8385
05101A0-BONAO,Bonao,8386
05101A0-UHLASALLE,Frente a Unidad Habitacional La Salle,8387
0501010-APANGO,Apango,8388
05101A0-APANGO,Apango,8388
05101A0-SANMIGUELPAL,San Miguel y Palmas,8389
0501010-FRENTEESIA,Frente Escuela ESIA,8390
0501011-ESIA,Frente a Escuela ESIA,8390
0501011-AVPAIS,Av. del País,8391
0501010-ANO1857,Año de 1857,8391
0501010-PLANGPE,Plan de Guadalupe,8392
0501011-PLANGPE,Plan de Guadalupe,8392
0501010-BANDERA,Bandera,8393
0501011-BANDERA,Bandera,8393
0501011-ESCUA201,Escuadrón 201,8394
0501010-ESC201,Escuadrón 201,8394
0501011-COROZC21MZO,Clemente Orozco y 21 de Marzo,8395
0501010-JCLEMENTE,José Clemente Orozco,8395
0501010-ACUEDUCTO,Acueducto,8396
0501010-LECHERIA,Frente a Lechería,8397
0501011-FTELECHERIA,Frente a Lechería,8397
0501011-CANDELARIA,Candelaria,8398
0501010-CANDELARIA,Candelaria,8398
0501010-SANMARCOS,San Marcos,8399
0501011-SANMARCOS,San Marcos,8399
0501010-XICOTENCATL,Xicotencatl,8400
0501011-MALEMAN,Miguel Aleman,8401
0501010-MALEMAN,Miguel Aleman,8401
0501010-GABRIELGUERR,Gabriel Guerra,8402
0501010-HERALDO,Heraldo,8403
0501010-PALMA,Palma,8404
0501010-POTRERO,Potrero,8405
0501010-LCARDENAS,Lázaro Cardenas,8406
0501010-BCOMERMEXI,Bodega Comercial Mexicana,8407
0501010-BJUAREZ,Benito Juárez,8408
0501010-5MAYO,5 de Mayo,8409
0501010-ALLENDE,Allende,8410
0501010-2CDAVCARRA,Segunda Cerrada Venustiano Carranza,8411
0501010-SEC160,Secundaria No. 160,8412
0501010-FCOVILLA,Francisco Villa,8413
0501010-VCARRFCOIMAD,Primera Cerrada Venustano Carranza y Franciso Ignacio Madero,8414
0501010-MAUGOMEZ,Mauricio Gómez,8415
0501010-PALMERIN,Palmerin,8416
0501010-2DAMIGUEL,Segunda Cda. de San Miguel,8417
0501010-LERDODETEJA,Lerdo de Tejada,8418
0501010-RAULHELMER,Raul Helmer,8419
0501011-RAULHELMER,Raúl Helmer,8419
0501010-GUTYCARDENAS,Guty Cardenas,8420
0501011-GUTYCARDENAS,Guty Cardenas,8420
0501010-BARCOBRE,Barranca del Cobre,8421
0501011-BARCOBRE,Barranca del Cobre,8421
0501010-CERROCUBILE,Cerro del Cubilete,8422
0501011-CERROCUBILE,Cerro del Cubilete,8422
0501011-CERROAZUL,Cerro Azul,8423
0501010-INDIABONITA,India Bonita,8423
0501010-CERROAZUL,Cerro Azul,8423
0501011-CERROGDOCHAT,Cerro Gordo y Cerro Chato,8424
0501011-AGUSTINLARA,Agustín Lara,8425
0501011-JOSEMOJICA,José Mojica,8426
0501011-APANGO,Apango,8427
0501011-DARIOFDEZ,Darío Fernandez,8428
0501011-RUBENLENERO,Rubén LeNero,8429
0501011-RCASTELLAN,Rosario Castellanos,8430
0501011-CERRITO,Del Cerrito,8431
0501011-MORELOS,Morelos,8432
0501011-COMERMEXIC,Frente a Comercial Mexicana,8433
0501011-FCOVILLA,Francisco Villa,8434
0501011-PALMA,Palma,8435
0501011-LCARDENAS,Lázaro Cardenas,8436
0501011-MOCTEZUMA,Moctezuma,8437
0501011-LRALPTEPASTO,Lateral Puente la Pastora,8438
0501011-MOYOBAMBA,Moyobamba,8439
0501011-MINDIOSVER,Metro Indios Verdes,8440
05SEL9-VEL,Velódromo,8441
05SEL9-VEL1,Velódromo,8441
05SEL9-MIXI,Mixiuhca,8442
05SEL9-MIXI1,Mixiuhca,8442
05SEL9-JAM,Jamaica,8443
05SEL9-LAZC,Lázaro Cárdenas,8444
05SEL9-LAZC1,Lázaro Cárdenas,8444
05SEL9-JAM1,Jamaica,8445
05SEL1-ISALC,Isabel La Católica,8446
05SEL1-SALTOP,Salto del Agua,8447
05SEL1-BALDOP,Balderas,8448
05SEL1-CHAPU,CETRAM Chapultepec,8449
05SEL1-JUANPO,Juanacatlán,8450
05SEL1-OBSER,Observatorio,8451
05SEL1-TACUPS,CETRAM Tacubaya,8452
05SEL1-TACUOB,CETRAM Tacubaya,8452
05SEL1-SEVCHAPOP,Sevilla  y  Chapultepec,8453
05SEL1-INSURGPO,Insurgentes,8454
05SEL1-CUAUPO,Cuauhtémoc,8455
05SEL1-BALDPO,Balderas,8456
05SEL1-SALTPO,Salto del Agua,8457
05SEL1-ALATACA,Alameda Tacubaya,8458
05SEL1-SEVCHAPPO,Sevilla  y  Chapultepec,8459
05SEL1-ISALCA,Isabel La Catolica,8460
05SEL1-PINSD,Pino Suárez,8461
05300B0-PUENTE,C. Puente,8462
05300B1-FTECMRREY,Frente tec de monterrey,8463
05300B1-FPASEOACO,Frente Centro comercial paseos Acoxpa,8464
05300B0-TECMRREY,Pasando Tec de Monterrey,8465
05300B0-BAJPUENTE,Bajo puente de autopista México - la marquesa,8466
05300B0-FDEZGRAEZ,Av. Carlos Fernandez Graez,8467
05300B0-ACOXPTORRES,Calz. Acoxpa - Av. de las Torres,8468
050115-MTACUBAYA,Metro Tacubaya,8469
050115-SUR118,Sur 118,8470
050115-JARDIN,Jardin,8470
050115-PARALELA3,Paralela 3,8471
050115-PDIAZ,Porfirio Diaz,8472
050115-ANADE,Anade,8473
050115-CANARIO,Calle Canario,8474
0600L1-XOCHIMILCO,Xochimilco,8475
0600L1-FCOGOITIA,Francisco Goitia,8476
0600L1-HUICHAPAN,Huichapan,8477
0600L1-LANORIA,La Noria,8478
0600L1-TEPEPAN,Tepepan,8479
0600L1-PERIFERICO,Periférico Participación Ciudadana,8480
0600L1-XOMALI,Xomali,8481
0600L1-HUIPULCO,Huipulco,8482
0600L1-EAZTECA,Estadio Azteca,8483
0600L1-ELVERGEL,El Vergel,8484
0600L1-TEXTITLAN,Textitlán,8485
0600L1-REGISTROFRAL,Registro Federal,8486
0600L1-NEZAHUALPILLI,Nezahualpilli,8487
0600L1-XOTEPINGO,Xotepingo,8488
0600L1-LAVIRGEN,La Virgen,8489
0600L1-CDJARDIN,Ciudad Jardín,8490
0600L1-LASTORRES,Las Torres,8491
0600L1-TASQUENA,Tasqueña,8492
0700L1-BUENAVISTA,Buenavista,8493
0700L1-FORTUNA,Fortuna,8494
0700L1-TLALNEPAN,Tlalnepantla,8495
0700L1-SANRAFAEL,San Rafael,8496
0700L1-LECHERIA,Lechería,8497
0700L1-TULTITLAN,Tultitlán,8498
0700L1-CUAUTITLAN,Cuautitlán,8499
0800L2-STAMARTA,Santa Marta,8500
0800L2-SANMIGUELTEO,San Miguel Teotongo,8501
0800L2-LOMASESTANC,Lomas de la Estancia,8502
0800L2-XALPA,Xalpa,8503
0800L2-TORRESBUENA,Las Torres Buenavista,8504
0800L2-QUETZALCOA,Quetzalcóatl,8505
0800L2-CONST1917,Constitución de 1917,8506
0800L1-INDIOSVERDE,Indios Verdes,8507
0800L1-STAMATICOMAN,Santa María Ticomán,8508
0800L1-PASTORA,La Pastora,8509
0800L1-CAMPOSREVOL,Campos Revolución,8510
0800L1-TLALPEXCO,Tlalpexco,8511
0800L1-CUAUTEPEC,Cuautepec,8512
0800L3-PINOSCONST,Los Pinos Constituyentes,8513
0800L3-VQUIROGA,Vasco de Quiroga,8514
0800L3-CINETECA,Cineteca Nacional/Bodega de Arte,8515
0800L3-PARCUR,PARCUR/Colegio de Arquitectos,8516
0800L3-PANTDOLORES,Panteón Dolores,8517
0800L3-CHARRERIA,Charrería,8518
090R11-PFILOSOFIA,Posgrado de Filosofía,8519
090R11-AAPAUNAM,AAPAUNAM,8520
090R11-DIRGRALOBRAS,Dirección General de Obras y Proveeduría,8521
090R11-RELABORALES,Relaciones Laborales,8522
0900R8-IIMAS,IIMAS,8523
0900R1-FQUIMICA,Facultad de Química,8523
0900R8-FRONTONES,Frontones,8524
0900R1-FINGENIERIA,Facultad de Ingeniería,8525
0900R8-INGENIERIA,Ingeniería,8525
0900R8-ALBERCA,Alberca,8526
0900R8-CTROMEDICO,Centro Médico,8527
0900R6-CNOVERDE,Camino Verde,8528
0900R6-ANEXOINGENI,Anexo de Ingeniería,8529
0900R6-INVERNADERO,Invernadero,8530
0900R6-CIENCIASMAR,Ciencias del Mar,8531
0900R6-ICIENTIFICA,Investigación Científica,8532
0900R6-MBCU,Metrobús CU,8533
0900R6-IBIOMEDICAS,Investigaciones Biomédicas,8533
0900R6-PUMITAS2,Pumitas,8534
0900R6-PISTACALEN2,Pista de Calentamiento II,8535
0900R6-PISTACALEN,Pista de Calentamiento I,8536
0900R6-PUMITAS,Pumitas,8537
0900R6-BASESTADOLIM,Base Estadio Olímpico,8538
0900R6-ESTACIONAMT2,Estacionamiento 2,8539
0900R6-ESTACIONAMT3,Estacionamiento 3,8540
0900R6-ESTACIONAMT4,Estacionamiento 4,8541
0900R6-ESTACIONAMT6,Estacionamiento 6,8542
0900R6-ESTACIONAMT7,Estacionamiento 7,8543
0900R6-ESTACIONMT8,Estacionamiento 8,8544
0900R6-MUCA,MUCA,8545
0900R1-PSICOLOGIA,Psicología,8546
0900R5-FPSICOLOGIA,Facultad de Psicología,8546
0900R5-FILOSOFIA,Filosofía,8547
0900R5-DERECHO,Derecho,8548
0900R1-FDERECHO,Facultad de Derecho,8548
0900R5-AVUNIVERSIDAD,Av. Universidad,8549
0900R1-FECONOMIA,Facultad de Economía,8550
0900R5-ECONOMIA,Economía,8550
0900R5-ODONTOLOGIA,Odontología,8551
0900R1-FODONTOLOG,Facultad de Odontología,8551
0900R5-MEDICINA,Medicina,8552
0900R4-CAMPOSFUT2,Campos de Futbol II,8553
0900R4-JARDINBOTANIC,Jardín Botánico,8554
0900R4-CAMPOSFUT1,Campos de Futbol I,8555
0900R4-ESTADIOPRACT,Estadio de Prácticas,8556
0900R3-IFILOLOGICAS,Investigaciones Filológicas,8557
0900R3-CHUMANIDADES,Coordinación de Humanidades,8557
0900R3-IFILOSOFICAS,Investigaciones Filosóficas,8558
0900R3-AVIMAN,Av. Imán,8559
0900R3-ARCHIVGRAL,Archivo General,8560
0900R3-DGAPA,DGAPA,8561
0900R3-UNIVERSUM,Universum,8562
0900R3-DGIRE,DGIRE,8563
0900R3-TEATRODANZA,Teatro y Danza,8563
0900R3-PECONOMIA,Posgrado de Economía,8564
0900R3-UPOSGRADO,Unidad de Posgrado,8565
0900R3-MUAC,MUAC,8566
0900R3-ZONACULTURAL,Zona Cultural,8566
0900R3-BIBLIOTECANAL,Biblioteca Nacional,8567
0900R3-BIBLIOTECNAL2,Biblioteca Nacional 2,8567
0900R3-ESCULTORICO,Espacio Escultórico,8568
0900R3-IJURIDICAS,Investigaciones Jurídicas,8569
0900R3-IJURIDICAS2,Investigaciones Jurídicas 2,8569
0900R3-FCPOLITICAS,Facultad de Ciencias Políticas,8570
0900R3-TVUNAM,TV UNAM,8570
0900R3-CUEC,CUEC,8571
0900R3-TIENDAUNAM2,Tienda UNAM 2,8572
0900R3-DGSA,DGSA,8572
0900R3-TIENDAUNAM,Tienda UNAM,8573
0900R2-DGTIC,DGTIC,8574
0900R2-EDUCADISTANC,Educación a Distancia,8575
0900R2-MBCU,Metrobús CU,8576
0900R2-BASEMBCU,Base Metrobús CU,8576
0900R2-TRABAJOSOCI,Escuela de Trabajo Social,8577
0900R2-FCONTADMIN,Facultad de Contaduría y Administración,8578
0900R2-FCIENCIASPRO,Facultad de Ciencias Profesores,8579
0900R2-FCIENCIASALU,Facultad de Ciencias Alumnos,8580
0900R2-FCIENCIAS,Facultad de Ciencias ,8580
0900R2-BASEMCU,Base Metro Universidad,8581
0900R1-QUIMICADE,Química Conjunto D y E,8582
0900R1-IGEOFISICA,Instituto de Geofísica,8583
0900R1-FMVETERINARIA,Facultad M. Veterinaria,8584
0900R1-FMEDICINA,Facultad de Medicina,8585
0900R1-FILOSOFIA,Facultad de Filosofía,8586
0900R1-RECTORIA,Rectoría,8587
0900R1-FARQUITECTU,Facultad de Arquitectura,8588
0900R1-ENALLT,ENALLT (CELE),8589
0900R1-PSIQUIATRIASM,Psiquiatría y Salud Mental,8590
0900R1-CENDI,CENDI,8591
0900R1-BASEMCU,Base Metro Universidad,8592
100001-ZINAC,Zinacantepec,8593
100001-TOLUCA,Toluca Centro,8594
100001-METEPEC,Metepec,8595
100001-LERMA,Lerma,8596
100001-SANTAFE,Santa Fe,8597
CONGE1-TERMINALPTO,Terminal Puerto Aéreo,8598
CONGE1-ZARAGOZA,Blvd. Pto. Aéreo - Zaragoza,8599
CONGE1-BLVDPTOAER,Potzolcalli Blvd. pto. Aéreo,8600
CONGE1-BLVDNTE9,Blvd. Pto. Aéreo - Norte 9,8601
CONGE0-CTOINTNTE9,Circuito Interior - Norte 9,8601
CONGE0-CTOINTNTE13,Circuito Interior - Norte 13,8602
CONGE1-BLVDNTE13,Blvd. Pto. Aéreo - Norte 13,8602
CONGE1-BLVDNTE17,Blvd. Pto. Aéreo - Norte 17,8603
CONGE1-NTE33,Norte 33,8604
CONGE1-PERSIA,Persia,8605
CONGE1-RIOCONS2941,Río Consulado 2941,8606
CONGE1-MOCEANIA,Metro Oceania,8607
CONGE0-AVOCEANIA,Cto. Interior - Av. Oceania,8607
CONGE0-AV535,Av. 535,8608
CONGE1-PEKIN,Pekin,8608
CONGE1-PEQUINES,Pequines,8609
CONGE1-RIOCONS2332,Río Consulado 2332,8610
CONGE1-EDOMOLINA,Eduardo Molina,8611
CONGE1-RIOCONS275,Río Consulado 275,8612
CONGE1-RIOCONS2010,Río Consulado 2010,8613
CONGE1-VALLGMZ,Valle Gómez,8614
CONGE1-RIOCONS174,Río Consulado 174,8615
CONGE1-MISTERIOS,Metro Misterios,8616
CONGE1-RIOCONS1501,Río Consulado 1501,8617
CONGE1-FPEVILLANUE,Felipe Villanueva,8618
CONGE1-TILOS,Tilos,8619
CONGE1-JACARNDPGR,Paseo de las Jacarandas - PGR,8620
CONGE0-EULALIAGUZM,Eulalia Guzman,8621
CONGE1-EULALIAGUZM,Eulalia  Guzman,8621
CONGE1-ITINDUS255,Instituto Tecnico Industrial 255,8622
CONGE1-RIBCOSME,Ribera de San Cosme,8623
CONGE1-GMOPRIETO,Guillermo Prieto,8624
CONGE1-RIOTIBER13,Río tiber 13,8625
CONGE1-MOCAM330,Melchor Ocampo 330,8626
CONGE1-MOCAM380,Melchor Ocampo 380,8627
CONGE1-MOCAM1351,Melchor Ocampo 1351,8628
CONGE1-JVASC678,José Vasconcelos 678,8629
CONGE1-JVASC158,José Vasconcelo 158,8630
CONGE1-AMELGARCHA,Agustín Melgar - Metro Chapultepec,8631
CONGE1-JVASCONCE66,José Vasconcelos 66,8632
CONGE1-EJ2SJESCUTI,eje 2 Sur Juan Escutia,8633
CONGE1-CHICONTEPEC,Chicontepec,8634
CONGE0-BFRANKLIN,Jalisco - Benjamín Franklin,8635
COREV0-BFRANKLIN1,Benjamín Franklin,8635
CONGE1-VEGUIAJALISC,Vicente Eguia - Jalisco,8635
CONGE0-MTACUBAYA,Metro Tacubaya,8636
CONGE0-IESTEVA,Ignacio esteva,8637
COREV0-GRALPEDROAN,Gral. Pedro Antonio de los Santos,8637
CONGE0-CONSTITUYN,Av. Constituyentes,8638
CONGE0-AGUSMELGAR,Agustín Melgar,8639
CONGE0-MNOESCOBED,Mariano Escobedo,8640
CONGE0-MOCAMPO365,Melchor Ocampo 365,8641
CONGE0-BAHIASCEN,Bahia de la Ascencion,8642
CONGE0-MARINANAL,Marina Nacional,8643
CONGE0-MOCAMPO83,Melchor Ocampo  83,8644
CONGE0-RIBCOSME,Ribera de san Cosme,8645
CONGE0-MCARPIO,Manuel Carpio,8646
CONGE0-CALZGALLOS,Calz. de los Gallos,8647
CONGE0-RIOCONS680,Río Consulado 680,8648
CONGE0-JACAPINO,Paseo de las Jacarandas - Pino,8649
CONGE0-JACARATLAXC,Paseo de las Jacarandas - Tlaxcaltecas,8650
CONGE0-RIOCONS1410,Río Consulado 1410,8651
CONGE0-MISTERIOS,Metro Misterios,8652
CONGE0-MVALLEGMZ,Metro Valle Gómez,8653
CONGE0-MCONSULADO,Metro Consulado,8654
CONGE0-NTE72,Norte 72,8655
CONGE0-MEDOMOLINA,Metro Eduardo Molina,8656
CONGE0-RIOCONS2350,Río Consulado 2350,8657
CONGE0-MARAGON,Río Consulado - Metro Aragon,8658
CONGE0-AV549,Av. 549,8659
CONGE0-NTE178,Cto. Interior - Norte 178,8660
CONGE0-AVMORELOS,Cto. Interior - Av. Morelos,8661
CONGE0-AVPENON,Cto. Interior - Av. del Peñon,8662
CONGE0-CTOINTERMAE,Circuito Interior - Metro Terminal Aerea,8663
CONGE0-CTOINTNOR,Circuito Interior NOR,8664
CONGE0-BLVDPTOA87,Blvd. Pto. Aéreo 87,8665
CONGE0-BLVDPTOAER,Blvd. Puerto Aéreo - I. Zaragoza,8666
COREV1-EJE10SUR,Eje 10 Sur,8667
COREV0-EJE10SUR,Eje 10 Sur,8667
COREV0-ALTAMIRANO,Altamirano,8668
COREV1-ALTAMIRANO,Altamirano,8668
COREV1-REYCUAUHT,Rey Cuauhtemoc,8669
COREV0-REYCUAUHTE,Rey Cuauhtémoc,8669
COREV0-DRGALVEZ,Dr. Galvez,8670
COREV1-DRGALVEZ,Dr. Galvez,8670
COREV1-LASFLORES,Altavista Las Flores,8671
COREV0-LASFLORES,Altavista Las Flores,8671
COREV0-ALTAVISTA,Av. Revolución - Altavista,8672
COREV1-ALTLASFLORES,Altavista Las Flores,8672
COREV1-MALUISA,María Luisa,8673
COREV0-MALUISA,Av. Revolución - María Luisa,8673
COREV0-TLACOPAC,Tlacopac,8674
COREV1-FERVILLALPAN,Fernando Villalpando,8674
COREV1-RICARCASTRO,Ricardo Castro,8675
COREV0-ROBERBOKER,Roberto Boker,8675
COREV0-SOFIA,Sofia,8676
COREV1-SOFIA,Sofia,8676
COREV1-FPEVILLANVA,Felipe Villanueva,8677
COREV1-BMUERTO,Metro Barranca del Muerto,8678
COREV0-JUANTINOCO,Juan Tinoco,8679
COREV1-JMVELASCO,José María Velasco,8679
COREV1-DBECERRA,Diego Becerra,8680
COREV0-MERCEGOMEZ,Merced Gómez,8680
COREV0-LOSECHAVE,Los Echave,8681
COREV1-JOSECASTILLO,José del Castillo,8681
COREV1-GOYA,Goya,8682
COREV1-MIXCOAC,Metro Mixcoac,8683
COREV1-RUBENS,Rubens,8684
COREV1-HOLBEIN,Holbein,8685
COREV1-TINTORETO,Tintoreto,8686
COREV1-SANANTONIO,San Antonio,8687
COREV1-CALLE21,Calle 21,8688
COREV1-CALLE17,Av. Patriotismo - Calle 17,8689
COREV1-CALLE9,Av. Patriotismo - Calle 9 ,8690
COREV1-PTEMORENA,Puente de la Morena,8691
COREV1-11ABRIL,Av. Patriotismo - 11 de Abril,8692
COREV1-13SEPTIEMBRE,Av. Patriotismo - 13 de Septiembre,8693
COREV1-MARTIRESCON,Mártires de la Conquista,8694
COREV1-MARTI,Martí,8695
COREV1-PROGRESO,Progreso,8696
COREV1-BFRANKLIN,Benjamín Franklin,8697
COREV1-TAMAULIPAS,Tamaulipas,8698
COREV1-MAZATLAN,Mazatlán,8699
COREV1-ALFONSOREYE,Alfonso Reyes,8700
COREV1-MJUANACATLA,Metro Juanacatlán,8701
COREV1-AGUSMELGAR,Agustín Melgar,8702
COREV1-CETRAMCHAPU,Cetram Chapultepec,8703
COREV0-BARRANCMTO,Barranca del Muerto,8704
COREV0-MCABRERA,Miguel Cabrera,8705
COREV0-CASTANEDA,Castañeda,8706
COREV0-TIZIANO,Tiziano,8707
COREV0-MIXCOAC,Metro Mixcoac,8708
COREV0-MURILLO,Murillo,8709
COREV0-REMBRANDT,Av. Revolución - Rembrandt,8710
COREV0-MSANANTONIO,Metro San Antonio,8711
COREV0-CALLE22,Calle 22,8712
COREV0-CALLE10,Calle 10,8713
COREV0-SANPEDROPIN,Metro San Pedro de los Pinos,8714
COREV0-CALLE2,Calle 2,8715
COREV0-11ABRIL,Av. Revolución - 11 de Abril,8716
COREV0-HEROESPADIE,Av. Revolución - Héroes de Padierna,8717
COREV0-JMVIGIL,Av. Revolución - José María Vigil,8718
COREV0-AVREVOLUCIO,Av. Revolución,8719
COREV0-PROGRESO,Progreso y Av. Revolución,8720
COREV0-MJUANACATLA,Metro Juanacatlán,8721
TRIOX0-TERMCTRALABA,Terminal Central de Abastos,8722
TRIOX0-HUALQUILA,Hualquila,8723
TRIOX0-HUALQUI,Hualquila,8723
TRIOX0-GERENTES,Gerentes,8724
TRIOX0-ETNOGRAFOS,Etnografos,8724
TRIOX0-EMBAJADORES,Embajadores,8725
TRIOX0-DIPLOMATICOS,Diplomaticos,8726
TRIOX0-ARCHIVISTAS,Archivistas,8727
TRIOX0-AVCNLAPATLAC,Av. Canal de Apatlaco,8728
TRIOX0-OXXOCNLCHURU,OXXO Canal de Churubusco,8729
TRIOX0-ANASTASARABIA,Anastacio Sarabia,8730
TRIOX0-ANASTASIOSARA,Anastasio Sarabia,8730
TRIOX0-ESCUADRON201,Metro Escuadrón 201,8731
TRIOX0-EJ4OTECHURU,eje 4 Oriente Av. Rio Churubusco,8732
TRIOX0-CHURUAVTE,Río Churubusco - Av. Te,8733
TRIOX0-CHURUAZAFRAN,Río Churubusco - Azafrán,8734
TRIOX0-CHURUCALL9,río Churubusco - Calle 9,8735
TRIOX0-CHURUAV8,Río Churubusco - Av. 8,8736
TRIOX0-BLVDAV6,Blvd. Pto. Aéreo - Av. 6,8737
TRIOX1-BLVDPTOAEREO,Metro Blvd. Puerto Aéreo,8738
TRIOX0-CALZERIZTAPA,Calz. Ermita Iztapalapa,8739
TRIOX0-ANIOJUAREZ,Año de Juaréz 222,8740
TRIOX0-CALL2,Calle 2,8741
TRIOX0-CHURU10,Churubusco 10,8742
TRIOX0-EJ6STRABSOCIA,Eje 6 sur Trabajadores Sociales,8743
TRIOX0-SONORA,Sonora,8744
TRIOX0-CHURU775,Churubusco 775,8745
TRIOX0-CANALTEZONTL,Canal de Tezontle,8746
TRIOX0-OTE116,Oriente 116,8747
TRIOX0-OTE106,Oriente 106,8748
TRIOX0-OTE102,Oriente 102,8749
TRIOX0-PLUTARCOELIAS,Plurtarco Elias Calles,8750
TRIOX0-PLUTARCOCALL,Av. Plutarco Elias Calles,8750
TRIOX0-AVENA,Av. Río Churubusco - Avena,8751
TRIOX0-EJ3SANIL,Av. Rio Churubusco - Eje 3 Sur Añil,8752
TRIOX0-PALACIODEPOR,Palacio de los Deportes Puerta 2,8753
TRIOX0-BLVDTERESAMIE,Blvd. Pto. Aéreo - Teresa de Mier,8754
TRIOX0-BLVDAV4,Blvd. pto. Aéreo-Av 4,8755
TRIOX0-PLAZAEROPTO,Plaza Aeropuerto,8756
