stop_id,stop_name,stop_lat,stop_lon,agencia,grupo_stop_id
040010-TULIPAN,Tulipán,19.342902,-99.057158,04,4239
01020A00-CIRGPRIETO,Circuito Interior - Guillermo Prieto,19.438267,-99.168144,01,0
0501070-JBARRERA,Juan de la Barrera,19.50992,-99.18857,05,4840
0300L4-20NOVIEMBR,20 de Noviembre,19.42932,-99.13402,03,3907
0300L4-PINOSRZSR,Pino Suárez Sur,19.4261,-99.13421,03,3908
0300L4-SANPABLO,San Pablo,19.42558,-99.1307,03,3909
0300L4-FRAYSERVND,Fray Servando,19.42364,-99.13097,03,3910
0300L4-MSONORASUR,Mercado Sonora Sur,19.42311,-99.1267,03,3911
0501261-MCOPILCO,Metro Copilco,19.33635,-99.1776,05,4841
0501261-PERFCOSUR,Periférico Sur,19.3315,-99.20981,05,4842
0501261-POLLITOS,Los Pollitos,19.30543,-99.23503,05,4843
0501261-JMORNSALID,José Moreno Salido,19.30505,-99.23748,05,4844
0501261-LALOMA,La Loma,19.30463,-99.23996,05,4845
0501261-MAGDALNC,Alcaldía Magdalena Contreras,19.30468,-99.24148,05,4846
0501261-AVSNFCO,Av. San Francisco,19.30442,-99.24388,05,4847
0501260-CCCONTRS,C. C. Contreras,19.3023,-99.24585,05,4848
0501260-ADORHILDA,Andador Hilda,19.30391,-99.24126,05,4849
0501260-CICLOPSTA,Ciclopista,19.30411,-99.23924,05,4850
0501260-ESTACION,La Estación,19.30475,-99.23724,05,4844
0501260-PLZARTZ,Plaza Artz,19.31432,-99.22037,05,4851
0501260-SAMS,SAMS,19.32668,-99.21249,05,4852
040010-ACAHUALT,Acahualtepec,19.35763,-99.00154,04,4240
040010-ACATITL,Acatitlán,19.35528,-99.00813,04,4241
040010-TECOLOXT,Tecoloxtitlán,19.35206,-99.01586,04,4242
040010-IZTAHUAT,Iztahuatzín,19.34876,-99.0185,04,4243
040010-ATZINTLI,Atzintlí,19.34516,-99.02164,04,4244
040010-AZTAHUAC,Aztahuacán,19.34466,-99.02607,04,4245
040010-PAPALOTL,Papalotl,19.34394,-99.03344,04,4246
040010-MEYEHUAL,Meyehualco,19.34319,-99.04125,04,4247
040010-DVOSTACRUZ,Dvo. Santa Cruz,19.34246,-99.04888,04,4248
040010-CONST1917,Constitución de 1917,19.3457,-99.06411,04,4249
0100L1-PANTITLAN,Pantitlán,19.41553,-99.07251,01,1
090R11-PFILOSOFIA,Posgrado de Filosofía,19.33264,-99.19629,09,8519
090R11-AAPAUNAM,AAPAUNAM,19.33437,-99.19536,09,8520
090R11-DIRGRALOBRAS,Dirección General de Obras y Proveeduría,19.33505,-99.19294,09,8521
090R11-RELABORALES,Relaciones Laborales,19.33427,-99.19106,09,8522
0900R8-IIMAS,IIMAS,19.33066,-99.18076,09,8523
0900R8-FRONTONES,Frontones,19.33052,-99.18301,09,8524
0900R8-INGENIERIA,Ingeniería,19.33054,-99.18463,09,8525
0900R8-ALBERCA,Alberca,19.33042,-99.1863,09,8526
0900R8-CTROMEDICO,Centro Médico,19.33016,-99.18774,09,8527
0900R6-CNOVERDE,Camino Verde,19.32563,-99.18199,09,8528
0900R6-ANEXOINGENI,Anexo de Ingeniería,19.32699,-99.18102,09,8529
0900R6-INVERNADERO,Invernadero,19.32898,-99.17992,09,8530
0900R6-CIENCIASMAR,Ciencias del Mar,19.32866,-99.17922,09,8531
0900R6-ICIENTIFICA,Investigación Científica,19.32645,-99.18048,09,8532
0900R6-MBCU,Metrobús CU,19.32299,-99.1893,09,8533
0900R6-IBIOMEDICAS,Investigaciones Biomédicas,19.32312,-99.18968,09,8533
0900R6-PUMITAS2,Pumitas,19.32448,-99.19486,09,8534
0900R6-PISTACALEN2,Pista de Calentamiento II,19.32637,-99.19488,09,8535
0900R6-PISTACALEN,Pista de Calentamiento I,19.32629,-99.19435,09,8536
0900R6-PUMITAS,Pumitas,19.32452,-99.19424,09,8537
0900R6-BASESTADOLIM,Base Estadio Olímpico,19.33354,-99.19057,09,8538
0900R6-ESTACIONAMT2,Estacionamiento 2,19.33347,-99.19324,09,8539
0900R6-ESTACIONAMT3,Estacionamiento 3,19.33255,-99.19457,09,8540
0900R6-ESTACIONAMT4,Estacionamiento 4,19.33124,-99.19417,09,8541
0900R6-ESTACIONAMT6,Estacionamiento 6,19.33028,-99.19339,09,8542
0900R6-ESTACIONAMT7,Estacionamiento 7,19.32914,-99.19239,09,8543
0900R6-ESTACIONMT8,Estacionamiento 8,19.33003,-99.19048,09,8544
0900R6-MUCA,MUCA,19.33008,-99.18905,09,8545
0900R5-FPSICOLOGIA,Facultad de Psicología,19.33465,-99.18915,09,8546
0900R5-FILOSOFIA,Filosofía,19.33495,-99.18725,09,8547
0900R5-DERECHO,Derecho,19.33536,-99.18473,09,8548
0900R5-AVUNIVERSIDAD,Av. Universidad,19.33621,-99.18573,09,8549
0900R5-ECONOMIA,Economía,19.33559,-99.18296,09,8550
0900R5-ODONTOLOGIA,Odontología,19.33487,-99.18078,09,8551
0900R5-MEDICINA,Medicina,19.33456,-99.17981,09,8552
0900R4-CAMPOSFUT2,Campos de Futbol II,19.32329,-99.19207,09,8553
0900R4-JARDINBOTANIC,Jardín Botánico,19.32132,-99.19306,09,8554
0900R4-CAMPOSFUT1,Campos de Futbol I,19.32399,-99.19217,09,8555
0900R4-ESTADIOPRACT,Estadio de Prácticas,19.32673,-99.18809,09,8556
0900R3-CHUMANIDADES,Coordinación de Humanidades,19.31414,-99.18151,09,8557
0900R3-IFILOLOGICAS,Investigaciones Filológicas,19.31406,-99.18106,09,8557
0900R3-IFILOSOFICAS,Investigaciones Filosóficas,19.31397,-99.1801,09,8558
0900R3-AVIMAN,Av. Imán,19.30811,-99.18011,09,8559
0900R3-ARCHIVGRAL,Archivo General,19.30985,-99.18037,09,8560
0900R3-DGAPA,DGAPA,19.3108,-99.18213,09,8561
0900R3-UNIVERSUM,Universum,19.31171,-99.18216,09,8562
0900R3-TEATRODANZA,Teatro y Danza,19.31198,-99.18463,09,8563
0900R3-DGIRE,DGIRE,19.3118,-99.18488,09,8563
0900R3-PECONOMIA,Posgrado de Economía,19.31146,-99.18585,09,8564
0900R3-UPOSGRADO,Unidad de Posgrado,19.30914,-99.18596,09,8565
0900R3-ZONACULTURAL,Zona Cultural,19.3146,-99.18629,09,8566
0900R3-MUAC,MUAC,19.31458,-99.18598,09,8566
0900R3-BIBLIOTECNAL2,Biblioteca Nacional 2,19.31544,-99.18637,09,8567
0900R3-BIBLIOTECANAL,Biblioteca Nacional,19.31577,-99.18611,09,8567
0900R3-ESCULTORICO,Espacio Escultórico,19.31734,-99.18362,09,8568
0900R3-IJURIDICAS2,Investigaciones Jurídicas 2,19.31723,-99.18069,09,8569
0900R3-IJURIDICAS,Investigaciones Jurídicas,19.31687,-99.18045,09,8569
0900R3-FCPOLITICAS,Facultad de Ciencias Políticas,19.3178,-99.17641,09,8570
0900R3-TVUNAM,TV UNAM,19.3176,-99.17626,09,8570
0900R3-CUEC,CUEC,19.3189,-99.17579,09,8571
0900R3-DGSA,DGSA,19.3204,-99.17611,09,8572
0900R3-TIENDAUNAM,Tienda UNAM,19.32129,-99.17625,09,8573
0900R3-TIENDAUNAM2,Tienda UNAM 2,19.32018,-99.17633,09,8572
0900R2-DGTIC,DGTIC,19.3228,-99.18468,09,8574
0900R2-EDUCADISTANC,Educación a Distancia,19.32244,-99.18687,09,8575
0900R2-MBCU,Metrobús CU,19.32369,-99.18792,09,8576
0900R2-BASEMBCU,Base Metrobús CU,19.32392,-99.18767,09,8576
0900R2-TRABAJOSOCI,Escuela de Trabajo Social,19.32323,-99.18664,09,8577
0900R2-FCONTADMIN,Facultad de Contaduría y Administración,19.32359,-99.18478,09,8578
0900R2-FCIENCIASPRO,Facultad de Ciencias Profesores,19.3249,-99.18174,09,8579
0900R2-FCIENCIAS,Facultad de Ciencias ,19.32224,-99.1791,09,8580
0900R2-FCIENCIASALU,Facultad de Ciencias Alumnos,19.32261,-99.1791,09,8580
0900R2-BASEMCU,Base Metro Universidad,19.32446,-99.17564,09,8581
0900R1-QUIMICADE,Química Conjunto D y E,19.32283,-99.17745,09,8582
0900R1-IGEOFISICA,Instituto de Geofísica,19.32646,-99.17511,09,8583
0900R1-FMVETERINARIA,Facultad M. Veterinaria,19.32915,-99.17563,09,8584
0900R1-FMEDICINA,Facultad de Medicina,19.33296,-99.17876,09,8585
0900R1-FODONTOLOG,Facultad de Odontología,19.3347,-99.18071,09,8551
0900R1-FECONOMIA,Facultad de Economía,19.33522,-99.18294,09,8550
0900R1-FDERECHO,Facultad de Derecho,19.335,-99.18478,09,8548
0900R1-FILOSOFIA,Facultad de Filosofía,19.33467,-99.18778,09,8586
0900R1-PSICOLOGIA,Psicología,19.3345,-99.18919,09,8546
0900R1-RECTORIA,Rectoría,19.33268,-99.18937,09,8587
0900R1-FARQUITECTU,Facultad de Arquitectura,19.33054,-99.1868,09,8588
0900R1-FINGENIERIA,Facultad de Ingeniería,19.33075,-99.18453,09,8525
0900R1-ENALLT,ENALLT (CELE),19.33075,-99.18353,09,8589
0900R1-FQUIMICA,Facultad de Química,19.33084,-99.18076,09,8523
0900R1-PSIQUIATRIASM,Psiquiatría y Salud Mental,19.33218,-99.17844,09,8590
0900R1-CENDI,CENDI,19.32773,-99.17477,09,8591
0900R1-BASEMCU,Base Metro Universidad,19.32403,-99.17477,09,8592
01023D00-TEXACALCOT,Texacalco - Tecamachalco,19.42611,-99.22902,01,2
01023D00-TEXACALCO,Texacalco ,19.4265,-99.2294,01,3
01023D01-TEXATLATUL,Texacalco - Fuente de Templanza Atlatunco,19.42612,-99.22984,01,4
01023D01-ATLATULTLAX,Fuente de Templanza Atlatunco - Tlaxcatitlán,19.42573,-99.23036,01,5
01023D01-ATLATULCHAY,Fuente de Templanza Atlatunco - Chayiyicame,19.42491,-99.23133,01,6
01023D00-ATLATULCO,Fuente de Templanza Atlatunco - Acuezunco,19.42412,-99.23233,01,7
01023D00-FTESTECAMA,Av. de las Fuentes - Tecamachalco,19.42225,-99.23331,01,8
01023D01-GTAVFUENTS,Glorieta Av. de las Fuentes,19.42458,-99.23441,01,9
01023D00-TRITONJUANA,Fuente de Tritones - Juana de Arco,19.42483,-99.23462,01,9
01023D00-TRITONADAN,Fuente de Tritones - Fuente de Adán,19.42766,-99.23049,01,10
01023C00-ESIA,ESIA,19.43034,-99.23236,01,11
01023C00-AGUAESIA,Agua Caliente - ESIA,19.42973,-99.23318,01,12
01023C01-AGUAESIA,Agua Caliente - ESIA,19.42989,-99.23326,01,12
01023C01-AGUALEONES,Agua Caliente - Fuente de los Leones,19.42913,-99.23335,01,13
01023C01-NINOAGUILA,Fuente del Niño - Fuente de las Águilas,19.42854,-99.23195,01,14
01023C01-TRITONINO,Fuente de Tritones - Fuente del Niño,19.42868,-99.22982,01,15
01023B01-SRRSTAROSM,Sierra Santa Rosa - Muinura,19.43263,-99.21548,01,16
01023B01-SANISIDRO,San Isidro,19.43091,-99.21608,01,17
01023B01-SRRSTAROS4,Sierra Santa Rosa - Calle 4,19.43118,-99.21739,01,18
01023B01-SRRSTAROS10,Sierra Santa Rosa - Calle 10,19.43027,-99.21989,01,19
01023B01-SRRSTAROS13,Sierra Santa Rosa - Calle 13,19.42997,-99.22135,01,20
01023B01-SRRSTAROSA,Sierra Santa Rosa - Calle 16,19.42981,-99.22318,01,21
01023B00-ONTARIOATTE,Lago Ontario - Lago Atter,19.45522,-99.19404,01,22
01023B00-ONTARIOLORE,Lago Ontario - San Lorenzo,19.45456,-99.19142,01,23
01023B00-GOLFONTARI,Golfo del Eden - Lago Ontario,19.45417,-99.1897,01,24
01023B00-MNALGOLFOE,Av. Marina Nacional - Golfo del Eden,19.45681,-99.18905,01,25
01023A00-CETRAMTAC2,CETRAM Tacuba 2,19.45858,-99.18951,01,26
01023A00-PIPILANARCI,Blvd. Pipila - Narciso de Mendoza,19.43733,-99.22776,01,27
01023A00-PIPILACONSC,Blvd. Pipila - Av. del Conscripto,19.43806,-99.22851,01,28
01023A00-LERMAMEDIC,Av. Río Lerma - Especialidades Médicas,19.43737,-99.22957,01,29
01023A00-ESPMEDICAS,Especialidades Médicas,19.43713,-99.22905,01,30
01023A01-LERMAFCOME,Acueducto Río Lerma - Narciso Mendoza,19.43686,-99.22856,01,31
01023A01-AGUILAVFTES,Fuente de las Águilas - Av. de las Fuentes,19.42839,-99.22857,01,32
01023A01-TRITONAVFTE,Fuente de Tritones - Av. de las Fuentes,19.42911,-99.22812,01,33
01023A01-TRITONAGUIL,Fuente de Tritones - Fuente de las Águilas,19.42979,-99.22764,01,34
01023A01-IMLTRTECAMA,Industria Militar - Puente Tecamachalco,19.43127,-99.22614,01,35
01023A00-IMLTRTECAMA,Industria Militar - Puente Tecamachalco,19.43151,-99.22609,01,35
01023A01-IMLTRMEDICS,Industria Militar - Especialidades Médicas,19.43266,-99.22424,01,36
01023A00-IMLTRMEDICS,Industria Militar - Especialidades Médicas,19.43307,-99.22407,01,36
01023A01-IMLTRCESAR,Industria Militar - Gral. Cesareo Castro,19.43381,-99.22281,01,37
01023A00-IMLTRCESAR,Industria Militar - Gral. Cesareo Castro,19.43403,-99.22277,01,37
01023A01-IMLTRABRAH,Industria Militar - Gral. Abraham Cepeda,19.43568,-99.22119,01,38
01023A00-IMLTRABRAH,Industria Militar - Gral. Abraham Cepeda,19.43614,-99.22107,01,39
01023A01-IMLTRILDEFO,Industria Militar - Gral. Ildefonso Vazquez (Velatorio),19.43719,-99.21995,01,40
01023A00-IMLTRILDEFO,Industria Militar - Gral. Ildefonso Vazquez (Velatorio),19.43791,-99.21964,01,41
01023A01-IMLTRJCABRL,Industria Militar - Gral. Juan Cabral,19.43916,-99.21825,01,42
01023A00-IMLTRJCABRL,Industria Militar - Gral. Juan Cabral,19.43953,-99.21833,01,42
01023A01-IMLTRAPERIF,Industria Militar - Anillo Periférico,19.44177,-99.21615,01,43
01023A00-CLEGARIAPER,Calz. Legaria - Anillo Periférico,19.44262,-99.21529,01,44
01023A01-CLEGARIARDZ,Calz. Legaria - Presa Rodríguez,19.44329,-99.21331,01,45
01023A00-CLEGARIARDZ,Calz. Legaria - Presa Rodríguez,19.44362,-99.21308,01,45
01023A01-CLEGARIAPRD,Calz. Legaria - Presa Endo,19.44395,-99.21179,01,46
01023A00-CLEGARIAPRE,Calz. Legaria - Presa Salinillas Presa Don Martín,19.44516,-99.21016,01,47
01023A01-CLEGARIAPRE,Calz. Legaria - Presa Angostura,19.44641,-99.20784,01,48
01023A00-CLEGARIAMON,Calz. Legaria - Glorieta de la Moneda,19.44708,-99.20736,01,49
01023A01-CLEGARIARIO,Calz. Legaria - Río San Joaquín,19.44771,-99.20605,01,50
01023A00-CLEGARIARIO,Calz. Legaria - Río San Joaquín,19.44841,-99.20568,01,51
01023A01-CLEGARIAGIN,Calz. Legaria - Ginebra,19.44866,-99.20476,01,52
01023A00-GTAPANTEONF,Glorieta del Panteón Frances,19.44981,-99.20409,01,53
01023A01-CLEGARIAC2,Calz. Legaria - Calle 2,19.45035,-99.20281,01,54
01023A00-CLEGARIASTA,Calz. Legaria - Glorieta Santa Cruz Cacalco,19.45108,-99.20231,01,55
01023A01-CLEGARIATIT,Calz. Legaria - Lago Atitlan,19.45162,-99.201,01,56
01023A00-CLEGARIATIT,Calz. Legaria - Lago Atitlan,19.4521,-99.20089,01,57
01023A01-CLEGARIAGTA,Calz. Legaria - Glorieta Ignacio Allende,19.45282,-99.19923,01,58
01023A00-CLEGARIAGTA,Calz. Legaria - Glorieta Ignacio Allende,19.45362,-99.19862,01,59
01023A01-CLEGARIAFPE,Calz. Legaria - Felipe Carrillo Puerto,19.45433,-99.19697,01,60
01023A00-CLEGARIAFPE,Calz. Legaria - Felipe Carrillo Puerto,19.45488,-99.19677,01,61
01023A00-CLEGARIAIZA,Calz. Legaria - Lago Izabal,19.45588,-99.19513,01,62
01023A00-CLEGARIASUP,Calz. Legaria - Lago Superior,19.45767,-99.19254,01,63
01023A00-CETRAMTACU,CETRAM Tacuba,19.45846,-99.18906,01,26
0300L7-GTACUI01,Glorieta Cuitláhuac,19.44742,-99.13578,03,3912
0300L5-GANADEROS1,Ganaderos,19.35014,-99.11081,03,3913
0300L5-GANADEROS,Ganaderos,19.35014,-99.11095,03,3913
0300L5-CHURUOTE1,Churubusco Oriente,19.37156,-99.10775,03,3914
0300L5-CHURUOTE,Churubusco Oriente,19.37163,-99.10799,03,3914
0300L5-ACULCO1,Aculco,19.37491,-99.10789,03,3915
0300L5-ACULCO,Aculco,19.37485,-99.10807,03,3915
0300L5-APATLACO1,Apatlaco,19.37808,-99.109,03,3916
0300L5-APATLACO,Apatlaco,19.37805,-99.10915,03,3916
0300L5-CANALAPATLAC1,Canal de Apatlaco,19.38283,-99.11082,03,3917
0300L5-CANALAPATLACO,Canal de Apatlaco,19.38281,-99.11095,03,3917
0300L5-COLBACH31,Colegio de Bachilleres 3,19.38632,-99.11163,03,3918
0300L5-COLBACH3,Colegio de Bachilleres 3,19.38632,-99.11173,03,3918
0300L5-RECREO1,Recreo,19.39379,-99.11357,03,3919
0300L5-RECREO,Recreo,19.39389,-99.11368,03,3919
0300L5-MOCTEZUMA1,Moctezuma,19.42631,-99.11136,03,3920
0300L5-MOCTEZUMA,Moctezuma,19.42606,-99.11144,03,3920
0300L5-SANLAZARO1,San Lázaro Sur,19.4304,-99.11533,03,3921
0300L5-RIOCONSULADO1,Río Consulado,19.45359,-99.10834,03,3922
0300L5-RIOCONSULADO,Río Consulado,19.45369,-99.10854,03,3922
0300L5-RIOSTACOLETA1,Río Santa Coleta,19.45599,-99.10741,03,3923
0300L5-RIOSTACOLETA,Río Santa Coleta,19.45608,-99.10756,03,3923
0300L5-OTE1011,Oriente 101,19.46083,-99.10542,03,3924
0300L5-OTE101,Oriente 101,19.4609,-99.10568,03,3924
0300L5-VICTORIA1,Victoria,19.4673,-99.10263,03,3925
0300L5-VICTORIA,Victoria,19.46742,-99.10291,03,3925
0300L5-TALISMAN1,Talisman,19.471,-99.1011,03,3926
0300L5-TALISMAN,Talisman,19.47108,-99.10141,03,3926
0300L5-RIOGPE1,Río de Guadalupe,19.47594,-99.09895,03,3927
0300L5-RIOGPE,Río de Guadalupe,19.47607,-99.0993,03,3927
0300L5-SANJUANARAGO1,San Juan de Aragón,19.47984,-99.09731,03,3928
0300L5-SANJUANARAGO,San Juan de Aragón,19.47996,-99.09772,03,3928
0300L5-PREPA31,Preparatoria 3,19.4833,-99.09583,03,3929
0300L5-PREPA3,Preparatoria 3,19.4836,-99.09618,03,3929
0300L5-COYOL1,El Coyol,19.48746,-99.09401,03,3930
0300L5-COYOL,El Coyol,19.48746,-99.09447,03,3930
0300L5-VASCOQUIRO1,Vasco de Quiroga,19.4932,-99.09159,03,3931
0300L5-VASCOQUIRO,Vasco de Quiroga,19.49335,-99.09202,03,3931
0300L5-5MAYO1,5 de Mayo,19.49699,-99.08996,03,3932
0300L5-5MAYO,5 de Mayo,19.49716,-99.09044,03,3933
0300L5-NEWSDIVINE1,314 Memorial New's Divine,19.50053,-99.08847,03,3934
0300L5-NEWSDIVINE,314 Memorial New's Divine,19.50088,-99.08891,03,3935
0300L3-STACRUZATOYAC,Pueblo Sta. Cruz Atoyac,19.37159,-99.16098,03,3936
0400L8-CDAMSTAMPA,Cerrada Manuel Stampa,19.4991,-99.14681,04,4250
0400L8-ENCBIOLOGICA,Escuela Nacional de Ciencias Biológicas,19.4984,-99.14595,04,4251
05116A1-CENTENARI,Centenario,19.34615,-99.21123,05,4853
010C1150-EJ1NREFORMA,Eje 1 Norte Rayón - Av. Paseo de la Reforma,19.44385,-99.13943,01,64
010C1150-RFMEJCTRALC,Ricardo Flores Magón - Eje Central Lázaro Cardenas,19.44989,-99.13857,01,65
010C1150-RFMLERDO,Ricardo Flores Magón - Lerdo,19.45115,-99.14151,01,66
010C1150-RFMISSSTE,Ricardo Flores Magón - Tienda ISSSTE,19.45148,-99.14274,01,67
010C1150-RFMZARCO,Ricardo Flores Magón - Zarco,19.45179,-99.14377,01,68
010C1150-RFMGUERRERO,Ricardo Flores Magón - Guerrero,19.45247,-99.14593,01,69
010C1150-RFMZARAGOZA,Ricardo Flores Magón  - Zaragoza,19.45283,-99.14726,01,70
010C1150-RFMSABINO,Ricardo Flores Magón - Sabino,19.45499,-99.15895,01,71
010C1150-RFMLAUREL,Ricardo Flores Magón - Laurel,19.45506,-99.1595,01,72
010C1150-RFMFRESNO,Ricardo Flores Magón - Fresno,19.45518,-99.16008,01,73
010C1150-RFMCEDRO,Ricardo Flores Magón - Cedro,19.45533,-99.16122,01,74
010C1150-RFMNOGAL,Ricardo Flores Magón - Nogal,19.45562,-99.16306,01,75
010C1150-MAESGALLOS,Av. de los Maestros - Calz. de los Gallos,19.45599,-99.16597,01,76
010C1151-GAONAMILITAR,Rodolfo Gaona - Av. Ingenieros Militares,19.44967,-99.21658,01,77
010C1151-SOTELORNO102,Lomas de Sotelo - Retorno 102,19.44783,-99.21372,01,78
010C1151-SOTELOJOAQ,Lomas de Sotelo - Av. Río San Joaquín,19.44898,-99.20772,01,79
010C1151-JOAQMOLIERE,Av. Río San Joaquin - Moliere,19.44448,-99.199,01,80
010C1151-JOAQ,Av. Río San Joaquin - Lago Erne,19.44342,-99.19615,01,81
010C1151-HIELMARJOAQ,Lago Hielmar - Av. Río San Joaquin,19.44297000000001,-99.19225,01,82
010C1151-HIELMARGINEB,Lago Hielmar - Lago Ginebra,19.44501,-99.19197,01,83
010C1151-CHIEMLGNAUR,Lago Chiem - Lago Naur,19.44677,-99.19165,01,84
010C1151-FCPLAGOCHIEM,Felipe Carrillo Puerto - Lago Chiem,19.453,-99.18992,01,85
010C1151-FCPCJONLUZ,Felipe Carrillo Puerto - Callejón de la Luz,19.45283,-99.18918,01,86
010C1151-FCPSNJUANICO,Felipe Carrillo Puerto - San Juanico,19.45266,-99.18853,01,87
010C1151-FCPESPIRIDIN,Felipe Carrillo Puerto - Lago Espiridino,19.45253,-99.18791,01,88
010C1151-FCPCONSTANZ,Felipe Carrillo Puerto - Lago Constanza,19.45216,-99.18626,01,89
010C1151-RFMCEDRO,Ricardo Flores Magón - Cedro,19.45543,-99.16094,01,74
010C1151-RFMFRESNO,Ricardo Flores Magón - Fresno,19.45528,-99.15982,01,72
010C1151-RFMGUERRERO,Ricardo Flores Magón - Guerrero,19.45252,-99.14559,01,69
010C1151-RFMZARCO,Ricardo Flores Magón - Zarco,19.4519,-99.14361,01,68
010C1151-RFMLERDO,Ricardo Flores Magón - Lerdo,19.45114,-99.14093,01,90
010C1151-RFMEJCTRALC,Ricardo Flores Magón - Eje Central Lázaro Cardenas,19.44995,-99.13823,01,65
010C1151-REFRFLORESM,Av. Paseo de la Reforma - Ricardo Flores Magón,19.44871,-99.13525,01,91
TRIOX0-TERMCTRALABA,Terminal Central de Abastos,19.37185,-99.09618,TR,8722
TRIOX0-HUALQUI,Hualquila,19.3737,-99.09893,TR,8723
TRIOX0-GERENTES,Gerentes,19.37512000000001,-99.09845,TR,8724
TRIOX0-ETNOGRAFOS,Etnografos,19.37536,-99.09824,TR,8724
TRIOX0-EMBAJADORES,Embajadores,19.3761,-99.09785,TR,8725
TRIOX0-DIPLOMATICOS,Diplomaticos,19.37669,-99.09757,TR,8726
TRIOX0-ARCHIVISTAS,Archivistas,19.37795,-99.09688,TR,8727
TRIOX0-AVCNLAPATLAC,Av. Canal de Apatlaco,19.37965,-99.096,TR,8728
TRIOX0-HUALQUILA,Hualquila,19.37396,-99.09874,TR,8723
TRIOX0-OXXOCNLCHURU,OXXO Canal de Churubusco,19.37606,-99.09735,TR,8729
TRIOX0-ANASTASIOSARA,Anastasio Sarabia,19.36056,-99.11034,TR,8730
TRIOX0-ESCUADRON201,Metro Escuadrón 201,19.36451,-99.10941,TR,8731
TRIOX0-EJ4OTECHURU,eje 4 Oriente Av. Rio Churubusco,19.36981,-99.10812,TR,8732
TRIOX0-CHURUAVTE,Río Churubusco - Av. Te,19.39644,-99.09855,TR,8733
TRIOX0-CHURUAZAFRAN,Río Churubusco - Azafrán,19.40068,-99.0979,TR,8734
TRIOX0-CHURUCALL9,río Churubusco - Calle 9,19.41288,-99.09763,TR,8735
TRIOX0-CHURUAV8,Río Churubusco - Av. 8,19.41674,-99.09782,TR,8736
TRIOX0-BLVDAV6,Blvd. Pto. Aéreo - Av. 6,19.41758,-99.09737,TR,8737
TRIOX1-BLVDPTOAEREO,Metro Blvd. Puerto Aéreo,19.41935,-99.09637,TR,8738
TRIOX0-CALZERIZTAPA,Calz. Ermita Iztapalapa,19.35684,-99.11145,TR,8739
TRIOX0-ANASTASARABIA,Anastacio Sarabia,19.3607,-99.11057,TR,8730
TRIOX0-ANIOJUAREZ,Año de Juaréz 222,19.36486,-99.10689,TR,8740
TRIOX0-CALL2,Calle 2,19.37027,-99.10795,TR,8741
TRIOX0-CHURU10,Churubusco 10,19.37047,-99.10609,TR,8742
TRIOX0-EJ6STRABSOCIA,Eje 6 sur Trabajadores Sociales,19.37225,-99.10319,TR,8743
TRIOX0-SONORA,Sonora,19.37608,-99.1022,TR,8744
TRIOX0-CHURU775,Churubusco 775,19.38391,-99.10109,TR,8745
TRIOX0-CANALTEZONTL,Canal de Tezontle,19.38614,-99.1008,TR,8746
TRIOX0-OTE116,Oriente 116,19.38906,-99.10057,TR,8747
TRIOX0-OTE106,Oriente 106,19.39259,-99.10025,TR,8748
TRIOX0-OTE102,Oriente 102,19.39421,-99.10007,TR,8749
TRIOX0-PLUTARCOCALL,Av. Plutarco Elias Calles,19.39668,-99.0993,TR,8750
TRIOX0-PLUTARCOELIAS,Plurtarco Elias Calles,19.39709,-99.09923,TR,8750
TRIOX0-AVENA,Av. Río Churubusco - Avena,19.40194,-99.09851,TR,8751
TRIOX0-EJ3SANIL,Av. Rio Churubusco - Eje 3 Sur Añil,19.403,-99.09839,TR,8752
TRIOX0-PALACIODEPOR,Palacio de los Deportes Puerta 2,19.40445,-99.09814,TR,8753
TRIOX0-BLVDTERESAMIE,Blvd. Pto. Aéreo - Teresa de Mier,19.4172,-99.09827,TR,8754
TRIOX0-BLVDAV4,Blvd. pto. Aéreo-Av 4,19.41854,-99.09681,TR,8755
TRIOX0-PLAZAEROPTO,Plaza Aeropuerto,19.4204,-99.0963,TR,8756
CONGE1-TERMINALPTO,Terminal Puerto Aéreo,19.41977,-99.096,CO,8598
CONGE1-ZARAGOZA,Blvd. Pto. Aéreo - Zaragoza,19.42038,-99.09626,CO,8599
CONGE1-BLVDPTOAER,Potzolcalli Blvd. pto. Aéreo,19.42321,-99.0947,CO,8600
CONGE1-BLVDNTE9,Blvd. Pto. Aéreo - Norte 9,19.42436,-99.0941,CO,8601
CONGE1-BLVDNTE13,Blvd. Pto. Aéreo - Norte 13,19.42563,-99.09337,CO,8602
CONGE1-BLVDNTE17,Blvd. Pto. Aéreo - Norte 17,19.42723,-99.0925,CO,8603
CONGE1-NTE33,Norte 33,19.43344,-99.08908,CO,8604
CONGE1-PERSIA,Persia,19.43952,-99.0861,CO,8605
CONGE1-RIOCONS2941,Río Consulado 2941,19.44135,-99.08561,CO,8606
CONGE1-MOCEANIA,Metro Oceania,19.44472,-99.08694,CO,8607
CONGE1-PEKIN,Pekin,19.45006,-99.09169,CO,8608
CONGE1-PEQUINES,Pequines,19.45092,-99.09672,CO,8609
CONGE1-RIOCONS2332,Río Consulado 2332,19.44967,-99.101,CO,8610
CONGE1-EDOMOLINA,Eduardo Molina,19.4526,-99.10919,CO,8611
CONGE1-RIOCONS275,Río Consulado 275,19.45433,-99.1129,CO,8612
CONGE1-RIOCONS2010,Río Consulado 2010,19.45601,-99.11503,CO,8613
CONGE1-VALLGMZ,Valle Gómez,19.45868,-99.11955,CO,8614
CONGE1-RIOCONS174,Río Consulado 174,19.46037,-99.12476,CO,8615
CONGE1-MISTERIOS,Metro Misterios,19.46302,-99.13055,CO,8616
CONGE1-RIOCONS1501,Río Consulado 1501,19.46469,-99.13344,CO,8617
CONGE1-FPEVILLANUE,Felipe Villanueva,19.46375,-99.14205,CO,8618
CONGE1-TILOS,Tilos,19.46278,-99.1503,CO,8619
CONGE1-JACARNDPGR,Paseo de las Jacarandas - PGR,19.46392,-99.15806,CO,8620
CONGE1-EULALIAGUZM,Eulalia  Guzman,19.45952,-99.16249,CO,8621
CONGE1-ITINDUS255,Instituto Tecnico Industrial 255,19.45359,-99.16386,CO,8622
CONGE1-RIBCOSME,Ribera de San Cosme,19.44335,-99.16562,CO,8623
CONGE1-GMOPRIETO,Guillermo Prieto,19.43865,-99.16802,CO,8624
CONGE1-RIOTIBER13,Río tiber 13,19.43329,-99.17133,CO,8625
CONGE1-MOCAM330,Melchor Ocampo 330,19.43061,-99.17294,CO,8626
CONGE1-MOCAM380,Melchor Ocampo 380,19.42836,-99.17434,CO,8627
CONGE1-MOCAM1351,Melchor Ocampo 1351,19.42445,-99.17692,CO,8628
CONGE1-JVASC678,José Vasconcelos 678,19.42303,-99.17763,CO,8629
CONGE1-JVASC158,José Vasconcelo 158,19.42115,-99.17757,CO,8630
CONGE1-AMELGARCHA,Agustín Melgar - Metro Chapultepec,19.41981,-99.17723,CO,8631
CONGE1-JVASCONCE66,José Vasconcelos 66,19.41795,-99.17817,CO,8632
CONGE1-EJ2SJESCUTI,eje 2 Sur Juan Escutia,19.41675,-99.17883,CO,8633
CONGE1-CHICONTEPEC,Chicontepec,19.41023,-99.18282,CO,8634
CONGE1-VEGUIAJALISC,Vicente Eguia - Jalisco,19.4078,-99.18449,CO,8635
CONGE0-MTACUBAYA,Metro Tacubaya,19.40394,-99.18704,CO,8636
CONGE0-BFRANKLIN,Jalisco - Benjamín Franklin,19.40774,-99.18445,CO,8635
CONGE0-IESTEVA,Ignacio esteva,19.40961,-99.18358,CO,8637
CONGE0-CONSTITUYN,Av. Constituyentes,19.41711,-99.17923,CO,8638
CONGE0-AGUSMELGAR,Agustín Melgar,19.41951,-99.17801,CO,8639
CONGE0-MNOESCOBED,Mariano Escobedo,19.42404,-99.17767,CO,8640
CONGE0-MOCAMPO365,Melchor Ocampo 365,19.42946,-99.17413,CO,8641
CONGE0-BAHIASCEN,Bahia de la Ascencion,19.4347,-99.171,CO,8642
CONGE0-MARINANAL,Marina Nacional,19.43666,-99.16976,CO,8643
CONGE0-MOCAMPO83,Melchor Ocampo  83,19.4385,-99.16858,CO,8644
CONGE0-RIBCOSME,Ribera de san Cosme,19.44389,-99.16587,CO,8645
CONGE0-MCARPIO,Manuel Carpio,19.45196,-99.16449,CO,8646
CONGE0-EULALIAGUZM,Eulalia Guzman,19.45972,-99.16284,CO,8621
CONGE0-CALZGALLOS,Calz. de los Gallos,19.45591,-99.16399,CO,8647
CONGE0-RIOCONS680,Río Consulado 680,19.46255,-99.16031,CO,8648
CONGE0-JACAPINO,Paseo de las Jacarandas - Pino,19.4635,-99.1535,CO,8649
CONGE0-JACARATLAXC,Paseo de las Jacarandas - Tlaxcaltecas,19.46429,-99.14625,CO,8650
CONGE0-RIOCONS1410,Río Consulado 1410,19.46534,-99.13723,CO,8651
CONGE0-MISTERIOS,Metro Misterios,19.46315,-99.12986,CO,8652
CONGE0-MVALLEGMZ,Metro Valle Gómez,19.45896,-99.11912,CO,8653
CONGE0-MCONSULADO,Metro Consulado,19.45565,-99.11371,CO,8654
CONGE0-NTE72,Norte 72,19.45404,-99.1114,CO,8655
CONGE0-MEDOMOLINA,Metro Eduardo Molina,19.4515,-99.10507,CO,8656
CONGE0-RIOCONS2350,Río Consulado 2350,19.45008,-99.10054,CO,8657
CONGE0-MARAGON,Río Consulado - Metro Aragon,19.45142,-99.09626,CO,8658
CONGE0-AV535,Av. 535,19.45042,-99.09146,CO,8608
CONGE0-AV549,Av. 549,19.44765,-99.08848,CO,8659
CONGE0-AVOCEANIA,Cto. Interior - Av. Oceania,19.44504,-99.08664,CO,8607
CONGE0-NTE178,Cto. Interior - Norte 178,19.44333,-99.08589,CO,8660
CONGE0-AVMORELOS,Cto. Interior - Av. Morelos,19.44002,-99.08541,CO,8661
CONGE0-AVPENON,Cto. Interior - Av. del Peñon,19.4383,-99.08599,CO,8662
CONGE0-CTOINTERMAE,Circuito Interior - Metro Terminal Aerea,19.434,-99.08824,CO,8663
CONGE0-CTOINTNOR,Circuito Interior NOR,19.42982,-99.09055,CO,8664
CONGE0-CTOINTNTE13,Circuito Interior - Norte 13,19.42533,-99.09307,CO,8602
CONGE0-CTOINTNTE9,Circuito Interior - Norte 9,19.42398,-99.09388,CO,8601
CONGE0-BLVDPTOA87,Blvd. Pto. Aéreo 87,19.42196,-99.09496,CO,8665
CONGE0-BLVDPTOAER,Blvd. Puerto Aéreo - I. Zaragoza,19.42067,-99.09566,CO,8666
COREV1-EJE10SUR,Eje 10 Sur,19.33866,-99.19202,CO,8667
COREV1-ALTAMIRANO,Altamirano,19.33977,-99.19155,CO,8668
COREV1-REYCUAUHT,Rey Cuauhtemoc,19.34221,-99.19065,CO,8669
COREV1-DRGALVEZ,Dr. Galvez,19.34367,-99.19028,CO,8670
COREV1-LASFLORES,Altavista Las Flores,19.34689,-99.1901,CO,8671
COREV1-ALTLASFLORES,Altavista Las Flores,19.34832,-99.19038,CO,8672
COREV1-MALUISA,María Luisa,19.35121,-99.19028,CO,8673
COREV1-FERVILLALPAN,Fernando Villalpando,19.353720000000006,-99.19003,CO,8674
COREV1-RICARCASTRO,Ricardo Castro,19.35577,-99.1898,CO,8675
COREV1-SOFIA,Sofia,19.35752,-99.1896,CO,8676
COREV1-FPEVILLANVA,Felipe Villanueva,19.36031,-99.18931,CO,8677
COREV1-BMUERTO,Metro Barranca del Muerto,19.36161,-99.18915,CO,8678
COREV1-JMVELASCO,José María Velasco,19.3646,-99.18886,CO,8679
COREV1-DBECERRA,Diego Becerra,19.36666,-99.1886,CO,8680
COREV1-JOSECASTILLO,José del Castillo,19.37177,-99.18799,CO,8681
COREV1-GOYA,Goya,19.37419,-99.18703,CO,8682
COREV1-MIXCOAC,Metro Mixcoac,19.37611,-99.18657,CO,8683
COREV1-RUBENS,Rubens,19.37834,-99.18577,CO,8684
COREV1-HOLBEIN,Holbein,19.38084,-99.18475,CO,8685
COREV1-TINTORETO,Tintoreto,19.38377,-99.1836,CO,8686
COREV1-SANANTONIO,San Antonio,19.38488,-99.18319,CO,8687
COREV1-CALLE21,Calle 21,19.38735,-99.18251,CO,8688
COREV1-CALLE17,Av. Patriotismo - Calle 17,19.38868,-99.18237,CO,8689
COREV1-CALLE9,Av. Patriotismo - Calle 9 ,19.39116,-99.18207,CO,8690
COREV1-PTEMORENA,Puente de la Morena,19.39542,-99.18134,CO,8691
COREV1-11ABRIL,Av. Patriotismo - 11 de Abril,19.39709,-99.18088,CO,8692
COREV1-13SEPTIEMBRE,Av. Patriotismo - 13 de Septiembre,19.39913,-99.18028,CO,8693
COREV1-MARTIRESCON,Mártires de la Conquista,19.40075,-99.17968,CO,8694
COREV1-MARTI,Martí,19.40264,-99.17901,CO,8695
COREV1-PROGRESO,Progreso,19.40437,-99.1784,CO,8696
COREV1-BFRANKLIN,Benjamín Franklin,19.40564,-99.17797,CO,8697
COREV1-TAMAULIPAS,Tamaulipas,19.4067,-99.17841,CO,8698
COREV1-MAZATLAN,Mazatlán,19.409270000000006,-99.17993,CO,8699
COREV1-ALFONSOREYE,Alfonso Reyes,19.41054,-99.18069,CO,8700
COREV1-MJUANACATLA,Metro Juanacatlán,19.41243,-99.18129,CO,8701
COREV1-AGUSMELGAR,Agustín Melgar,19.41908,-99.17747,CO,8702
COREV1-CETRAMCHAPU,Cetram Chapultepec,19.42077,-99.17549,CO,8703
COREV0-EJE10SUR,Eje 10 Sur,19.33876,-99.19222,CO,8667
COREV0-ALTAMIRANO,Altamirano,19.3399,-99.19177,CO,8668
COREV0-REYCUAUHTE,Rey Cuauhtémoc,19.342270000000006,-99.1909,CO,8669
COREV0-DRGALVEZ,Dr. Galvez,19.34385,-99.19047,CO,8670
COREV0-LASFLORES,Altavista Las Flores,19.34674,-99.19026,CO,8671
COREV0-ALTAVISTA,Av. Revolución - Altavista,19.34864,-99.19069,CO,8672
COREV0-MALUISA,Av. Revolución - María Luisa,19.35125,-99.19055,CO,8673
COREV0-TLACOPAC,Tlacopac,19.354,-99.19029,CO,8674
COREV0-ROBERBOKER,Roberto Boker,19.356,-99.19005,CO,8675
COREV0-SOFIA,Sofia,19.3576,-99.18987,CO,8676
COREV0-BARRANCMTO,Barranca del Muerto,19.36318,-99.18926,CO,8704
COREV0-JUANTINOCO,Juan Tinoco,19.3647,-99.18907,CO,8679
COREV0-MERCEGOMEZ,Merced Gómez,19.36675,-99.1888,CO,8680
COREV0-MCABRERA,Miguel Cabrera,19.36926,-99.18854,CO,8705
COREV0-CASTANEDA,Castañeda,19.3709,-99.18837,CO,8706
COREV0-LOSECHAVE,Los Echave,19.37191,-99.18826,CO,8681
COREV0-TIZIANO,Tiziano,19.37314,-99.18813,CO,8707
COREV0-MIXCOAC,Metro Mixcoac,19.3762,-99.18775,CO,8708
COREV0-MURILLO,Murillo,19.37905,-99.18732,CO,8709
COREV0-REMBRANDT,Av. Revolución - Rembrandt,19.38116,-99.18707,CO,8710
COREV0-MSANANTONIO,Metro San Antonio,19.38498,-99.18665,CO,8711
COREV0-CALLE22,Calle 22,19.38586,-99.18654,CO,8712
COREV0-CALLE10,Calle 10,19.38914,-99.18616,CO,8713
COREV0-SANPEDROPIN,Metro San Pedro de los Pinos,19.39122,-99.18593,CO,8714
COREV0-CALLE2,Calle 2,19.39245,-99.18578,CO,8715
COREV0-11ABRIL,Av. Revolución - 11 de Abril,19.39598,-99.18539,CO,8716
COREV0-HEROESPADIE,Av. Revolución - Héroes de Padierna,19.39804,-99.18515,CO,8717
COREV0-JMVIGIL,Av. Revolución - José María Vigil,19.40152,-99.18488,CO,8718
COREV0-AVREVOLUCIO,Av. Revolución,19.40333,-99.18473,CO,8719
COREV0-PROGRESO,Progreso y Av. Revolución,19.40646,-99.18451,CO,8720
COREV0-BFRANKLIN1,Benjamín Franklin,19.40803,-99.18426,CO,8635
COREV0-GRALPEDROAN,Gral. Pedro Antonio de los Santos,19.4096,-99.18361,CO,8637
COREV0-MJUANACATLA,Metro Juanacatlán,19.41291,-99.18194,CO,8721
0100Z170-MTRO18MARZ,Metro 18 de Marzo,19.48538,-99.12598,01,92
0100Z170-PTO41,Punto 41,19.49119,-99.13365,01,93
0100Z170-PTO42,Punto 42,19.49428,-99.13254,01,94
0100Z170-PTO43,Punto 43,19.50143,-99.13143,01,95
0100Z170-PTO44,Punto 44,19.50454,-99.1344,01,96
0100Z170-PTO45,Punto 45,19.50513,-99.1354,01,97
0100Z170-PTO46,Punto 46,19.5059,-99.13569,01,98
0100Z170-PTO47,Punto 47,19.50716,-99.13738,01,99
0100Z170-PTO48,Punto 48,19.50936,-99.13905,01,100
0100Z170-PTO38,Punto 38,19.52938,-99.15122,01,101
0100Z170-PTO36,Punto 36,19.52771,-99.14916,01,102
0100Z170-PTO34,Punto 34,19.5263,-99.14713,01,103
0100Z170-PTO35,Punto 35,19.52699,-99.14825,01,104
0100Z170-PTO22,Punto 22,19.53426,-99.15902,01,105
0100Z170-PTO19,Punto 19,19.53357,-99.15978,01,106
0100Z170-PTO21,Punto 21,19.53354,-99.16128,01,107
0100Z170-PTO20,Punto 20,19.53297,-99.16353,01,108
0100Z170-PTO32,Punto 32,19.52494,-99.1675,01,109
0100Z170-PTO18,Punto 18,19.53294,-99.16475,01,110
0100Z170-PTO17,Punto 17,19.53301,-99.16751,01,111
0100Z170-PTO16,Punto 16,19.53498,-99.16865,01,112
0100Z170-PTO31,Punto 31,19.53607,-99.16865,01,113
0100Z170-CTOCEREMON,Circuito Ceremonial,19.5371,-99.17088,01,114
0100Z170-PTO30,Punto 30,19.5389,-99.16808,01,115
0100Z170-AVCAPRI,Av. Capri,19.53671,-99.17198,01,116
0100Z170-PTO24,Punto 24,19.53905,-99.17111,01,117
0100Z170-VATICANO2,Vaticano,19.54012,-99.17478,01,118
0100Z170-VATICANO1,Vaticano,19.5404,-99.17443,01,118
0100Z170-PTO23,Punto 23,19.54142,-99.17307,01,119
0100Z170-PTO29,Punto 29,19.54108,-99.16829,01,120
0100Z170-PTO27,Punto 27,19.54354,-99.16843,01,121
0100Z170-PTO28,Punto 28,19.54552,-99.17029,01,122
0100Z170-PTO26,Punto 26,19.54797,-99.16846,01,123
0100Z170-STACECILIA,Santa Cecilia,19.54868,-99.17209,01,124
0100Z170-IZCALLI,Izcalli,19.54401,-99.17846,01,125
0100Z170-PTO10,Punto 10,19.54963,-99.17707,01,126
0100Z170-TENAYO,Tenayo,19.55095,-99.16867,01,127
0100Z150-LARAZA,La Raza,19.46967,-99.13652,01,128
0100Z150-BUSESNTE,Autobuses del Norte,19.47892,-99.14059,01,129
0100Z150-INSTPETRO,Instituto del Petróleo,19.48937,-99.14476,01,130
0100Z150-PTO18,Punto 18,19.50624,-99.1473,01,131
0100Z150-PTO17,Punto 17,19.5097,-99.13985,01,132
0100Z150-PTO19,Punto 19,19.51224,-99.1404,01,133
0100Z150-PTO20,Punto 20,19.51273,-99.14112,01,134
0100Z150-PTO21,Punto 21,19.51337,-99.14156,01,135
0100Z150-PTO23,Punto 23,19.5178,-99.14296,01,136
0100Z150-PTO24,Punto 24,19.51973,-99.14196,01,137
0100Z150-PTO25,Punto 25,19.52122,-99.14124,01,138
0100Z150-PTO26,Punto 26,19.52184,-99.14034,01,139
0100Z150-PTO27,Punto 27,19.52352,-99.14026,01,140
0100Z150-PTO28,Punto 28,19.52454,-99.14044,01,141
0100Z150-PTO29,Punto 29,19.52237,-99.1436,01,142
0100Z150-PTO30,Punto 30,19.5235,-99.14639,01,143
0100Z150-PTO31,Punto 31,19.52423,-99.14787,01,144
0100Z150-PTO32,Punto 32,19.52482,-99.1496,01,145
0100Z150-PTO33,Punto 33,19.52578,-99.15196,01,146
0100Z150-PTO34,Punto 34,19.52675,-99.1543,01,147
0100Z150-PUERTO,Puerto,19.54534,-99.16075,01,148
0100Z150-PTO46,Punto 46,19.54394,-99.1579,01,149
0100Z150-PTO47,Punto 47,19.54157,-99.15576,01,150
0100Z150-PTO42,Punto 42,19.54486,-99.15106,01,151
0100Z150-PTO41,Punto 41,19.54571,-99.15286,01,152
0100Z150-PTO55,Punto 55,19.54654,-99.15467,01,153
0100Z150-PTO54,Punto 54,19.54817,-99.15436,01,154
0100Z150-PTO40,Punto 40,19.54781,-99.1516,01,155
0100Z150-PTO39,Punto 39,19.54875,-99.15118,01,156
0100Z150-PTO53,Punto 53,19.54992,-99.1533,01,157
0100Z150-PTO52,Punto 52,19.55255,-99.15379,01,158
0100Z150-EDOMEX,Estado de México,19.55124,-99.14967,01,159
0100Z150-NAYARIT,Nayarit,19.55369,-99.1495,01,160
0100Z150-PTO44,Punto 44,19.5541,-99.14998,01,161
0100Z150-PTO43,Punto 43,19.55455,-99.151,01,162
0100Z150-CHIAPAS,Chiapas,19.55542,-99.15257,01,163
0100Z150-TABASCO,Tabasco,19.55604,-99.14741,01,164
0100Z150-PTO50,Punto 50,19.55695,-99.14895,01,165
0100Z150-GPECHALMA,Guadalupe Chalma,19.55817,-99.14445,01,166
0100Z150-PTO49,Punto 49,19.55958,-99.14687,01,167
0100Z150-COLOSIO,Colosio,19.56217,-99.14174,01,168
0100Z140-PTO119,Punto 119,19.54048,-99.21382,01,169
0100Z140-PONCIANOARR,Ponciano Arriaga,19.53899,-99.22651,01,170
0100Z140-PTO104,Punto 104,19.53935,-99.2224,01,171
0100Z140-SNANDRES,San Andrés,19.5395,-99.22049,01,172
0100Z140-PRINCIPAL,Principal,19.54079,-99.21669,01,173
0100Z140-CALLEPINO,Calle Pino,19.54013,-99.21686,01,174
0100Z140-AVGUSTBAZ,Av. Gustavo Baz,19.5396,-99.20757,01,175
0100Z140-AVGVOBAZ,Av. Gustavo Baz,19.54065,-99.20764,01,176
0100Z140-AVRIOLERMA,Av. Río Lerma,19.54735,-99.20668,01,177
0100Z140-ROBERTOFULT,Roberto Fulton,19.5474,-99.20255,01,178
0100Z140-AVHGO,Av. Hidalgo,19.55403,-99.1932,01,179
0100Z140-PTO117,Punto 117,19.54789,-99.19409,01,180
0100Z140-AYUNTAMIENTO,Ayuntamiento,19.54678,-99.1961,01,181
0100Z140-PTO118,Punto 118,19.54553,-99.1943,01,182
0100Z140-PTO115,Punto 115,19.54604,-99.18885,01,183
0100Z140-ZUMPANGO,Zumpango,19.54401,-99.19267,01,184
0100Z140-CUAUHTEMOC,Cuauhtémoc,19.54211,-99.19011,01,185
0100Z140-POPOCATEPE,Popocatepetl,19.54095,-99.18844,01,186
0100Z140-PTO109,Punto 109,19.54026,-99.18917,01,187
0100Z140-MORELS,Morelos,19.53882,-99.18936,01,188
0100Z140-MORELOS,Morelos,19.53879,-99.18814,01,189
0100Z140-BERRIOZABAL,Berriozabal,19.53747000000001,-99.18819,01,190
0100Z140-VGUERRERO,Vicente Guerrero,19.5363,-99.18837,01,191
0100Z140-IZTACCIHUATL,Iztaccihuatl,19.53507,-99.18835,01,192
0100Z140-MARIOCOLIN,Mario Colin,19.53471,-99.18873,01,193
0100Z140-DRAUGUSTO,Av. Doctor Augusto,19.53425,-99.18637,01,194
0100Z140-DURANGO,Durango,19.53343,-99.18213,01,195
0100Z140-AVSTAROSA,Av. Santa Rosa,19.5328,-99.18079,01,196
0100Z140-AVDROSALES,Av. de los Rosales,19.53264,-99.18016,01,197
0100Z140-AVROSALES,Av. de los Rosales,19.53225,-99.17818,01,198
0100Z140-SANJUAN,San Juan,19.52614,-99.17228,01,199
0100Z140-BERILIO,Berilio,19.52895,-99.17625,01,200
0100Z140-ALAMO,Alamo,19.53123,-99.17259,01,201
0100Z140-TENAYUCA,Tenayuca,19.52866,-99.17015,01,202
0100Z140-XOCHITL,Xóchitl,19.53006,-99.1691,01,203
0100Z140-TEZOZOMOC,Tezozomoc,19.52944,-99.16729,01,204
0100Z140-ACUETENAYUC,Acueducto - Tenayuca,19.52853,-99.16354,01,205
0100Z140-AND17A,Andador 17-A,19.49083,-99.14678,01,206
0100Z140-CALLNTE23A,Calle Norte 23A,19.49134,-99.14927,01,207
0100Z140-NTE27,Norte 27,19.49159,-99.15069,01,208
0100Z140-PTE134,Poniente 134,19.49266,-99.15319,01,209
0100Z140-NTE35,Norte 35,19.49378,-99.15379,01,210
0100Z140-MONTEVIDEO,Montevideo,19.49538,-99.15447,01,211
0100Z140-PTE146,Poniente 146,19.49829,-99.15298,01,212
0100Z140-POLIPARADERO,Paradero Politécnico,19.4998,-99.15011,01,213
0100Z140-PTE156,Poniente 156,19.49991,-99.15587,01,214
0100Z140-LAPATERA,La Patera,19.50365,-99.15727,01,215
0100Z140-JUPITER,Júpiter,19.50859,-99.15925,01,216
0100Z140-PINOSUAREZ,Pino Suárez,19.51154,-99.16067,01,217
0100Z140-NAUECATEPEC,Naucalpan - Ecatepec,19.51219,-99.1608,01,218
0100Z140-TRESENEGAS,Tres Enegas,19.51549,-99.16194,01,219
0100Z140-AV3A,Av. 3A,19.5186,-99.16345,01,220
0100Z140-PROGRESONAL,Progreso Nacional,19.51948,-99.16368,01,221
0100Z140-CALLE5,Calle 5,19.52129,-99.16278,01,222
0100Z140-ROJOGOMEZ,Rojo Gómez,19.52223,-99.16108,01,223
0100Z140-CALLE4,Calle 4,19.52334,-99.16223,01,224
0100Z140-CJONEZAPATA,Callejón Emiliano Zapata,19.52427,-99.16121,01,225
0100Z140-2DACDAEZAPAT,2da cerrada Emiliano Zapata,19.52546,-99.16033,01,226
0100Z140-JUVENTINOROS,Juventino Rosas,19.52348,-99.15961,01,227
0100Z140-CALLE10,Calle 10,19.52408,-99.15839,01,228
0100Z140-VENTISCA,Ventisca,19.5261,-99.15875,01,229
0100Z140-AVACUEDUCTO,Av. Acueducto,19.52726,-99.1584,01,230
0100Z140-CHEDRAUI,Chedraui,19.52844,-99.15597,01,231
0100Z140-51TEMOLUCO,51 del Temoluco,19.52878,-99.15548,01,232
0100Z140-TUBERIAS,Tuberias,19.53097,-99.15486,01,233
0100Z140-PROINDUSTRIA,Promoción Industrial,19.533520000000006,-99.15528,01,234
0100Z140-SOLIDARIDAD,Solidaridad,19.5346,-99.15661,01,235
0100Z140-LUISESPINOZA,Luis Espinoza,19.53542,-99.15765,01,236
0100Z140-15DICIEMBRE,15 de Diciembre,19.53663,-99.15695,01,237
0100Z140-EZAPATA,Emiliano Zapata,19.53852,-99.15534,01,238
0100Z140-BJUAREZ,Benito Juárez,19.54001,-99.15398,01,239
0100Z140-TENAYCHALMIT,Tenayuca - Chalmita,19.53949,-99.1526,01,240
0100Z140-AROANOVA,Antonio Roanova,19.53999,-99.15221,01,241
0100Z140-GABINOBARRED,Gabino Barreda,19.54148,-99.15065,01,242
0100Z140-JAIMENUNO,Jaime Nuno,19.54339,-99.14864,01,243
0100Z140-TECNOLOGICO,Av. Tecnológico,19.54287,-99.14688,01,244
0100Z140-CIPRES,Cipres,19.54539,-99.14512,01,245
0100Z140-EDOMEX,Estado de México,19.54769,-99.14337,01,246
0100Z140-5MAYO,5 de Mayo,19.54926,-99.14242,01,247
0100Z140-2DAFCOVILLA,2da Francisco Villa,19.55097,-99.14081,01,248
0100Z140-DIAZORDAZ,Díaz Ordaz,19.55209,-99.13958,01,249
0100Z140-MORELIA,Morelia,19.55298,-99.13866,01,250
0100Z140-1RAFCOVILLA,1ra Francisco Villa,19.5561,-99.13691,01,251
0100Z140-FCOVILLA,Francisco Villa,19.55771,-99.13613,01,252
0100Z140-RANCHGRANDE,Rancho Grande,19.56088,-99.13614,01,253
0100Z140-MLERDOTEJAD,Miguel Lerdo de Tejada,19.56151,-99.13591,01,254
0100Z140-SANMIGUEL2,San Miguel,19.56336,-99.13519,01,255
0100Z140-SANMIGUEL,San Miguel,19.56383,-99.13515,01,256
0100Z140-GONZALOCURI,Gonzalo Curiel,19.56456,-99.13758,01,257
0100Z140-GUTYCARDENS,Guty Cárdenas,19.56522,-99.1383,01,258
0100Z140-CRROCONEJOS,Cerro de los Conejos,19.56549,-99.1343,01,259
0100Z140-BARRCOBRE,Barranca del Cobre,19.56694,-99.13761,01,260
0100Z140-CRROCHAPULT,Cerro de Chapultepec,19.56773,-99.13709,01,261
0100Z140-CRROCUBILET,Cerro del Cubilete,19.5686,-99.13648,01,262
0100Z140-CERROAZUL,Cerro Azul,19.57036,-99.13488,01,263
0100Z140-INDIABONITA,India Bonita,19.57075,-99.13473,01,263
0100Z140-BSCERROGORD,Base Cerro Gordo,19.57148,-99.13453,01,264
0100Z140-LMESCONDIDA,Loma Escondida,19.56704,-99.13347,01,265
0100Z140-CDASNMIGUEL,Cerrada San Miguel,19.5698,-99.13202,01,266
0100Z140-BARRCHICA,Barranca Chica,19.57097000000001,-99.13169,01,267
0100Z140-AQSERDAN,Aquiles Serdán,19.57193,-99.13158,01,268
0100Z140-SNMIGUEL,San Miguel,19.57316,-99.13169,01,269
0100Z140-IGCOMONFORT,Ignacio Comonfort,19.57439,-99.13113,01,270
0100Z140-BRISAS,Brisas,19.57555,-99.13111,01,271
0100Z140-AMAPOLAS,Amapolas,19.57626,-99.1308,01,272
0100Z140-BASEMIGUEL,Base Miguel,19.57664,-99.13059,01,272
0100Z120-AVTEMOLUCO,Av. Temoluco,19.52177,-99.14284,01,273
0100Z120-ENRICOMART,Enrico Mart,19.42737,-99.1498,01,274
0100Z120-BALDERAS,Balderas,19.42809,-99.14875,01,275
0100Z120-TRESGUERRAS,Tres Guerras,19.43064,-99.15075,01,276
0100Z120-ATENAS,Atenas,19.43185,-99.15401,01,277
0100Z120-REFORMA,Reforma,19.43309,-99.15384,01,278
0100Z120-ANTONIOCASO,Antonio Caso,19.43393,-99.15472,01,279
0100Z120-VALLARTA,Vallarta,19.4357,-99.1555,01,280
0100Z120-PONCIANOARR,Ponciano Arriaga,19.43682,-99.15419,01,281
0100Z120-TOMASEDISON,Tomás Alba Edisón,19.43735,-99.15398,01,282
0100Z120-PASEOREFORM,Paseo de la Reforma,19.43589,-99.14946,01,283
0100Z120-TOMASALBAE,Tomás Alba Edisón,19.43621,-99.14965,01,283
0100Z120-IGNMARISCAL,Ignacio Mariscal,19.43726,-99.14932,01,284
0100Z120-MIGUELHGO,Miguel Hidalgo,19.438,-99.14897,01,285
0100Z120-BUENAVISTA,Buenavista,19.43912000000001,-99.15327,01,286
0100Z120-HERFERROCAR,Héroes Ferrocarrileros,19.4407,-99.15247,01,287
0100Z120-DONCELES,Donceles,19.4371,-99.1404,01,288
0100Z120-MINA,Mina,19.43869,-99.14009,01,289
0100Z120-JMENESES,J. Meneses,19.44425,-99.15218,01,290
0100Z120-REPECUADOR,República Ecuador,19.44277,-99.13941,01,291
0100Z120-LUNA,Luna,19.44796,-99.13881,01,292
0100Z120-MANUCARPIO,Manuel Carpio,19.4501,-99.15388,01,293
0100Z120-FLORESMAGO2,Flores Magón ,19.45268,-99.14724,01,70
0100Z120-FLORESMAGO1,Flores Magón ,19.44953,-99.13835,01,65
0100Z120-EJ2NTE,Eje 2 Norte,19.45673,-99.14902,01,294
0100Z120-CALZSANSIMON,Calz. San Simón,19.45877,-99.1475,01,295
0100Z120-EJE1PTE,Eje 1 Poniente,19.46332,-99.14412,01,296
0100Z120-EJ1PTE,Eje 1 Poniente,19.4587,-99.14469,01,297
0100Z120-VALLEJO,Vallejo,19.45811,-99.1393,01,298
0100Z120-ENRIGRANADS,Enrique Granados,19.45751,-99.1379,01,299
0100Z120-DEBUSSY,Debussy,19.46038,-99.14012,01,300
0100Z120-JUVENTINORSS,Juventino Rosas,19.46009,-99.13763,01,301
0100Z120-CHOPIN,Chopin,19.46113,-99.13775,01,302
0100Z120-MASSENET,Massenet,19.46412,-99.13746,01,303
0100Z120-CTOINTERIOR,Circuito Interior,19.46491,-99.13984,01,304
0100Z120-AVEJECNTRAL,Av. Eje Central,19.46493,-99.13778,01,305
0100Z120-JACLAVE,José A. Clave,19.46757,-99.14083,01,306
0100Z120-JACLAVE1,José A. Clave,19.46601,-99.13732,01,307
0100Z120-PARADERRAZA,Paradero La Raza,19.46933,-99.13941,01,308
0100Z120-MTROLARAZA,Metro La Raza,19.46967,-99.13636,01,128
0100Z120-PTE106,Poniente 106,19.47309,-99.1387,01,309
0100Z120-PTE1122,Poniente 112,19.47699,-99.14028,01,310
0100Z120-PTE1121,Poniente 112,19.47668,-99.13947,01,311
0100Z120-CTRALDELNTE,Central del Norte,19.47919,-99.14022,01,129
0100Z120-PTE118,Poniente 118,19.48063,-99.14173,01,312
0100Z120-LOPEZVELARD,López Velarde,19.48065,-99.14084,01,313
0100Z120-IMSS,IMSS,19.48539,-99.14367,01,314
0100Z120-LATEJE4,Lat. Eje 4,19.48642000000001,-99.14316,01,315
0100Z120-PTE128,Poniente 128,19.48696,-99.14427,01,316
0100Z120-PAYSANDU,Paysandu,19.48859,-99.14397,01,317
0100Z120-RICARTE,Ricarte,19.49019,-99.14462,01,318
0100Z120-ANDADTOR17A,Andador 17-A,19.49257,-99.14644,01,319
0100Z120-PTE134,Poniente 134,19.48987,-99.1455,01,320
0100Z120-EJ5NTE,Eje 5 Norte,19.49335,-99.14587,01,321
0100Z120-OTAVALO,Otavalo,19.49528,-99.14658,01,322
0100Z120-MPOLITECNICO,Metro Politécnico,19.49807,-99.14768,01,323
0100Z120-POLITECNICO,Politécnico,19.50053,-99.1496,01,324
0100Z120-DIANA,Diana,19.5008,-99.14876,01,325
0100Z120-AVEJECTRAL,Av. Eje Central,19.5043,-99.15115,01,326
0100Z120-SANTANA,Santa Ana,19.50869,-99.14253,01,327
0100Z120-MGLBERNARD,Miguel Bernard,19.50856,-99.14117,01,328
0100Z120-PLANSANLUIS2,Plan de San Luis,19.51166,-99.14034,01,329
0100Z120-PLANSANLUIS1,Plan de San Luis,19.5117,-99.14023,01,329
0100Z120-ESCTURISMO,Escuela de Turismo,19.51412,-99.14235,01,330
0100Z120-TEMPLODIANA2,Templo Diana ,19.51594,-99.14342,01,331
0100Z120-TEMPLODIANA1,Templo Diana ,19.51583,-99.14304,01,331
0100Z120-URANIO,Uranio,19.51742,-99.14305,01,136
0100Z120-PUNTO63,Punto 63,19.5198,-99.14227,01,137
0100Z120-CANTIL,Cantil,19.52012,-99.14252,01,332
0100Z120-AVTICOMAN,Av. Ticomán,19.52123,-99.14115,01,138
0100Z120-AVCUAUTEPEC,Av. Cuautepec,19.52188,-99.14196,01,333
0100Z120-AVCIMA2,Av. Cima ,19.52383,-99.14629,01,143
0100Z120-AVCIMA1,Av. Cima ,19.52511,-99.14558,01,334
0100Z120-DESEMBOCA2,Desembocadura ,19.52451,-99.14785,01,144
0100Z120-DESEMBOCA1,Desembocadura,19.52623,-99.14718,01,103
0100Z120-INSULA,Insula,19.52629,-99.15193,01,335
0100Z120-ANDADOR23,Andador 23,19.52773,-99.14909,01,102
0100Z120-ANDADOR28,Andador 28,19.52829,-99.14987,01,336
0100Z120-MAREJADA,Marejada,19.5293,-99.15128,01,101
0100Z120-RIOSNJAVIER,Río San Javier,19.52993,-99.15376,01,337
0100C831-MTEBLNCALPES,Monte Blanco - De los Alpes,19.42479,-99.21712,01,338
0100C831-CALIPSOPALMA,MontaNas Calizas - Paseo de las Palmas,19.42705,-99.21928,01,339
0100C831-TECACALL19,Puente de Tecamachalco - Calle 19,19.43033,-99.22488,01,340
0100C831-TECTRITONES,Puente de Tecamachalco - Fuente tritones,19.43102,-99.2263,01,35
0100C831-FTEPIRAMIDE,Av. de las Fuentes - Fuente Piramide,19.42854,-99.22875,01,32
0100C831-FTEJUANARCO,Av. de las Fuentes - Fuente Juana de Arco,19.42497,-99.23448,01,9
0100C831-FTESANSULPIC,Av. de las Fuentes - Fuente de San Sulpicio,19.42264,-99.23767,01,341
0100C831-FTEAGUILAS,Av. de las Fuentes - Fuente de las Aguilas,19.41863,-99.24105,01,342
0100C831-FTEAPOLO,Av. de las Fuentes - Fuente de Apolo,19.41598,-99.24224,01,343
0100C831-BSQSBLVDLUZ,Av. de los Bosques - Blvd. Bosque de la Luz,19.41446,-99.24418,01,344
0100C831-BSQSFCASTRO,Av. de los Bosques - Fuente de Castro,19.41288,-99.24819,01,345
0100C831-BSQSLOURDES,Av. de los Bosques - Fuentes de Lourdes,19.41133,-99.25027,01,346
0100C831-BSQSALEGRIA,Av. de los Bosques - Fuente de Alegría,19.40974,-99.25256,01,347
0100C831-BSQSEMPERAD,Av. de los Bosques - Fuente del Emperador,19.40877,-99.25414,01,348
0100C831-TECAMACHALC,Base Tecamachalco Superama Anáhuac,19.40605,-99.25675,01,349
0100C830-FTESNPEDRO,Av. de las Fuentes - Fuente de San Pedro,19.41642,-99.23979,01,350
0100C830-FTECONCORDI,Av. de las Fuentes - Fuente de Concordia,19.41699,-99.23707,01,351
0100C830-BSQSALEGRIA,Av. de los Bosques - Fuente de Alegría,19.40955,-99.25262,01,347
0100C830-BSQSLOURDES,Av. de los Bosques - Fuente de Lourdes,19.41103,-99.25042,01,346
0100C830-BSQSFCASTRO,Av. de los Bosques - Fuente de Castro,19.41269,-99.24823,01,345
0100C830-BSQSBLVDLUZ,Av. de los Bosques - Blvd. de la Luz,19.41417,-99.24425,01,344
0100C830-BSQSAPOLO,Av. de los Bosques  - Fuente Apolo,19.4155,-99.24237,01,352
0100C830-BSQSFTEMPER,Av. de los Bosques - Fuente del Emperador,19.40851,-99.2541,01,348
0100C830-TECAMACHALC,Base Tecamachalco Fuente de Troya,19.40572,-99.2568,01,349
0100C821-PLZBOSQUES,Plaza Bosques,19.40697,-99.23998,01,353
0100C821-VIRRETARAHUM,De Los Virreyes - Sierra Tarahumara,19.41265,-99.21849,01,354
0100C821-VIRREHIMALAY,De Los Virreyes - Montes Himalaya,19.41735,-99.21292,01,355
0100C811-URALESVOLCN,Montes Urales - Volcán,19.42905,-99.20725,01,356
0100C811-URALANDES,Montes Urales - Coordillera de los Andes,19.42956,-99.20973,01,357
0100C811-ANDESMOJADA,Coordillera de los Andes - Sierra Mojada,19.4289,-99.21106,01,358
0100C811-GAMONPALM,Sierra Gamón - Paseo de las Palmas,19.42956,-99.21189,01,359
0100C811-PALMSTANOVOI,Paseo de las Palmas - Monte Stanovoi,19.42986,-99.21356,01,360
0100C811-PALMTORRESP,Paseo de las Palmas - Torres Palmas,19.42956,-99.21514,01,361
0100C811-PALMTETABOR,Paseo de las Palmas - Monte Tabor,19.42878,-99.21679,01,362
0100C811-PALMSGORDA,Paseo de las Palmas - Sierra Gorda,19.42759,-99.21923,01,363
0100C811-PALMPEROTE,Paseo de las Palmas - Cofre de Perote,19.4262,-99.22188,01,364
0100C811-PALMCHIMBOR,Paseo de las Palmas - Monte Chimborazo,19.42474,-99.22257,01,365
0100C811-PALMACONCAG,Paseo de las Palmas - Sierra Aconcagua,19.42105,-99.22477,01,366
0100C811-PALMANTUCO,Paseo de las Palmas - Monte Antuco,19.41939,-99.22676,01,367
0100C811-PALMLIBANO,Paseo de las Palmas - Monte Líbano,19.41602,-99.22906,01,368
0100C811-PALMTARAHUM,Paseo de las Palmas - Sierra Tarahumara,19.41438,-99.22958,01,369
0100C811-PALMROCALLO,Paseo de las Palmas - MontaNas Rocallosas,19.41216,-99.22986,01,370
0100C811-PALMAUVERNIA,Paseo de la Reforma - Sierra Auvernia,19.40925,-99.22971,01,371
0100C811-PALMPASEOREF,Paseo de las Palmas - Paseo de la Reforma,19.40726,-99.22825,01,372
0100C811-REFSIERBRENA,Paseo de la Reforma - Sierra BreNa,19.40345,-99.23077,01,373
0100C811-REFWINFORD,Paseo de la Reforma - Castillo Winford,19.40262,-99.23145,01,374
0100C811-REFCASTILCHA,Paseo de la Reforma - Castillo de Chapultepec,19.40065,-99.23318,01,375
0100C811-REFRIVCUPIA,Paseo de la Reforma - Rivera de Cupia,19.39704,-99.23709,01,376
0100C811-REFCONSTIYTS,Paseo de la Reforma - Constituyentes,19.39389,-99.23977,01,377
0100C811-PTECONAFRUT,Puente Conafrut,19.38631,-99.24378,01,378
0100C810-PRADNREFORM,Prado Norte - Paseo de la Reforma,19.42691,-99.20606,01,379
0100C810-MOJAPRADONT,Sierra Mojada - Prado Norte,19.42766,-99.21074,01,380
0100C810-MOJACANDES,Sierra Mojada - Coordillera de los Andes,19.42894,-99.21142,01,358
0100C810-PALMOJADA,Paseo de las Palmas - Sierra Mojada,19.4297,-99.21148,01,359
0100C810-PALMGAMON,Paseo de las Palmas - Sierra Gamón,19.42966,-99.2121,01,359
0100C810-PALMSTANOVOI,Paseo de las Palmas - Monte Stanovoi,19.42957,-99.21388,01,360
0100C810-PALMTETABOR,Paseo de las Palmas - Monte Tabor,19.42836,-99.21715,01,381
0100C810-PALMSMAIKA,Paseo de las Palmas - Sierra Maika,19.42774,-99.21838,01,382
0100C810-PALMSGORDA,Paseo de las Palmas - Sierra Gorda,19.42718,-99.21954,01,339
0100C810-PALMVENTANA,Paseo de las Palmas - Sierra Ventana,19.42617000000001,-99.22155,01,364
0100C810-PALMCHIMBOR,Paseo de las Palmas - Monte Chimborazo,19.42421,-99.22246,01,383
0100C810-PALMCALIZAS,Paseo de las Palmas - MontaNas Calizas,19.42242,-99.22309,01,384
0100C810-PALMACONCAG,Paseo de las Palmas - Sierra Aconcagua,19.42049,-99.22487,01,385
0100C810-PALMANTUCO,Paseo de las Palmas - Monte Antuco,19.41898,-99.22679,01,367
0100C810-PALMARARAT,Paseo de las Palmas - Monte Ararat,19.41724,-99.2281,01,386
0100C810-PALMLIBANO,Paseo de las Palmas - Monte Líbano,19.41559,-99.22894,01,368
0100C810-PALMTARAHUM,Paseo de las Palmas - Sierra Tarahumara,19.41362,-99.22948,01,387
0100C810-PALMROCALLO,Paseo de las Palmas - MontaNas Rocallosas,19.41178,-99.22959,01,388
0100C810-PALMAUVERNIA,Paseo de las Palmas - Auvernias,19.40907,-99.22937,01,371
0100C810-REFSIERBRENA,Paseo de la Reforma - Sierra BreNa,19.40296,-99.23083,01,389
0100C810-REFCMIRAMAR,Paseo de la Reforma - Castillo de Miramar,19.39825,-99.23512,01,390
0100C810-REFRICUPIA,Paseo de la Reforma - Rivera de Cupia,19.39658,-99.23734,01,391
0100C810-REFCONSTITYN,Paseo de la Reforma - Av. Constituyentes,19.393320000000006,-99.23938,01,392
0100C810-REFACUEDUCT,Paseo de la Reforma - Acueducto,19.38592,-99.24353,01,393
0100C81-MCHAPULTEPE,Base Metro Chapultepec,19.42073,-99.17644,01,394
0100C81-REFGANDHI,Paseo de la Reforma - Gandhi,19.4241,-99.18005,01,395
0100C81-REFPETROLEO,Paseo de la Reforma - Fuente de Petróleos,19.42762,-99.20158,01,396
0100C81-REFURALES,Paseo de la Reforma - Montes Urales,19.42742,-99.20483,01,397
0100C81-REFMTEALTAI,Paseo de la Reforma - Monte Altai,19.42506,-99.20873,01,398
0100C81-REFEXPLANADA,Paseo de la Reforma - Explanada,19.42459,-99.21043,01,399
0100C81-REFMTEBLANCO,Paseo de la Reforma - Monte Blanco,19.42322,-99.21601,01,400
0100C81-REFPRADOSUR,Paseo de la Reforma - Prado Sur,19.42134,-99.21806,01,401
0100C81-REFMTELIBANO,Paseo de la Reforma - Monte Líbano,19.4182,-99.21842,01,402
0100C81-REFEXPLANAD,Paseo de la Reforma - Explanada,19.41583,-99.21906,01,403
0100C81-REFTARAHUPTE,Paseo de la Reforma - Sierra Tarahumara Poniente,19.41359,-99.21995,01,404
0100C81-REFAPALACHES,Paseo de la Reforma - Montes Apalaches,19.40997,-99.22248,01,405
0100C81-REFAUVERNIA,Paseo de la Reforma - Montes Auvernia,19.40778,-99.22366,01,406
0100C81-REFSIXTLAN,Paseo de la Reforma - Sierra Ixtlán,19.4067,-99.22602,01,407
0100C81-REFVERTIENTES,Paseo de la Reforma - Sierra Vertientes,19.40588,-99.22875,01,408
0100C81-REFAHUEHUETE,Bosque de Reforma - Paseo de los Ahuehuetes,19.40776,-99.23292,01,409
0100C81-REFEBANOS,Bosque de Reforma - Bosque de Ebanos,19.40996,-99.23716,01,410
0100C81-REFCIRUELOS,Bosque de Reforma - Bosque de Ciruelos,19.40951,-99.23812,01,411
0100C81-REFDURAZNOS,Bosque de Reforma - Bosque de Duraznos,19.40839,-99.23996,01,412
0100C81-REFCHOPOS,Bosques de la Reforma - Bosques de Chopos,19.40616,-99.24216,01,413
0100C81-REFBMAPLE,Bosques de la Reforma - Bosque de Maple,19.40172,-99.24638,01,414
0100C81-REFBSQAILES,Bosques de la Reforma - Bosque Ailes,19.39886,-99.24912,01,415
0100C81-REFMAGNOLIAS,Bosques de la Reforma - Bosque de Magnolias,19.39711,-99.25253,01,416
0100C81-REFGUANACAST,Bosques de la Reforma - Bosque de Guanacastes,19.39657,-99.2546,01,417
0100C81-REFPIRULES,Bosques de la Reforma - Bosque de Pirules,19.39524,-99.25693,01,418
0100C81-REFGARDENIAS,Bosques de la Reforma - Bosques de Gardenias,19.39244,-99.25963,01,419
0100C81-STIMTERCERAS,Stim - Tercera Stim,19.38958,-99.26103,01,420
0100C81-REFSECMARINA,Bosques de la Reforma - Secretaría de la Marina,19.38421,-99.26614,01,421
0100C81-LRLSRECUERDO,Paseo de los Laureles - Loma del Recuerdo,19.38206,-99.26718,01,422
0100C81-LRLSTORONJOS,Paseo de los Laureles - Bosque de Toronjos,19.37994,-99.26538,01,423
0100C81-LRLSTOSCANA,Paseo de los Laureles - Toscana,19.38231,-99.26231,01,424
0100C81-LRLSTEPONAZTL,Paseo de los Laureles - Teponaztles,19.38289,-99.26146,01,425
0100C81-LRLSZARZAS,Paseo de los Laureles - Bosque de Zarzas,19.38456,-99.25961,01,426
0100C81-LRLSTEJOCOTS,Paseo de los Laureles - Bosque de Tejocotes,19.38634,-99.25743,01,427
0100C81-LRLSTULLAS,Paseo de los Laureles - Bosque de Tullas,19.3874,-99.25606,01,428
0100C81-LRLSYUCAS,Paseo de los Laureles - Bosque de Yucas,19.38865,-99.25446,01,429
0100C81-LRLSTABACHINS,Paseo de los Laureles - Bosque de Tabachines,19.38984,-99.25282,01,430
0100C81-LRLSALISOS,Paseo de los Laureles - Bosque de Alisos,19.390220000000006,-99.25051,01,431
0100C81-TMRNRADIATOS,Paseo de los Tamarindos - Bosque de Radiatos,19.38664,-99.25376,01,432
0100C81-TMRNPANTALN2,Paseo de los Tamarindos - Torre de Pantalón II,19.38748,-99.25271,01,433
0100C81-TMRNPANTALN1,Paseo de los Tamarindos - Torre de Pantalón I,19.3882,-99.2517,01,434
0100C81-LILASALISOS,Paseo de las Lilas - Bosque de Alisos,19.38694,-99.24813,01,435
0100C81-PTAMARINDOS,Base Paseo de los Tamarindos,19.3748,-99.26105,01,436
0100C80-MCHAPULTEP,Base Metro Chapultepec,19.42177,-99.17637,01,437
0100C80-REFLAGO,Paseo de la Reforma - Lago,19.42442,-99.1839,01,438
0100C80-REFPETROLEOS,Paseo de la Reforma - Fuente de Petróleos,19.42716,-99.20339,01,439
0100C80-REFURALES,Paseo de la Reforma - Montes Urales,19.4271,-99.20499,01,397
0100C80-REFMTEALTAI,Paseo de la Reforma - Monte Altai,19.42466,-99.20909,01,440
0100C80-REFEVEREST,Paseo de la Reforma - Monte Everest,19.42326,-99.21474,01,441
0100C80-REFMTEBLANC,Paseo de la Reforma - Monte Blanco,19.42283,-99.21651,01,442
0100C80-REFMTESPIRINE,Paseo de la Reforma - Montes Pirineos,19.42018,-99.21773,01,443
0100C80-REFMTELIBANO,Paseo de la Reforma - Monte Líbano,19.41785,-99.21816,01,402
0100C80-REFBACATETE,Paseo de la Reforma - Sierra Bacatete,19.41508,-99.21902,01,444
0100C80-REFTARAHUMAR,Paseo de la Reforma - Sierra Tarahumara,19.41308,-99.21992,01,445
0100C80-REFROCALLOS,Paseo de la Reforma - MontaNas Rocallosas,19.41117,-99.22124,01,446
0100C80-REFMTEAVERNIA,Paseo de la Reforma - Montes Avernia,19.40688,-99.22379,01,447
0100C80-REFSIERIXTLAN,Paseo de la Reforma - Sierra Ixtlán,19.40658,-99.22688,01,448
0100C80-REFVERTIENTES,Paseo de la Reforma  - Sierra Vertientes,19.40562000000001,-99.22862,01,408
0100C80-REFAHUEHUETE,Bosques de Reforma - Bosques de Ahuehuetes,19.40657,-99.23362,01,449
0100C80-REFCIRUELOS,Bosques de Reforma - Bosques de Ciruelos,19.40917,-99.23822,01,411
0100C80-REFDURAZNOS,Bosques de Reforma - Bosques de Duraznos,19.40748,-99.24053,01,450
0100C80-REFMANGOS,Bosques de Reforma - Bosques de Mangos,19.40491,-99.24298,01,451
0100C80-REFCAPULINES,Bosques de Reforma - Bosques de Capulines,19.40233,-99.24542,01,452
0100C80-REFBSQMAPLE,Bosques de Reforma - Bosque de Maple,19.40121,-99.24647,01,453
0100C80-REFABEDULEs,Bosques de Reforma -  Bosques de Abedules,19.39798,-99.24959,01,454
0100C80-REFMAGNOLIA,Bosques de Reforma - Bosques de Magnolia,19.39714,-99.25146,01,455
0100C80-REFCOLORINES,Bosques de Reforma - Bosques de Colorines,19.39646,-99.25396,01,456
0100C80-REFCASTILLOS,Bosques de Reforma - Bosques de Castillos,19.39495,-99.25683,01,418
0100C80-REFOLIVOS,Bosques de Reforma - Bosques de los Olivos,19.39354,-99.2582,01,457
0100C80-REFCACAOS,Bosques de Reforma - Bosque de Cacaos,19.3918,-99.25947,01,458
0100C80-STIMTERCERA,Stim - Stim La Tercera,19.39007,-99.25979,01,459
0100C80-REFROYALREFO,Bosques de Reforma - Royal Reforma,19.38617,-99.26331,01,460
0100C80-REFSMARINA,Bosques de Reforma - Secretaría de Marina,19.38446,-99.26462,01,461
0100C80-REFRECUERDO,Bosques de Reforma - Lomas del Recuerdo,19.3821,-99.26677,01,422
0100C80-LRLESTORONJS,Paseo de los Laureles - Bosque de Toronjos,19.38024,-99.2654,01,423
0100C80-LRLESTOSCANA,Paseo de los Laureles - Toscana,19.38283,-99.26214,01,462
0100C80-LRLESTEPONAZ,Paseo de los Laureles - Bosque de Teponaztles,19.38327,-99.26141,01,425
0100C80-LRLESZARZAS,Paseo de los Laureles - Bosques de las Zarzas,19.38486,-99.25968,01,426
0100C80-LRLESTEJOCOT,Paseo de los Laureles - Bosque de Tejocotes,19.38656,-99.25757,01,427
0100C80-LRLESBTULLAS,Paseo de los Laureles - Bosque de Tullas,19.38779,-99.25597,01,428
0100C80-LRLESYUCAS,Paseo de los Laureles - Yucas,19.38885,-99.25461,01,429
0100C80-LRLESTABACHIN,Paseo de los Laureles - Tabachines,19.39032000000001,-99.25217,01,463
0100C80-TMRNRADIATOS,Paseo de los Tamarindos - Bosque Radiatos,19.38631,-99.25377,01,432
0100C80-TMRNPANTALN2,Paseo de los Tamarindos - Torre del Pantalón II,19.38708,-99.25264,01,433
0100C80-TMRNPANTALN1,Paseo de los Tamarindos - Torre del Pantalón I,19.38783,-99.25157,01,434
0100C80-LILASBALISOS,Paseo de Lilas - Bosque Alisos,19.38715,-99.24792,01,435
0100C80-TAMARINDOS,Base Paseo de los Tamarindos,19.37499,-99.26082,01,436
010C1141-EJ1NXCALL6,Eje 1 Norte Xochimilco - Calle 6,19.41304,-99.05869,01,464
010C1141-CALL6HUASTEC,Calle 6 - Priv. Huasteca,19.41229,-99.05883,01,465
010C1141-CALL6NTE,Calle 6 - Norte,19.40949,-99.05915,01,466
010C1141-CALL6SNPABLO,Calle 6 - San Pablo,19.40613,-99.05949,01,467
010C1141-CALL6PUEBLA,Calle 6 - Puebla,19.40082,-99.06004,01,468
010C1141-IZARAGCALL6,Calz. Ignacio Zaragoza - Calle 6,19.39958,-99.06011,01,469
010C1140-CNLSANJUAN,Base Anillo Periférico Canal de San Juan,19.39881,-99.05854,01,470
010C1140-CALL6PUEBLA,Calle 6 - Puebla,19.40104,-99.06013,01,468
010C1140-CALL6BLNCROS,Calle 6 - Blancas Rosas,19.40685,-99.05948,01,471
010C1140-EJ1NXCALL6,Eje 1 Xochimilco - Calle 6,19.41304,-99.0589,01,464
010C1140-EJ1NXCALL5,Eje 1 Norte Xochimilco - Calle 5,19.41319,-99.06068,01,472
010C1140-EJ1NXCALL4,Eje 1 Norte Xochimilco - Calle 4,19.41341,-99.06261,01,473
010C1140-EJ1NXCALL3,Eje 1 Norte Xochimilco - Calle 3,19.4136,-99.06465,01,474
010C1120-METROPANTITL,Base Metro Pantitlan,19.41608,-99.07505,01,475
010C1111-XCALL4,Xochimilco - Calle 4,19.41356,-99.06229,01,473
010C1111-MLEBRIJCALL1,Miguel Lebrija - Calle 1,19.41408,-99.06853,01,476
010C1111-MIRONPSL,Base Salvador Díaz Mirón - Plan de San Luis,19.45082,-99.16853,01,477
010C1110-BASECALLE7,Base Calle 7,19.413120000000006,-99.05802,01,478
010C1110-EJ1NCALL6,Eje 1 Norte Xochimilco - Calle 6,19.41611,-99.05845,01,479
010C1110-EJ1NCALL5,Eje 1 Norte Xochimilco - Calle 5,19.41639,-99.06031,01,480
010C1110-EJ1NXCALL4,Eje 1 Norte Xochimilco - Calle 4,19.41663,-99.06223,01,481
010C1110-EJ1NXCALL3,Eje 1 Norte Xochimilco - Calle 3,19.41686,-99.06425,01,482
010C1110-EJ1NCATASTRO,Eje 1 Norte Talleres Gráficos - Catastro,19.41339,-99.06672,01,483
010C1110-EJ1NAUDENAR,Eje 1 Norte Manuel Lebrija - Simón Audenaro,19.41544,-99.07534,01,484
010C1110-EJ1NOGAL,Eje 1 Norte José Antonio Alzate - Nogal,19.448,-99.16405,01,485
010C1110-MIRONMSELVA,Salvador Díaz Mirón - Madre Selva,19.45057000000001,-99.16859,01,477
010C1110-MIRONPRIVMIR,Base Salvador Díaz Mirón -  Priv. Díaz Mirón,19.45141,-99.17199,01,486
010C1101-MLEBRISTOSDU,Miguel Lebrija - Santos Dumont,19.41746,-99.07811,01,487
010C1101-EJ1NAEROTER2,Eje 1 Norte Fuerza Aérea Mexicana - Aeropuerto Terminal 2,19.41801,-99.07895,01,488
010C1101-EJ1NAGRARIA,Eje 1 Norte Fuerza Aérea Mexicana - Comisión Nacional Agraria,19.42251,-99.08481,01,489
010C1101-EJ1NHANGARES,Eje 1 Norte Fuerza Aérea Mexicana - Metro Hangares,19.42447,-99.08812,01,490
010C1101-EJ1N17OTE174,Eje 1 Norte 17 - Oriente 174,19.42836,-99.0952,01,491
010C1101-EJ1N17OTE172,Eje 1 Norte 17 - Oriente 172,19.42865,-99.0957,01,492
010C1101-EJ1N17OTE160,Eje 1 Norte 17 - Oriente 160,19.43028,-99.09898,01,493
010C1101-EJ1N17OTE156,Eje 1 Norte 17 - Oriente 156,19.4307,-99.09983,01,494
010C1101-EJ1N17OTE146,Eje 1 Norte 17 - Oriente 146,19.43204,-99.10246,01,495
010C1101-EJ1N17OTE138,Eje 1 Norte 17 - Oriente 138,19.43329,-99.10501,01,496
010C1101-EJ1NFCINSDUS,Eje 1 Norte 17 - F. C. Industrial,19.43387,-99.10665,01,497
010C1101-EJ1NANFORA,Eje 1 Norte Hilanderos - Anfora,19.43762000000001,-99.11016,01,498
010C1101-EJ1NEJ3OTE,Eje 1 Norte Hilanderos - Eje 3 Oriente Ing. Eduardo Molina,19.43801,-99.11403,01,499
010C1101-EJ1NAMELIA,Eje 1 Norte Hilanderos - Amelia,19.43801,-99.11471,01,500
010C1101-EJ1NTAPICERI,Eje 1 Norte Hilanderos - Tapicería,19.43808,-99.11594,01,501
010C1101-EJ1NEJ2OTE,Eje 1 Norte Hilanderos - Eje 2 Oriente Honorable Congreso de la Unión,19.43825,-99.11806,01,502
010C1101-EJ1NHOJALATE,Eje 1 Norte Av. del Trabajo - Hojalatería,19.43893,-99.11926,01,503
010C1101-EJ1NJARDINER,Eje 1 Norte Av. del Trabajo - Jardineros,19.44239,-99.12246,01,504
010C1101-EJ1NPREFORM,Eje 1 Norte Mosqueta - Paseo de la Reforma,19.44422,-99.14008,01,505
010C1101-EJ1NLERDO,Eje 1 Norte Mosqueta - Lerdo,19.44457,-99.14226,01,506
010C1101-EJ1NGUERRER,Eje 1 Norte Mosqueta - Metro Guerrero,19.44501,-99.14473,01,507
010C1101-EJ1NINSURNTE,Eje 1 Norte Mosqueta - Av. de los Insurgentes Norte,19.44636,-99.15294,01,508
010C1101-EJ1NSTAMARIA,Eje 1 Norte José Antonio Alzate - Santa María la Ribera,19.44707,-99.15721,01,509
010C1101-EJ1NSABINO,Eje 1 Norte José Antonio Alzate - Sabino,19.44754,-99.16008,01,510
010C1101-EJ1NCEDRO,Eje 1 Norte José Antonio Alzate - Cedro,19.44787,-99.16213,01,511
010C1101-EJ1NCTOINT,Eje 1 Norte José Antonio Alzate - Circuito Interior Av. Intituto Técnico Industrial,19.4482,-99.16414,01,485
010C1101-MIRONMAESTR,Salvador Díaz Mirón - Av. de los Maestros,19.45037,-99.16646,01,512
010C1101-FCPAVMXTCB,Felipe Carrillo Puerto - Av. México Tacuba,19.4491,-99.17243,01,513
010C1101-FCPLGCHALCO,Felipe Carrillo Puerto - Lago Chalco,19.44978,-99.17537,01,514
010C1101-FCPCOLSALESI,Felipe Carrillo Puerto - Colegio Salesiano,19.44999,-99.17642,01,515
010C1101-FCPFERROCUE,Felipe Carrillo Puerto - Ferrocarril de Cuernavaca,19.45024,-99.1774,01,516
010C1101-FCPMARKARA,Felipe Carrillo Puerto - Cerrada Mar de Kara,19.45044,-99.17831,01,517
010C1101-FCPMARBLANC,Felipe Carrillo Puerto - Mar Blanco,19.45075,-99.17968,01,518
010C1101-FCPMARCHINA,Felipe Carrillo Puerto - Mar de China,19.45091,-99.18047,01,519
010C1101-FCPGRALMNOE,Felipe Carrillo Puerto - Calz. Gral. Mariano Escobedo,19.45119,-99.18172,01,520
010C1101-FCPMARJONICO,Felipe Carrillo Puerto - Mar Jónico,19.45138,-99.1825,01,521
010C1101-FCPMARIRLAND,Felipe Carrillo Puerto - Mar Irlanda,19.45185,-99.18469,01,522
010C1101-NAUCALARISTA,Calz. San Bartolo Naucalpan - Gral. Arista,19.46101,-99.21066,01,523
010C1101-CUATROCNOS,Base Cuatro Caminos,19.45623,-99.21384,01,524
010C1100-CUATROCNOS,Base Cuatro Caminos,19.45685,-99.21647,01,525
010C1100-CANEBUENOSA,Lago Caneguín - Lago de Buenos Aires,19.45513,-99.2035,01,526
010C1100-CANECARDIEL,Lago Caneguín - Lago Cardiel,19.45504,-99.20281,01,527
010C1100-CANEVIEDMA,Lago Caneguín - Lago Viedma,19.45495,-99.20215,01,528
010C1100-FCPLEGARIA,Felipe Carrillo Puerto - Calz. de Legaria,19.45452,-99.19732,01,60
010C1100-FCPAMANTLA,Felipe Carrillo Puerto - Lago Amantla,19.4541,-99.19536,01,529
010C1100-FCPTAULEBE,Felipe Carrillo Puerto - Lago Taulebe,19.45368,-99.1935,01,530
010C1100-FCPWINNIPEG,Felipe Carrillo Puerto - Lago Winnipeg,19.45354,-99.19284,01,531
010C1100-FCPLGOCHIEM,Felipe Carrillo Puerto - Lago Chiem,19.45301,-99.19029,01,85
010C1100-FCPCJONLUZ,Felipe Carrillo Puerto - Callejón de la Luz,19.45273,-99.18924,01,86
010C1100-FCPJUANICO,Felipe Carrillo Puerto - Callejón San Juanico,19.45258,-99.18864,01,87
010C1100-FCPCONSTANZ,Felipe Carrillo Puerto - Lago Constanza,19.45206,-99.18638,01,89
010C1100-FCPMARINANAL,Felipe Carrillo Puerto - Marina Nacional,19.45192,-99.18573,01,532
010C1100-FCPLAGOCOMO,Felipe Carrillo Puerto - Lago Como,19.4514,-99.18316,01,533
010C1100-EJ1NACIONAL,Eje 1 Norte Av. del Trabajo - Nacional,19.43935,-99.1199,01,534
010C1100-EJ1NFERROCIN,Eje 1 Norte Av. del Trabajo - Ferrocarril de Cintura,19.44177,-99.12205,01,535
010C1100-EJ1NDOBLADO,Eje 1 Norte Héroes de Granditas - Manuel Doblado,19.44276,-99.12494,01,536
010C1100-EJ1NFLORIDA,Eje 1 Norte Héroes de Granaditas - Florida,19.44299,-99.12756,01,537
010C1100-EJ1NREPARGEN,Eje 1 Norte Rayón - República Argentina,19.44315,-99.13096,01,538
010C1100-EJ1NALLENDE,Eje 1 Norte Rayón - Allende,19.44372000000001,-99.13718,01,539
010C1100-EJ1NARANJO,Eje 1 Norte José Antonio Alzate - Naranjo,19.44724,-99.15934,01,540
010C1100-EJ1NCEDRO,Eje 1 Norte José Antonio Alzate - Cedro,19.44777,-99.16268,01,541
010C1100-MAESALZATE,Av. de los Maestros - José Antonio Alzate,19.44891,-99.16691,01,542
010C1100-RURALMAESTR,Maestro Rural - Av. de los Maestros,19.45024,-99.16691,01,512
010C1100-MXTCBMRURAL,Calz. México Tacuba - Maestro Rural,19.44849,-99.17088,01,543
010C1100-FCPZIRAHUEN,Felipe Carrillo Puerto - Lago Zirahuen,19.44899,-99.17241,01,513
010C1100-FCPLGOCHALC,Felipe Carrillo Puerto - Lago Chalco,19.44971,-99.17558,01,514
010C1100-FCPCOLSALESI,Felipe Carrillo Puerto - Colegio Salesiano,19.44998,-99.17673,01,515
010C1100-FCPTEXCOCO,Felipe Carrillo Puerto - Lago Texcoco,19.45039,-99.17863,01,517
010C1100-FCPLAGOTUS,Felipe Carrillo Puerto - Lago Tus,19.45071,-99.17996,01,518
010C1100-FCPLAGOISEO,Felipe Carrillo Puerto - Lago Iseo,19.45096,-99.18109,01,544
010C1100-FCPMNOESCOB,Felipe Carrillo Puerto - Mariano Escobedo,19.45117,-99.18213,01,520
010C1100-EJ1NHERRERA,Eje 1 Norte Av. del Trabajo - José Joaquín Herrera,19.43843,-99.11906,01,545
010C1100-METROPANTITL,Base Metro Pantitlán,19.41604,-99.07555,01,546
010C1100-EJ1NAGRARIA,Eje 1 Norte Fuerza Aérea Mexicana - Comisión Nacional Agraria,19.42234,-99.08493,01,489
010C1100-EJ1NHANGARES,Eje 1 Norte Fuerza Aérea Mexicana - Metro Hangares,19.42431,-99.08838,01,490
010C1100-EJ1N17OTE178,Eje 1 Norte 17 - Oriente 178,19.42823,-99.09546,01,491
010C1100-EJ1N17OTE172,Eje 1 Norte 17 - Oriente 172,19.42864,-99.09629,01,547
010C1100-EJ1N17OTE170,Eje 1 Norte 17 - Oriente 170,19.42887,-99.09675,01,548
010C1100-EJ1N17OTE158,Eje 1 Norte 17 - Oriente 158,19.43034,-99.09969,01,494
010C1100-EJ1N17OTE156,Eje 1 Norte 17 - Oriente 156,19.43064,-99.10027,01,494
010C1100-EJ1N17OTE152,Eje 1 Norte 17 - Oriente 152,19.43116,-99.1014,01,549
010C1100-EJ1N17OTE142,Eje 1 Norte 17 - Oriente 142,19.43246,-99.10393,01,550
010C1100-EJ1N17OTE136,Eje 1 Norte 17 - Oriente 136,19.43343,-99.10606,01,551
010C1100-EJ1NCERILLER,Eje 1 Norte Hilanderos - Cerillera,19.43732,-99.10992,01,498
010C1100-EJ1NANFORA,Eje 1 Norte Hilanderos - Anfora,19.43738,-99.11087,01,552
010C1100-EJ1NEJ3OTE,Eje 1 Norte Hilanderos - Eje 3 Oriente Eduardo Molina,19.43779,-99.11468,01,500
010C17A1-AOBREIFABELA,Álvaro Obregón - Isidro Fabela,19.27036,-99.18999,01,553
010C17A1-AOBREZAPATA,Álvaro Obregón - Emiliano Zapata,19.27037,-99.18948,01,554
010C17A1-AOBRETEPETZ,Álvaro Obregón - Tepetzingo,19.27037,-99.18879,01,555
010C17A1-KISKTONGARIR,Volcán Kiska - Volcán Tongariro,19.27066,-99.18312,01,556
010C17A1-KISKAGUA,Volcán Kiska - Volcán de Agua,19.27069,-99.18263,01,557
010C17A1-AGUAFERNAND,Volcán de Agua - Volcán Fernandina,19.27152,-99.18222,01,558
010C17A1-IZTACOAHUILT,Volcán Iztaccihuatl - Coahuiltecos,19.27118,-99.17984,01,559
010C17A1-IZTAPACHES,Volcán Iztaccihuatl - Apaches,19.27101,-99.17893,01,560
010C17A1-IZTACHONCHO,Volcán Iztaccihuatl - Chonchos,19.27063,-99.17671,01,561
010C17A1-IZTACOLIMA,Volcán Iztaccihuatl - Volcán Colima,19.2703,-99.17474,01,562
010C17A1-OTOLACANDO,Otomíes - Lacandones,19.27161,-99.17383,01,563
010C17A1-OTOYAQUIS,Otomíes - Yaquis,19.27218,-99.17356,01,564
010C17A1-OTONAHOAS,Otomíes - Nahoas,19.27421,-99.17232,01,565
010C17A1-COLONOTOMI,Cristobal Colón - Otomíes,19.2752,-99.17142,01,566
010C17A0-BASECANTERA,Base Cantera,19.27017,-99.19065,01,567
010C17A0-AOBREZAPATA,Álvaro Obregón - Emiliano Zapata,19.2703,-99.18952,01,553
010C17A0-AOBRETEPETZ,Álvaro Obregón -  Tepetzingo,19.2703,-99.18897,01,555
010C17A0-KISKPURACE,Volcán Kiska - Volcán Purace,19.27046,-99.18513,01,568
010C17A0-KISKTELICA,Volcán Kiska - Volcán Telica,19.27052,-99.18416,01,569
010C17A0-KISKTONGARIR,Volcán Kiska - Volcán Tongariro,19.270570000000006,-99.18321,01,556
010C17A0-AGUAKISKA,Volcán Agua - Volcán Kiska,19.27061,-99.1825,01,557
010C17A0-IZTABATUR,Volcán Iztaccihuatl - Volcán Batur,19.27144,-99.18166,01,570
010C17A0-IZTAPOPOCATE,Volcán Iztaccihuatl - Volcán Popocatepetl,19.27111,-99.17997,01,559
010C17A0-IZTANEVADOT,Volcán Iztacciuatl - Volcán Nevado de Toluca,19.27078,-99.17812,01,571
010C17A0-IZTAELBRUZ,Volcán Iztaccihuatl - Monte Elbruz,19.27048,-99.17635,01,561
010C17A0-IZTACCOLIMA,Volcán Iztaccihuatl - Volcán Colima,19.27023,-99.17481,01,562
010C17A0-OTOLACANDON,Otomíes - Lacandones,19.27164,-99.17372,01,563
010C17A0-YAQZAPOTEC,Yaquis - Zapotecas,19.27276,-99.17372,01,572
010C17A0-YAQNAHOAS,Yaquis - Nahoas,19.2743,-99.17296,01,573
010C17A0-YAQTEPEHUAN,Yaquis - Tepehuanos,19.2755,-99.17221,01,574
010C17A0-YAQTOTONOCA,Yaquis - Totonacas,19.27668,-99.17113,01,575
010C17A0-TLALCOCHICH,Tlalcoligia - Chichimecas,19.27838,-99.16887,01,576
010C1791-TLALAXCO,Base Tlalaxco México-Cuernavaca Libre,19.24565,-99.17104,01,577
010C1791-MXCUERKM23,México-Cuernavaca Libre - Km 23 Morelos,19.24634,-99.17098,01,578
010C1791-MXCUERCLAVE,México-Cuernavaca Libre - Clavelito,19.24962,-99.17387,01,579
010C1791-MXCUERXOCHI,México-Cuernavaca Libre - Xóchitl,19.25074,-99.17656,01,580
010C1791-MXCUERANDRE,México-Cuernavaca Libre - Entrada a San Andres,19.25419,-99.17715,01,581
010C1791-MXCUERIXTLE,México-Cuernavaca Libre - Jardín Ixtle,19.25703,-99.17783,01,582
010C1791-MXCUERKM21,México-Cuernavaca Libre - Km 21,19.2592,-99.17377,01,583
010C1791-MXCUERXOLHA,México-Cuernavaca Libre - Hotel Xol-ha,19.26262,-99.17405,01,584
010C1791-MXCUERLIRIO,México-Cuernavaca Libre - Lirio,19.269820000000006,-99.17062,01,585
010C1791-MXCUERYUPAN,México-Cuernavaca Libre - Rey Yupanqui ,19.27281,-99.16781,01,586
010C1791-CHIMALCANTER,Chimalcoyotl - Plaza Cantera,19.27583,-99.16745,01,587
010C1790-TLALAXCO,Base Tlalaxco México-Cuernavaca Libre,19.24558,-99.171,01,577
010C1790-MXCUERCLAVE,México-Cuernavaca Libre - Clavelito,19.24999,-99.17402,01,579
010C1790-MXCUERKM23,México-Cuernavaca Linre - Km 23 Morelos,19.25109,-99.17663,01,580
010C1790-MXCUERANDRE,México-Cuernavaca Libre - Entrada a San Andrés Reforma,19.25411,-99.17683,01,581
010C1790-MXCUERPRESA,México-Cuernavaca Libre - La Presa,19.25466,-99.17767,01,588
010C1790-MXCUERTLALP,México-Cuernavaca Libre - Tlalpuente,19.25713,-99.17729,01,589
010C1790-MXCUERKM21,México-Cuernavaca Libre - Km 21,19.25873,-99.17355,01,590
010C1790-MXCUER5MAYO,México-Cuernavaca Libre - 5 de Mayo,19.26651,-99.17086,01,591
010C1790-MXCUERCLAVL,México-Cuernavaca Libre - Clavel Norte,19.27243,-99.16784,01,586
010C1781-MIRMCARRETE,Canal de Miramontes - Av. la Carretera,19.2885,-99.12619,01,592
010C1781-MIRMCANTARO,Canal de Miramontes - El Cantaro,19.29034,-99.12601,01,593
010C1781-ACOXCNLMIRAM,Acoxpa - Canal de Miramontes,19.29302,-99.12646,01,594
010C1781-ACOXCATILLO,Acoxpa - Cerro de Catillo,19.29395,-99.12889,01,595
010C1781-ACOXDVSNTE,Acoxpa - División del Norte,19.29532,-99.13205,01,596
010C1781-ACOXJUANDIOS,Acoxpa - San Juan de Dios,19.29576,-99.13311,01,597
010C1781-ACOXCLBDVO,Acoxpa - Club Deportivo Veracruz,19.2961,-99.13403,01,598
010C1781-ACOXCLBLEON,Acoxpa - Club León,19.29717,-99.13679,01,599
010C1781-ACOXPLZPASEO,Acoxpa - Plaza Paseo Acoxpa,19.29741,-99.1374,01,600
010C1781-ACOXNECAXA,Acoxpa - Club Deportivo Necaxa,19.29808,-99.13918,01,601
010C1781-TLALACOXPA,Tlalpan - Acoxpa,19.30089,-99.14695,01,602
010C1780-MIRAMTSZAPAT,Base Canal de Miramontes - Emiliano Zapata ,19.28651,-99.12787,01,603
010C1780-ACOXCNLMIRAM,Acoxpa - Canal de Miramontes,19.2932,-99.12614,01,594
010C1780-ACOXPLZACOX,Acoxpa - Plaza Acoxpa,19.29385,-99.12777,01,604
010C1780-ACOXDVSNTE,Acoxpa - División del Norte,19.29515,-99.13101,01,605
010C1780-ACOXPLZPASEO,Acoxpa - Plaza Paseo Acoxpa,19.29802,-99.13823,01,606
010C1780-ACOXBORDO,Acoxpa - El Bordo,19.29965,-99.14228,01,607
010C1780-TLALVERGEL,Tlalpan- El Vergel,19.30602,-99.14242,01,608
010C1771-FERINDUSTRIA,San Fernando - Industria,19.29191,-99.16599,01,609
010C1771-FERMOCTEZUM,San Fernando - Moctezuma,19.29257,-99.16795,01,610
010C1771-FERFARISSSTE,San Fernando - Farmacia del ISSSTE,19.29359,-99.17087,01,611
010C1771-FERHPSIQUIAT,San Fernando - Hospital de Psiquiatría,19.29506,-99.17486,01,612
010C1771-FERGUARDER,San Fernando - Guarderia Infantil IMSS,19.29525,-99.17786,01,613
010C1771-FERISSSTE,San Fernando - ISSSTE,19.29537,-99.1794,01,614
010C1771-FERZAPOTE,San Fernando - Zapote,19.29542,-99.18012,01,615
010C1771-FERKIDZANIA,San Fernando - Entrada a Kidzania,19.2956,-99.18339,01,616
010C1771-INSURCORREG,Insurgentes Sur - Corregidora,19.29436,-99.18214,01,617
010C1771-CORREGBELISA,Corregidora - Belisario Domínguez,19.29366,-99.18199,01,618
010C1771-CORREGISORJ,Corregidora - Sor Juana Inés de la Cruz,19.28988,-99.18347,01,619
010C1771-SORJLEONAV,Sor Juana Inés de la Cruz - Leona Vicario,19.28922,-99.18242,01,620
010C1771-SORJAYUNTAM,Sor Juana Inés de la Cruz - Ayuntamiento,19.28834,-99.18044,01,621
010C1771-FBMICHOACAN,Fuentes Brotantes - Michoacán,19.28619,-99.18103,01,622
010C1771-FBGUADALAJA,Fuentes Brotantes - Guadalajara,19.2845,-99.18297,01,623
010C1771-FBSANJUANRIO,Fuentes Brotantes - San Juan del Río,19.28388,-99.18525,01,624
010C1771-FBMHGO,Fuentes Brotantes - Miguel Hidalgo,19.2815,-99.18707,01,625
010C1771-FBOMBA,Fuentes Brotantes - La Bomba,19.27992,-99.18968,01,626
010C1771-REYNTAMAULP,Reynosa - Tamaulipas,19.27936,-99.18735,01,627
010C1770-FERMAGISNAL,San Fernando - Magisterio Nacional,19.29102,-99.16416,01,628
010C1770-FERFCOIMADE,San Fernando - Francisco I. Madero,19.29159,-99.16581,01,609
010C1770-FERBJUAREZ,San Fernando - Benito Juárez,19.29233,-99.16784,01,610
010C1770-FERLASFUENT,San Fernando - Las Fuentes,19.29373,-99.17188,01,629
010C1770-FERCJONSNFE,San Fernando - Callejón San Fernando,19.29492,-99.17505,01,612
010C1770-FER11MARTIRE,San Fernando - 11 Mártires,19.294970000000006,-99.17641,01,630
010C1770-FERAYUNTAMI,San Fernando - Ayuntamiento,19.29507000000001,-99.17819,01,613
010C1770-FERIZARAGOZA,San Fernando - Ignacio Zaragoza,19.29519,-99.17964,01,614
010C1770-FERPLZHUIPUL,San Fernando - Plaza Huipulco,19.29502,-99.18253,01,631
010C1770-AYUNINSURGS,Ayuntamiento - Insurgentes Sur,19.29264,-99.17815,01,632
010C1770-AYUNCONFEDE,Ayuntamiento - Confederación,19.29121,-99.1783,01,633
010C1770-AYUNFAMA,Ayuntamiento - La Fama,19.28979,-99.17921,01,634
010C1770-FBSORJUANA,Fuentes Brotantes - Sor Juana Inés de la Cruz,19.28804,-99.18013,01,621
010C1770-FBMICHOACAN,Fuentes Brotantes - Michoacan,19.28578,-99.18097,01,622
010C1770-FBGUADALAJA,Fuentes Brotantes - Guadalajara,19.28412,-99.18326,01,635
010C1770-FBSANJUANRIO,Fuentes Brotantes - San Juan del Río,19.2834,-99.18522,01,636
010C1770-FBMHGO,Fuentes Brotantes - Miguel Hidalgo,19.28098,-99.1873,01,637
010C1770-FUENTESBROT,Base Fuentes Brotantes,19.27957,-99.18746,01,627
010C1750-FLAMNCPINOS,Base Flamencos y José María Pino Suárez,19.4246,-99.13343,01,638
010C1740-JEROPINOSUA,Base San Jerónimo y José María Pino Suárez,19.42655,-99.13313,01,639
010C1731-CUAUHTRABAJ,Cuauhtémoc - Del Trabajo,19.24857,-99.12361,01,640
010C1731-EZAPCUAUHTE,Emiliano Zapata - Cuauhtémoc,19.249270000000006,-99.12353,01,641
010C1731-EZAPCONSTITU,Emiliano Zapata - Constitución,19.24924,-99.12172,01,642
010C1731-EZAPTEPALCAT,Emiliano Zapata - Santiago Tepalcatlalpan,19.24934,-99.11897,01,643
010C1731-SGOECARRANZ,Santiago Tepalcatlalpan - Emilio Carranza,19.25015,-99.11933,01,644
010C1731-TOPIREFORMA,Xochimilco San Pablo Topilejo - Reforma,19.25082,-99.11966,01,645
010C1731-SGOCONSTITU,Santiago Tepalcatlalpan - Constitución,19.25188,-99.12014,01,646
010C1731-SGORIOTITLA,Santiago Tepalcatlalpan - Río Titla,19.25426,-99.12135,01,647
010C1731-SGOXOCHIMIL,Santiago Tepalcatlalpan - Xochimilco,19.25616,-99.12231,01,648
010C1731-SGOJACARAND,Santiago Tepalcatlalpan - Jacarandas,19.25708,-99.12276,01,649
010C1731-ACUESNPABLO,Acueducto - San Pablo,19.25935,-99.12404,01,650
010C1731-ACUECUAUHTE,Acueducto - Cuauhtémoc,19.26046,-99.12546,01,651
010C1731-ACUECEREZOS,Acueducto - Cerezos,19.26132,-99.1266,01,652
010C1731-ACUEARBOLED,Acueducto - Arboledas,19.26425,-99.1281,01,653
010C1731-CNOXGPEIREZ,Antiguo Camino a Xochimilco - Guadalupe Inclan Ramírez,19.26836,-99.12755,01,654
010C1730-BSANTIAGO,Base Santiago,19.24909,-99.12292,01,655
010C1730-EZAPNUEVA,Emiliano Zapata - Calle Nueva,19.24915,-99.1202,01,656
010C1730-EZAPTEPALCAT,Emiliano Zapata - Santiago Tepalcatlalpan,19.24941,-99.11884,01,643
010C1730-TOPIREFORMA,Xochimilco San Pablo Topilejo - Reforma,19.2507,-99.11941,01,645
010C1730-TOPICONSTITU,Xochimilco San Pablo Topilejo - Constitución,19.25165,-99.1199,01,646
010C1730-SGORIOTITLA,Santiago Tepalcatlalpan - Río Titla,19.25425,-99.12117,01,647
010C1730-SGOCHEDRAUI,Santiago Tepalcatlalpan - Chedraui,19.25734,-99.12269,01,649
010C1730-SGOACUEDUCT,Santiago Tepalcatlalpan - Av. Acueducto,19.25895,-99.12361,01,657
010C1730-CNOXCRUZAZL,Antiguo Camino a Xochimilco - Deportivo Cruz Azul,19.26226,-99.12529,01,658
010C1730-CNOXOLMEDO,Antiguo Camino a Xochimilco - Museo Dolores Olmedo,19.26613,-99.12636,01,659
010C1730-CNOXCHGPEI,Antiguo Camino a Xochimilco - Guadalupe Inclan Ramírez,19.26809,-99.12716,01,660
010C1721-BSDVOXOCH,Base Deportivo Xochimilco,19.25226,-99.10602,01,661
010C1721-FCOGOYDVO,Francisco Goytia - Deportivo,19.25562,-99.10622,01,662
010C1721-DVNTEREDENC,Prol. División del Norte - Redención,19.25714,-99.11029,01,663
010C1721-20NOVDVSNTE,20 de Noviembre - Prol. División del Norte,19.26136,-99.11278,01,664
010C1721-20NOVGARGOL,20 de Noviembre - Gargolas,19.2632,-99.11601,01,665
010C1721-20NOVRIOBLNC,20 de Noviembre - Mártires del Río Blanco,19.26475,-99.11905,01,666
010C1721-20NOVELSAUZ,20 de Noviembre - El Sauz,19.26669,-99.12293,01,667
010C1720-DVOXOCHIMILC,Base Deportivo Xochimilco,19.25133,-99.10605,01,668
010C1720-16SEPHELIOTR,16 de Septiembre - Heliotropo,19.2533,-99.10552,01,669
010C1720-16SEPGOYTIA,16 de Septiembre - Francisco Goytia,19.25489,-99.10522,01,670
010C1720-20NOVAVMX,20 de Noviembre - Av. México,19.2642,-99.11785,01,671
010C1711-16SEPINO,16 de Septiembre - Pino,19.26411,-99.10316,01,672
010C1711-GPEICASTILLO,Guadalupe Inclan Ramírez - Pedro Ramírez del Castillo,19.26388,-99.10537,01,673
010C1711-GPEIAVMX,Guadalupe Inclan Ramírez - Av. México,19.26427,-99.10747,01,674
010C1711-GPEIGLADIOLA,Guadalupe Inclan Ramírez - Gladiola,19.2645,-99.10841,01,675
010C1711-GPEIZACATECS,Guadalupe Inclan Ramírez - Zacatecas,19.26521,-99.11178,01,676
010C1711-GPEIDVSNTE,Guadalupe Inclan Ramírez - Prol. División del Norte,19.26586,-99.11488,01,677
010C1711-GPEIDELRASTR,Guadalupe Inclan Ramírez - Del Rastro,19.2661,-99.11596,01,678
010C1711-GPEIRUBELLON,Guadalupe Inclan Ramírez - Rubellón,19.26696,-99.12002,01,679
010C1711-GPEIELSAUZ,Guadalupe Inclan Ramírez - El Sauz,19.26756,-99.12289,01,680
010C1711-GPEI20NOVIEM,Guadalupe Inclan Ramírez - 20 de Noviembre,19.26816,-99.12565,01,681
010C1711-GPEILANORIA,Guadalupe Inclan Ramírez - La Noria,19.26851,-99.12729,01,654
010C1711-GPEICONA12,Guadalupe Inclan Ramírez - Conalep 12,19.26968,-99.12899,01,682
010C1711-GPEICNOXCH,Guadalupe Inclan Ramírez - Antiguo Camino a Xochimilco,19.26872,-99.12785,01,683
010C1711-GPEIABASOLO,Guadalupe Inclan Ramírez - Mariano Abasolo,19.27175,-99.13113,01,684
010C1711-16SEPMHGO,16 de Septiembre - Miguel Hidalgo,19.27293,-99.13193,01,685
010C1711-16SEPCALLEY,16 de Septiembre - Calle Y,19.27485,-99.13274,01,686
010C1711-16SEPIALDAMA,16 de Septiembre - Ignacio Aldama,19.27664,-99.13305,01,687
010C1711-16SEPNBRAVO,16 de Septiembre - Nicolás Bravo,19.27821,-99.13386,01,688
010C1711-MXCHPVIRGEN,Calz. México - Xochimilco - Paseo de la Virgen,19.28106,-99.13788,01,689
010C1711-MXCHTLPERIF,Calz. México-Xochimilco - Tren Ligero Periférico,19.28268,-99.13985,01,690
010C1711-MXCHIREHABI,Calz. México-Xochimilco - Instituto Nacional de Rehabilitación,19.28925,-99.14762,01,691
010C1711-TLALMXOCHIM,Calz. de Tlalpan - México-Xochimilco,19.29735,-99.15175,01,692
010C1710-PINOBJUAREZ,Base Pino - Benito Juárez,19.26442,-99.10397,01,693
010C1710-PINOCASTILLO,Pino - Pedro Ramírez del Castillo,19.26462,-99.10493,01,694
010C1710-PINOMATAMRS,Pino - Matamoros,19.26489,-99.10624,01,695
010C1710-PINOFCELADA,Pino - Fernando Celada,19.26464,-99.10819,01,675
010C1710-GPEITABACHIN,Guadalupe Inclan Ramírez - Tabachines,19.26539,-99.11173,01,676
010C1710-GPEIDVSNTE2,Guadalupe Inclan Ramírez - Prol. División del Norte II,19.2663,-99.11602,01,678
010C1710-GPEIDVSNTE,Guadalupe Inclan Ramírez - Prol. División del Norte,19.26593,-99.11427,01,696
010C1710-GPEIRUBELLON,Guadalupe Inclan Ramírez - Rubellon,19.26702,-99.11943,01,697
010C1710-GPEIBERNARDI,Guadalupe Inclan Ramírez - San Bernardino,19.26773,-99.12283,01,680
010C1710-GPEILANORIA,Guadalupe Inclan Ramírez - La Noria,19.26861,-99.12684,01,698
010C1710-GPEIMHGO,Guadalupe Inclan Ramírez - Miguel Hidalgo,19.27249,-99.13135,01,699
010C1710-GPEIALDAMA,Guadalupe Inclan Ramírez - Ignacio Aldama,19.27623,-99.13256,01,700
010C1710-GPEINBRAVO,Guadalupe Inclan Ramírez - Nicolás Bravo,19.27732,-99.13242,01,701
010C1710-GPEITLTEPEPA,Guadalupe Inclan Ramírez - Tren Ligero Tepepan,19.27936,-99.13308,01,702
010C1710-GPEITRONQUE,Guadalupe Inclan Ramírez - Tronque,19.28109,-99.13741,01,689
010C1710-GPEIPERIFERI,Guadalupe Inclan Ramírez - Periférico,19.28184,-99.13831,01,703
010C1710-MXCHTLPERIF,México-Xochimilco - Tren Ligero Periférico,19.28287000000001,-99.13946,01,690
010C1710-MXCHTRANSM,México-Xochimilco - Transmisiones,19.28365,-99.14045,01,704
010C1710-MXCHXOMALI,México-Xochimilco - Xomali,19.28929,-99.14709,01,705
010C1701-MXCUERDESNIV,Carretera México-Cuernavaca - Paso a Desnivel,19.24044,-99.14723,01,706
010C1701-MXCUERPFED,Carretera México Cuernavaca - Policia Federal,19.24371,-99.14952,01,707
010C1701-MXCUERPALMA,Carretera México-Cuernavaca - Puente Palma,19.24806,-99.15497,01,708
010C1701-MXCUERPMILIT,Carretera México-Cuernavaca - Panteón Militar,19.25752,-99.16141,01,709
010C1701-MXCUERVIOLE,Carretera México-Cuernavaca - Puente Violeta,19.26651,-99.16501,01,710
010C1701-MXCUER2DPTE,Carretera México-Cuernavaca - Segundo Puente,19.26937,-99.16405,01,711
010C1701-MXCUERPEDRO,Carretera México-Cuernavaca - Puente San Pedro,19.2705,-99.1638,01,712
010C1701-MXCUERCHIMAL,Carretera México-Cuernavaca - Chimalcoyotl,19.27319,-99.16479,01,713
010C1701-TLALAROSA,Tlalpan - La Rosa,19.28424,-99.1644,01,714
010C1701-TLALCOAPA,Tlalpan - Coapa,19.291220000000006,-99.16101,01,715
010C1701-TLALCHIMALC,Tlalpan - Chimalcoyotl,19.29268,-99.15904,01,716
010C1701-TLALXONTEPE,Tlalpan - Xontepec,19.2935,-99.15794,01,717
010C1701-TLALHUIPULCO,Tlalpan - Huipulco,19.29606,-99.15445,01,718
010C1701-TLALRLEDUC,Tlalpan - Renato Leduc,19.29746,-99.15257,01,719
010C1701-TLALCFEDVO,Tlalpan - CFE y Deportivo,19.30011,-99.14928,01,720
010C1701-TLALTLTORRES,Tlalpan - Tren Ligero Las Torres,19.34074,-99.14366,01,721
010C1701-TLALMAQ,Tlalpan - Miguel Ángel de Quevedo,19.34387000000001,-99.14446,01,722
010C1701-TLALSNANDRES,Tlalpan - San Andrés,19.34548,-99.14484,01,723
010C1701-TLALAMERICA,Tlalpan - América,19.34618,-99.14502,01,724
010C1701-TLALIRLANDES,Tlalpan - Mártires Irlandeses,19.34928,-99.14574,01,725
010C1701-TLALHERO47,Tlalpan - Héroes del 47,19.35038,-99.14584,01,726
010C1701-TLALGRALANAY,Tlalpan - Metro General Anaya,19.35292,-99.14533,01,727
010C1701-TLALIMSSINDI,Tlalpan - IMSS Sindicato,19.35476,-99.14478,01,728
010C1701-TLALVHERMOS,Tlalpan - Vista Hermosa,19.35865,-99.1438,01,729
010C1701-TLALPOPOCATE,Tlalpan - Popocatepetl y Eje 8 Sur,19.35998,-99.1435,01,730
010C1701-TLALERMITAL2,Tlalpan - Metro Ermita Línea 2,19.36133,-99.14327,01,731
010C1701-TLALREPUBLIC,Tlalpan - Repúblicas,19.36294,-99.14299,01,732
010C1701-TLALEZAPATA,Tlalpan - Emiliano Zapata,19.36455,-99.14271,01,733
010C1701-TLALMPOLIBRE,Tlalpan - Municipio Libre,19.36846,-99.14205,01,734
010C1701-TLALPORTALES,Tlalpan - Metro Portales,19.37002,-99.1418,01,735
010C1701-TLALSTACRUZ,Tlalpan - Santa Cruz,19.37064,-99.14171,01,736
010C1701-TLALIBERTAD,Tlalpan - Libertad,19.37229,-99.14143,01,737
010C1701-TLALSNSIMON,Tlalpan - San Simón,19.37357,-99.14126,01,738
010C1701-TLALPASCUALR,Tlalpan - Ing. Pascual O. Rubio,19.37451,-99.14113,01,739
010C1701-TLALRODRIGZ,Tlalpan - Antonio Rodríguez,19.37598,-99.14092,01,740
010C1701-TLALEJ6SMALT,Tlalpan - Eje 6 Sur Cumbres de Maltrata,19.37754,-99.14073,01,741
010C1701-TLALMNATIVIT,Tlalpan - Metro Nativitas,19.38017,-99.14033,01,742
010C1701-TLALRMILLAN,Tlalpan - Ramos Millán,19.38325,-99.13986,01,743
010C1701-TLALCLINIC10,Tlalpan - Clínica 10,19.385720000000006,-99.13945,01,744
010C1701-TLALVILLCORT,Tlalpan - Metro Villa de Cortes,19.38798,-99.1391,01,745
010C1701-TLALAPOSTAL,Tlalpan - Ahorro Postal,19.38871,-99.13901,01,746
010C1701-TLALGPOSTALS,Tlalpan  - Giros Postales,19.38941,-99.13893,01,747
010C1701-TLALUPOSTAL,Tlalpan - Unión Postal,19.391070000000006,-99.13868,01,748
010C1701-TLALCUENCA,Tlalpan - Cuenca,19.3928,-99.13843,01,749
010C1701-TLALEJ4SXOLA,Tlalpan - Eje 4 Sur Xola,19.39426,-99.1382,01,750
010C1701-TLALMXOLA,Tlalpan - Metro Xola,19.39483,-99.1381,01,751
010C1701-TLALTOLEDO,Tlalpan - Toledo,19.39564,-99.13799,01,752
010C1701-TLALCADIZ,Tlalpan - Cádiz,19.39891,-99.13744,01,753
010C1701-TLALSEGOVIA,Tlalpan - Segovia,19.40024,-99.13722,01,754
010C1701-TLALMVIDUCTO,Tlalpan - Metro Viaducto,19.40095,-99.13709,01,755
010C1701-ABADTORIBIOM,San Antonio Abad - Toribio Medina,19.40478,-99.13648,01,756
010C1701-ABADHDAVALOS,San Antonio Abad - Juan Hernández y Dávalos,19.40612,-99.13628,01,757
010C1701-ABADTORQUEM,San Antonio Abad - Torquemada,19.40855,-99.13595,01,758
010C1701-ABADCHABACA,San Antonio Abad - Metro Chabacano,19.40918,-99.1359,01,759
010C1701-ABADJAMATEO,San Antonio Abad - Juan A. Mateos,19.41042,-99.13561,01,760
010C1701-ABADBARCENA,San Antonio Abad - María Roa Bárcenas,19.41152,-99.13544,01,761
010C1701-ABADJCUELLAR,San Antionio Abad - José T. Cuellar,19.4138,-99.13508,01,762
010C1701-ABADGNAJERA,San Antonio Abad - Gutiérrez Nájera,19.41532,-99.13485,01,763
010C1701-ABADMTROABA,San Antonio Abad - Metro San Antonio Abad,19.41601,-99.13475,01,764
010C1701-ABADMFLORES,San Antonio Abad - Manuel M. Flores,19.41638,-99.13469,01,764
010C1701-ABADBOTURINI,San Antonio Abad - Lorenzo Boturini,19.4183,-99.13437,01,765
010C1701-BSNEZAPINO,Base Nezahulacoyotl - José María Pino Suárez,19.42496,-99.13338,01,638
010C1700-MXCUERCOBR,Base Carretera México-Cuernavaca - Caseta de Cobro,19.24094,-99.14734,01,766
010C1700-MXCUERBLANC,Carretera México-Cuernavaca - Puente Blanco,19.24404,-99.14919,01,767
010C1700-MXCUERXICAL,Carretera México-Cuernavaca - Puente Xicalco,19.26018,-99.1642,01,768
010C1700-MXCUERN5MAY,Carretera México-Cuernavaca - 5 de Mayo,19.26446,-99.16551,01,769
010C1700-MXCUERNVIOL,Carretera México Cuernavaca - Puente Violeta,19.26645,-99.16484,01,710
010C1700-TLALJOJUTLA,Tlalpan - Jojutla,19.28322,-99.16458,01,770
010C1700-TLALFERNAND,Tlalpan - San Fernando,19.29003,-99.16213,01,771
010C1700-TLALCENT,Tlalpan - San Fernando Cent.,19.29146,-99.1603,01,772
010C1700-TLALINER,Tlalpan - San Fernando Izq. INER,19.29165,-99.16003,01,772
010C1700-TLALMXOCHIM,Tlalpan - Calz. México-Xochimilco,19.29745,-99.15215,01,692
010C1700-TLALJBOSCO,Tlalpan - San Juan Bosco,19.2981,-99.15124,01,773
010C1700-TLALGTAHUIPU,Tlalpan - Glorieta de Huipulco,19.29886,-99.1499,01,774
010C1700-TLALICEL,Tlalpan - ICEL,19.32168,-99.13749,01,775
010C1700-TLALPTORICO,Tlalpan - Puerto Rico,19.34659,-99.14463,01,776
010C1700-TLALPATINADO,Tlalpan - Patinadores,19.34825,-99.14505,01,777
010C1700-TLALNADADOR,Tlalpan - Nadadores,19.34945,-99.14529,01,778
010C1700-TLALGRALANAY,Tlalpan - Metro General Anaya,19.35281,-99.14491,01,727
010C1700-TLALRCHURUB,Tlalpan - Río Churubusco,19.35564,-99.14403,01,779
010C1700-TLALERMITA,Tlalpan - Ermita,19.35849,-99.14335,01,780
010C1700-TLALERMITL12,Tlalpan - Metro Ermita Linea 12,19.35961,-99.14308,01,781
010C1700-TLALERMITL2,Tlalpan - Metro Ermita Linea 2,19.36182,-99.1427,01,782
010C1700-TLALMONTES,Tlalpan - de los Montes,19.36356,-99.14238,01,783
010C1700-TLALEZAPATA,Tlalpan - Emiliano Zapata,19.36411,-99.14229,01,784
010C1700-TLALMPOLIBRE,Tlalpan - Municipio Libre,19.3679,-99.14165,01,785
010C1700-TLALSUIZA,Tlalpan - Suiza,19.36851,-99.14154,01,786
010C1700-TLALPORTALES,Tlalpan - Metro Portales,19.36969,-99.14137,01,787
010C1700-TLALBRETANA,Tlalpan - BretaNa,19.37432,-99.14068,01,788
010C1700-TLALZACAHUIT,Tlalpan - Zacahuitzco,19.37609,-99.14046,01,740
010C1700-TLALMORELOS,Tlalpan - Morelos,19.37701,-99.14032,01,789
010C1700-TLALAGO,Tlalpan - Lago,19.37852,-99.14011,01,790
010C1700-TLALMNATIVIT,Tlalpan - Metro Nativitas,19.37898,-99.14004,01,791
010C1700-TLAL1MAYO,Tlalpan - 1ro de Mayo,19.38249,-99.13951,01,792
010C1700-TLALVILLCORT,Tlalpan - Metro Villa de Cortes,19.38789,-99.13865,01,745
010C1700-TLALSANTIAGO,Tlalpan - Santiago,19.39146,-99.13816,01,793
010C1700-TLALNAPOLEON,Tlalpan - Napoleon,19.39365,-99.13781,01,794
010C1700-TLALMXOLA,Tlalpan - Metro Xola,19.39504,-99.13764,01,795
010C1700-TLALSTANITA,Tlalpan - Santa Anita,19.39892,-99.137,01,753
010C1700-TLALMVIADUCT,Tlalpan - Metro Viaducto,19.40072,-99.1367,01,755
010C1700-ABAD24BATALL,San Antonio Abad - 24 Batallón de Policia Militar,19.4051,-99.13607,01,796
010C1700-ABADCHABAC,San Antonio Abad - Chabacano,19.40793,-99.13562,01,797
010C1700-ABADCHABACA,San Antonio Abad - Metro Chabacano,19.40956,-99.13526,01,798
010C1700-ABADMTROABA,San Antonio Abad - Metro San Antonio Abad,19.416120000000006,-99.13434,01,764
010C1700-ABADBOTURINi,San Antonio Abad - Lorenzo Boturini,19.41768,-99.13411,01,799
010C1700-ABADIXTLILXO,San Antonio Abad - Fernando de Alva Ixtlilxocitl,19.41917,-99.13388,01,800
010C1700-ABADFRAYSER,San Antonio Abad - Diagonal Fray Servando,19.42372,-99.13419,01,801
010C1700-BSNEZAPINO,Base Nezahualcoyotl-José María Pino Suárez,19.42503,-99.13329,01,802
0100C120-BMUERTO,Base Barranca del Muerto,19.36334,-99.19153,01,803
0100C110-TACUBAYA,Base Tacubaya,19.40161,-99.18887,01,804
0100C110-NCNR11ABRIL,Canario - 11 de Abril,19.39539,-99.1931,01,805
0100C100-PERIFHOLI,Base Periférico - Puente Hollywood,19.45289,-99.22026,01,806
0100C101-PERIFBLVDLU,Periférico - Blvd. de la Luz,19.32505,-99.21432,01,807
0100C101-CNLCHALCO,Base Canal de Chalco,19.30585,-99.08684,01,808
0100C101-PERIFECOLOG,Periférico - Parque Ecológico,19.29848,-99.09422,01,809
0100C101-PERIFCNLNAL,Periférico - Canal Nacional,19.29508,-99.10222,01,810
0100C101-PERIFCUEMAN,Periférico - Cuemanco,19.29455,-99.10347,01,811
0100C101-PERIFTORRECI,Periférico - Hacienda Torrecillas,19.29411,-99.10452,01,812
0100C101-PERIFSAUZAL,Periférico - Sauzales,19.29162,-99.11036,01,813
0100C101-PERIFCAFETLS,Periférico - Eje 3 Oriente Cafetales,19.28954,-99.11526,01,814
0100C101-PERIFVAQUERI,Periférico - Vaqueritos,19.28588,-99.12381,01,815
0100C101-PERIFVAQUE2,Periférico - Vaqueritos 2,19.28484,-99.12737,01,816
0100C101-PERIFBANAMX,Periférico - Centro Banamex,19.28306,-99.13367,01,817
0100C101-PERIFTECMREY,Periférico - Tec de Monterrey,19.28274,-99.13496,01,818
0100C100-PERIFTEPEPAN,Periférico - Tepepan,19.28255,-99.14229,01,819
0100C101-PERIFTEPEPAN,Periférico - Tepepan,19.28286,-99.1414,01,820
0100C101-PERIFESCA,Periférico - ESCA,19.28504,-99.14659,01,821
0100C101-PERIFREHABIL,Periférico - Rehabilitación,19.2891,-99.15045,01,822
0100C101-PERIFPSIQUIA,Periférico - Psiquiatría,19.29147,-99.15224,01,823
0100C101-PERIFCNOREAL,Periférico - Camino Real,19.29326,-99.15361,01,824
0100C101-PERIFTLALPN,Periférico - Calz. de Tlalpan,19.29513,-99.15505,01,825
0100C101-PERIFHUIPULC,Periférico - Huipulco,19.29593,-99.15567,01,826
0100C101-PERIFLEDUC,Periférico - Renato Leduc,19.29665,-99.15622,01,827
0100C101-PERIFCTOAZT,Periférico - Circuito Azteca,19.3014,-99.16175,01,828
0100C101-PERIFGRNSUR,Periférico - Gran Sur,19.302,-99.16558,01,829
0100C101-PERIFMX68,Periférico - México 68,19.30241,-99.1686,01,830
0100C101-PERIFJFKENNE,Periférico - J. F. Kennedy,19.30297,-99.17281,01,831
0100C101-PERIFPEDREGL,Periférico - Villas Pedregal,19.30328,-99.17495,01,832
0100C101-PERIFYOLIZTL,Periférico - Sala Ollin Yoliztli,19.30369,-99.17931,01,833
0100C101-PERIFCEFIRO,Periférico - Céfiro,19.30368,-99.18028,01,834
0100C101-PERIFSELVA,Periférico - Selva,19.30339,-99.18353,01,835
0100C101-PERIFINSURG,Periférico - Av. Insurgentes,19.30313,-99.18594,01,836
0100C101-PERIFPERISUR,Periférico - Perisur,19.30267000000001,-99.19031,01,837
0100C101-PERIFTERES,Periférico - Camino a Santa Teresa,19.30423,-99.19976,01,838
0100C101-PERIFIMAGEN,Periférico - Plaza Imagen,19.30529,-99.20252,01,839
0100C101-PERIFTVAZTEC,Periférico - TV Azteca,19.30646,-99.20877,01,840
0100C101-PERIFTERESA,Periférico - Plaza Santa Teresa,19.30735,-99.21346,01,841
0100C101-PERIFHPEMEX,Periférico - Hospital Pemex,19.30854,-99.21654,01,842
0100C101-PERIFPFP,Periférico - PFP,19.31571,-99.22069,01,843
0100C101-PERIFDIF,Periférico - DIF,19.322370000000006,-99.21817,01,844
0100C101-PERIFBLVDLUZ,Periférico - Blvd. de la Luz,19.30597,-99.20598,01,845
0100C101-PERIFJERON1,Periférico - Plaza San Jerónimo,19.32789,-99.2118,01,846
0100C101-PERIFJERON2,Periférico - Plaza San Jerónimo 2,19.32876,-99.21136,01,847
0100C101-PERIFJERONIM,Periférico - Eje 10 Sur San Jerónimo Lídice,19.33177,-99.20991,01,848
0100C101-PERIFEPADE,Periférico - Fepade,19.33607,-99.20655,01,849
0100C101-PERIFTOLUCA,Periférico - Av. Toluca,19.34029,-99.20284,01,850
0100C101-PERIFTELEVIS,Periférico - Televisa,19.34504,-99.20223,01,851
0100C101-PERIFALTAVIS,Periférico - Altavista,19.34798,-99.20142,01,852
0100C101-PERIFJUZGADS,Periférico - Juzgados,19.35258,-99.20032,01,853
0100C101-PERIFLORES,Periférico - Las Flores,19.35556,-99.19902,01,854
0100C101-PERIFAGUILAS,Periférico - Calz. de las Aguilas,19.35779,-99.19501,01,855
0100C101-PERIFBMUERTO,Periférico - Barranca del Muerto,19.36178,-99.1912,01,856
0100C101-PERIFARCINIE,Periférico - Arciniega,19.36797,-99.19101,01,857
0100C101-PERIFMIXCOAC,Periférico - Mixcoac,19.37057,-99.19153,01,858
0100C101-PERIFCELLINI,Periférico - Eje 7 Sur Benvenuto Cellini,19.37623,-99.19152,01,859
0100C101-PERIFMURILLO,Periférico - Murillo,19.37999,-99.19156,01,860
0100C101-PERIFANTONIO,Periférico - San Antonio,19.38384,-99.19114,01,861
0100C101-PERIFCALL10,Periférico - Calle 10,19.38931,-99.18934,01,862
0100C101-PERIFCALL8,Periférico - Calle 8,19.39007,-99.18913,01,863
0100C100-PERIFCALL4,Periférico - Calle 4,19.39125,-99.18924,01,864
0100C101-PERIFCALL4,Periférico - Calle 4,19.39098,-99.1889,01,864
0100C101-PERIF11ABRL,Periférico -  11 de Abril,19.39516,-99.1887,01,865
0100C101-PERIFOBSERVA,Periférico - Observatorio,19.40269,-99.19197,01,866
0100C101-PERIFMHGO,Periférico - Alcaldía Miguel Hidalgo,19.40634,-99.19198,01,867
0100C101-PERIFCONSTYT,Periférico - Constituyentes,19.41037,-99.19377,01,868
0100C101-PERIFRIACHAP,Periférico - Feria de Chapultepec,19.41273,-99.19337,01,869
0100C101-PERIFPINOS,Periférico - Los Pinos,19.41779,-99.19485,01,870
0100C101-PERIFALENCAS,Periférico - Alencastre,19.42013,-99.19515,01,871
0100C101-PERIFREFORM,Periférico - Paseo de la Reforma,19.43001,-99.20553,01,872
0100C101-PERIFPALMAS,Periférico - Paseo de las Palmas,19.43197,-99.20811,01,873
0100C101-PERIFMAZARIK,Periférico - Masaryk,19.43368,-99.21002,01,874
0100C101-PERIFHORACIO,Periférico - Horacio,19.43571,-99.21218,01,875
0100C101-PERIFEJNAL,Periférico - Ejército Nacional,19.43824,-99.21371,01,876
0100C101-BASE4CNOS,Base Cuatro Caminos,19.45168,-99.21955,01,877
0100C100-CNLCHALCO,Base Periférico Canal de Chalco,19.30387,-99.08736,01,878
0100C100-PERIFPRQECOL,Periférico -Parque Ecológico,19.29765,-99.09407,01,879
0100C100-PERIFCUEM2,Periférico - Cuemanco 2,19.29465,-99.10193,01,880
0100C100-PERIFCUEMAN,Periférico - Cuemanco,19.29363,-99.10433,01,881
0100C100-PERIFCAFETLS,Periférico - Cafetales,19.28807,-99.11739,01,882
0100C100-PERIFVAQUE2,Periférico - Vaqueritos 2,19.28509,-99.12459,01,883
0100C100-PERIFVAQUERT,Periférico - Vaqueritos,19.28391,-99.12873,01,884
0100C100-PERIFTECMREY,Periférico - Tec de Monterrey,19.28289,-99.13242,01,885
0100C100-PERIFESCA,Periférico - ESCA,19.2844,-99.14656,01,886
0100C100-PERIFINE,Periférico - INE,19.2887,-99.15079,01,887
0100C100-PERIFCARDIOL,Periférico - Cardiología,19.29109,-99.15262,01,888
0100C100-PERIFTLALPN,Periférico - Tlalpan,19.29545,-99.15596,01,889
0100C100-PERIFLEDUC,Periférico - Renato Leduc,19.29706,-99.15721,01,890
0100C100-PERIFGRNSUR,Periférico - Gran Sur,19.30121,-99.16376,01,891
0100C100-PERIF10OTE,Periférico - 10 Oriente,19.30186,-99.16858,01,892
0100C100-PERIFOTE3,Periférico - Oriente 3,19.30244,-99.1729,01,893
0100C100-PERIFJFKENNE,Periférico - J. F. Kennedy,19.30271,-99.17482,01,894
0100C100-PERIFYOLIZTL,Periférico - Sala Ollin Yoliztli,19.30315,-99.17881,01,895
0100C100-PERIFCUICUIL,Periférico - Piramide Cuicuilco,19.3031,-99.18144,01,896
0100C100-PERIFINSURG,Periférico - Av. Insurgentes,19.30254,-99.18686,01,897
0100C100-PERIFPERISUR,Periférico - Perisur,19.30224,-99.18937,01,898
0100C100-PERIFTERESA,Periférico - Camino a Santa Teresa,19.30267000000001,-99.19811,01,899
0100C100-PERIFHROYAL,Periférico - Hotel Royal,19.30479,-99.20264,01,900
0100C100-PERIFBLVDLUZ,Periférico - Blvd. de la Luz,19.30546,-99.20606,01,901
0100C100-PERIFTVAZTEC,Periférico - TV Azteca,19.30627,-99.21037,01,902
0100C100-PERIFHPEMEX,Periférico - Hospital de Pemex,19.30839,-99.21725,01,903
0100C100-PERIFOAXACA,Periférico - Oaxaca,19.31573,-99.22124,01,904
0100C100-PERIFCABRERA,Periférico - Luis Cabrera,19.32122,-99.2208,01,905
0100C100-PERIFDIF,Periférico - DIF,19.3226,-99.21881,01,906
0100C100-PERIFPCIVIL,Periférico - Protección Civil,19.32632000000001,-99.21355,01,907
0100C100-PERIFTARASQ2,Periférico - Tarasquillo 2,19.32859,-99.21205,01,908
0100C100-PERIFTARASQU,Periférico - Tarasquillo,19.32955,-99.21156,01,909
0100C100-PERIFJERONIM,Periférico - San Jerónimo,19.33223,-99.21055,01,910
0100C100-PERIFINDEPEN,Periférico - Teatro Independencia,19.33424,-99.209,01,911
0100C100-PERIFEPADE,Periférico - Fepade,19.33707,-99.206,01,912
0100C100-PERIFTOLUCA,Periférico - Av. Toluca,19.34082,-99.20323,01,913
0100C100-PERIFTELEVIS,Periférico - Televisa,19.34561,-99.20258,01,914
0100C100-PERIFDESIERT,Periférico - Desierto de los Leones,19.34728,-99.20224,01,915
0100C100-PERIFALTAVIS,Periférico - Altavista,19.34922000000001,-99.20159,01,916
0100C100-PERIFJUZGAD,Periférico - Juzgados,19.35257,-99.20079,01,853
0100C100-PERIFLORES,Periférico - Las Flores,19.35676,-99.19856,01,917
0100C100-PERIFAGUILAS,Periférico - Las Aguilas,19.3583,-99.19509,01,918
0100C100-PERIFBMUERTO,Periférico - Barranca del Muerto,19.36391,-99.19147,01,919
0100C100-PERIFMGMZ,Periférico - La Merced Gómez,19.36805,-99.19157,01,920
0100C100-PERIFPLATERO,Periférico - Plateros,19.37098,-99.19202,01,921
0100C100-PERIFMOLINOS,Periférico - Molinos,19.37432,-99.19231,01,922
0100C100-PERIFCELLINI,Periférico - Benvenuto Cellini,19.37636,-99.19205,01,923
0100C100-PERIFMURILLO,Periférico - Murillo,19.37984,-99.19196,01,860
0100C100-PERIFANTONIO,Periférico - San Antonio,19.38377,-99.19165,01,924
0100C100-PERIFCOSTCO,Periférico - Costco,19.3877,-99.1902,01,925
0100C100-PERIFCALL10,Periférico - Calle 10,19.3896,-99.18967,01,862
0100C100-PERIF11ABRIL,Periférico - 11 de Abril,19.39528,-99.18918,01,926
0100C100-PERIFJALISCO,Periférico - Av. Jalisco,19.39761,-99.19024,01,927
0100C100-PERIFCANARIO,Periférico - Canarios,19.39953,-99.19261,01,928
0100C100-PERIFOBSERVA,Periférico - Av. Observatorio,19.4037,-99.19255,01,929
0100C100-PERIFCONSTYT,Periférico - Av. Constituyentes,19.40973,-99.19434,01,930
0100C100-PERIFERIACHA,Periférico - Feria de Chapultepec,19.41282,-99.19391,01,931
0100C100-PERIFALENCAS,Periférico - Alencastre,19.42262,-99.19904,01,932
0100C100-PERIFTSPETRO,Periférico - Fuentes de Petróleo,19.42445,-99.20095,01,933
0100C100-PERIFPALMAS,Periférico - Palmas,19.43162,-99.20912,01,934
0100C100-PERIFHORACIO,Periférico - Horacio,19.43577,-99.21283,01,935
010C1961-RNCONFRMREZ,Rincón Gallardo - Gral. F. Ramírez,19.40823,-99.1925,01,936
010C1961-EGUIAROCHA,Gob. Agustín Vicente Eguia - Gral. Sostenes Rocha,19.40807,-99.19125,01,937
010C1961-VASCEJ4S,Maestro José Vasconcelos - Eje  4 Sur Gob. Agustín Vicente Eguia,19.40823,-99.18432,01,938
010C1961-CANOESTEVA,Juan Cano - Gobernador Ignacio Esteva,19.40978,-99.18348,01,939
010C1961-SANTOSTORNE,Pedro Antonio de los Santos - Tornel,19.41169,-99.18261,01,940
010C1961-SNTSPEDRAZA,Pedro Antonio de los Santos - Gómez Pedraza,19.41313,-99.18199,01,941
010C1961-IZARAGUACLNT,Calz. Ignacio Zaragoza - Agua Caliente,19.40709,-99.07312,01,942
010C1961-CALL1LAUREL,Calle 1 - Laurel,19.40568,-99.06955,01,943
010C1960-BALNOLIMPICO,Base Balneario Olímpico,19.41085,-99.069,01,944
010C1960-GRAFCALL1,Talleres Gráficos - Calle 1,19.41342,-99.06892,01,945
010C1960-GRAFCOMUNAL,Talleres Graficos - Comunal,19.41371,-99.06995,01,946
010C1960-LEBRILMATEOS,Miguel Lebrija - Adolfo López Mateos,19.41495,-99.07463,01,947
010C1960-AVCHAPULTE,Av. Chapultepec - Metro Chapultepec,19.42009,-99.17709,01,948
010C1960-VASCEJ2SJESC,Maestro José Vasconcelos - Eje 2 Sur Juan Escutia,19.41654,-99.17894,01,949
010C1960-VASCREYES,Maestro José Vasconcelos - Alfonso Reyes,19.41106,-99.18224,01,950
010C1960-MORANVASCON,Gral. José Morán - Maestro José Vasconcelos,19.40936,-99.18392,01,951
010C1960-MORANPRQLIRA,Gral. José Morán - Parque Lira,19.40913,-99.19047,01,952
010C1960-PERIFERICO,Base Periférico,19.40901,-99.19354,01,953
010C1951-EJ3OLLPARDO,Eje 3 Oriente Francisco del Paso y Troncoso - Luis L. Pardo,19.4173,-99.11259,01,954
010C1951-BOTULPAVIA,Lorenzo Boturini - Lázaro Pavia,19.41688,-99.11514,01,955
010C1951-BOTUCUCURPE,Lorenzo Boturini - Cucurpe,19.41687,-99.11713,01,956
010C1951-BOTUCALL1906,Lorenzo Boturini - Calle 1906,19.41687,-99.11939,01,957
010C1951-BOTUCUNION,Lorenzo Boturini  - Congreso de la Unión,19.4169,-99.12082,01,958
010C1951-BOTUSUR81,Lorenzo Boturini - Sur 81,19.41704,-99.12294,01,959
010C1951-BOTUIXNAHUAL,Lorenzo Boturini - Ixnahualtongo,19.41724,-99.12521,01,960
010C1951-BOTUCALZVIGA,Lorenzo Boturini - Calz. de la Viga,19.41745,-99.12736,01,961
010C1951-BOTUTOPACIO,Lorenzo Boturini - Topacio,19.41757,-99.12863,01,962
010C1951-BOTUCLAVIJER,Lorenzo Boturini - Francisco J. Clavijero,19.41766,-99.12979,01,963
010C1951-BOTUXOCOGO,Lorenzo Boturini - Xocongo,19.41785,-99.13173,01,964
010C1951-BOTU5FEBRER,Lorenzo Boturini - 5 de Febrero,19.41824,-99.1359,01,965
010C1951-BOTUICATOLIC,Lorenzo Boturini - Isabel la Católica,19.41842,-99.138,01,966
010C1951-BLRADELAPENA,Bolivar - Rafael Ángel de la Peña,19.41819,-99.14069,01,967
010C1951-BOLJCUELLAR,Bolivar - José Cuellar,19.41701,-99.1409,01,968
010C1951-MMFEJCTRALC,Manuel M. Flores - Eje Central Lázaro Cardenas,19.41696,-99.14337,01,969
010C1951-DRTERRES,Dr. Martínez del Río - Dr. José Terres,19.41714,-99.14553,01,970
010C1951-TERRVERTIZ,Dr. José Terres - Dr. José María Vértiz,19.41658,-99.14764,01,971
010C1951-TERRNHEROES,Dr. José Terres - Niños Héroes,19.41511,-99.15082,01,972
010C1951-PSTRLUCIO,Dr. Pasteur - Dr. Rafael Lucio,19.414,-99.15292,01,973
010C1951-PSTRCUAUHTEM,Dr. Pasteur - Av. Cuauhtémoc,19.41318,-99.1545,01,974
010C1951-COAMERIDA,Coahuila - Mérida,19.41275,-99.15568,01,975
010C1951-COAORIZABA,Coahuila - Orizaba,19.41227,-99.15806,01,976
010C1951-COAYUCATAN,Coahuila - Yucatán,19.412,-99.15936,01,977
010C1951-COATONALA,Coahuila - Tonalá,19.41172000000001,-99.16088,01,978
010C1951-COAMNTEREY,Coahuila - Monterrey,19.41145,-99.16236,01,979
010C1951-COAMEDELLIN,Coahuila - Medellin,19.41107,-99.16424,01,980
010C1951-COAMANZANILL,Coahuila - Manzanillo,19.41076,-99.16585,01,981
010C1951-COAHUINSURG,Coahuila - Insurgentes,19.41056,-99.16677,01,982
010C1951-MICHNAVMX,Michoacan - Av. México,19.41108,-99.16865,01,983
010C1951-AVMXSONORA,Av. México - Sonora,19.41297,-99.16799,01,984
010C1951-SNRMX,Av. Sonora - México,19.41434,-99.16869,01,985
010C1951-SNREJ2SNVOL,Av. Sonora - Eje 2 Sur Nuevo León,19.41577,-99.16978,01,986
010C1951-SNRCOLIMA,Av. Sonora - Colima,19.41725,-99.17094,01,987
010C1951-SNRDURANGO,Av. Sonora - Durango,19.41851,-99.17189,01,988
010C1951-PUBLTAMPICO,Puebla - Tampico,19.419970000000006,-99.17514,01,989
010C1950-EJ3OEJ1SFRAY,Eje 3 Oriente Francisco del Paso y Troncoso - Eje 1 Sur Fray Servando Teresa de Mier,19.41953,-99.11185,01,990
010C1950-EJ3ORNO13,Eje 3 Oriente Francisco del Paso y Troncoso - Retorno 13,19.41496,-99.11233,01,991
010C1950-EJ2ASACONCHI,Eje 2A Sur  Av. del Taller - Aconchi,19.41395,-99.11597,01,992
010C1950-EJ2ASCUCURP,Eje 2A Sur Av. del Taller - Cucurpe,19.413870000000006,-99.11792,01,993
010C1950-EJ2ASCAJEME,Eje 2A Sur Av. del Taller - Cajeme,19.4137,-99.12116,01,994
010C1950-EJ2ASEJ2OTE,Eje 2A Sur Av. del Taller - Eje 2 Oriente Honorable Congreso de la Unión,19.4136,-99.12204,01,995
010C1950-EJ2ASTORNO,Eje 2A Sur Av. del Taller - Torno,19.41351,-99.1246,01,996
010C1950-EJ2ASRESURRE,Eje 2A Sur Av. del Taller - Callejón de la Resurrección,19.41346,-99.12618,01,997
010C1950-EJ2ASEJ1OVIG,Eje 2A Sur Av. del Taller - Eje 1 Oriente Calz. de la Viga,19.41332,-99.12883,01,998
010C1950-EJ2AS5FEBRE,Eje 2A Sur Manuel Payno - 5 de Febrero,19.41368,-99.13695,01,999
010C1950-EJ2ASICATOLC,Eje 2A Sur Manuel Payno - Isabel la Católica,19.41385,-99.13913,01,1000
010C1950-EJ2ASBOLIVAR,Eje 2A Sur Manuel Payno - Bolivar ,19.41403,-99.14142,01,1001
010C1950-EJ2ASEJCTRAL,Eje 2A Sur Dr. Balmis - Eje Central Lázaro Cardenas,19.41423,-99.14415,01,1002
010C1950-EJ2ASBARRAGA,Eje 2A Sur Dr. Balmis - Dr. Barragan,19.41433,-99.14536,01,1003
010C1950-EJ2ASANDRADE,Eje 2A Sur Dr. Balmis - Dr. Andrade,19.41444,-99.14687,01,1004
010C1950-EJ2ASVERTIZ,Eje 2A Sur Dr. Balmis - Dr. José María Vértiz,19.41457,-99.14854,01,1005
010C1950-EJ2ASJIMENEZ,Eje 2A Sur Dr. Balmis - Dr. Jiménez,19.41467,-99.15,01,1006
010C1950-EJ2ASRLUCIO,Eje 2A Sur Dr. Balmis - Dr. Rafael Lucio,19.41492,-99.15305,01,1007
010C1950-EJ2ASVILLADA,Eje 2A Sur Dr. Balmis - Dr. M. Villada,19.41501,-99.1542,01,1008
010C1950-SLPCUAUHTEM,Eje 2A Sur San Luis Potosi - Eje 1 Poniente Av. Cuauhtémoc,19.41494,-99.15505,01,1009
010C1950-SLPMERIDA,Eje 2A Sur San Luis Potosi - Mérida,19.41466,-99.15651,01,1010
010C1950-SLPORIZABA,Eje 2A Sur San Luis Potosi - Orizaba,19.41422,-99.15884,01,1011
010C1950-SLPTONALA,Eje 2A Sur San Luis Potosi - Tonalá,19.41365,-99.16171,01,1012
010C1950-SLPEJ2PMREY,San Luis Potosi - Eje 2 Poniente Monterrey,19.41334,-99.16324,01,1013
010C1950-SLPEJ3PMEDEL,San Luis Potosi - Eje 3 Poniente Medellin,19.41303,-99.16505,01,1014
010C1950-SNRINSURGNT,Av. Sonora - Insurgentes,19.41266,-99.16658,01,1015
010C1950-SNRPRQUEMX,Av. Sonora - Parque México,19.41356,-99.16836,01,1016
010C1950-SNRAMSTERDA,Av. Sonora - Amsterdam,19.41515,-99.16959,01,1017
010C1950-SNRPRQESPAN,Av. Sonora Parque EspaNa,19.4167,-99.17072,01,1018
010C1950-SINOLSONORA,Sinaloa - Av. Sonora,19.41935,-99.17341,01,1019
010C1950-ACAPLCPUEBL,Acapulco - Puebla,19.42016,-99.1744,01,1020
010C1950-CETRAMCHAP,Base Cetram Chapultepec,19.42092,-99.17559,01,1021
010C1931-EJ4OHUALQUIL,Eje 4 Oriente Canal Río de Churubusco - Hualquila,19.37244,-99.0994,01,1022
010C1931-EJ4OPLZCTRAL,Eje 4 Oriente Canal Río de Churubusco - Plaza Central,19.37759,-99.09639,01,1023
010C1931-EJ4OAPATLACO,Eje 4 Oriente Canal Río de Churubusco - Canal de Apatlaco,19.37955,-99.0954,01,1024
010C1931-EJ4OTEZONTLE,Eje 4 Oriente Canal Río de Churubusco - Canal de Tezontle,19.38355,-99.09284,01,1025
010C1931-EJ4OMEZCALAP,Eje 4 Oriente Canal Río de Churubusco - Río Mezcalapa,19.38765,-99.0904,01,1026
010C1931-EJ4ORODEO,Eje 4 Oriente Canal Río de Churubusco - El Rodeo,19.3918,-99.08771,01,1027
010C1931-EJ4OSUR16,Eje 4 Oriente Canal Río de Churubusco - Sur 16,19.39625,-99.08484,01,1028
010C1931-EJ4OSUR12,Eje 4 Oriente Canal Río de Churubusco - Sur 12,19.39895,-99.08314,01,1029
010C1931-EJ4OSUR8,Eje 4 Oriente Canal Río Churubusco - Sur 8,19.40118,-99.08172,01,1030
010C1931-EJ4OSUR4PTE,Eje 4 Oriente Canal Río de Churubusco - Av. Sur 4 Poniente,19.40453,-99.0799,01,1031
010C1931-AVSUROTE217,Av. Sur - Oriente 217,19.40487000000001,-99.0815,01,1032
010C1930-CTRALABASTO,Base Central de Abastos,19.37245,-99.09617,01,1033
010C1930-EJ4OHUALQUIL,Eje 4 Oriente Canal Río de Churubusco - Hualquila,19.37265,-99.09956,01,1022
010C1930-EJ4OPLZCTRAL,Eje 4 Oriente Canal Río de Churubusco - Plaza Central,19.3803,-99.09557,01,1034
010C1930-EJ4OTEZONTLE,Eje 4 Oriente Canal Río de Churubusco - Canal de Tezontle,19.38432,-99.09287,01,1035
010C1930-EJ4OPTECARRI,Eje 4 Oriente Canal Río de Churubusco - Puente Carrizo,19.38619,-99.09167,01,1036
010C1930-EJ4OTEAVTE,Eje 4 Oriente Canal Río de Churubusco - Av. Té,19.39234,-99.08772,01,1037
010C1930-EJ4OVAINILLA,Eje 4 Oriente Canal Río de Churubusco - Vainilla,19.39417000000001,-99.08668,01,1038
010C1930-EJ4OSUR12,Eje 4 Oriente Canal Río de Churubusco - Sur 12,19.39923,-99.08332,01,1029
010C1920-MTROSEVILLA,Av. Chapultepec - Metro Sevilla,19.4216,-99.17119,01,1039
010C1921-CHAPUSEVILLA,Av. Chapultepec - Sevilla,19.42264,-99.17012,01,1040
010C1921-CHAPUPRAGA,Av. Chapultepec - Praga,19.42264,-99.16848,01,1041
010C1921-CHAPUVARSOV,Av. Chapultepec - Varsovia,19.42301,-99.16702,01,1042
010C1921-CHAPUNAPOLE,Av. Chapultepec - Nápoles,19.42483,-99.15873,01,1043
010C1921-CHAPUVERSAL,Av. Chapultepec - Versalles,19.42539,-99.15628,01,1044
010C1921-CHAPCUAUHT,Av. Chapultepec - Metro Cuauhtémoc,19.42579,-99.1545,01,1045
010C1920-EJ1SMERIDA,Eje 1 Sur Av. Chapultepec - Mérida,19.42452,-99.15903,01,1043
010C1920-EJ1SMORELIA,Eje 1 Sur Av. Chapultepec - Morelia,19.42506,-99.15657,01,1044
010C1920-CALLE81,Base Calle 81,19.40943,-99.07916,01,1046
010C1901-EJ1SCALL77,Eje 1 Sur Gral. Francisco Morazán - Av. 8 Calle 77,19.40765,-99.08151,01,1047
010C1901-EJ1SCALL65,Eje 1 Sur Gral. Francisco Morazán - Av. 8 Calle 65,19.40911,-99.08407,01,1048
010C1901-EJ1SCALL57,Eje 1 Sur Gral.  Francisco Morazán - Av. 8 Calle 57,19.41018,-99.08591,01,1049
010C1901-EJ1SCALL47,Eje 1 Sur Gral. Francisco Morazán - Av. 8 Calle 47,19.41152,-99.08825,01,1050
010C1901-EJ1SCALL33,Eje 1 Sur Gral. Francisco Morazán - Av. 8 y Calle 33,19.4137,-99.09202,01,1051
010C1901-EJ1SCALL23,Eje 1 Sur Gral. Francisco Morazán - Av. 8 Calle 23,19.41449,-99.09339,01,1052
010C1901-EJ1SCALL13,Eje 1 Sur Gral. Francisco Morazán - Av. 8 Calle 13,19.41551,-99.09514,01,1053
010C1901-EJ1SBLVDPTOA,Eje 1 Sur Gral. Francisco Morazán - Av. 8 Cto. Interior Blvd. Puerto Aéreo,19.41683,-99.09749,01,1054
010C1901-EJ1SJGALINDO,Eje 1 Sur Fray Servando Teresa de Mier - Jesús Galindo y Villa,19.41709,-99.09886,01,1055
010C1901-EJ1SRNO22,Eje 1 Sur Fray Servando Teresa de Mier - Retorno 22,19.4176,-99.10198,01,1056
010C1901-EJ1SRNO10,Eje 1 Sur Fray Servando Teresa de Mier - Retorno 10,19.41851,-99.10552,01,1057
010C1901-EJ1SGENAROG,Eje 1 Sur Fray Servando Teresa de Mier - Génaro García,19.41896,-99.10725,01,1058
010C1901-EJ1SRNO6B,Eje 1 Sur Fray Servando Teresa de Mier - Retorno 6B,19.41939,-99.10897,01,1059
010C1901-EJ1SEJ3OTE,Eje 1 Sur Fray Servando Teresa de Mier - Eje 3 Oriente Francisco del Paso y Troncoso,19.41999,-99.11132,01,1060
010C1901-EJ3OCECILIOR,Eje 3 Oriente Francisco del Paso y Troncoso - Cecilio Robelo,19.42373,-99.11141,01,1061
010C1901-EJ3OUNIDADAN,Eje 3 Oriente Francisco del Paso y Troncoso - Unidad Anaranjada,19.42602,-99.11116,01,1062
010C1901-EJ3OROBELO,Eje 3 Oriente Francisco del Paso y Troncoso - Cecilio Robelo II,19.42397,-99.1119,01,1063
010C1901-EJ3SEJ2SFRAY,Eje 3 Sur Francisco del Paso y Troncoso -  Eje 2 Sur Fray Servando Teresa de Mier,19.42046,-99.11227,01,1064
010C1901-EJ1SLAZAROP,Eje 1 Sur Fray Servando Teresa de Mier - Lázaro Pavia,19.42084,-99.11466,01,1065
010C1901-EJ1SUR103,Eje 1 Sur Fray Servando Teresa de Mier - Sur 103,19.42134,-99.1165,01,1066
010C1901-EJ1SCONUNION,Eje 1 Sur Fray Servando Teresa de Mier - Congreso de la Unión,19.42226,-99.11998,01,1067
010C1901-EJ1SCIPRION,Eje 1 Sur Fray Servando Teresa de Mier - San Ciprion,19.42258,-99.12228,01,1068
010C1901-EJ1SCIRCUNVA,Eje 1 Sur Fray Servando Teresa de Mier - Circunvalación,19.42295,-99.12555,01,1069
010C1901-EJ1STOPACIO,Eje 1 Sur Fray Servando Teresa de Mier - Topacio,19.4233,-99.12808,01,1070
010C1901-EJ1ASNPABLO,Eje 1A Sur Topacio - San Pablo,19.42577,-99.128,01,1071
010C1901-EJ1ASJESUSMA,Eje 1A Sur Topacio - Jesús María,19.42618,-99.12873,01,1072
010C1901-EJ1ASPINOSUA,Eje 1A Sur José María Izazaga - José María Pino Suárez,19.426,-99.13261,01,1073
010C1901-EJ1AS20NOVIE,Eje 1A Sur José María Izazaga - 20 de Noviembre,19.42612,-99.13396,01,1074
010C1901-EJ1ASCATOLCA,Eje 1A Sur José María Izazaga - Isabel la Católica,19.42642,-99.13717,01,1075
010C1901-EJ1ASBOLIVAR,Eje 1A Sir José María Izazaga - Bolivar,19.4266,-99.13925,01,1076
010C1901-EJ1ASIGUALDD,Eje 1A Sur José María Izazaga - Igualdad,19.4267,-99.14032,01,1077
010C1901-EJ1ASEJCTRAL,Eje 1A Sur José María Izazaga - Eje Central Lázaro Cardenas,19.42696,-99.14178,01,1078
010C1901-EJ1ASLTOAGUA,Eje 1A Sur Arcos de Belén - Metro Salto del Agua,19.42702,-99.14332,01,1079
010C1901-EJ1ASLMOYAS,Eje 1A Sur Arcos de Belén - Luis Moyas ,19.4273,-99.14595,01,1080
010C1901-EJ1ASBALDERA,Eje 1A Sur Arcos de Belén - Balderas,19.42736,-99.14864,01,1081
010C1901-EJ1SENRICOM,Eje 1 Sur Av. Chapultepec - Enrico Martínez,19.42681,-99.15073,01,1082
010C1901-EJ1SBUCARELI,Eje 1 Sur Av. Chapultepec - Eje 1 Poniente Bucareli ,19.42611,-99.15329,01,1083
010C1901-TURINAGLEZ,Turín - Abraham González,19.42661,-99.15472,01,1084
010C1901-AGLUCERNA,Abraham González - Lucerna,19.42887,-99.15398,01,1085
010C1901-AGRALPRIM,Abraham González - Gral. Prim,19.42991,-99.15357,01,1086
010C1901-AGSRIAGOBER,Abraham González - Secretaría de Gobernación,19.43125,-99.15297,01,1087
010C1901-AGMORELOS,Abraham González - Morelos,19.43264,-99.1524,01,1088
010C1901-MRLSREFORM,Morelos  - Paseo de la Reforma,19.43318,-99.15403,01,278
010C1901-CASOMADRID,Maestro Antonio Caso - Madrid,19.43412,-99.15568,01,1089
010C1901-CASOINSURG,Maestro Antonio Caso - Insurgentes,19.43441,-99.15781,01,1090
010C1901-CASOSCARNOT,Maestro Antonio Caso - Sadi Carnot,19.43456,-99.15881,01,1091
010C1901-CASORENDON,Maestro Antonio Caso - Serapio Rendón,19.43478,-99.16026,01,1092
010C1901-MNALTERMINS,Marina Nacional - Laguna de Términos,19.44265,-99.17747,01,1093
010C1901-MNALXOCHIMI,Marina Nacional  - Lago Xochimilco,19.44375,-99.17836,01,1094
010C1901-MNALUNITEC,Marina Nacional - UNITEC,19.44612,-99.18036,01,1095
010C1901-MNALUVM,Marina Nacional - UVM,19.44651,-99.18068,01,1096
010C1901-MNALESCOBED,Marina Nacional -  Mariano Escobedo,19.44819,-99.18209,01,1097
010C1901-MNALGARDA,Marina Nacional - Lago Garda,19.44922,-99.18295,01,1098
010C1901-MNALFPECPTO,Marina Nacional - Felipe Carrillo Puerto,19.45164,-99.18493,01,522
010C1901-MNALGFSIDRA,Marina Nacional - Golfo de Sidra,19.45419,-99.18706,01,1099
010C1900-MTROTACUBA,Base Metro Tacuba,19.45827,-99.18932,01,26
010C1900-MNALESPIRDN,Marina Nacional - Lago Espiridino,19.45366,-99.18708,01,1100
010C1900-MNALFPECPTO,Marina Nacional - Felipe Carrillo Puerto,19.45221,-99.1859,01,89
010C1900-MNALGARDA,Marina Nacional - Lago Garda,19.44986,-99.18394,01,1101
010C1900-MNALESCOBED,Marina Nacional - Mariano Escobedo,19.44862,-99.18289,01,1102
010C1900-MNALAGOISEO,Marina Nacional - Lago Iseo,19.44666,-99.18128,01,1103
010C1900-MNALBOLSENA,Marina Nacional - Lago Bolsena,19.44533,-99.18016,01,1104
010C1900-MNALTERMINS,Marina Nacional - Laguna de Términos,19.44312,-99.17833,01,1105
010C1900-MNALMAYRAN,Marina Nacional - Laguna de Mayrán,19.44103,-99.17661,01,1106
010C1900-MRNALTELMEX,Marina Nacional - Telmex,19.43525,-99.16731,01,1107
010C1900-MMCONTLOGIN,Manuel María Contreras - Villalogín,19.43378,-99.16627,01,1108
010C1900-LOGINRNAZAS,Villalogín - Río Nazas,19.43335,-99.16526,01,1109
010C1900-LOGINRIONEVA,Villalogín - Río Neva,19.43281,-99.16329,01,1110
010C1900-LOGINREGORM,Villalogín - Reforma,19.43173,-99.15954,01,1111
010C1900-PRIMVIENA,Gral. Prim - Viena,19.43118,-99.1574,01,1112
010C1900-PRIMLISBOA,Gral. Prim - Lisboa,19.43071,-99.15578,01,1113
010C1900-VERSLIVERPO,Versalles - Liverpool,19.42852,-99.15547,01,1114
010C1900-VERSMARSELL,Versalles - Marsella,19.42716,-99.15597,01,1115
010C1900-VERSALLEJ1S,Versalles - Eje 1 Sur Av. Chapultepec,19.42552,-99.15658,01,1044
010C1900-EJ1SGUAYMAS,Eje 1 Sur Av. Chapultepec - Guaymas,19.42526,-99.15562,01,1116
010C1900-EJ1SEJ1PTEC,Eje 1 Sur Av. Chapultepec - Eje 1 Poniente Av. Cuauhtémoc,19.42561,-99.15395,01,1117
010C1900-EJ1SDRLUCIO,Eje 1 Sur Dr. Río de la Loza - Dr. Lucio,19.4255,-99.15138,01,1118
010C1900-EJ1SNHEROES,Eje 1 Sur Río de la Loza - Niños Héroes,19.42538,-99.14959,01,1119
010C1900-EJ1SDRVERTIZ,Eje 1 Sur Río de la Loza - Dr. Vértiz,19.42513,-99.14682,01,1120
010C1900-EJ1SCONCILIA,Eje 1 Sur Río de la Loza - Junta de Conciliación,19.42491,-99.14512,01,1121
010C1900-EJ1SEJCTRALC,Eje 1 Sur Río de la Loza - Eje Central Lázaro Cardenas,19.4246,-99.14279,01,1122
010C1900-EJ1SBOLIVAR,Eje 1 Sur Fray Servando Teresa de Mier - Bolivar,19.4243,-99.14015,01,1123
010C1900-EJ1SICATOLCA,Eje 1 Sur Fray Servando Teresa de Mier - Isabel la Católica,19.42401,-99.13788,01,1124
010C1900-EJ1SXOCONG,Eje 1 Sur Fray Servando Teresa de Mier - Xocongo,19.42341,-99.13127,01,1125
010C1900-EJ1SCLAVJERO,Eje 1 Sur Fray Servando Teresa de Mier - Clavijero,19.42317,-99.12944,01,1126
010C1900-EJ1SEJ1OTE,Eje 1 Sur Fray Servando Teresa de Mier - Eje 1 Oriente Anillo de Circunvalación,19.4229,-99.12745,01,1127
010C1900-EJ1SMSONORA,Eje 1 Sur Fray Servando Teresa de Mier - Mercado Sonora,19.42272,-99.12585,01,1069
010C1900-EJ1SUR81,Eje 1 Sur Fray Servando Teresa de Mier - Sur 81,19.422320000000006,-99.12257,01,1068
010C1900-EJ1SEJ2OTE,Eje 1 Sur Fray Servando Teresa de Mier - Eje 2 Oriente Honorable Congreso de la Unión,19.42213,-99.12094,01,1128
010C1900-EJ1SUR103,Eje 1 Sur Fray Servando Teresa de Mier - Sur 103,19.42092,-99.11694,01,1129
010C1900-EJ1SLAZAROPA,Eje 1 Sur Fray Servando Teresa de Mier - Lázaro Pavia,19.42052,-99.11477,01,1065
010C1900-EJ1SRNO7,Eje 1 Sur Fray Servando Teresa de Mier - Retorno 7,19.41855,-99.10707,01,1058
010C1900-EJ1SICALDERO,Eje 1 Sur Fray Servando Teresa de Mier - Fernando Iglesias Calderón,19.41745,-99.10283,01,1130
010C1900-EJ1SRNO27,Eje 1 Sur Fray Servando Teresa de Mier - Retorno 27,19.41694,-99.10078,01,1131
010C1900-EJ1SGALINDOV,Eje 1 Sur Fray Servando Teresa de Mier - Jesús Galindo y Villa,19.4167,-99.09882,01,1055
010C1900-EJ1SCALL1,Eje 1 Sur Gral. Francisco Morazán - Av. 8 Calle 1,19.41657,-99.09756,01,1054
010C1900-EJ1SCALL13,Eje 1 Sur Gral. Francisco Morazán - Av. 8 Calle 13,19.415370000000006,-99.09547,01,1053
010C1900-EJ1SCALL33,Eje 1 Sur Gral. Francisco Morazán - Av. 8 Calle 33,19.41337,-99.09202,01,1051
010C1900-EJ1SCALL39,Eje 1 Sur Gral. Francisco Morazán - Av. 8 Calle 39,19.41284,-99.0911,01,1132
010C1900-EJ1SCALL47,Eje 1 Sur Gral. Francisco Morazán - Av. 8 Calle 47,19.41163,-99.089,01,1133
010C1900-EJ1SCALL57,Eje 1 Sur Gral. Francisco Morazán - Av. 8 Calle 57,19.41007,-99.08632,01,1049
010C1900-EJ1SCALL63,Eje 1 Sur Gral. Francisco Morazán - Av. 8 Calle 63,19.40936,-99.08506,01,1134
010C1900-EJ1SAV8CAL73,Eje 1 Sur Gral. Francisco Morazán - Av. 8 Calle 73,19.40802,-99.08275,01,1135
010C1900-EJ1SAV8CAL77,Eje 1 Sur - Av. 8 Calle 77,19.40756,-99.08195,01,1047
010C1900-CALL77AV6,Calle 77 - Av. 6,19.40834,-99.08119,01,1136
010C1900-77IZARAGOZA,Calle 77 - Calz. Ignacio Zaragoza,19.40992,-99.08017,01,1137
010C1900-LINDRFIERRO,Carlos A. Lindbergh - Roberto Fierro,19.41151,-99.0791,01,1138
010C1900-LINDHRUIZ,Carlos A. Lindbergh - Horacio Ruíz,19.41372,-99.07769,01,1139
010C1900-JPALBLERIOT,Juan Pablo Aldasoro - Luis Bleriot,19.41542,-99.07714,01,1140
010C1900-JPARGARROS,Juan Pablo Aldasoro - Rolando Garros,19.41604,-99.07824,01,1141
010C1900-DMNTLEBRIJA,Santos Dumont - Eje 1 Norte Miguel Lebrija,19.41726,-99.07835,01,487
010C1900-DUMONTVSANA,Santos Dumont - Juan Guillermo Villasana,19.41822,-99.0777,01,1142
010C1900-CETRAMPANTIT,Base Cetram Pantitlan,19.41713,-99.07326,01,1143
0100C720-AV504AV561,Av. 504 - Av. 561,19.45005,-99.08473,01,1144
0100C721-553EJ3NAV506,Av. 553 - Eje 3 Norte Av. 506,19.45421,-99.08493,01,1145
0100C721-553CDA547,Av. 553 - Cuarta Cerrada 547,19.45243,-99.08561,01,1146
0100C721-AV504AV561,Av. 504 - Av. 561,19.4501,-99.08444,01,1144
0100C721-AV504,Base Av. 504,19.44973,-99.08338,01,1147
0100C720-AV504,Base Av. 504,19.44912,-99.0831,01,1148
0100C720-AV504LFABELA,Av. 504 - Loreto Fabela,19.44962,-99.08345,01,1147
0100C720-AV504AV551,Av. 504 - Av. 551,19.4507,-99.08707,01,1149
0100C720-549CDA547,Av. 549 - Tercera Cerrada 547,19.45304,-99.08662,01,1150
0100C720-EJ3NAV549,Eje 3 Norte Av. 506 - Av. 549,19.4547,-99.08615,01,1151
0100C711-NTE1FPTE110,Norte 1 F - Poniente 110,19.47583,-99.14006,01,1152
0100C711-RMTEBASILISO,Real del Monte - Av. Ing. Basiliso Romo,19.472620000000006,-99.13098,01,1153
0100C710-EJ3NINSURGNT,Eje 3 Norte Av. Cuitlahuac - Av. Insurgentes Norte,19.4712,-99.138,01,1154
0100C710-EJCTRAMRAZA,Eje Central - Metro La Raza,19.46979,-99.13688,01,128
0100C710-EJCTRALCLAVE,Eje Central - Clave,19.46638,-99.13429,01,1155
0100C710-BOROSHUMAN,Borodin - Shuman,19.46859,-99.13321,01,1156
0100C700-EJ3NTERMONT,Eje 3 Norte Av. Cuitláhuac - Real del Monte,19.46991,-99.13223,01,1157
0100C701-MNOEDVOCHA,Gral. Mariano Escobedo - Deportivo Chapultepec,19.4267,-99.17935,01,1158
0100C701-MNOEHORACIO,Gral. Mariano Escobedo - Horacio,19.43336,-99.18189,01,1159
0100C701-MNOEHOMERO,Gral. Mariano Escobedo - Homero,19.43552,-99.18286,01,1160
0100C701-MNOEJNALMXN,Gral. Mariano Escobedo - Ejercito Nacional Mexicano,19.43731,-99.1836,01,1161
0100C701-MNOEALBERTO,Gral. Mariano Escobedo - Lago Alberto,19.44004,-99.18377,01,1162
0100C701-MNOEMAYRAN,Gral. Mariano Escobedo - Laguna de Mayran,19.44184,-99.1835,01,1163
0100C701-MNOETERMINS,Gral. Mariano Escobedo - Laguna de Términos,19.44387,-99.18308,01,1164
0100C701-MNOEBOLSENA,Gral. Mariano Escobedo - Lago Bolsena,19.44616,-99.18277,01,1165
0100C701-MNOEMARNAL,Gral. Mariano Escobedo - Marina Nacional,19.44893,-99.18234,01,1166
0100C701-MNOEFPEPTO,Av. Mariano Escobedo - Felipe Carrillo Puerto,19.4514,-99.18199,01,520
0100C701-MNOECANTABR,Av. Mariano Escobedo - Mar Cantabrico,19.45351,-99.18162,01,1167
0100C701-EJ3NMXTCB,Eje 3 Norte Av. Cuitlahuac - México-Tacuba,19.45672,-99.18046,01,1168
0100C701-EJ3NTRUJILLO,Eje 3 Norte Av. Cuitlahuac - Sánchez Trujillo,19.4593,-99.1788,01,1169
0100C701-EJ3NPTE44,Eje 3 Norte Av. Cuitlahuac - Poniente 44,19.46083,-99.17798,01,1170
0100C701-EJ3NEGIPTO,Eje 3 Norte Av. Cuitlahuac - Egipto,19.46256,-99.17783,01,1171
0100C701-EJ3NCLAVERIA,Eje 3 Norte Av. Cuitlahuac - Av. Clavería,19.46507,-99.1776,01,1172
0100C701-EJ3NILO,Eje 3 Norte Av. Cuitlahuac - Nilo,19.46707,-99.17718,01,1173
0100C701-EJ3NCAMARNS,Eje 3 Norte Av. Cuitlahuac - Camarones,19.46861,-99.17584,01,1174
0100C701-EJ3NGRANJAS,Eje 3 Norte Av. Cuitlahuac - Las Granjas,19.46899,-99.17461,01,1175
0100C701-EJ3NPLATANLS,Eje 3 Norte Av. Cuitlahuac - Platanales,19.47009,-99.17107,01,1176
0100C701-EJ3NUECES,Eje 3 Norte Av. Cuitlahuac - Nueces,19.47069,-99.16915,01,1177
0100C701-EJ3NGUANABAN,Eje 3 Norte Av. Cuitlahuac - Guanabana,19.47113,-99.16773,01,1178
0100C701-EJ3NPSL,Eje 3 Norte Av. Cuitlahuac - Plan de San Luis,19.47178,-99.16563,01,1179
0100C701-EJ3NCERDENA,Eje 3 Norte Av. Cuitlahuac - CerdeNa,19.47267,-99.16291,01,1180
0100C701-EJ3NAVCEYLAN,eje 3 Norte Av. Cuitlahuac - Av. Ceylan,19.47329,-99.16095,01,1181
0100C701-EJ3NAVJARDIN,Eje 3 Norte Av. Cuitlahuac - Av. Jardín,19.4738,-99.15861,01,1182
0100C701-EJ3NCALL12,Eje 3 Norte Av. Cuitlahuac - Calle 12,19.47352,-99.15428,01,1183
0100C701-EJ3NCTRALSUR,Eje 3 Norte Av. Cuitlahuac - Central Sur,19.47328,-99.1507,01,1184
0100C701-EJ3NCALL28,Eje 3 Norte Av. Cuitlahuac - Calle 28,19.47339,-99.14719,01,1185
0100C701-EJ3NVALLEJO,Eje 3 Norte Av. Cuitlahuac - Eje 1 Poniente Calz. Vallejo,19.47314,-99.14506,01,1186
0100C701-EJ3NTE3A,Eje 3 Norte Av. Cuitlahuac - Norte 3A,19.47271,-99.14322,01,1187
0100C701-EJ3NTE1G,Eje 3 Norte Av. Cuitlahuac - Norte 1G,19.47215,-99.14074,01,1188
0100C701-EJ3NREALMTE,Eje 3 Norte Av. Ing. Robles Domínguez - Real del Monte,19.47004,-99.13165,01,1189
0100C701-EJ3NBUENTON,Eje 3 Norte Av. Ing. Robles Domínguez - Buentono,19.4692,-99.1282,01,1190
0100C701-EJ3NMISTERIO,Eje 3 Norte Av. Ing. Alfredo Robles Dominguez - Calz. de los Misterios,19.46833,-99.12474,01,1191
0100C701-EJ3NCALZGPE,Eje 3 Norte Noé - Calz. de Guadalupe,19.46785,-99.12332,01,1192
0100C701-EJ3NGRACIELA,Eje 3 Norte Noé - Graciela,19.46678,-99.12029,01,1193
0100C701-EJ3NSARA,Eje 3 Norte Noé - Sara,19.46619,-99.11855,01,1194
0100C701-EJ3NTE48,Eje 3 Norte Ángel Albino Corzo - Norte 48,19.46578,-99.11741,01,1195
0100C701-EJ3NTE58,Eje 3 Norte Ángel Albino Corzo - Norte 58,19.46462,-99.11411,01,1196
0100C701-EJ3NBONDOJIT,Eje 3 Norte Ángel Albino Corzo - Metro Bondojito,19.4637,-99.1115,01,1197
0100C701-EJ3NTE70,Eje 3 Norte Ángel Albino Corzo - Norte 70,19.46275,-99.10878,01,1198
0100C701-EJ3NEJ3OTE,Eje 3 Norte Angel Álbino Corzo - Eje 3 Oriente Ing. Eduardo Molina,19.46156,-99.10537,01,1199
0100C701-EJ3NTE84,Eje 3 Norte Ángel Albino Corzo - Norte 84,19.46047,-99.10235,01,1200
0100C701-EJ3NTE92,Eje 3 Norte Ángel Albino Corzo - Norte 92,19.45945,-99.09948,01,1201
0100C701-503DVOZARCO,Av. 503 - Deportivo Zarco,19.45962,-99.09613,01,1202
0100C701-508AV503,Av. 508 - Av. 503,19.46317,-99.09428,01,1203
0100C701-508AV519,Av. 508 - Av. 519,19.462,-99.09085,01,1204
0100C701-508AV529,Av. 508 - Av. 529,19.46122,-99.08858,01,1205
0100C701-508AV535,Av. 508 - Av. 535,19.46067,-99.08695,01,1206
0100C701-508AV547,Av. 508 - Av. 547,19.45932,-99.08433,01,1207
0100C701-FABEAV508,José Loreto Fabela - Av. 508,19.45735,-99.08092,01,1208
0100C701-FABEAV506,Loreto Fabela - Av. 506,19.45289,-99.0817,01,1209
0100C701-FABECDA565,Loreto Fabela - 3ra Cerrada de 565,19.451220000000006,-99.08234,01,1210
0100C700-CHAPULTEPEC,Base Cetram Chapultepec,19.42029,-99.17705,01,948
0100C700-MNOETOLSTOI,Gral. Mariano Escobedo - Tolstoi,19.42477,-99.17829,01,1211
0100C700-MNOEVICHUGO,Gral. Mariano Escobedo - Victor Hugo,19.42664,-99.17906,01,1158
0100C700-MNOEDARWIN,Gral. Mariano Escobedo - Darwin,19.42857,-99.17985,01,1212
0100C700-MNOEGUTEMB,Gral. Mariano Escobedo - Gutemberg,19.43046,-99.18057,01,1213
0100C700-MNOEHORACIO,Gral. Mariano Escobedo - Horacio,19.4328,-99.18154,01,1214
0100C700-MNOEUCLIDES,Gral. Mariano Escobedo - Euclides,19.435,-99.18239,01,1215
0100C700-MNOETHIERS,Gral. Mariano Escobedo - Eje 3 Poniente Thiers,19.43708,-99.18319,01,1216
0100C700-MNOEALBERTO,Gral. Mariano Escobedo - Lago Alberto,19.4404,-99.18336,01,1217
0100C700-MNOEMAYRAN,Gral. Mariano Escobedo - Laguna de Mayran,19.44119,-99.18328,01,1218
0100C700-MNOETERMNS,Gral. Mariano Escobedo - Laguna de términos,19.44348,-99.18292,01,1164
0100C700-MNOEBOLSENA,Gral. Mariano Escobedo - Lago Bolsena,19.44539,-99.18263,01,1219
0100C700-MNOEMARINAL,Gral. Mariano Escobedo - Marina Nacional,19.44771,-99.18231,01,1220
0100C700-MNOELGARDA,Gral. Mariano Escobedo - Lago Garda,19.44918,-99.18207,01,1166
0100C700-MNOECPUERT,Gral. Mariano Escobedo - Carrillo Puerto,19.45094,-99.1818,01,520
0100C700-MNOEMARROJO,Av. Mariano Escobedo - Mar Rojo,19.45364,-99.18135,01,1167
0100C700-MNOENEGRO,Av. Mariano Escobedo - Mar Negro,19.455,-99.18111,01,1221
0100C700-EJ3NMXTCB,Eje 3 Norte Av. Cuitlahuac - México-Tacuba,19.45617,-99.18053,01,1222
0100C700-EJ3NMARMARA,Eje 3 Norte Av. Cuitlahuac - Mar Mármara,19.45868,-99.17881,01,1223
0100C700-EJ3NPTE44,Eje 3 Norte Av. Cuitlahuac - Poniente 44,19.45958,-99.17825,01,1224
0100C700-EJ3NMAXMNEZ,Eje 3 Norte Av. Cuitlahuac - Biol. Maximiliano Martínez,19.4618,-99.17759,01,1225
0100C700-EJ3NPTE58,Eje 3 Norte Av. Cuitlahuac - Poniente 58,19.46476,-99.17732,01,1172
0100C700-EJ3NPTE62,Eje 3 Norte Av. Cuitlahuac - Poniente 62,19.46667,-99.17705,01,1173
0100C700-EJ3NCAMARNS,Eje 3 Norte Av. Cuitlahuac - Calz. Camarones,19.46773,-99.17646,01,1226
0100C700-EJ3NPLATANAL,Eje 3 Norte Av. Cuitlahuac - Platanales,19.46983,-99.17092,01,1176
0100C700-EJ3NPINA,Eje 3 Norte Av. Cuitlahuac - PiNa,19.47011,-99.17003,01,1227
0100C700-EJ3NPSL,Eje 3 Norte Av. Cuitlahuac - Plan de San Luis,19.47125,-99.16637,01,1228
0100C700-EJ3NGUANABA,Eje 3 Norte Av. Cuitlahuac - Guanabana,19.47078,-99.16791,01,1178
0100C700-EJ3NFERROCT,Eje 3 Norte Av. Cuitlahuac - Ferrocarril Central,19.47207,-99.16384,01,1229
0100C700-EJ3NCEYLAN,Eje 3 Norte Av. Cuitlahuac - Av. Ceylan,19.47279,-99.16159,01,1230
0100C700-EJ3NAVJARDIN,Eje 3 Norte Av. Cuitlahuac - Av. Jardín,19.47332,-99.15985,01,1231
0100C700-EJ3NCALL8,Eje 3 Norte Av. Cuitlahuac - Calle 8,19.4735,-99.15811,01,1232
0100C700-EJ3NCALL12,Eje 3 Norte Av. Cuitlahuac - Calle 12,19.47327,-99.15466,01,1183
0100C700-EJ3NCTRALSUR,Eje 3 Norte Av. Cuitlahuac - Central Sur,19.473,-99.15148,01,1233
0100C700-EJ3NCALL24,Eje 3 Norte Av. Cuitlahuac - Calle 24,19.47313,-99.14921,01,1234
0100C700-EJ3NVALLEJO,Eje 3 Norte Av. Cuitlahuac - Eje 1 Poniente Calz. Vallejo,19.47304,-99.14692,01,1185
0100C700-EJ3NFCOPERZ,Eje 3 Norte Av. Cuitlahuac - Francisco Pérez,19.47282,-99.14493,01,1186
0100C700-EJ3NLEOAUER,Eje 3 Norte Av. Cuitlahuac - Leopoldo Auer,19.47213,-99.14199,01,1235
0100C700-EJ3NDELATORR,Eje 3 Norte Av. Cuitlahuac - Martínez de la Torre,19.47249,-99.14353,01,1187
0100C700-EJ3NALBENIZ,Eje 3 Norte Av. Cuitláhuac - Albéniz,19.471870000000006,-99.14085,01,1188
0100C700-EJ3NREALMTE,Eje 3 Norte Av. Cuitlahuac - Real del Monte,19.47175,-99.16474,01,1236
0100C700-EJ3NTETRATZ,Eje 3 Norte Av. Ing. Robles Domínguez - Tetratzini,19.46954,-99.13073,01,1237
0100C700-EJ3NCALZGPE,Eje 3 Norte Av. Ing. Robles Domínguez - Calz. de Guadalupe,19.46784,-99.12409,01,1238
0100C700-EJ3NMISTERIO,Eje 3 Norte Av. Ing. Robles Domínguez - Calz. Misterios,19.46824,-99.12527,01,1239
0100C700-EJ3NCONSTANT,Eje 3 Norte Av. Ing. Robles Domínguez - Constantino,19.46904,-99.12861,01,1190
0100C700-EJ3NGRACIELA,Eje 3 Norte Noé - Graciela,19.46664,-99.12064,01,1193
0100C700-EJ3NALICIA,Eje 3 Norte Noé - Alicia,19.46757,-99.12332,01,1192
0100C700-EJ3NTE58,Eje 3 Norte Ángel Albino Corzo - Norte 58,19.4645,-99.11452,01,1196
0100C700-EJ3NTE54A,Eje 3 Norte Ángel Albino Corzo - Norte 54A,19.46491,-99.1157,01,1240
0100C700-EJ3NEJ1OTE,Eje 3 Norte Noé - Eje 1 Oriente Ferrocarril Hidalgo,19.46597,-99.11873,01,1194
0100C700-EJ3NTE72A,Eje 3 Norte Ángel Albino Corzo - Norte 72A,19.46217,-99.10787,01,1241
0100C700-EJ3NTE70,Eje 3 Norte Ángel Albino Corzo - Norte 70,19.46265,-99.10923,01,1198
0100C700-EJ3NEJ2OTE,Eje 3 Norte Ángel Albino Corzo - Eje 2 Oriente Honorable Congreso de la Unión,19.46381,-99.11255,01,1242
0100C700-EJ3NEJ3OTE,Eje 3 Norte Ángel Albino Corzo - Eje 3 Oriente Ing. Eduardo Molina,19.46142,-99.10573,01,1199
0100C700-EJ3NTE88,Eje 3 Norte Ángel Albino Corzo - Norte 88,19.45977,-99.10101,01,1243
0100C700-EJ3NTE84,Eje 3 Norte Ángel Albino Corzo - Norte 84,19.46039,-99.10273,01,1200
0100C700-EJ3NTE78A,Eje 3 Norte Ángel Albino Corzo - Norte 78A,19.46116,-99.10494,01,1244
0100C700-EJ3NTE92,Eje 3 Norte Ángel Albino Corzo - Norte 92,19.45939,-99.09993,01,1201
0100C700-EJ3NAV507,Eje 3 Norte Av. 506 - Av. 507,19.45792,-99.09556,01,1245
0100C700-EJ3NAV503,Eje 3 Norte Av. 506 - Av. 503,19.45823,-99.09646,01,1246
0100C700-EJ3NAV521,Eje 3 Norte Av. 506 - Av. 521,19.45684,-99.09243,01,1247
0100C700-EJ3NLFABELA,Eje 3 Norte Av. 506 - Loreto Fabela,19.4533,-99.08203,01,1248
0100C700-EJ3NAV561,Eje 3 Norte Av. 506 - Av. 561,19.45373,-99.08331,01,1249
0100C700-EJ3NAV551,Eje 3 Norte Av. 506 - Av. 551,19.45449,-99.08556,01,1250
0100C700-EJ3NAV541,Eje 3 Norte Av. 506 - Av. 541,19.45526,-99.0878,01,1251
0100C700-EJ3NAV535,Eje 3 Norte Av. 506 - Av. 535,19.4558,-99.08937,01,1252
0100C700-DVOCEANIA,Base Deportivo Oceanía ,19.4516,-99.07983,01,1253
010C1521-POPOSMADREO,Volcan Popocatepetl - Sierra Madre Oriental,19.47496,-99.06479,01,1254
010C1521-POPOMALINCH,volcan Popocatepetl - Volcan Malinche,19.4767,-99.06647,01,1255
010C1521-POPOCOLIMA,Volcan Popocatepetl - Volcan Colima,19.47773,-99.06748,01,1256
010C1521-PINOSIZTACCI,Av. de los Pinos - Volcan Iztaccihuatl,19.47967,-99.06691,01,1257
010C1521-CONSTRZACAT,Constitución de la República - Zacatecas,19.48168,-99.07129,01,1258
010C1521-CONSTRUNION,Constitución de la República - Unión,19.48276,-99.07628,01,1259
010C1521-FABETAMPICO,Loreto Fabela - Puerto Tampico,19.476,-99.07908,01,1260
010C1521-FABECNOJUAN,Loreto Fabela - Camino a San Juan,19.47366,-99.07926,01,1261
010C1521-FABELA412,Loreto Fabela - Av. 412,19.46796,-99.08036,01,1262
010C1521-FABEJSIERRA,Loreto Fabela - Justo Sierra,19.46442,-99.08092,01,1263
010C1520-PRADERA,Base Pradera,19.47166,-99.06194,01,1264
010C1520-POPOSMADRE,Volcan Popocatepetl - Sierra Madre,19.47502,-99.06495,01,1254
010C1520-POPOMALINCH,Volcan Popocatepetl - Volcan Malinche,19.47675,-99.06663,01,1255
010C1520-POPOCOLIMA,Volcan Popocatepetl - Volcan Colima,19.47784,-99.06754,01,1256
010C1520-VOLCTRONAIZT,Tronador Volcan - Volcan Iztaccihuatl,19.47914,-99.06616,01,1265
010C1520-CONSTRVPEDR,Constitución de la República - Volcan San Pedro,19.48101,-99.06905,01,1266
010C1520-CONSTRZACAT,Constitución de la República - Zacatecas,19.48154,-99.07161,01,1258
010C1520-CONSTREPBCS,Constitución de la República - Baja California Sur,19.48243,-99.07586,01,1267
010C1520-FABEFCOMZAN,Loreto Fabela - Francisco Morazán,19.48062,-99.07694,01,1268
010C1520-FABEMAZATLAN,Loreto Fabela - Puerto Mazatlán,19.47767,-99.07805,01,1269
010C1520-FABETAMPICO,Loreto Fabela - Puerto Tampico,19.47558,-99.07881,01,1270
010C1520-FABECNOJUAN,Loreto Fabela - Camino a San Juan,19.47281,-99.07904,01,1271
010C1520-FABELA412,Loreto Fabela - Av. 412,19.46678,-99.08017,01,1272
010C1520-FABEBOLIVAR,Loreto Fabela - Simón Bolivar,19.46466,-99.0805,01,1273
010C1520-EUZMISTERIO,Euzkaro - Calz. de los Misterios,19.47885,-99.12116,01,1274
010C1520-RICARMISTERI,Ricarte - Calz. de los Misterios,19.48189,-99.12014,01,1275
010C1520-UNIONRICARTE,Unión - Ricarte,19.48263,-99.12182,01,1276
010C1520-MONTUNION,Montiel - Unión,19.48478,-99.12087,01,1277
010C1520-MONTIEL,Base Montiel,19.48536,-99.12408,01,1278
010C1511-EJ5NCALL1557,Eje 5 Norte Av. 412  - Calle 1557,19.46366,-99.0603,01,1279
010C1511-PTE112INSUR,Poniente 112 - Av. Insurgentes Norte II,19.47586,-99.13447,01,1280
010C1511-PTE112IPN,Poniente 112 - Instituto Politécnico Nacional,19.47618,-99.13645,01,1281
010C1511-PTE112EJCLC,Poniente 112 - Eje Central Lázaro Cardenas,19.47672,-99.13921,01,311
010C1511-PTE112NTE1K,Poniente 112 - Norte 1K,19.47718,-99.1413,01,1282
010C1511-PTE112NTE3,Poniente 112 - Norte 3,19.47741,-99.14215,01,1283
010C1511-PTE112VALLEJ,Poniente 112 - Eje 1 Poniente Calz. Vallejo,19.47913,-99.14786,01,1284
010C1511-COLT100MTROS,Coltongo - Prol. 100 Metros,19.48131,-99.15255,01,1285
010C1511-COLTPTE116,Coltongo - Poniente 116,19.48288,-99.15394,01,1286
010C1511-PTE116NTE35,Poniente 116 - Norte 35,19.48367,-99.15654,01,1287
010C1511-PTE116NTE45,Poniente 116 - Norte 45,19.48477,-99.16158,01,1288
010C1510-EJ4NPRQGPE,Eje 4 Norte Euzkaro - Parque Guadalupe,19.47894,-99.12179,01,1289
010C1510-EJ4NBUENTON,Eje 4 Norte Euzkaro - Buen Tono,19.47993,-99.12438,01,1290
010C1510-EJ4NFNDMREY,Eje 4 Norte Euzkaro - Fundidora Monterrey,19.48046,-99.12647,01,1291
010C1510-EJ4NINSUGEN,Eje 4 Norte Av. Fortuna - Av. Insurgentes Norte,19.48201,-99.12929,01,1292
010C1510-EJ4NRIOBAMBA,Eje 4 Norte Av. Fortuna - Río Bamba,19.48363,-99.13148,01,1293
010C1510-EJ4NAVIPN,Eje 4 Norte Av. Fortuna - Av. Instituto Politécnico Nacional,19.48485,-99.13502,01,1294
010C1510-EJ4NHJUAREZ,Eje 4 Norte Av. Fortuna - Hospital Juárez,19.48542,-99.13812,01,1295
010C1510-EJLCEJ4NFORT,Eje Central Lázaro Cardenas - Eje 4 Norte Av. Fortuna,19.48613,-99.14298,01,315
010C1510-EJLCCHVALLE2,Eje Central Lázaro Cardenas - CCH Vallejo 2,19.48394,-99.14213,01,1296
010C1510-EJLCCHVALLEJ,Eje Central Lázaro Cardenas - CCH Vallejo,19.48167,-99.14124,01,1297
010C1510-EJLCBUSESNTE,Eje Central Lázaro Cardenas - Autobuses del Norte,19.47874,-99.14004,01,1298
010C1510-EJCTRLCARDEN,Eje Central Lázaro Cardenas Retorno,19.47685,-99.13981,01,311
010C1510-PTE116NTE11,Poniente 116 - Norte 11,19.47959,-99.14545,01,1299
010C1510-PTE112NTE17,Poniente 112 - Norte 17,19.47957,-99.14805,01,1300
010C1510-COLTVALLEJO,Coltongo - Eje 1 Poniente Calz. Vallejo,19.47904,-99.14848,01,1301
010C1510-COLT110MTROS,Coltongo - Prol. Sur 100 Metros,19.48162,-99.15317,01,1302
010C1510-COLTPTE116,Coltongo - Poniente 116,19.48318,-99.15406,01,1286
010C1510-PTE122NTE45,Poniente 122 - Norte 45,19.48766,-99.1616,01,1303
010C1510-PTE122PRTULA,Poniente 122 - Priv. Tula,19.48804,-99.16332,01,1304
010C1510-AVCEYLAN,Base Av. Ceylan,19.48591,-99.1667,01,1305
010C1500-FCOMHANKGLZ,Francisco Morazán - Carlos Hank González,19.46419,-99.05883,01,1306
010C1500-FCOMVILLARAG,Francisco Morazán - Villa de Aragón,19.46756,-99.06262,01,1307
010C1500-CALL1527FCOM,Calle 1527 - Francisco Morazán ,19.46864,-99.0642,01,1308
010C1500-CALL1527BACH,Calle 1527 - Bachilleres No. 9 Aragón,19.46777,-99.06469,01,1309
010C1500-EJ4NCALL1527,Eje 4 Norte Av. 412 - Calle 1527,19.46493,-99.06576,01,1310
010C1500-EJ4NCALL1511,Eje 4 Norte Av. 412 - Calle 1511,19.46543,-99.06961,01,1311
010C1500-EJ4N510,Eje 4 Norte Av. 412 - Av. 510,19.46612,-99.07263,01,1312
010C1500-EJ4NAV482,Eje 4 Norte Av. 510 - Av. 482,19.4645,-99.07662,01,1313
010C1500-EJ4NJLFABELA,Eje 4 Norte Av. 510 - José Loreto Fabela,19.46385,-99.08157,01,1314
010C1500-EJ4N533,Eje 4 Norte Av. 510 - Av. 533,19.46496,-99.08655,01,1315
010C1500-EJ4NPTOPALOS,Eje 4 Norte Av. 510 - Puerto de Palos,19.46593,-99.09176,01,1316
010C1500-EJ4NAV503,Eje 4 Norte Av. 510 - Av. 503,19.46671,-99.09387,01,1317
010C1500-EJ4NTE94,Eje 4 Norte Av. Talismán - Norte 94,19.46757,-99.09623,01,1318
010C1500-EJ4NTE84,Eje 4 Norte Av. Talismán - Norte 84,19.46915,-99.09933,01,1319
010C1500-EJ4NEJ3OTE,Eje 4 Norte Av. Talismán - Eje 3 Oriente Av. Ing. Eduardo Molina,19.47052,-99.10199,01,1320
010C1500-EJ4NTE70,Eje 4 Norte Av. Talismán - Norte 70,19.47217,-99.1053,01,1321
010C1500-EJ4NEJ2OTE,Eje 4 Norte Av. Talismán - Eje 2 Oriente Honorable Congreso de la Unión,19.4735,-99.10795,01,1322
010C1500-EJ4NEJ1OTE,Eje 4 Norte Av. Talismán - Eje 1 Oriente Av. Ferrocarril Hidalgo,19.47538,-99.11191,01,1323
010C1500-EJ4NGRANATE,Eje 4 Norte Av. Talismán - Granate,19.47705,-99.11663,01,1324
010C1500-EJ4NGPE,Eje 4 Norte Euzkaro - Guadalupe,19.47823,-99.12004,01,1325
010C1500-EJ4NMISTERIO,Eje 4 Norte Euzkaro - De los Misterios,19.47867,-99.12127,01,1274
010C1500-NCXBUENTONO,Necaxa - Buen Tono,19.47652,-99.12573,01,1326
010C1500-NCXPRQFUNDI,Necaxa - Parque Fundidora,19.47718,-99.1276,01,1327
010C1501-EXCINSURNTE,Excelsior - Av. Insurgentes Norte ,19.47525,-99.13251,01,1328
010C1501-EXCLAUDIOCAS,Excelsior - Ing. Claudio Castro,19.47509,-99.13203,01,1329
010C1501-EXCREALMTE,Excelsior - Real del Monte,19.47445,-99.13027,01,1330
010C1501-BOSQUES,Base Bosques,19.46528,-99.05052,01,1331
010C1501-NUBSQUESASIA,Naciones Unidas - Bosques de Asia,19.46425,-99.05491,01,1332
010C1501-NUVILLCACAMA,Naciones Unidas - Villa Cacama,19.46341,-99.05643,01,1333
010C1501-EJ4NCALL1525,Eje 4 Norte Av. 412 - Calle 1525,19.46505,-99.06634,01,1334
010C1501-EJ4NAV412,Eje 4 Norte Av. 510 - Av. 412,19.46625,-99.07402,01,1335
010C1501-EJ4NAV482,Eje 4 Norte Av. 510 - Av. 482,19.46501,-99.07645,01,1336
010C1501-EJ4NLFABELA,Eje 4 Norte Av. 510 - Loreto Fabela,19.46402,-99.07999,01,1337
010C1501-EJ4NEZAPATA,Eje 4 Norte Av. 510 - Emiliano Zapata,19.46517,-99.08574,01,1338
010C1501-EJ4NAV519,Eje 4 Norte Av. 510 - Av. 519,19.46563,-99.08926,01,1339
010C1501-EJ4NCECYT01,Eje 4 Norte Av. 510 - CECyT No. 01,19.46612,-99.09132,01,1340
010C1501-EJ4NGRANCNL,Eje 4 Norte Av. Talismán - Gran Canal,19.46755,-99.09544,01,1341
010C1501-EJ4NTE84,Eje 4 Norte Av. Talismán - Norte 84,19.46935,-99.09901,01,1319
010C1501-EJ4NEJ3OTE,Eje 4 Norte Av. Talismán - Eje 3 Oriente Av. Ing. Eduardo Molina,19.47041,-99.10111,01,1342
010C1501-EJ4NTE72,Eje 4 Norte Av. Talismán - Norte 72,19.47181,-99.1034,01,1343
010C1501-EJ4NTE70,Eje 4 Norte Av. Talisman - Norte 70,19.47247,-99.10471,01,1344
010C1501-EJ4NEJ2OTE,Eje 4 Norte Av. Talismán - Eje 2 Oriente Honorable Congreso de la Unión,19.47388,-99.10775,01,1322
010C1501-EJ1OEJ4N,Eje 1 Oriente Av. Ferrocarril Hidalgo - Eje 4 Norte Av. Talismán,19.47531,-99.1118,01,1323
010C1501-EJ1OTEJOYAS,Eje 1 Oriente Av. FErrocarril Hidalgo - Joyas,19.47414,-99.11267,01,1345
010C1501-JYSTURQUESA,Joyas - Turquesa,19.47478,-99.11479,01,1346
010C1501-JYSGRANATE,Joyas - Granate,19.47573,-99.11682,01,1347
010C1501-JYSGPE,Joyas - De Guadalupe,19.47666,-99.12012,01,1348
010C1501-RBLMISTERIOS,Río Blanco - De los Misterios,19.47706,-99.12155,01,1349
010C1501-RBLBUENTONO,Río Blanco - Buen Tono,19.4782,-99.12475,01,1350
010C1501-RBLFUNDIDORA,Río Blanco - Fundidora de Monterrey,19.47889,-99.12673,01,1351
010C1501-MREYPRIMAVR,Fundidora de Monterrey - Primavera,19.47609,-99.12787,01,1352
010C1500-MTROPOTRERO,Base Metro Potrero,19.4772,-99.13126,01,1353
010C1630-CUAUTHEZAP,Cuauhtémoc - Hacienda Emiliano Zapata Base,19.4836,-99.23236,01,1354
010C1621-CUITLAHUAC,Base Metro Cuitlahuac,19.45784,-99.18205,01,1355
010C1621-AZCAGASCASO,Av. Azcapotzalco - Lago Gascasonica,19.46028,-99.18874,01,1356
010C1621-AQGOLFOSIAM,Aquiles Serdán -Golfo Siam,19.461170000000006,-99.18989,01,1357
010C1621-AQGLFESTIO,Aquiles Serdán - Golfo Estio,19.46571,-99.18967,01,1358
010C1621-AQOTONO,Aquiles Serdán - Otoño,19.46767,-99.1895,01,1359
010C1621-AQINVIERNO,Aquiles Serdán - Invierno,19.46928,-99.18937,01,1360
010C1621-5MAYREFINERI,5 de Mayo - Metro Refineria,19.47042,-99.19003,01,1361
010C1621-5MAYWALMART,5 de Mayo - Frente a Walmart,19.47125,-99.19289,01,1362
010C1621-5MAYGLICERIN,5 de Mayo - Glicerina,19.47194,-99.19549,01,1363
010C1621-5MAYNTE135A,5 de Mayo - Norte 135A,19.47235,-99.19692,01,1364
010C1621-5MAYGASOLIN,5 de Mayo - Gasolina,19.47293,-99.19875,01,1365
010C1621-5MAYTEZOZOM,5 de Mayo - Tezozomoc,19.47346,-99.20061,01,1366
010C1621-LCIATEZOZOMO,Camino a Santa Lucia - Tezozomoc,19.47264,-99.20378,01,1367
010C1621-LCIADEMOCRA,Camino a Santa Lucia - Democracias,19.47228,-99.20496,01,1368
010C1621-CNOLUCIANRNJ,Camino a Santa Lucia - Calz. de la Naranja,19.47137,-99.20664,01,1369
010C1621-NRNJQUETZALA,Calz. de la Naranja - Quetzala,19.47158,-99.20794,01,1370
010C1621-NRNJAHUIZOTL,Calz. de la Naranja - Santiago Ahuizotl,19.47236,-99.21065,01,1371
010C1621-NRNJFCOSANC,Calz. de la Naranja - Francisco Sánchez,19.47305,-99.21344,01,1372
010C1621-NRNJECARRAN,Calz. de la Naranja - Emilio Carranza,19.47338,-99.21473,01,1373
010C1621-NRNJGVOBAZ,Calz. de la Naranja -Gustavo Baz,19.47358,-99.21543,01,1374
010C1621-NRNJABRAHA,Calz. de la Naranja - Abraham Sánchez,19.47377,-99.21608,01,1375
010C1621-NRNJANORVE,Calz. de la Naranja - Enrique Añorve,19.47396,-99.21677,01,1376
010C1621-NRNJCSTRJ,Calz. de la Naranja - Adrian Castrejon,19.474120000000006,-99.2174,01,1377
010C1621-CSTRJCARDEL,Adrian Castrejon - José Cardel,19.47488,-99.21726,01,1378
010C1621-CSTRJFCOVILL,Adrian Castrejon - Francisco Villa,19.47578,-99.217,01,1379
010C1621-CSTRJCAPISTR,Adrian Castrejon - Jesús Capistran,19.477120000000006,-99.21659,01,1380
010C1621-CSTRJPELIASC,Adrian Castrejon - Plutarco Elias Calles,19.47802,-99.21633,01,1381
010C1621-CSTRJFCOIMAD,Adrian Castrejon - Francisco I. Madero,19.47889,-99.21608,01,1382
010C1621-CSTRJLMATEOS,Adrian Castrejon - Adolfo Lopez Mateos,19.47977,-99.21581,01,1383
010C1621-CSTRJCAPETIL,Adrian Castrejon - Alonso Capetillo,19.48074,-99.21552,01,1384
010C1621-CSTRJLIBERAT,Adrian Castrejon - Liberato Lara,19.48162,-99.21526,01,1385
010C1621-CASTREJN23A,Adrian Castrejon - 23 de Abril,19.48246,-99.21499,01,1386
010C1621-23AJAMARO,23 de Abril - Joaquin Amaro,19.48292,-99.21554,01,1387
010C1621-23AJAUREGUI,23 de Abril - Eusebio Jauregui,19.48307,-99.21617,01,1388
010C1621-23ABLACKALL,23 de Abril - Leopoldo Blackaller,19.48328,-99.21689,01,1389
010C1621-23ARMAS,23 de Abril - de las Armas,19.48361,-99.21814,01,1390
010C1621-ARMECHEGAR,De las Armas - Echegaray,19.48714,-99.21723,01,1391
010C1621-ECHEREMEDIO,Echegaray - Río de los Remedios,19.48718,-99.21933,01,1392
010C1621-ENARNACESTR,Hacienda de la Encarnación - Estrella,19.48875,-99.22221,01,1393
010C1621-ENARNACGBAZ,Hacienda de la Encarnación - Gustavo Baz,19.49076,-99.22771,01,1394
010C1621-GBAZHDAGAVIA,Gustavo Baz - Hacienda de la Gavia,19.48789,-99.22912,01,1395
010C1621-GUSTAVOCUAU,Gustavo Baz - Cuauhtémoc,19.48321,-99.23074,01,1396
010C1621-CUAUHECHEGA,Cuauhtémoc - Paseo de la Hacienda Echegaray,19.48394,-99.23353,01,1397
010C1621-ECHEBICENTE,Paseo de la Hacienda Echegaray - Viaducto Elevado Bicentenario,19.4846,-99.23418,01,1398
010C1621-LVNIEVES,Lomas Verdes - Colina de las Nieves,19.49329,-99.24529,01,1399
010C1621-LOMASVERDES,Base Lomas Verdes,19.49426,-99.24623,01,1400
010C1620-ASGOLFESTILO,Aquiles Serdán - Golfo Estilo,19.46608,-99.19006,01,1401
010C1620-5MAYREFINERI,5 de Mayo - Metro Refineria,19.46998,-99.18984,01,1402
010C1620-5MAYWALMART,5 de Mayo - Frente a Walmart,19.47105,-99.19347,01,1403
010C1620-5MAYGLICERIN,5 de Mayo - Glicerina,19.47167,-99.19566,01,1363
010C1620-5MAYNTE35A,5  de Mayo - Norte 135A,19.47213,-99.19721,01,1364
010C1620-5MAYNTE135,5 de Mayo - Norte 135,19.47218,-99.19747,01,1404
010C1620-5MAYGASOLINA,5 de Mayo - Gasolina,19.47268,-99.19912,01,1365
010C1620-5MAYPTAPARQ,5 de Mayo - Puerta del Parque,19.47303,-99.20012,01,1405
010C1620-STALTEZOZOMO,Camino a Santa Lucia - Tezozomoc,19.47229,-99.20452,01,1368
010C1620-STALDEMOCR,Camino a Santa Lucia - Democracias,19.47181,-99.20554,01,1406
010C1620-NRNJZARATE,Calz. de la Naranja - Alfredo Zarate,19.47145,-99.2079,01,1370
010C1620-NRNJWENSES,Calz. de la Naranja - Wenseslao Lara,19.47165,-99.20853,01,1407
010C1620-NRNJSOLORZA,Calz. de la Naranja - José Luis Solorzano,19.47179,-99.20909,01,1408
010C1620-NRNJAHUZOTL,Calz. de la Naranja - Av. Ahuzotl,19.47227,-99.2109,01,1371
010C1620-NRNJABUNDIO,Calz. de la Naranja - Abundio Gómez,19.47258,-99.21212,01,1409
010C1620-NRNJFABELA,Calz. de la Naranja - Isidro Fabela,19.47274,-99.21279,01,1410
010C1620-NRNJRIVAPALA,Calz. de la Naranja - Carlos Riva Palacios,19.47289,-99.21339,01,1372
010C1620-NRNJDELMAZO,Calz. de la Naranja - Alfredo del Mazo,19.47305,-99.21404,01,1411
010C1620-NRNJSANFCO,Calz. de la Naranja - San Francisco,19.47341,-99.21528,01,1374
010C1620-ENRNARANJA,Enrique Añorve - Calz. de la Naranja,19.47404,-99.21688,01,1376
010C1620-ENRJCARDEL,Enrique Añorve - José Cardel,19.47495,-99.21661,01,1412
010C1620-ENRFCOVILLA,Enrique Añorve - Francisco Villa,19.47586,-99.21635,01,1413
010C1620-ENRCAPISTRA,Enrique Añorve - Jesús Capistran,19.47718,-99.21596,01,1414
010C1620-ENRPELIASCAL,Enrique Añorve - Plutarco Elias Calles,19.47806,-99.2157,01,1415
010C1620-ENRALMATEOS,Enrique Añorve - Adolfo López Mateos,19.4798,-99.21518,01,1416
010C1620-ENRCAPETILLO,Enrique Añorve - Alonso Capetillo,19.48077,-99.21489,01,1417
010C1620-ENRLIBERATO,Enrique Añorve - Liberato Lara,19.48166,-99.21462,01,1418
010C1620-23AEANORVE,23 de Abril - Enrique Añorve,19.48243,-99.21446,01,1419
010C1620-23AJAMARO,23 de Abril - Joaquin Amaro,19.48277,-99.21575,01,1387
010C1620-23AJAUREGUI,23 de Abril - Eusebio Jáuregui,19.48296,-99.21641,01,1388
010C1620-23ABLACKALL,23 de Abril - Leopoldo Blackaller,19.48313,-99.21707,01,1389
010C1620-23ABENAVIDES,23 de Abril - Catarino Benavides,19.4833,-99.21773,01,1420
010C1620-ARM23ABRIL,De las Armas - 23 de Abril,19.48346,-99.21842,01,1390
010C1620-ARMECHEGARA,De las Armas - Echegaray,19.48708,-99.21744,01,1391
010C1620-CIMREMEDIOS,La Cima - Río de los Remedios,19.48687,-99.21993,01,1421
010C1620-CIMABOSQUE,La Cima - El Bosque,19.48675,-99.22304,01,1422
010C1620-HUARCOCOYO,Hacienda de la Huaracha - Hacienda de Cocoyoc,19.48684,-99.22576,01,1423
010C1620-LVGUSTAVBAZ,Lomas Verdes - Vía Gustavo Baz,19.48753,-99.22939,01,1395
010C1620-LVECHEGARAY,Lomas Verdes - Paseo de la Hacienda Echegaray,19.48656,-99.2336,01,1424
010C1620-LOMASVERDES,Base Lomas Verdes,19.49403,-99.2469,01,1425
010C1601-INGMJOAQUIN,Ingenieros Militares - Río San Joaquin,19.45441,-99.21702,01,1426
010C1601-INGMPSANCTO,Ingenieros Militares - Panteón Sanctorum,19.45652,-99.21535,01,1427
010C1601-INGMDEMET,Ingenieros Militares - Demet,19.46031,-99.21405,01,1428
010C1601-INGMKALTEX,Ingenieros Militares - Kaltex,19.46163,-99.21328,01,1429
010C1601-BARTARISTA,San Bartolo - General Arista,19.46129,-99.2111,01,1430
010C1601-BARTPARANA,San Bartolo - Río Parana,19.46028,-99.20845,01,1431
010C1601-BARTSANCTOR,Calz. San Bartolo - Sanctorum,19.45977,-99.20665,01,1432
010C1601-BARTURUGUAY,Calz. San Bartolo - Ururguay,19.45936,-99.20515,01,1433
010C1601-BARTESPANOL,Calz. San Bartolo - Panteón EspaNol,19.45862,-99.20265,01,1434
010C1601-MXTBVIEDMA,México-Tacuba - Lago Viedma,19.45827,-99.20129,01,1435
010C1601-MXTBPLAVA,México-Tacuba - Lago Tlava,19.45894,-99.19763,01,1436
010C1601-MXTBTANA,México-Tacuba - Lago Tana,19.45905,-99.19706,01,1437
010C1601-MXTBGASCASO,México-Tacuba - Cerrada Lago Gascasonica,19.4596,-99.19452,01,1438
010C1601-MXTBAMATITLA,México-Tacuba - Amatitla,19.45975,-99.19374,01,1439
010C1601-MXTBPUENTE,México-Tacuba - Puente,19.45989,-99.1894,01,1440
010C1601-MXTBMETRO,México-Tacuba - Metro Tacuba,19.45952,-99.18819,01,1441
010C1601-MXTBPANADER,México-Tacuba - Panaderia la Palanca,19.45894,-99.18613,01,1442
010C1601-MXTBCARIBE,México-Tacuba - Mar Caribe,19.4582,-99.18271,01,1443
010C1601-MXTBAFFIN,México-Tacuba - Mar Baffin,19.45846,-99.18388,01,1444
010C1601-MXTBHUDSON,México-Tacuba - Mar Hudson,19.45758,-99.18175,01,1355
010C1601-MXTBCUITLAHU,México-Tacuba - Cuitlahuac,19.4563,-99.18003,01,1445
010C1601-MXTBCDAPOPO,México-Tacuba - Cerrada Popotla,19.45469,-99.17779,01,1446
010C1601-MXTBARAFURA,México-Tacuba - Arafura,19.45381,-99.17663,01,1447
010C1601-MXTBPOPOTLA,México-Tacuba - Metro Popotla,19.45295,-99.17538,01,1448
010C1601-MXTBPLNAYALA,México-Tacuba - Plan de Ayala,19.45102,-99.17284,01,1449
010C1601-MXTBCOLMIL,México-Tacuba - Metro Colegio Militar,19.44917,-99.17157,01,1450
010C1601-MXTBRURAL,México-Tacuba - Maestro Rural,19.44814,-99.17087,01,543
010C1601-MXTBMNORMAL,México-Tacuba - Metro Normal,19.44499,-99.16778,01,1451
010C1601-MXTBAGUIRRE,México-Tacuba - Lauro Aguirre,19.44431,-99.16666,01,1452
010C1601-RIBNOGAL,Ribera de San Cosme - Nogal,19.44325,-99.16483,01,1453
010C1601-RIBCEDRO,Ribera de San Cosme - Cedro,19.44297000000001,-99.16358,01,1454
010C1601-RIBSTAMARIA,Ribera de San Cosme - Santa María,19.44109,-99.15832,01,1455
010C1601-RIBNARANJO,Ribera de San Cosme - Naranjo,19.44188,-99.1603,01,1456
010C1601-RIBFRESNO,Ribera de San Cosme - Fresno,19.44267,-99.16226,01,1457
010C1601-RIBGLEZMNEZ,Ribera de San Cosme - González Martínez,19.44035,-99.15653,01,1458
010C1601-ALVINSURGENT,Puente de Alvarado - Insurgentes,19.43982,-99.15531,01,1459
010C1601-ALVMREVOLU,Puente de Alvarado - Metro Revolución,19.43939,-99.15432,01,1460
010C1601-ALVBUENAVSTA,Puente de Alvarado - Buenavista,19.43882,-99.15264,01,1461
010C1601-ALVZARAGOZA,Puente de Alvarado - Zaragoza,19.4383,-99.1503,01,1462
010C1601-ALVGUERRERO,Puente de Alvarado - Guerrero,19.43797,-99.14873,01,285
010C1601-HGOMETRHGO,Av. Hidalgo - Metro Hidalgo,19.43743,-99.14599,01,1463
010C1601-HGOPANADERI,Av. Hidalgo - Panadería,19.43766,-99.14722,01,1464
010C1601-HGOTRUJANO,Av. Hidalgo - Valerio Trujano,19.43691,-99.14373,01,1465
010C1600-JUARZLOPEZ,Av. Juárez - López,19.43431,-99.142,01,1466
010C1600-JUARZLMOYA,Av. Juárez - Luis Moya,19.43481,-99.14493,01,1467
010C1600-JUARZREVILLA,Av. Juárez - Revillagigedo,19.43498,-99.14593,01,1468
010C1600-JUARZBALDERA,Av. Juárez - Balderas,19.43517,-99.14756,01,1469
010C1600-JUARZHUMBOL,Av. Juárez - Humboldt,19.43525,-99.1483,01,1470
010C1600-FRANZMAYER,Baseo Museo Franz Mayer,19.43647,-99.14159,01,1471
010C1600-ALVMETROHGO,Puente de Alvarado - Metro Hidalgo,19.43777,-99.14935,01,285
010C1600-ALVTERAN,Puente de Alvarado - Teran,19.43807,-99.15062,01,1462
010C1600-ALVREVOLUC,Puente de Alvarado - Metro Revolución,19.43932,-99.1549,01,1472
010C1600-RIBINSURGENT,Ribera de San Cosme - Insurgentes,19.43976,-99.15599,01,1473
010C1600-RIBSERAPIOR,Ribera de San Cosme - Serapio Rendon,19.44093,-99.15877,01,1474
010C1600-RIBRMORENO,Ribera de San Cosme - Rosas Moreno,19.44171,-99.16067,01,1456
010C1600-RIBGBARREDA,Ribera de San Cosme - Gabino Barreda,19.44248,-99.16273,01,1475
010C1600-RIBCEDRO,Ribera de San Cosme - Cedro,19.44271,-99.16383,01,1454
010C1600-RIBFABREGAS,Ribera San Cosme - Virginia Fabregas,19.44322,-99.16534,01,1476
010C1600-MXTCBCTOB,México-Tacuba - Circuito Bicentenario,19.44369,-99.16608,01,1477
010C1600-MXTCBNORMAL,México-Tacuba - Metro Normal,19.44449,-99.16747,01,1478
010C1600-MXTCBTONANT,México-Tacuba - Cerrada Tonantzin,19.44571,-99.16949,01,1479
010C1600-MXTCBTLAHUA,México-Tacuba - Lago Tláhuac,19.44639,-99.16998,01,1480
010C1600-MXTCB1PRIV,México-Tacuba - Primera Priv. México-Tacuba,19.44673,-99.17021,01,1480
010C1600-MXTCBCARRLL,México-Tacuba - Carrillo Puerto,19.44925,-99.17194,01,1450
010C1600-MXTCBMRECED,México-Tacuba - La Iglesia de la Merced,19.45121,-99.17329,01,1481
010C1600-MXTCBCUERNA,México-Tacuba - Ferrocarril de Cuernavaca,19.45239,-99.17498,01,1482
010C1600-MXTCBCOLMIL,México-Tacuba - Colegio Militar,19.45298,-99.17585,01,1448
010C1600-MXTCBCANITAS,México-Tacuba - Parque CaNitas,19.45413,-99.17752,01,1483
010C1600-MXTCBNTRIST,México-Tacuba - Arbol de la Noche Triste,19.45565,-99.17926,01,1484
010C1600-MXTCBCUITLAH,México-Tacuba - Metro Cuitlahuac,19.45712,-99.18157,01,1485
010C1600-MXTCBTIRENO,México-Tacuba - Mar Tireno,19.45803,-99.18307,01,1443
010C1600-MXTCBMETRO,México-Tacuba - Metro Tacuba,19.45918,-99.18767,01,1486
010C1600-MXTCBMERCA,México-Tacuba - Mercado Tacuba,19.45867,-99.18596,01,1442
010C1600-MXTCBCALIFOR,México-Tacuba - Golfo de California,19.4583,-99.18425,01,1444
010C1600-MXTCBLEGARIA,México-Tacuba - Calz. Legaria,19.4595,-99.1902,01,1487
010C1600-MXTCBLLOPAN,México-Tacuba - Lago Llopango,19.45911,-99.1956,01,1488
010C1600-MXTCBAMATITL,México-Tacuba - Lago Amatitla,19.45947,-99.19401,01,1439
010C1600-MXTCBESCLAV,México-Tacuba - Lago Esclavos,19.459570000000006,-99.19226,01,1489
010C1600-MXTCBTANA,México-Tacuba - Lago Tana,19.45872,-99.19744,01,1436
010C1600-MXTCBAULLAG,México-Tacuba - Lago Aullagas,19.45856,-99.19821,01,1490
010C1600-MXTCBNSAIRES,México-Tacuba - Buenos Aires,19.45759,-99.20314,01,1491
010C1600-MXTCBVIEDMA,México-Tacuba - Lago Viedma,19.458,-99.20172,01,1492
010C1600-MXTCBARGENT,México-Tacuba - Lago Argentina,19.45818,-99.20027,01,1493
010C1600-MXTCBMUEST,México-Tacuba - Lago Muestes,19.45714,-99.20464,01,1494
010C1600-MXTCBRIANDE,México-Tacuba - Río Ande,19.45594,-99.20875,01,1495
010C1600-MXTCBSANCTO,México-Tacuba - Sanctorum,19.45627,-99.20759,01,1496
010C1600-MXTCBCOLHUE,México-Tacuba - Colhue,19.4569,-99.20538,01,1497
010C1600-MXTCBARISTA,México-Tacuba - General Arista,19.45554,-99.21011,01,1498
010C1600-INGMUDEMET,Ingenieros Militares - Unidad Demet,19.45602,-99.21359,01,524
010C1600-INGMTRANSMIS,Ingenieros Militares - Transmisiones Militares Panteón Sanctorum,19.45634,-99.21502,01,1427
010C1600-INGMILJOAQUI,Ingenieros Militares - Río San Joaquin,19.45374,-99.21727,01,1499
010C1600-RODOLFOGAON,Base Rodolfo Gaona,19.45296,-99.21833,01,1500
0100C421-NVAVIGA,La Nueva Viga,19.37222,-99.09534,01,1501
0100C421-DIRGENERAL,Dirección General,19.37456,-99.09577,01,1502
0100C421-ABARRVIVERE,Abarrotes - Viveres,19.37482,-99.09032,01,1503
0100C421-PASILLO4Y5,Pasillo 4 y 5,19.37475,-99.08746,01,1504
0100C421-LREFORMTIAN,Leyes de Reforma - Tianguis,19.3799,-99.08173,01,1505
0100C421-LREFROJOGMZ,Leyes de Reforma - Rojo Gómez,19.37884,-99.07662,01,1506
0100C421-LREF11AGOST,Leyes de Reforma - 11 de Agosto,19.37813,-99.07234,01,1507
0100C421-LREFGUERREF,Leyes de Reforma - Guerra de Reforma,19.37762,-99.06937,01,1508
0100C421-LREF11ENER,Leyes de Reforma - 11 de Enero,19.37718,-99.06684,01,1509
0100C420-15JUNGUEREF,15 de Junio - Guerra de Reforma,19.37651,-99.0645,01,1510
0100C420-OVEJASLREFO,Paseo de Ovejas - Leyes de Reforma,19.37596,-99.07026,01,1511
0100C420-ROJOGOVEJAS,Rojo Gómez - Paseo de Ovejas,19.37704,-99.07774,01,1512
0100C420-EJ6ROJOGMZ,Eje 6 - Rojo Gómez,19.37214,-99.07999,01,1513
0100C420-PASILLO4Y5,Pasillo 4 y 5,19.37443,-99.08811,01,1514
0100C420-CTRALABASTO,Base Central de Abasto,19.37451,-99.09148,01,1515
0100C411-PERIFPTECNLJ,Periférico - Bajo Puente Canal de San Juan,19.39739,-99.05843,01,1516
0100C410-PERIFREVSOC,Periférico - Revolución Social,19.35331,-99.05977,01,1517
0100C410-ZARAGCNLJUA,Zaragoza - Canal de San Juan,19.39749,-99.05871,01,1516
0100C410-CNLSANJUAN,Base Canal de San Juan,19.397920000000006,-99.05904,01,1518
0100C401-PERIFCANDIDO,Periférico - Candido Aguilar,19.34885,-99.06004,01,1519
0100C401-PERIFREVSOCI,Periférico - Revolución Social,19.35271,-99.05915,01,1520
0100C401-PERIFCALL3,Periférico - Calle 3,19.35531,-99.05852,01,1521
0100C401-PERIFSOTOGAM,Periférico - Soto y Gama,19.35882,-99.05771,01,1522
0100C401-PERIFUVGUERR,Periférico - Unidad Vicente Guerrero,19.36112,-99.05718,01,1523
0100C401-PERIFLMENDEZ,Periférico - Luis Mendez,19.36271,-99.05681,01,1524
0100C401-PERIFMICHOAC,Periférico - Michoacan,19.36555,-99.05601,01,1525
0100C401-PERIFPRICESH,Periférico - Price Shoes,19.37044,-99.05733,01,1526
0100C401-PERIFTELECOM,Periférico - Telecomunicaciones,19.37357,-99.0584,01,1527
0100C401-PERIFLREFORM,Periférico - Leyes de Reforma,19.37594,-99.05906,01,1528
0100C401-PERIFHOMEMA,Periférico - Home Mark,19.379,-99.05989,01,1529
0100C401-PERIFTEZONTL,Periférico - Canal de Tezontle,19.38237,-99.06068,01,1530
0100C401-PERIFUNIVERS,Periférico - Universidad,19.385720000000006,-99.0603,01,1531
0100C401-PERIFTEPALCA,Periférico - Tepalcates,19.38916,-99.0597,01,1532
0100C401-PERIFZARAGOZ,Periférico - Zaragoza,19.39491,-99.05864,01,1533
0100C401-PERIFMERCJUA,Periférico - Mercado San Juan,19.40042,-99.058,01,1534
0100C401-PERIFVALSEQ,Periférico - Valsequillo,19.40461,-99.05761,01,1535
0100C401-PERIFOAXACA,Periférico - Oaxaca,19.40658,-99.0574,01,1536
0100C401-PERIFPANTITL,Periférico - Av. Pantitlan,19.41197,-99.0568,01,1537
0100C401-PERIFCHIMALH,Periférico - Av. Chimalhuacan,19.42169,-99.0557,01,1538
0100C401-PERIFBORDO,Periférico - Av. Bordo,19.42957,-99.05222,01,1539
0100C401-CONTITUCION,Base Cetram Constitución,19.34535,-99.06465,01,1540
0100C401-PERIF5MAY,Periférico - 5 de Mayo,19.33887,-99.06419,01,1541
0100C401-PERIFVASCO,Periférico - Vasco de Quiroga,19.33703,-99.0646,01,1542
0100C400-CONSTITUCION,Base Constitución,19.34571,-99.06511,01,1543
0100C400-PERIFPCASTIL,Periférico - Porfirio Castillo,19.34918,-99.06067,01,1544
0100C400-PERIFHILARIO,Periférico - Hilario Medina,19.35119,-99.06024,01,1545
0100C400-PERIFRCIVIL,Periférico - Registro Civil,19.35551,-99.05926,01,1546
0100C400-PERIFSOTOGA,Periférico - Soto y Gama,19.35958,-99.05832,01,1547
0100C400-PERIFBACHILL,Periférico - Bachilleres,19.36131,-99.05792,01,1548
0100C400-PERIFEJE6SUR,Periférico - Eje 6 Sur,19.36336,-99.05744,01,1549
0100C400-PERIFCONTEL,Periférico - Contel,19.36677,-99.05698,01,1550
0100C400-PERIFPOLFED,Periférico - Policia Federal,19.37242,-99.05891,01,1551
0100C400-PERIFLREFOR,Periférico - Leyes de Reforma,19.37669,-99.06012,01,1552
0100C400-PERIFCETS153,Periférico - CETIS 153,19.37916,-99.06087,01,1553
0100C400-PERIFSUR30,Periférico - Sur 30,19.38339,-99.06093,01,1554
0100C400-PERIFCCH,Periférico - CCH,19.38677,-99.06038,01,1555
0100C400-PERIFTEPALCA,Periférico - Tepalcates,19.39013,-99.05979,01,1556
0100C400-PERIFMERCJUA,Periférico - Mercado San Juan,19.4006,-99.05815,01,1534
0100C400-PERIFCLINC35,Periférico - Clínica 35,19.40742,-99.05759,01,1557
0100C400-PERIFPANTITL,Periférico - Av. Pantitlán,19.41265,-99.05701,01,1558
0100C400-PERIFPROSPER,Periférico - Prosperidad,19.41945,-99.0563,01,1559
0100C400-BRDPERIFERI,Bordo - Periférico,19.4302,-99.05283,01,1560
0100C400-ALAMEDOTE,Base Alameda Oriente,19.43053,-99.05367,01,1561
0100C241-FEDAUTOMX,Carretera Federal - Autopista Cuernavaca-México,19.27255,-99.16396,01,1562
0100C241-MOCAMPEDRO,Melchor Ocampo - Antiguo Camino a San Pedro I,19.27702,-99.16436,01,1563
0100C241-MOCAMPDRO,Melchor Ocampo - Antiguo Camino a San Pedro II,19.27557,-99.16468,01,1564
0100C241-CNOPDROIII,Antiguo Camino a San Pedro - III,19.27512,-99.16384,01,1565
0100C241-CNOPDROIV,Antiguo Camino a San Pedro - IV,19.27446,-99.16214,01,1566
0100C241-CNOSNPEDRO,Antiguo Camino a San Pedro - V,19.27356,-99.16136,01,1567
0100C241-CEDRACUAUHT,Cedral - Cuauhtémoc,19.26512,-99.16393,01,1568
0100C241-CNOPDRCEDRA,Antiguo Camino a San Pedro - Cedral,19.27177,-99.15947,01,1569
0100C241-CEDRAJUAREZ,Cedral - Andador Juárez,19.27035,-99.15983,01,1570
0100C241-CEDRACETIS,Cedral - Cetis 154,19.26821,-99.16048,01,1571
0100C241-CEDRAROSAS,Cedral - Las Rosas,19.26575,-99.16129,01,1572
0100C241-CEDRAZAPATA,Cedral - Emiliano Zapata,19.26492,-99.16331,01,1573
0100C241-5MAYCDA,Av. 5 de Mayo - Cerrada 5 de Mayo,19.26439,-99.16493,01,1574
0100C241-5MAYNHEROES,Av. 5 de Mayo - Niños Héroes,19.2652,-99.16685,01,1575
0100C241-5MAYENSENAN,Av. 5 de Mayo - EnseNanza,19.26553,-99.16773,01,1576
0100C241-5MAYROSAL,Av. 5 de Mayo - Rosal,19.265970000000006,-99.1689,01,1577
0100C241-5MAYDILIGENC,Av. 5 de Mayo - Diligencias,19.26658,-99.17043,01,591
0100C241-FEDLAUREL,Carretera Federal - Laurel,19.26795,-99.17069,01,1578
0100C241-FEDVIOLETA,Carretera Federal - Violeta,19.26912,-99.17055,01,1579
0100C241-FEDPINZON,Carretera Federal - Hermanos Pinzón,19.27264,-99.16719,01,1580
0100C240-ISSFAM,Base ISSFAM,19.27761,-99.16349,01,1581
0100C240-MOCAMPO,Antiguo Camino a San Pedro - Melchor Ocampo,19.27538,-99.16444,01,1564
0100C240-FOVISSSTE,Antiguo Camino a San Pedro - Unidad FOVISSSTE,19.27492,-99.16283,01,1582
0100C240-FLORNUBE,Antiguo Camino a San Pedro - Flor de Nube,19.2725,-99.16046,01,1583
0100C240-CEDRAGARDEN,Cedral - Gardenia,19.27165,-99.15933,01,1569
0100C240-CEDRAJAZMIN,Cedral - Jazmin,19.27083,-99.15957,01,1584
0100C240-CEDRAPARAISO,Cedral - Ave del Paraiso,19.26949,-99.15999,01,1585
0100C240-CEDRACETIS,Cedral - Cetis 154,19.26819,-99.16039,01,1571
0100C240-CEDRABUGAMB,Cedral - Bugambilia,19.26686,-99.16082,01,1586
0100C240-CEDRADFRAG,Cedral - David Fragoso,19.26562,-99.16126,01,1572
0100C240-CEDRZAPATA,Cedral - Zapata,19.26487,-99.16339,01,1573
0100C240-5MAYCUAUHTE,5 de Mayo - Cuauhtémoc,19.26409,-99.16456,01,1587
0100C240-5MAYBNVISTA,5 de Mayo - Buenavista,19.26527,-99.16737,01,1576
0100C240-5MAYROSAL,5 de Mayo - El Rosal,19.26589,-99.16894,01,1577
0100C240-FED5MAY,Carretera Federal - 5 de Mayo,19.26709,-99.17102,01,1588
0100C240-FEDLAUREL,Carretera Federal - Laurel,19.26821,-99.17087,01,1578
0100C240-CHIMALCOLON,Chimalcoyotl - Cristobal Colon,19.27425,-99.1681,01,1589
0100C221-CNOSANTBOCO,Camino a Santiago - Bocote,19.24262,-99.1398,01,1590
0100C221-CNOSANTCORD,Camino a Santiago - Cordillera,19.24353,-99.14171,01,1591
0100C221-ROSASCNOSAN,De las Rosas - Camino a Santiago,19.24465,-99.14356,01,1592
0100C221-SAUCEROSAS,Sauce - De las Rosas,19.24539,-99.14278,01,1593
0100C221-SAUCEJACARAN,Sauce - Jacarandas,19.24556,-99.14313,01,1593
0100C221-SAUCECIPRES,Sauce - Cipres,19.24571,-99.14364,01,1594
0100C221-CNOXCHSAUC,Camino a Santiago - Sauce,19.24588,-99.1445,01,1595
0100C220-XPLLCNOSANT,Xochipilli - Camino a Santiago,19.24444,-99.14655,01,1596
0100C221-XOCHIPILLI,Autopista - Xochipilli,19.2441,-99.14881,01,767
0100C220-TLAXOPAN,Base Tlaxopan,19.24171,-99.1395,01,1597
0100C220-BCTECNOSANT,Bocote - Camino a Santiago,19.24267,-99.13962,01,1590
0100C220-CNOSANTLAXIO,Camino a Santiago - Tlaxiopan,19.24362,-99.14165,01,1591
0100C220-CNOSANTVALLE,Camino a Santiago - Valle,19.24449,-99.14335,01,1592
0100C220-CNOSANSAUCE,Camino a Santiago - Sauce,19.24532,-99.14268,01,1593
0100C220-SAUCECIPRES,Sauce - Cipres,19.24577,-99.14344,01,1594
0100C220-SAUCEFRESNO,Sauce - Fresnos,19.24598,-99.14437,01,1595
0100C220-CNOSANTCIPR,Camino a Santiago - Cipres,19.24433,-99.1485,01,1598
0100C220-MXCUERXICHPL,Autopista México-Cuernavaca - Xochipilli  Puente Blanco,19.24419,-99.1491,01,767
0100C211-LEDUCTLALPN,Renato Leduc - Tlalpan,19.29781,-99.15272,01,719
0100C211-PERIFPEDREGL,Periferico - Av. Pedregal,19.29704,-99.15621,01,827
0100C211-PERIFEAZTECA,Periferico - Puente Estadio Azteca,19.30068,-99.15998,01,1599
0100C211-CTOIMAN,Circuito - Iman,19.30242,-99.15829,01,1600
0100C211-IMANDIAMANTE,Iman - Diamantes,19.3038,-99.15943,01,1601
0100C211-IMANCHICARAS,Iman - Chicaras,19.30575,-99.16134,01,1602
0100C211-IMANGRNSUR,Iman - Gran Sur,19.30802000000001,-99.1635,01,1603
0100C211-IMANGRNSURII,Iman - Gran Sur II,19.30831,-99.16398,01,1604
0100C211-IMANASFALTO,Iman - Planta de Asfalto,19.30924,-99.1656,01,1605
0100C211-IMANMX68,Iman - México 68,19.31081,-99.16828,01,1606
0100C211-IMANAZTECAS,Iman - Aztecas,19.31223,-99.16994,01,1607
0100C210-LMURITLALPN,Luis Murillo - Tlalpan,19.29925,-99.15091,01,1608
0100C210-IMANSHRIERS,Iman - Shriers,19.30235,-99.15821,01,1600
0100C210-IMANDIAMANT,Iman - Diamante,19.30382,-99.15966,01,1601
0100C210-IMANCAMPOR,Iman- Camporis,19.30564,-99.16142,01,1602
0100C210-IMANGRNSUR,Iman - Gran Sur,19.30819,-99.1641,01,1604
0100C210-IMANASFALTO,Iman - Planta de Asfalto,19.30935,-99.16607,01,1609
0100C210-IMANMX68,Iman - México 68,19.31041,-99.16889,01,1610
0100C210-IMANAZTECAS2,Iman - Aztecas,19.312,-99.1698,01,1607
0100C210-IMANAZTECAS,Iman - Aztecas,19.31219,-99.17121,01,1611
0100C210-CETRAMCU,Base Cetram CU,19.32377,-99.17291,01,1612
0100C210-DFNRETORNO,Delfin Madrigal - Retorno,19.328570000000006,-99.17347,01,1613
0100C201-ATENEUCALIPT,Alta Tensión - Eucalipto y Cuahuiticulititla,19.23083,-99.14286,01,1614
0100C201-ATENCEREZO,Alta Tensión - Cerezos,19.23498,-99.1437,01,1615
0100C201-ATENPINO,Alta Tensión - Pino,19.23677,-99.14369,01,1616
0100C201-ATENENCINO,Alta Tensión - Encino,19.23777,-99.14385,01,1617
0100C201-ATENCNOSANT,Alta Tensión - Camino a Santiago,19.23964,-99.14384,01,1618
0100C201-CNOSANTXITLE,Camino a Santiago - Volcan Xitle,19.2395,-99.1451,01,1619
0100C201-CNOSANTVIOL,Camino a Santiago - Violeta,19.23956,-99.14615,01,1620
0100C201-MXCUERNO,Autopista México-Cuernavaca - Retorno,19.24031,-99.14663,01,1621
0100C201-MXCUERXOCHP,Autopista México-Cuernavaca y Xochipilli Puente Blanco,19.24413,-99.14902,01,767
0100C201-MXCUERPALMA,Autopista México-Cuernavaca y La Palma,19.24823,-99.15469,01,708
0100C201-MXCUERCMILIT,Autopista México-Cuernavaca - Colegio Militar,19.25417,-99.15679,01,1622
0100C201-MXCUERPMILIT,Autopista México-Cuernavaca y Panteón Militar,19.25704,-99.1603,01,1623
0100C201-MXCUERXICALC,Autopista México-Cuernavaca - Camino Real a Xicalco,19.26059,-99.16456,01,1624
0100C201-MXCUER5MAY,Autopista México-Cuernavaca - 5 de Mayo,19.26451,-99.16544,01,769
0100C201-TLALPNJOYA,Tlalpan - La Joya,19.27933,-99.16698,01,1625
0100C201-TLALPNTEZOQ,Tlalpan - Tezoquipa,19.28175,-99.1651,01,1626
0100C201-TLALPNROSA,Tlalpan - La Rosa,19.28403,-99.16428,01,714
0100C201-TLALPNMOREL,Tlalpan - Morelos,19.2866,-99.16344,01,1627
0100C201-TLALPNHGO,Tlalpan - Hidalgo,19.2878,-99.16304,01,1628
0100C201-TLALPNALLND,Tlalpan - Allende,19.28921,-99.16256,01,1629
0100C201-TLALPNSNFER,Tlalpan - San Fernando,19.2911,-99.16071,01,715
0100C201-TLALPNFERNND,Tlalpan - San Fernando Hospital General,19.29152,-99.16022,01,772
0100C201-TLALPNINER,Tlalpan - INER,19.29235,-99.15908,01,716
0100C201-TLALPNFRAYGN,Tlalpan - Fray Pedro de Gante,19.29356,-99.15744,01,1630
0100C201-TLALPNPERIF,Tlalpan - Periferico,19.29459,-99.15603,01,1631
0100C201-TLALPNHUIPLC,Tlalpan - Huipulco,19.2958,-99.1544,01,718
0100C201-TLALPNAPATLA,Tlalpan - Apatlaco,19.29687,-99.15294,01,1632
0100C201-TLALPNHUIPUL,Tlalpan - Huipulco Tren Ligero,19.29819,-99.15103,01,773
0100C201-TLALPNAVIMAN,Tlalpan - Av. del Iman,19.29859,-99.1504,01,1633
0100C201-TLALPNACOXP,Tlalpan - Acoxpa,19.30109,-99.14716,01,602
0100C201-TLALPNEAZTE,Tlalpan - Estadio Azteca,19.30157,-99.1468,01,1634
0100C201-TLALPNTLAMAN,Tlalpan - Tlamanalco,19.30476,-99.14443,01,1635
0100C201-TLALPNVERGEL,Tlapan - El Vergel,19.30702,-99.14282,01,1636
0100C201-TLALPNHUESO,Tlapan - Calz. del Hueso,19.30941,-99.14123,01,1637
0100C201-TLALPNUVM,Tlalpan - UVM,19.31047,-99.14088,01,1638
0100C201-TLALPNTEXTIT,Tlalpan - Textitlan,19.31373,-99.1398,01,1639
0100C201-TLALPNJUAREZ,Tlalpan - Juárez,19.31464,-99.13947,01,1640
0100C201-TLALPNDVSNTE,Tlalpan - División del Norte,19.31583,-99.1391,01,1641
0100C201-TLALPNRFEDER,Tlalpan - Registro Federal,19.31765,-99.13848,01,1642
0100C201-TLALPNTEZOZO,Tlalpan - Tezozomoc,19.32277,-99.13755,01,1643
0100C201-TLALPNZHLPLL,Tlalpan - Nezahualpilli,19.32367,-99.13795,01,1644
0100C201-TLALPNXOTEPN,Tlalpan - Xotepingo,19.32798,-99.13922,01,1645
0100C201-TLALPNLLNTEN,Tlalpan - Llanten,19.3312,-99.14023,01,1646
0100C201-TLALPNVIRGEN,Tlalpan - La Virgen,19.33249,-99.14057,01,1647
0100C201-TLALPNTULIPN,Tlalpan y Tulipan,19.33404,-99.14107,01,1648
0100C201-TLALPNCDJARD,Tlalpan - Ciudad Jardín,19.33557,-99.14153,01,1649
0100C201-TLALPNGALVZ,Tlalpan - Galvez y Fuentes,19.33737,-99.14211,01,1650
0100C201-TLALPNCALLG,Tlalpan - Calle G,19.33941,-99.14274,01,1651
0100C201-TLALPNTORRE,Tlalpan - Las Torres,19.34058,-99.14313,01,1652
0100C200-ELPIRULBASE,Base El Pirul,19.22964,-99.14296,01,1653
0100C200-ATENSCEREZO,Alta Tensión - Cerezos,19.23514,-99.14386,01,1615
0100C200-ATENSNOGAL,Alta Tensión - Nogal,19.23566,-99.14383,01,1654
0100C200-ATENSPINO,Alta Tensión - Pino,19.23677,-99.14387,01,1616
0100C200-ATENSENCINO,Alta Tensión - Encino,19.23789,-99.14397,01,1617
0100C200-CNOSNTENSION,Camino a Santiago y Alta Tensión,19.23962,-99.14405,01,1618
0100C200-CNOSNTXITLE,Camino a Santiago y Volvan Xitle,19.23938,-99.14517,01,1619
0100C200-CNOSNTVIOLE,Camino a Santiago y Violeta,19.23935,-99.14618,01,1620
0100C200-MXCUERNO,Autopista México-Cuernavaca y Retorno,19.24022,-99.14806,01,1655
0100C200-MXCUERPTBLN,Autopista México-Cuernavaca y Puente Blanco,19.24405,-99.14966,01,707
0100C200-MXCUERPALMA,Autopista México-Cuernavaca - La Palma,19.24818,-99.15504,01,708
0100C200-MXCUERCOLML,Autopista México-Cuernavaca y Colegio Militar,19.25428,-99.15728,01,1656
0100C200-MXCUERMILTAR,Autopista México-Cuernavaca y Panteón Militar,19.25712,-99.16086,01,1657
0100C200-MXCUERXICALC,Autopista México-Cuernavac y Camino a Xicalco,19.2603,-99.16487,01,1624
0100C200-MXCUER5MAY,Autopista México-Cuernavaca - 5 de Mayo,19.26464,-99.16565,01,769
0100C200-MXCUERCLVNT,Autopista México-Cuernavaca - Clave Norte,19.26905,-99.16408,01,711
0100C200-MXCUERPTEVH,Autopista México-Cuernavaca - Puente Vehícular,19.27341,-99.16483,01,713
0100C200-INSURMXCUER,Insurgentes y Autopista México-Cuernavaca,19.27809,-99.16748,01,1658
0100C200-TLALPNJOYA,Tlalpan y La Joya,19.27925,-99.16741,01,1625
0100C200-TLALPNINSUR,Tlalpan e Insurgentes,19.27986,-99.16671,01,1659
0100C200-TLALPNTEZOQ,Tlalpan y Tezoquipa,19.28252,-99.16494,01,1660
0100C200-TLALPNGALEAN,Tlalpan y Galeana,19.28508,-99.16408,01,1661
0100C200-TLALPNMOREL,Tlalpan y Morelos,19.28692,-99.16345,01,1627
0100C200-TLALPNHGO2,Tlalpan e Hidalgo ,19.28807,-99.16308,01,1628
0100C200-TLALPNALLNDE,Tlalpan y Allende,19.28945,-99.16262,01,1629
0100C200-TLALPNFERNND,Tlalpan y San Fernando,19.29054,-99.16188,01,1662
0100C200-TLALPNINER,Tlalpan e INER,19.29254,-99.15917,01,716
0100C200-TLALPNSILLON,Tlalpan y Sillon de Mendoza,19.29403,-99.15713,01,1663
0100C200-TLALPNJNDIOS,Tlalpan y San Juan de Dios,19.295,-99.1558,01,1664
0100C200-TLALPNPERIFE,Tlalpan y Periférico,19.29571,-99.15486,01,1665
0100C200-TLALPNAPATLA,Tlalpan y Apatlaco,19.29669,-99.1535,01,1666
0100C200-TLALPNLMURIL,Tlalpan y Luis Murillo,19.29906,-99.15054,01,1608
0100C200-TLALPNHUIPUL,Tlalpan y Glorieta Huipulco,19.29993,-99.14943,01,720
0100C200-TLALPNEAZTEC,Tlalpan y Estadio Azteca,19.30194,-99.14722,01,1667
0100C200-TLALPNALEJAN,Tlalpan y San Alejandro,19.30346,-99.14611,01,1668
0100C200-TLALPNTLALMC,Tlalpan y Tlalmanco,19.30554,-99.14455,01,1669
0100C200-TLALPNHGO,Tlalpan e Hidalgo,19.30744,-99.14312,01,1670
0100C200-TLALPNVERGEL,Tlalpan y el Vergel,19.30878,-99.14217,01,1671
0100C200-TLALPNCHUESO,Tlalpan y Calz. del Hueso,19.31081,-99.14139,01,1672
0100C200-TLALPNTEXTLN,Tlalpan y Textitlan,19.31304,-99.14062,01,1673
0100C200-TLALPNRFDRL,Tlalpan y Registro Federal,19.31796,-99.13898,01,1674
0100C200-TLALPNBJUARZ,Tlalpan y Benito Juárez,19.32157,-99.13793,01,775
0100C200-TLALPNTEZOZO,Tlalpan y Tezozomoc,19.32316,-99.13815,01,1675
0100C200-TLALPNZHLPLL,Tlalpan y Nezahulpilli,19.323970000000006,-99.1384,01,1676
0100C200-TLALPNMUSEO,Tlalpan y Museo,19.32839,-99.13984,01,1677
0100C200-TLALPNVIRGEN,Tlalpan y La Virgen,19.33131,-99.14074,01,1678
0100C200-TLALPNBUGAM,Tlalpan y Bugambilia,19.332320000000006,-99.14102,01,1679
0100C200-TLALPNXOTEPN,Tlalpan y Xotepingo,19.3355,-99.14204,01,1680
0100C200-TLALPNJACARN,Tlalpan y Jacarandas,19.33727,-99.14256,01,1650
0100C200-TLALPNROSAS,Tlalpan y las Rosas,19.33916,-99.14314,01,1681
0100C200-TLALPANTORRE,Tlalpan y las Torres,19.34139,-99.14384,01,1682
0100C200-CETRAMTAXQU,Base Cetram Taxqueña,19.34447,-99.13885,01,1683
010C1000-EGIPALLEN,Egipto y Allende,19.4627,-99.17938,01,1684
010C1000-BIOLMMCUITL,Biologo Maximino M. y Cuitlahuac,19.46212,-99.17742,01,1225
010C1000-BIOLMMNTE73,Biologo Maximino M. y Norte 73,19.46183,-99.17569,01,1685
010C1000-BIOLMMNTE67,Biologo Maximino M. y Norte 67,19.46152,-99.17384,01,1686
010C1001-BIOLMMCAMAR,Biologo Maximino M. y Calz. Camarones,19.46074,-99.17075,01,1687
010C1001-BIOLMMNTE71,Biologo Maximino M. y Norte 71,19.46153,-99.1753,01,1688
010C1001-EGIPCUITL,Egipto y Cuitlahuac,19.46202000000001,-99.17791,01,1225
010C1001-BOCANGRA,Bocanegra,19.46322,-99.18192,01,1689
010C1000-BOLIVARES,Bolivares,19.44365,-99.08721,01,1690
010C1000-NTE172PERSIA,Norte 172 y Persia,19.44119,-99.08914,01,1691
010C1000-NTE172PEN,Norte 172 y Av. del PeNón,19.43979,-99.08998,01,1692
010C1010-MOSALDAMA,Mosqueta y Aldama,19.4458,-99.1507,01,1693
010C1001-AFRIPEKIN,Africa y Pekin,19.44465,-99.09386,01,1694
010C1001-AFRISIBERIA,Africa y Siberia,19.44413,-99.09496,01,1695
010C1001-AFRIPL,Av. Africa y Plaza Africa,19.44256,-99.09847,01,1696
010C1001-PENOCAIRO,Av. del PeNón y el Cairo,19.4413,-99.10129,01,1697
010C1001-PENOLBLANC,Av. del PeNón y Lucio Blanco,19.44004,-99.10409,01,1698
010C1001-PENOPIRO,Av. del PeNón y Pirotecnia,19.43974,-99.10661,01,1699
010C1001-HERRPENO,Herreros y Av. del PeNón,19.439,-99.10903,01,1700
010C1001-HERRMARMOL,Herreros y Marmoleria,19.43926,-99.11178,01,1701
010C1001-HERREMOLIN,Herreros y Eduardo Molina,19.43949,-99.11419,01,1702
010C1001-HERRCUNION,Herreros y Congreso de la Unión,19.43985,-99.11836,01,1703
010C1001-GRANVIDA,Granaditas y Vida Alcocer,19.44261,-99.12338,01,1704
010C1001-ILRAYONAZTEC,Ignacio López Rayón y Aztecas,19.44305,-99.12891,01,1705
010C1001-ILRAYONCOMO,Ignacio López Rayón y Comonfort,19.44355,-99.13542,01,1706
010C1001-ILRAYONCJR,Ignacio López Rayón y Cjon. Rayon,19.44379,-99.13794,01,1707
010C1001-MOSQUPREFOR,Mosqueta y Paseo de la Reforma,19.44405,-99.14032,01,505
010C1001-MOSQULERDO,Mosqueta y Lerdo,19.44444,-99.14271,01,506
010C1001-MOSQZARCO,Mosqueta y Zarco,19.44486,-99.14531,01,1708
010C1001-MOSQUGUERR,Mosqueta y Guerrero,19.44529,-99.14766,01,1709
010C1001-JALZAINSUR,José Antonio Alzate e Insurgentes,19.44627,-99.15357,01,1710
010C1001-JALZASTAMRIB,José Antonio Alzate y Santa María de la Ribera,19.44694,-99.1575,01,509
010C1001-JALZAFRESN,José Antonio Alzate y Fresno,19.4476,-99.16147,01,1711
010C1001-JALZACTO,José Antonio Alzate y Circuito,19.44817,-99.16512,01,1712
010C1001-JALZATLAGUIR,José Antonio Alzate y Lauro Aguirre,19.44829,-99.16585,01,1713
010C1001-PAPRIETMCARP,Plan de Agua Prieta y Manuel Carpio,19.45235,-99.16657,01,1714
010C1001-GALLSPAPRIE,Calz. de los Gallos y Plan de Agua Prieta,19.45641,-99.16756,01,1715
010C1001-CAMARNGALL,Calz. Camarones y Calz. de los Gallos,19.45694,-99.16845,01,1716
010C1000-MANCHURIAS,Manchurias,19.44396,-99.09057,01,1717
010C1000-TRNAVPTOAR,Transval y Puerto Arturo,19.44455,-99.09233,01,1718
010C1000-CAMARONES,Metro Camarones,19.47902,-99.18939,01,1719
010C1001-MOCEANIA,Metro Oceanía,19.44425,-99.08705,01,1720
010C1001-NTE172PERSIA,Norte 172 y Persia,19.44089,-99.08908,01,1691
010C1001-PENNTE172,Av. del PeNón y Norte 172,19.43956,-99.09019,01,1692
010C1001-PENOCEA,Av. del PeNón y Metro Oceanía,19.44079,-99.09377,01,1721
010C1001-OCEARRUBIO,Oceanía y Metro Romero Rubio,19.44078,-99.09494,01,1722
010C1001-MARRJERU,Marruecos y Jerusalen,19.44216,-99.09612,01,1723
010C1001-ASIAFRICA,Av. Asia y Plaza Africa,19.44333,-99.09831,01,1724
010C1001-ASIAPERSIA,Av. Asia y Persia,19.44455,-99.0989,01,1725
010C1001-TRANSMARK,Transval y Carlos Marks,19.44654,-99.09988,01,1726
010C1001-TRANSVHER,Transval y Heron Proal,19.44692,-99.10163,01,1727
010C1001-CNTECANTER,Av. Canal del Norte y Canteria,19.44743,-99.10393,01,1728
010C1001-CNTEFLORI,Av. Canal del Norte y Floricultura,19.44798,-99.10652,01,1729
010C1001-CNTEMARMOL,Av. Canal del Norte y Marmoleria,19.44837,-99.10829,01,1730
010C1001-CNTEMOLINA,Av. Canal del Norte y Eduardo Molina,19.44892,-99.11072,01,1731
010C1001-CNTEBONDOJ,Av. Canal del Norte y Bondojito,19.44947,-99.11332,01,1732
010C1001-CNTECUNION,Av. Canal del Norte y Congreso de la Unión,19.45005,-99.11597,01,1733
010C1001-CNTEIMPREN,Av. Canal del Norte e Imprenta,19.45049,-99.11799,01,1734
010C1001-CNTETZATL,Av. Canal del Norte y Etzatlan,19.451,-99.12026,01,1735
010C1001-CNTECARPIN,Av. Canal del Norte y Carpinteria,19.45148,-99.1225,01,1736
010C1001-CNTETRABAJ,Av. Canal del Norte y Av. del Trabajo,19.452,-99.12488,01,1737
010C1001-CNTETENOCH,Av. Canal del Norte y Tenochtitlan,19.45268,-99.12805,01,1738
010C1001-CLNTEJCARR,Av. Canal del Norte y Jesús Carranza,19.45295,-99.12969,01,1739
010C1001-MGLEZPREFNT,Manuel González y Paseo de la Reforma Norte,19.45315,-99.13107,01,1740
010C1001-MGLEZCONST,Manuel González y Constantino,19.45373,-99.13405,01,1741
010C1001-MGLEZECTRL2,Manuel González y Eje Central 2,19.45472,-99.13826,01,1742
010C1001-MGLEZECTRL,Manuel González y Eje Central,19.45477,-99.13842,01,1742
010C1001-MGLEZLERDO,Manuel González y Lerdo,19.4552,-99.14051,01,1743
010C1001-MGLEZMTLAT,Manuel González y Metro Tlatelolco,19.45578,-99.14303,01,1744
010C1001-MGLEZGUERR,Manuel González y Guerrero,19.45625,-99.14521,01,1745
010C1001-MGLEZINSRUG,Manuel González e Insurgentes,19.45722,-99.14906,01,1746
010C1001-MGLEZGREAN,Manuel González y Geranio,19.45744,-99.14991,01,1747
010C1001-EULAGZNARAN,Eulalia Gúzman y Naranjo,19.45867,-99.15715,01,1748
010C1001-EULAGZFRES,Eulalia Gúzman y Fresno,19.45904,-99.15934,01,1749
010C1001-EULAGZCONSU,Eulalia Gúzman y Río Consulado,19.45965,-99.16302,01,1750
010C1001-EULAGZPSL,Eulalia Gúzman y Plan de San Luis,19.46032,-99.16751,01,1751
010C1001-EULAGZGUANA,Eulalia Gúzman y Guanabana,19.46057,-99.16903,01,1752
010C1001-CAMARNBIOLO,Calz. Camarones y Biologos M.,19.4611,-99.17091,01,1687
010C1001-CAMARNPTE54,Calz. Camarones y Poniente 54,19.4629,-99.17198,01,1753
010C1001-CAMARNTE67,Calz. Camarones y Norte 67,19.46536,-99.17351,01,1754
010C1001-CAMARNTE77,Calz. Camarones y Norte 77,19.46781,-99.17605,01,1226
010C1001-CAMARNCUITL,Calz. Camarones y Cuitlahuac,19.46862,-99.17688,01,1755
010C1001-CAMARNLUCA,Calz. Camarones y San Lucas,19.47124,-99.17946,01,1756
010C1001-CAMARNNTE87B,Calz. Camarones y Norte 87 B,19.47307,-99.18102,01,1757
010C1001-CAMARNUBIA,Calz. Camarones y Nubia,19.47448,-99.18223,01,1758
010C1001-16SEPT22FEB,16 de Septiembre y 22 de Febrero,19.47783,-99.18512,01,1759
010C1001-MACUNAZCA,Manuel Acuña y Av. Azcapotzalco,19.47842,-99.18724,01,1760
010C1001-STAPOLFERRO,Santa Apolonia y Av. Ferrocarriles,19.47815,-99.19031,01,1761
010C1001-TOCHISTODGO,Tochitli y Santo Domingo,19.47878,-99.19466,01,1762
010C1001-ISIDROTEZOZ,Calz. San Isidro y Tezozomoc,19.48047,-99.19886,01,1763
010C1001-ISIDRO2ACDA,Calz. San Isidro y 2da Cda. San Isidro,19.48298,-99.20079,01,1764
010C1001-ISIDRORENAC,Calz. San Isidro y Renacimiento,19.48373,-99.20364,01,1765
010C1001-ISIDROMSALAZ,Calz. San Isidro y Manuel Salazar,19.48502,-99.20848,01,1766
010C1001-LBLANSALAZ,Calz. Lucio Blanco y Manuel Salazar,19.48735,-99.20845,01,1767
010C1000-LUCIOBCO,Lucio Blanco,19.48934,-99.21629,01,1768
010C1000-ISIDROARMAS,Calz. San Isidro y Calz. de las Armas,19.48745,-99.21701,01,1391
010C1000-ISIDROUNIDAD,Calz. San Isidro y Unidad San Isidro,19.4863,-99.21329,01,1769
010C1000-ISIDROSALAZ,Calz. San Isidro y Manuel Salazar,19.48525,-99.20843,01,1766
010C1000-ISIDRORENACI,Calz. San Isidro y Renacimiento,19.48383,-99.20312,01,1770
010C1000-ISIDROFRANCI,Calz. San Isidro y Francita,19.48315,-99.20056,01,1764
010C1000-ISIDROTEZOZ,Calz. San Isidro y Tezozomoc,19.4823,-99.19727,01,1771
010C1000-ISIDRODGO,Calz. San Isidro y Santo Domingo,19.48145,-99.19306,01,1772
010C1000-ISIDROFCO,Calz. San Isidro y San Francisco,19.48058,-99.19065,01,1773
010C1000-MACUNCUAU,Manuel Acuña y Cuauhtémoc,19.47924,-99.18917,01,1719
010C1000-MACUNASERD,Manuel Acuña y Aquiles Serdán,19.47899,-99.18832,01,1774
010C1000-MACUNAZCA,Manuel Acuña y Azcapotzalco,19.47853,-99.18682,01,1760
010C1000-CAMARN22FEB,Calz. Camarones y 22 de Febrero,19.4774,-99.18417,01,1775
010C1000-CAMARNTULA,Calz. Camarones y Tula,19.47431,-99.18156,01,1776
010C1000-CAMARNTE87,Calz. Camarones y Norte 87,19.47171,-99.1793,01,1777
010C1000-CAMARNSALO,Calz. Camarones y Salónica,19.47033,-99.17807,01,1778
010C1000-CAMARNCUITL,Calz. Camarones y Cuitlahuac,19.46807,-99.17569,01,1779
010C1000-CAMARNYUCA,Calz. Camarones y Yuca,19.46544,-99.17301,01,1780
010C1000-CAMARNARTE,Calz. Camarones y Artemisa,19.46243,-99.17126,01,1781
010C1000-EULAGZMEMB,Eulalia Gúzman y Membrillo,19.46083,-99.16974,01,1782
010C1000-EULAGZPSL,Eulalia Gúzman y Plan de San Luis,19.46039,-99.16711,01,1751
010C1000-EULAGZJARDIN,Eulalia Gúzman y Jardín,19.45981,-99.16333,01,1750
010C1000-EULAGZCTO,Eulalia Gúzman y Circuito,19.4596,-99.16199,01,1783
010C1000-EULAGZFRES,Eulalia Gúzman y Fresno,19.4591,-99.15902,01,1749
010C1000-EULAGZNARAN,Eulalia Gúzman y Naranjo,19.45874,-99.1567,01,1748
010C1000-EULAGZOYA,Eulalia Gúzman y Oyamel,19.45791,-99.15167,01,1784
010C1000-MGLEZGERAN,Manuel González y Geranio,19.45754,-99.14961,01,1747
010C1000-MGLEZINSURG,Manuel González e Insurgentes,19.45717,-99.14829,01,1785
010C1000-MGLEZMTLATE,Manuel González y Metro Tlatelolco,19.4559,-99.14288,01,1744
010C1000-MGLEZLERDO,Manuel González y Lerdo,19.45527,-99.14011,01,1743
010C1000-MGLEZEJCTRAL,Manuel González y Eje Central,19.45482,-99.13808,01,1742
010C1000-MGLEZCONST,Manuel González y Constantino,19.45382,-99.1339,01,1741
010C1000-CLNTEJCARR,Av. Canal del Norte y Jesús Carranza,19.45305,-99.12946,01,1739
010C1000-CLNTEBOLEO,Av. Canal del Norte y Boleo,19.45202,-99.12443,01,1737
010C1000-CLNTECOALC,Av. Canal del Norte y Coalcoman,19.45132000000001,-99.12117,01,1786
010C1000-CLNTEGUANA,Av. Canal del Norte y Guanasevi,19.45096,-99.11957,01,1787
010C1000-CLNTEINDE,Av. Canal del Norte e Inde,19.45058,-99.11783,01,1734
010C1000-CLNTECUNION,Av. Canal del Norte y Congreso de la Unión,19.45008,-99.11561,01,1733
010C1000-CLNTEBONAN,Av. Canal del Norte y Bonanza,19.44958,-99.11315,01,1732
010C1000-CLNTESORP,Av. Canal del Norte y Sorpresa,19.44917,-99.11142,01,1788
010C1000-CLNTEVULCA,Av. Canal del Norte y Vulcanización,19.44887,-99.10999,01,1789
010C1000-CLNTEROTOG,Av. Canal del Norte y Rotograbados,19.44854,-99.10851,01,1730
010C1000-CLNTEFLORI,Av. Canal del Norte y Floricultura,19.44806,-99.10632,01,1729
010C1000-CLNTEAVICUL,Av. Canal del Norte y Avicultura,19.44759,-99.10411,01,1728
010C1000-TRANSVJSTAL,Transval y José Stalin,19.44709,-99.10184,01,1727
010C1000-TRNASVCMARK,Transval y Carlos Marks,19.44656,-99.09954,01,1726
010C1000-TRANSVDAMAS,Transval y Damasco,19.44595,-99.09669,01,1790
010C1000-TRANSAFRIC,Transval y Africa,19.44479,-99.09304,01,1791
010C1000-PTOARTURMAR,Puerto Arturo y Marruecos,19.44169,-99.09349,01,1792
010C1000-PENOCEAN,Av. del PeNón y Metro Oceanía,19.44099,-99.09311,01,1793
010C1000-NTE180NTE172,Norte 180 y Norte 172,19.43964,-99.08974,01,1692
010C1000-NTE180,Norte 180,19.43911,-99.08806,01,1794
0100C600-INSURMIXC,Insurgentes y Av. Mixcoac,19.36841,-99.18085,01,1795
0100C600-CAPUPARRA,Capuchinas y Félix Parra,19.36845,-99.18508,01,1796
0100C601-MIXCOAC,Mixcoac,19.37172,-99.18723,01,1797
0100C601-MIXCINSUR,Mixcoac e Insurgentes,19.36808,-99.18151,01,1798
0100C601-INSURJMRICO,Insurgentes y José María Rico,19.36802,-99.18041,01,1799
0100C601-JMRICOHUER,José María Rico y Huertas,19.36865,-99.17841,01,1800
0100C601-JMRICOMORA,José María Rico y Moras,19.36797,-99.17546,01,1801
0100C601-RGOMEZ,Rojo Gómez,19.35666,-99.08705,01,1802
0100C601-ERMITAESTREL,Ermita y Estrella,19.35635,-99.08999,01,1803
0100C601-ERMITASFELIP,Ermita y San Felipe,19.35606,-99.09228,01,1804
0100C601-ERMITACVNTO,Ermita y Convento,19.35568,-99.09529,01,1805
0100C601-ERMITAPTETI,Ermita y Puente Titla,19.35537,-99.09891,01,1806
0100C601-ERMITATLAL,Ermita y Atlalilco,19.35559,-99.10117,01,1807
0100C601-ERMITATLAHU,Ermita y Av. Tláhuac,19.356,-99.10587,01,1808
0100C601-ERMITAMAIZ,Ermita y Maíz,19.35683,-99.11558,01,1809
0100C601-ERMITAVENA,Ermita y Avena,19.35743,-99.11886,01,1810
0100C601-ERMITAVIGA,Ermita y La Viga,19.35759,-99.12254,01,1811
0100C601-ERMITACAZUL,Ermita y Cruz Azul,19.3582,-99.12805,01,1812
0100C601-ERMITAURIGA,Ermita y Auriga,19.35867,-99.13232,01,1813
0100C601-ERMITASUR73,Ermita y Sur 73,19.35894,-99.13479,01,1814
0100C601-ERMITAPECAL,Ermita y Plutarco Elias Calles,19.3595,-99.13973,01,1815
0100C601-JMRICOALHAM,José María Rico y Alhambra,19.36024,-99.14527,01,1816
0100C601-JMRICORUMANI,José María Rico y Rumania,19.36064,-99.14766,01,1817
0100C601-JMRICOEJCTRA,José María Rico y Eje Central,19.36128,-99.15171,01,1818
0100C601-JMRICODNTE,José María Rico y División del Norte,19.36171,-99.15452,01,1819
0100C601-JMRICOBRUNO,José María Rico y Bruno Traven,19.36251,-99.15785,01,1820
0100C601-JMRICOPALOMA,José María Rico y Palomar,19.36371,-99.16065,01,1821
0100C601-JMRICOSFELIP,José María Rico y San Felipe,19.36504,-99.16408,01,1822
0100C601-JMRICOUNI,José María Rico y Universidad,19.36644,-99.16855,01,1823
0100C601-JMRICOYOAC,José María Rico y Coyoacán,19.36727,-99.17229,01,1824
0100C601-MORASJMRICO,Moras y José María Rico,19.3675,-99.17533,01,1825
0100C601-MIXCPSAENZ,Mixcoac y Patricio Saenz,19.36439,-99.17737,01,1826
0100C601-BMUERMIXCO,Barranca del Muerto y Mixcoac,19.36481,-99.17784,01,1827
0100C601-BMUERPOPO,Barranca del Muerto y Popo,19.36269,-99.18142,01,1828
0100C601-BMUERPARRA,Barranca del Muerto y Félix Parra,19.36162,-99.18523,01,1829
0100C601-BMUERMACEA,Barranca del Muerto y Macedonio Alcala,19.36209,-99.18697,01,1830
0100C600-ERMITA,Ermita,19.35686,-99.08676,01,1802
0100C600-ERMITAESTREL,Ermita I. y la Estrella,19.35867,-99.08977,01,1831
0100C600-ERMITAIZTAP,Ermita I. y Metro Iztapalapa,19.35794,-99.09334,01,1832
0100C600-ERMITAPTETI,Ermita I. y Puentetitla,19.35669,-99.09775,01,1833
0100C600-ERMITATLALIL,Ermita I. y Metro  Atlalilco,19.35615,-99.10131,01,1834
0100C600-ERMITATOLTE,Ermita I. y Toltecas,19.35619,-99.10539,01,1835
0100C600-ERMITAAV5,Ertmita I. y Av. 5,19.35654,-99.10922,01,1836
0100C600-ERMITARADAM,Ermita I. y Radames Gaxiola,19.35701,-99.11502,01,1837
0100C600-ERMITACENTE,Ermita I. y Centeno,19.35729,-99.11693,01,1838
0100C600-ERMITAVENA,Ermita y Avena,19.35774,-99.11917,01,1810
0100C600-ERMITAVIGA,Ermita I. y La Viga,19.35783,-99.12141,01,1839
0100C600-CHURUMPOLIB,Río Churubusco y Municipio Libre,19.36629,-99.12694,01,1840
0100C600-MPOLIBMENRI,Municipio Libre y Molina Enrique,19.36633,-99.12954,01,1841
0100C600-MPOLIBSUR77,Municipio Libre y Sur 77,19.36644,-99.1308,01,1842
0100C600-MPOLIBSUR73,Municipio Libre y Sur 73,19.366670000000006,-99.1331,01,1843
0100C600-MPOLIBSUR69,Municipio Libre y Sur 69,19.36708,-99.13621,01,1844
0100C600-MPOLIBBALBOA,Municipio Libre y Balboa,19.36846,-99.14427,01,1845
0100C600-MPOLIBRUMANI,Municipio Libre y Rumania,19.36872,-99.14592,01,1846
0100C600-MPOLIBFILIPI,Municipio Libre y Filipinas,19.36897,-99.14753,01,1847
0100C600-MPOLIBVERTIZ,Municipio Libre y Vertiz,19.37,-99.15468,01,1848
0100C600-MPOLIBDIVNTE,Municipio Libre y División del Norte,19.37038,-99.15643,01,1849
0100C600-MPOLIBXOCHI,Municipio Libre y Xochicalco,19.37061,-99.15796,01,1850
0100C600-MPOLIBVENAD,Municipio Libre y Parque de los Venados,19.37097,-99.16033,01,1851
0100C600-MPOLIBRAVMEX,Municipio Libre y Av. México,19.37066,-99.16325,01,1852
0100C600-MPOLIBRZAPA,Municipio Libre y Zapata,19.37068,-99.16451,01,1853
0100C600-AVUNIMLAUREN,Av. Universidad y Miguel Laurent,19.37435,-99.16234,01,1854
0100C600-MLAURENGMAN,Miguel Laurent y Gabriel Mancera,19.37564,-99.16672,01,1855
0100C600-MLAURENCOYO,Miguel Laurent y Coyoacán,19.37629,-99.16964,01,1856
0100C600-MLAURENTMAZ,Miguel Laurent y Manzanas,19.37782,-99.17696,01,1857
0100C600-SLZOFRESAS,San Lorenzo y Fresas,19.37516,-99.17631,01,1858
0100C600-SFCOFCUEVAS,San Francisco y Félix Cuevas,19.37319,-99.17564,01,1859
0100C600-SFCOJMRICO,San Francisco y José María Rico,19.36859,-99.17676,01,1860
0100C600-SFCOMIXCOAC,San Francisco y Mixcoac,19.36551,-99.17774,01,1861
0100C600-BMUERTMINER,Barranca del Muerto y La Minerva,19.36401,-99.17921,01,1862
0100C600-BMUERTINSUR,Barranca del Muerto e Insurgentes,19.36274,-99.18232,01,1863
0100C600-BMUERTOFPAR,Barranca del Muerto y Félix Parra,19.36192,-99.18448,01,1864
0100C600-BMUERTO,Barranca del Muerto,19.36285,-99.18881,01,1865
010C1301-GUTEMTHIER,Gutemberg y Thiers,19.4321,-99.17743,01,1866
010C1301-GUTEMLEIB,Gutemberg y Leibnitz,19.43162,-99.17932,01,1867
010C1301-HORACMARTIN,Av. Horacio y La Martine,19.43334,-99.18978,01,1868
010C1301-HORACARQUI,Av. Horacio y Arquímedes,19.43343,-99.19103,01,1869
010C1301-HORACANAFRA,Av. Horacio y Anatole France,19.43383,-99.19756,01,1870
010C1301-HORACMOLIER,Av. Horacio y Moliere,19.43428,-99.20194,01,1871
010C1301-HORACSOCRA,Av. Horacio y Socrates,19.43467,-99.20411,01,1872
010C1301-HORACJVAZ,Av. Horacio y Juan Vazquez,19.43674,-99.21025,01,1873
010C1300-GUTEMESCOB,Gutemberg y Av. Mariano Escobedo,19.43156,-99.18052,01,1874
010C1300-HORACSUDER,Av. Horacio y Sudermann,19.43324,-99.18394,01,1875
010C1300-HORAINEWTON,Av. Horacio e Isaac Newton,19.43356,-99.18846,01,1876
010C1300-HORACARQUI,Av. Horacio y Arquímedes,19.43366,-99.19016,01,1877
010C1300-HORACADUMAS,Av. Horacio y Alejandro Dumas,19.43406,-99.19543,01,1878
010C1300-HORAEAPOE,Av. Horacio y Edgar Allan Poe,19.43432,-99.19953,01,1879
010C1300-HORAMOLIER,Av. Horacio y Moliere,19.43453,-99.20131,01,1880
010C1300-HORACIFCUER,Av. Horacio y Ferrocarril de Cuernavaca,19.43553,-99.20696,01,1881
010C1300-HORALVIVE,Av. Horacio y Luis Vives,19.43568,-99.2094,01,1882
010C1300-HOMERO,Homero,19.43685,-99.21172,01,1883
010C1301-ESCOBHORAC,Mariano Escobedo y Horacio,19.43336,-99.18198,01,1159
010C1301-HOMERINEWTO,Av. Homero e Isaac Newton,19.43534,-99.18669,01,1884
010C1301-CHAPULT,Chapultepec,19.42135,-99.17675,01,1885
010C1301-AMESCOLEONT,Av. Mariano Escobedo y Leon Tolstoi,19.42518,-99.17874,01,1886
010C1301-AVMESCOKANT,Av. Mariano Escobedo y Emanuel Kant,19.42876,-99.18019,01,1212
010C1301-MESCOBEULER,Mariano Escobedo y Euler,19.43175,-99.18138,01,1887
010C1301-HORACIOMESC,Av. Horacio y Av. Mariano Escobedo,19.43281,-99.18205,01,1888
010C1301-HORACIOTAINE,Av. Horacio y Taine,19.43304,-99.18495,01,1889
010C1301-HOMERMARTIN,Av. Homero y La Martine,19.43546,-99.18972,01,1890
010C1301-HOMERAMUSS,Av. Homero y Alfredo Musset,19.43576,-99.19677,01,1891
010C1301-HOMERMOLIER,Av. Homero y Moliere,19.43598,-99.20148,01,1892
010C1301-HOMERSOCRA,Av. Homero y Socrates,19.43609,-99.20412,01,1893
010C1301-HOMERFCUERN,Av. Homero y Ferrocarril de Cuernavaca,19.43625,-99.20714,01,1894
010C1301-HOMEROBPERE,Av. Homero y Benito Pérez,19.43652,-99.20881,01,1895
010C1301-HOMEROPASCA,Av. Homero y Blaise Pascal,19.43698,-99.21161,01,1883
010C1301-EJNALRACINE,Av. Ejército Nacional y Juan Racine,19.4387,-99.21277,01,1896
010C1301-PERIFELEGAR,Periférico y Calz. Legaria,19.44245,-99.21655,01,1897
010C1301-CONSCOMEX,Av. del Conscripto y Comite Olímpico Mexicano,19.44384,-99.21964,01,1898
010C1300-MCHAPULTEPE,Metro Chapultepec,19.42088,-99.17581,01,1021
010C1300-EJNALSOCRAT,Av. Ejército Nacional y Socrates,19.43872,-99.20502,01,1899
010C1300-EJNALFCUERNA,Av. Ejército Nacional y Ferrocarril de Cuernavaca,19.43873,-99.20556,01,1900
010C1300-EJNALPDMART,Av. Ejército Nacional y Presa Don Martín,19.43891,-99.2098,01,1901
010C1300-EJNALPERIFE,Av. Ejército Nacional y Periférico,19.43908,-99.21371,01,1902
010C1300-IMILSOTELO,Av. Ingenieros Militares y Av. Lomas de Sotelo,19.44522000000001,-99.2173,01,1903
010C1301-SEVILLALOND,Av. Sevilla y Londres,19.42264,-99.17045,01,1040
010C1301-MSSPREFORM,Río Mississippi y Paseo de la Reforma,19.42561,-99.17211,01,1904
010C1301-THIERSDARWIN,Thiers y Darwin,19.42982,-99.17463,01,1905
010C1301-THIERSGOETH,Thiers y Goethe,19.43098,-99.17598,01,1906
010C1301-THIERSGUTEM,Thiers y Gutemberg,19.43247,-99.17771,01,1907
010C1301-THIERSBRADL,Thiers y Bradley,19.4338,-99.17926,01,1908
010C1301-THIERSKEPLER,Thiers y Kepler,19.43565,-99.18139,01,1909
010C1301-EJNALOPEVEG,Av. Ejército Nacional y Lope de Vega,19.43757,-99.18716,01,1910
010C1301-EJNALARQUIM,Av. Ejército Nacional y Arquímedes,19.43773,-99.19054,01,1911
010C1301-EJNALEUGESUE,Av. Ejército Nacional y Eugenio Sue,19.43788,-99.19392,01,1912
010C1301-EJNALANAFRAN,Av. Ejército Nacional y Anatole France,19.43803,-99.19733,01,1913
010C1301-EJNAL,Ejército Nacional,19.43817,-99.20042,01,1914
010C1300-EJNALMOLIER,Av. Ejército Nacional y Moliere,19.43851,-99.20066,01,1914
010C1300-EJNALHESPAN,Av. Ejército Nacional y Hospital EspaNol,19.43829,-99.19521,01,1915
010C1300-EJNALAGOBANG,Av. Ejército Nacional y Lago Bangueolo,19.43815,-99.19187,01,1916
010C1300-EJNALAGESTEF,Av. Ejército Nacional y Lago Estefania,19.438,-99.18898,01,1917
010C1300-EJNALAGONAR,Ejército Nacional y Lago Nargis,19.43787,-99.18632,01,1918
010C1300-THIERSEJNAL,Thiers y Av. Ejercito Nacional,19.43715,-99.18285,01,1216
010C1300-LEIBTHIERS,Leibnitz y Thiers,19.43406,-99.1798,01,1919
010C1300-LEIBGUTEM,Leibnitz y Gutemberg,19.43157,-99.17907,01,1867
010C1300-LEIBDARWIN,Leibnitz y Darwin,19.42938,-99.17842,01,1920
010C1300-LEIBVHUGO,Leibnitz y Victor Hugo,19.42713,-99.17749,01,1921
010C1300-AVCHAPULLEJI,Av. Chapultepec y Lejia,19.42145,-99.17408,01,1922
010C1300-MSEVILLA,Metro Sevilla,19.42234,-99.17077,01,1923
0100C940-VRIOPIEVELOD,Viaducto Río de la Piedad y metro Velódromo,19.40806,-99.10188,01,1924
0100C940-FCOPYTVRIOPI,Francisco del Paso y Troncoso y Viaducto Río de la Piedad,19.40644,-99.11372,01,1925
0100C940-VRIOPIEIMSSS,Viaducto Río de la Piedad y Clínica IMSSS,19.40598,-99.11418,01,1926
0100C940-VROIPIE1PTE,Viaducto Río de la Piedad y 1er Puente,19.40582,-99.11673,01,1927
0100C940-VRIOPIE2PTE,Viaducto Río de la Piedad y Segundo Puente,19.40581,-99.11806,01,1928
0100C940-MERIDSLP,Mérida y San Luis Potosi,19.414620000000006,-99.15624,01,1010
0100C940-MERIDCOAHU,Mérida y Coahuila,19.41255,-99.15573,01,975
0100C940-AMANZAORIZ,Antonio M. Anza y Orizaba,19.411620000000006,-99.15831,01,1929
0100C940-CAMPJALAPA,Campeche y Jalapa,19.41072,-99.15994,01,1930
0100C940-CAMPMREY,Campeche y Monterrey,19.41024,-99.16239,01,1931
0100C940-CAMPMEDEL,Campeche y Medellin,19.40988,-99.16427,01,1932
0100C940-CAMPINSUR,Campeche e Insurgentes,19.40912,-99.16769,01,1933
0100C940-CAMPCHILP,Campeche y Chilpancingo,19.4085,-99.17003,01,1934
0100C940-CITLACAMPEC,Citlaltépetl y Campeche,19.40819,-99.17185,01,1935
0100C940-ALFREYATLAT,Alfonso Reyes y Altlata,19.40659,-99.17289,01,1936
0100C940-ALFREYSALTIL,Alfonso Reyes y Saltillo,19.40747,-99.17462,01,1937
0100C940-ALFREYTPAS,Alfonso Reyes y Tamaulipas,19.40858,-99.17686,01,1938
0100C940-ALFREYPATRIO,Alfonso Reyes y Patriotismo,19.4104,-99.18042,01,1939
0100C940-JVASCCHICON,José Vasconcelos y Chicontepec,19.410120000000006,-99.18284,01,1940
0100C940-JMORAPASANT,José Moran y Pedro Antonio de los Santos,19.409370000000006,-99.18382,01,951
0100C940-JMORAJCANO,José Moran y Juan Cano,19.40928,-99.18606,01,1941
0100C920-LIRAJMORAN,Parque Lira y Gob. Gral. José Moran,19.409,-99.19011,01,952
0100C920-RAFAREBOIGN,gob. Rafael Rebollar y Gob. Ignacio Esteva,19.41097,-99.18784,01,1942
0100C920-RAFAREBOJMT,Gob. Rafael Rebollar y Gob. José María Tomel,19.41297,-99.18703,01,1943
0100C920-RAFAREBOCYT,Gob. Rafael Rebollar y Constituyentes,19.41446,-99.18641,01,1944
0100C920-CYTESJCANO,Constituyentes y Juan Cano,19.41557,-99.18402,01,1945
0100C920-CYTESPDROAS,Constituyentes y Pedro Antonio Santos,19.41649,-99.18059,01,1946
0100C920-CYTESJVASC,Constituyentes y José Vasconcelos,19.41677,-99.17958,01,1947
0100C920-JESCUTZAMO,Juan Escutia y Zamora,19.41644,-99.17818,01,1948
0100C920-JESCUTCUERN,Juan Escutia y Cuernavaca,19.41488,-99.17509,01,1949
0100C920-JESCUAMATL,Juan Escutia y Amatlan,19.4145,-99.17441,01,1950
0100C920-JUANESCTPAS,Juan Escutia y Tamaulipas,19.41351,-99.17248,01,1951
0100C920-NVOLEONSONO,Nuevo León y Sonora,19.41534,-99.17027,01,1952
0100C920-AOBREGYUCA,Álvaro Obregón y Yucatán,19.41673,-99.16761,01,1953
0100C920-AOBREGINSUR,Álvaro Obregón e Insurgentes,19.41704,-99.16517,01,1954
0100C920-AOBREGTONA,Álvaro Obregón y Tonala,19.41755,-99.16266,01,1955
0100C920-TONALZACAT,Tonala y Zacatecas,19.41548,-99.16205,01,1956
0100C920-QRORIZABA,Querétaro y Orizaba,19.41501,-99.15911,01,1957
0100C920-QROMERIDA,Querétaro y Mérida,19.41549,-99.15667,01,1958
0100C920-QROFRONTER,Querétaro y Frontera,19.41577,-99.15521,01,1959
0100C920-OLVERNHERO,Dr. Olvera y Niños Héroes,19.41567,-99.15118,01,1960
0100C920-OLVERVERTZ,Dr. Olvera y Dr. Vertiz,19.41546,-99.14849,01,1961
0100C920-OLVERANDRAD,Dr. Olvera y Dr. Andrade,19.41533,-99.14679,01,1962
0100C920-OLVEREJCTRAL,Dr. Olvera y Eje Central,19.41514,-99.14407,01,1963
0100C920-MJOTHONBOLI,Manuel J. Othon y Bolivar,19.41495,-99.14135,01,1964
0100C920-MJOTHONISACA,Manuel J. Othon e Isabel la Católica,19.41479,-99.13895,01,1965
0100C920-MJOTHON5FEB,Manuel J. Othon y 5 de Febrero,19.41439,-99.13709,01,1966
0100C920-AVTALLXOC,Av. del Taller y Xocongo,19.41322000000001,-99.13297,01,1967
0100C920-JATORRMATEO,José A. Torres y Mateos,19.41029,-99.1333,01,1968
0100C920-CHABJATORR,Chabacano y José A. Torres,19.40884,-99.13356,01,1969
0100C901-SUR20OTE255,Sur 20 y Oriente 255,19.39062,-99.06513,01,1970
0100C901-SUR20RTNO,Sur 20 y Rtno. de Sur 16,19.39108,-99.06785,01,1971
0100C901-SUR20OTE245,Sur 20 y Oriente 245,19.39167,-99.07127,01,1972
0100C901-SUR20ROJO,Sur 20 y Rojo Gómez,19.39207,-99.0737,01,1973
0100C901-SUR20OTE237,Sur 20 y Oriente 237,19.39253,-99.07638,01,1974
0100C901-SUR20OTE233,Sur 20 y Oriente 233,19.39301,-99.07924,01,1975
0100C901-SUR20OTE229,Sur 20 y Oriente 229,19.39337,-99.08141,01,1976
0100C901-FERRORIOFRIO,Ferrocarril Río Frío y Oriente 217,19.39262,-99.08395,01,1977
0100C901-MLOSTORNO,Av. Morelos y Torno,19.40906,-99.12405,01,1978
0100C901-JPEONICATOL,José Peon Contreras e Isabel la Católica,19.40765,-99.13942,01,1979
0100C901-JPEONBOLIV,José Peon Contreras y Bolivar,19.40745,-99.14204,01,1980
0100C901-JPEONEJCTRL,José Peon Contreras y Eje Central,19.40729,-99.14401,01,1981
0100C901-IPRIETOANDRA,Dr. I. Morones Prieto y Dr. Andrade,19.4071,-99.14792,01,1982
0100C901-IPRIETOJIMEZ,Dr. I Morones Prieto y Dr. Jiménez,19.40688,-99.15125,01,1983
0100C901-IPRIETOCUAUH,Dr. I. Morones Prieto y Cuauhtémoc,19.40666,-99.15485,01,1984
0100C901-BCALITOLUC,Baja California y Toluca,19.40663,-99.15664,01,1985
0100C901-BCALIMREY,Baja California y Monterrey,19.40637000000001,-99.16107,01,1986
0100C901-BCALIMEDELL,Baja California y Medellin,19.40626,-99.16303,01,1987
0100C901-BCALITLACO,Baja California y Tlacotalpan,19.4061,-99.16628,01,1988
0100C901-BCALITUXPAN,Baja California y Tuxpan,19.40605,-99.16745,01,1989
0100C901-BCALICHILPA,Baja California y Chilpancingo,19.406,-99.16915,01,1990
0100C901-BCALINVOLEO,Baja California y Nuevo León,19.40594,-99.17153,01,1991
0100C901-BCALISALTI,Baja California y Saltillo,19.40585,-99.17483,01,1992
0100C901-BCALIMPATRI,Baja California y Metro Patriotismo,19.40578,-99.17744,01,1993
0100C901-BENJFRAMPATR,Benjamín Franklin y Metro Patriotismo,19.40625,-99.17884,01,1994
0100C901-BENJFRACZETI,Benjamín Franklin y Carlos Zetina,19.4074,-99.18237,01,1995
0100C901-BENJFRAJVASC,Benjamín Franklin y José Vasconcelos,19.40778,-99.18352,01,1996
0100C901-GAVEJPEREZ,Gob. Agustín V. Eguia y Joaquín Pérez,19.40798,-99.18528,01,1997
0100C901-GAVEJCORT,Gob. Agustín V. Eguia y Gob. J. Cortina,19.4079,-99.18732,01,1998
0100C901-GAVELIRA,Gob. Agustín V. Eguia y Parque Lira,19.40787000000001,-99.18936,01,1999
0100C901-LIRAMHGO,Parque Lira y Del. Miguel Hidalgo,19.4071,-99.1895,01,2000
0100C901-LIRAOBS,Parque Lira y Av. Observatorio,19.40433,-99.18807,01,2001
0100C900-VIADUCTOPTA5,Viaducto y Puerta 5,19.40822,-99.09151,01,2002
0100C900-VIADUCTOPTA4,Viaducto y Puerta 4,19.40881,-99.09565,01,2003
0100C900-CHURUPTA10,Río Churubusco y Puerta 10,19.40547,-99.0972,01,2004
0100C900-CHURUANIL,Río Churubusco y ANil,19.40258,-99.09763,01,2005
0100C900-CHURUCENTE,Río Churubusco y Centeno,19.39963,-99.09804,01,2006
0100C900-CHURUTE,Río Churubusco y Av. Te,19.39727,-99.09838,01,2007
0100C900-CHURUPECALL,Río Churubusco y Plutarco Elias Calles,19.39737,-99.09919,01,2008
0100C900-CHURUVAINI,Río Churubusco y Vainilla,19.4003,-99.09878,01,2009
0100C900-ANILCHURU,Añil y Churubusco,19.40285,-99.09876,01,2010
0100C900-ANILPDEPOR,Añil y Palacio de los Deportes,19.40347,-99.10114,01,2011
0100C900-ANILATLET,Añil y Atletas,19.40643,-99.10273,01,2012
0100C900-AVMLOSTREVI,Av. Morelos y Radames TreviNo,19.4082,-99.10474,01,2013
0100C900-AVMLOSFIGLE,Av. Morelos y Fernando Iglesias,19.40823,-99.1095,01,2014
0100C900-AVMLOSFCOTR,Av. Morelos y Fco. del Paso y Troncoso,19.40832,-99.11358,01,2015
0100C900-AVMLOSINDUST,Av. Morelos e Industria,19.40851,-99.11552,01,2016
0100C900-AVMLOSBRAVO,Av. Morelos y Nicolas Bravo,19.40901,-99.12003,01,2017
0100C900-AVMLOSCUNION,Av. Morelos y Congreso de la Unión,19.40901,-99.12206,01,2018
0100C900-MLOSTORNO,Morelos y Torno,19.40883,-99.12436,01,1978
0100C900-CHABVIGA,Chabacano y La Viga,19.40888,-99.12706,01,2019
0100C900-CHABOTE67,Chabacano y Oriente 67,19.40862000000001,-99.13057,01,2020
0100C900-CHABJATORR,Chabacano y José A. Torres,19.40841,-99.13329,01,2021
0100C900-JPEON5FEB,José Peon Contreras y 5 de Febrero,19.40757,-99.13783,01,2022
0100C900-JPEONICATO,José Peon Contreras e Isabela Católica,19.40742,-99.13978,01,1979
0100C900-JPEONBOLIV,José Peon Contreras y Bolivar,19.40721,-99.14239,01,1980
0100C900-IPRIETOEJCTR,Dr. I. Morones Prieto y Eje Central,19.40709,-99.14487,01,2023
0100C900-IPRIETOANDRA,Dr. I. Morones Prieto y Dr. Andrade,19.40687,-99.14827,01,1982
0100C900-IPRIETOJIMZ,Dr. I. Morones Prieto y Dr. Jiménez,19.40665,-99.15162,01,1983
0100C900-BCALICUAUH,Baja California y Cuauhtémoc,19.40648,-99.15563,01,2024
0100C900-BCALILINA,Baja California y Linares,19.4062,-99.16052,01,2025
0100C900-BCALIMEDEL,Baja California y Medellin,19.40604,-99.16331,01,1987
0100C900-BCALITLACOTA,Baja California y Tlacotalpan,19.40592,-99.16677,01,2026
0100C900-BCALICHILPA,Baja California y Chilpancingo,19.40581,-99.1694,01,1990
0100C900-BCALINVOLEON,Baja California y Nuevo León,19.40572,-99.17218,01,2027
0100C900-SALTBCALI,Saltillo y Baja California,19.40556,-99.175,01,1992
0100C900-MINEBENJFR,Mineria y Benjamín Franklin,19.40465,-99.17532,01,2028
0100C900-PROGMINE,Progreso y Mineria,19.40355,-99.17587,01,2029
0100C900-BENJFRAGRIC,Benjamín Franklin y Agricultura,19.40508,-99.17639,01,2030
0100C900-BENJFRPATRI,Benjamín Franklin y Metro Patriotismo,19.40576,-99.17853,01,2031
0100C900-BENJFRCBZE,Benjamín Franklin Carlos B. Zetina,19.40705,-99.18244,01,1995
0100C900-AVEJALIS,Agustín V. Eguia y Av. Jalisco,19.40782,-99.18471,01,2032
0100C900-AVEJCORTI,Agustín V. Eguia y J. Cortina,19.40771,-99.1875,01,1998
0100C900-OBSLIRA,Observatorio y Parque Lira,19.40406,-99.18753,01,2033
0100C900-TACUBAYA,Tacubaya (base),19.40239,-99.1882,01,2034
0100C900-LIRAGAVE,Parque Lira y Gob. Agustín V Eguia,19.40745,-99.18937,01,1999
0100C900-SUR20OTE257,Sur 20 y Oriente 257,19.39023,-99.06357,01,2035
0100C900-SUR20OTE253,Sur 20 y Oriente 253,19.3907,-99.06633,01,2036
0100C900-SUR20OTE249,Sur 20 y Oriente 249,19.39114,-99.069,01,2037
0100C900-SUR20OTE245,Sur 20 y Oriente 245,19.39157,-99.07157,01,1972
0100C900-SUR20ROJO,Sur 20 y Rojo Gómez,19.392,-99.07409,01,1973
0100C900-SUR20OTE237,Sur 20 y Oriente 237,19.39243,-99.07666,01,1974
0100C900-SUR20OTE233,Sur 20 y Oriente 233,19.39291,-99.07951,01,1975
0100C900-OTE229SUR20,Oriente 229 y Sur 20,19.39371,-99.08154,01,1976
0100C900-OTE229SUR16,Oriente 229 y Sur 16,19.39603,-99.08104,01,2038
0100C900-OTE229SUR12,Oriente 229 y Sur 12,19.39873,-99.08045,01,2039
0100C901-TRIASCRISO,Ángel Trías y Juan Crisotomo,19.38965,-99.0352,01,2040
0100C901-GUELATAOENRI,Av. Guelatao y Enrique Contel,19.38351,-99.03918,01,2041
0100C901-ENRIEMIAZC,Enrique Contel y Emilio Azcárraga,19.38483,-99.04123,01,2042
0100C901-ENRIEMILIO,Enrique Contel y Emilio Balli,19.3863,-99.04443,01,2043
0100C901-ENRITELECOM,Enrique Contel y Av. Telecomunicación,19.3875,-99.0472,01,2044
0100C901-PRIVLEONTEPA,Priv. de León Loyola y CETRAM Tepalcates,19.3904,-99.04715,01,2045
0100C901-PRIVLOYOLA,Priv. de León Loyola y Antonio de León Loyola,19.390970000000006,-99.04821,01,2046
0100C901-JARREMINA,José Arrese y Mina,19.38963,-99.04993,01,2047
0100C901-JARREMHGO,José Arrese y Miguel Hidalgo,19.38852,-99.05058,01,2048
0100C901-JARRECAPATZ,José Arrese y Constitución de Apatzingan,19.3854,-99.05246,01,2049
0100C901-CAPATZALDAMA,Constitución de Apatzingan y Aldama,19.38709,-99.05508,01,2050
0100C901-CAPATZPLEON,Constitución de Apatzingan y frente a la panadería León,19.38784,-99.05622,01,2051
0100C901-CAPATZCJUAN,Constitución de Apatzingan y Canal de San Juan,19.38988,-99.05951,01,1556
0100C901-SUR20OTE259,Sur 20 y Oriente 259,19.39011,-99.06203,01,2052
0100C901-OTE257SUR16,Oriente 257 y Sur 16,19.39274,-99.06294,01,2053
0100C901-OTE257SUR12,Oriente 257 y Sur 12,19.39546,-99.06236,01,2054
0100C901-OTE257SUR8,Oriente 257 y Sur 8,19.39821,-99.06176,01,2055
0100C901-SUR8OTE253,Sur 8 y Oriente 253,19.39882,-99.06429,01,2056
0100C901-SUR8OTE249,Sur 8 y Oriente 249,19.39923,-99.06684,01,2057
0100C901-SUR8OTE245,Sur 8 y Oriente 245,19.39962,-99.06923,01,2058
0100C901-SUR8ROJO,Sur 8 y Javier Rojo Gómez,19.40032,-99.07181,01,2059
0100C901-SUR8OTE237,Sur8 y Oriente 237,19.40076,-99.07449,01,2060
0100C901-SUR8OTE233,Sur 8 y Oriente 233,19.400920000000006,-99.07728,01,2061
0100C901-SUR8OTE229,Sur 8 y Oriente 229,19.40122,-99.0792,01,2062
0100C901-SUR8CHURUB,Sur 8 y Río Churubusco,19.40155,-99.08127,01,2063
0100C901-CHURUBSUR4,Río Churubusco y Sur 4,19.404020000000006,-99.0799,01,2064
0100C901-SUR4OTE217B,Sur 4 y Oriente 217B,19.40456,-99.0805,01,2065
0100C901-CHURUBSUR2A,Río Churubusco y Sur 2A,19.40589,-99.0787,01,2066
0100C901-OTE217RIOPIE,Oriente 217 y Viaducto Río de la Piedad,19.40674,-99.08128,01,2067
0100C901-BASE,Base,19.40746,-99.08245,01,2068
0100C900-VALENCIANA,La Valenciana (base),19.39078,-99.03713,01,2069
0100C900-TEXCFCOLEY,Av. Texcoco y Francisco Leyva,19.39126,-99.03742,01,2070
0100C900-TEXCDGOARE,Av. Texcoco y Domingo Arellano,19.39266,-99.04046,01,2071
0100C900-BENITOSZTEX,Benito S. Zenea y Texcoco,19.39374,-99.04338,01,2072
0100C900-TELECOMISSST,Av. Telecomunicaciones e ISSSTE,19.38906,-99.04632,01,2073
0100C900-PRIVLOYOTEPA,Priv. de Loyola y CETRAM Tepalcates,19.39036,-99.04733,01,2045
0100C900-ALOYOLAPRIV,Antonio de Loyola y Priv. de Loyola,19.39078,-99.04841,01,2046
0100C900-CAPATZ2SEMA,Constitución de Apatzongan y 2do semáforo,19.38737,-99.05045,01,2074
0100C900-CAPATZLOYOL,Constitución de Apatzingan y Antonio de León Loyola,19.38496,-99.05216,01,2075
0100C900-CAPATZALDAMA,Constitución de Apatzingan y Aldama,19.38703,-99.05529,01,2050
0100C900-CAPATZLEON,Constitución de Apatzingan y frente a panadería León,19.38779,-99.05641,01,2051
0100C900-CAPATZSOFAL,Constitución de Apatzingan y Secundaria Oficial,19.38924,-99.05863,01,2076
0100C900-SUR20CNALSJU,Sur 20 y Canal de San Juan,19.38962,-99.06002,01,2077
0100C900-SUR20OTE259,Sur 20 y Oriente 259,19.39001,-99.06229,01,2052
0100C900-OTE257SUR20,Oriente 257 y Sur 20,19.39074,-99.06376,01,2078
0100C900-OTE257SUR16,Oriente 257 y Sur 16,19.3931,-99.06331,01,2079
0100C900-OTE257SUR12,Oriente 257 y Sur 12,19.39581,-99.06272,01,2080
0100C900-SUR8OTE257,Sur 8 y Oriente 257,19.39835,-99.06223,01,2081
0100C900-SUR8OTE253,Sur 8 y Oriente 253,19.39875,-99.06465,01,2056
0100C900-SUR8OTE249,Sur 8 t Oriente 249,19.39915,-99.06718,01,2057
0100C900-SUR8OTE245,Sur 8 y Oriente 245,19.39959,-99.06992,01,2082
0100C900-SUR8ROJO,Sur 8 y Rojo Gómez,19.4,-99.07239,01,2083
0100C900-SUR8OTE237,Sur 8 y Oriente 237,19.4004,-99.07483,01,2084
0100C900-SUR8OTE223,Sur 8 y Oriente 223,19.40082,-99.07759,01,2061
0100C900-OTE229SUR8,Oriente 229 y Sur 8,19.4013,-99.07937,01,2062
0100C900-OTE229SUR4,Oriente 229 y Sur 4,19.40409,-99.07824,01,2085
0100C900-VIADUCHURU,Viaducto y Churubusco,19.40676,-99.07872,01,2086
0100C900-VIADUCPUEB,Viaducto y Metro Puebla,19.407,-99.0829,01,2087
010C1800-CETRAMCHAPU,CETRAM Chapultepec (base),19.4206,-99.17718,01,2088
010C1801-CHAPUMREY,Av. Chapultepec y Monterrey,19.4228,-99.16571,01,2089
010C1801-CHAPUVALL,Av. Chapultepec y Valladolid,19.42208,-99.16893,01,2090
010C1801-CHAPSONO,Av. Chapultepec y Sonora,19.42091,-99.17419,01,2091
010C1801-PREFGANDHI,Paseo de la Reforma y Gandhi,19.42392000000001,-99.1808,01,2092
010C1801-PREFGRUTA,Paseo de la Reforma y Av. Gruta,19.42463,-99.1855,01,2093
010C1801-PREFZOO2,Paseo de la Reforma y Zoológico 2,19.42501,-99.18799,01,2094
010C1801-PREFZOO,Paseo de la Reforma y Zoológico,19.42537,-99.19032,01,2095
010C1801-PREFANAL,Paseo de la Reforma y Auditorio Nacional,19.42579,-99.19337,01,2096
010C1801-PREFRANCE,Paseo de la Reforma y Anatole France,19.42646,-99.1977,01,2097
010C1801-PREFSUR,Paseo de la Reforma y Prados Sur,19.42648,-99.20598,01,379
010C1801-PREFNTE,Paseo de la Reforma y Prado Norte,19.42711,-99.20559,01,2098
010C1801-MAVILACMET,Blvd. Manuel Avila C. y Met Life,19.42942,-99.20518,01,2099
010C1801-MAVILACPLA,Blvd. Manuel Avila C. y Lomas Plaza,19.42998,-99.20595,01,872
010C1801-MAVILACPAL,Blvd. Manuel Avila C. y Paseo de las Palmas,19.43047,-99.20663,01,2100
010C1801-MAVILACISI,Blvd. Manuel Avila C. y San Isidro,19.43384,-99.2107,01,2101
010C1801-MAVILACOND,Blvd. Manuel Avila C. y García Conde,19.43543,-99.21255,01,875
010C1801-MAVILACEJNAL,Blvd. Manuel Avila C. y Ejército Nacional,19.43922,-99.21458,01,2102
010C1801-MAVILACLEGA,Blvd. Manuel Avila C. y Calz. Legaria,19.44242,-99.21647,01,1897
010C1801-MAVILACONS,Blvd. Manuel Avila C. y Av. Conscripto,19.44453,-99.21932,01,2103
010C1801-MAVILACISRA,Blvd. Manuel Avila Camacho y Centro Israelita,19.45115,-99.22037,01,2104
010C1801-MAVILACHAPU,Blvd. Manuel Avila C. y Parque de Chapultepec,19.45324,-99.22021,01,806
010C1801-MAVILACNVOM,Blvd. Manuel Avila C. y Nuevo México,19.46296,-99.22348,01,2105
010C1801-MAVILACTOR,Blvd. Manuel Avila C. y Las Torres y 1 de Mayo,19.46556,-99.22489,01,2106
010C1801-MAVILACAGUI,Blvd. Manuel Avila C. y Gral. Candido Aguilar,19.46985,-99.22707,01,2107
010C1801-MAVILAC16S,Blvd. Manuel Avila C. y 16 de Septiembre,19.47326,-99.22887,01,2108
010C1801-MAVILACAL8,Blvd. Manuel Avila C. y Calle 8,19.47556,-99.22951,01,2109
010C1801-MAVILACBAZ,Blvd. Manuel Avila C. y Av. Gustavo de Baz,19.47905,-99.23193,01,2110
010C1801-MAVILACJUA,Blvd. Manuel Avila C. y Naucalpan de Juárez,19.48265,-99.23375,01,2111
010C1801-MAVILACMATE,Blvd. Manuel Avila C. y Jardines de San Mateo,19.48485,-99.23493,01,2112
010C1801-MAVILACLVER,Blvd. Manuel Avila C. y Lomas Verdes,19.48754,-99.23635,01,2113
010C1801-MAVILACNAU,Blvd. Manuel Avila C. y Parque Naucalli,19.49421,-99.23721,01,2114
010C1801-MAVILACCRUZ,Blvd. Manuel Avila C. y Blvd. Sta. Cruz,19.4981,-99.23734,01,2115
010C1801-MAVILACECOII,Blvd. Manuel Avila C. y Cto. Economista II,19.50664,-99.23703,01,2116
010C1801-MAVILACECO,Blvd. Manuel Avila C. y Circuito Economista,19.50896,-99.23689,01,2117
010C1801-MAVILACPAR,Blvd. Manuel Avila C. y Circuito Parque,19.51191,-99.236,01,2118
010C1801-MAVILACSUBS,Blvd. Manuel Avila C. y Suburbia Satélite,19.516820000000006,-99.23247,01,2119
010C1801-MAVILACJMMP,Blvd. Manuel Avila C. y José María Morelos y Pavón,19.5193,-99.23063,01,2120
010C1801-MAVILACFIM,Blvd. Manuel Avila C. y Fco. I. Madero,19.5206,-99.22964,01,2121
010C1801-MAVILACMDOE,Blvd. Manuel Avila C. y Mundo E,19.52459,-99.22667,01,2122
010C1801-MAVILACTEPOT,Blvd. Manuel Avila C. y Convento de Tepotzotlan,19.52862,-99.22352,01,2123
010C1801-MAVILACOLOM,Blvd. Manuel Avila C. y Las Colombinas,19.53106,-99.22169,01,2124
010C1801-MAVILACBELE,Blvd. Manuel Avila C. y Belem de los Padres,19.53488,-99.21883,01,2125
010C1801-MAVILACSELV,Blvd. Manuel Avila C. y Madre Selva,19.53766,-99.21673,01,2126
010C1801-MAVILACOL,Blvd. Manuel Avila C. y Mario Colin,19.53944,-99.2153,01,2127
010C1801-MAVILACMAES,Blvd. Manuel Avila C. y Av. de los Maestros,19.54171,-99.21387,01,2128
010C1801-MAVILACACU,Blvd. Manuel Avila C. y Cumbres de Acutzingo,19.54373,-99.21258,01,2129
010C1801-MAVILACPOP,Blvd. Manuel Avila C. y Popocatepetl,19.54534,-99.21157,01,2130
010C1801-MAVILACINN,Blvd. Manuel Avila C. y Real Inn,19.54739,-99.21029,01,2131
010C1801-MAVILACJIN,Blvd. Manuel Avila C. y Calz. de los Jinetes,19.54989,-99.2087,01,2132
010C1800-MAVILACMILL,Blvd. Manuel Avila C. y Gral. Agustín Millan,19.46981,-99.22654,01,2133
010C1800-OAXACA,Oaxaca (base),19.42256,-99.16418,01,2134
010C1800-PUEBLAMREY,Puebla y Monterrey,19.42216,-99.16523,01,2135
010C1800-MONTCHAPU,Monterrey y Av. Chapultepec,19.42277,-99.16546,01,2089
010C1800-FLORENLOND,Florencia y Londres,19.42428,-99.16612,01,2136
010C1800-PREFLOREN,Florencia y Paseo de la Reforma,19.42614,-99.16709,01,2137
010C1800-PREFMISISI,Paseo de la Reforma y Río Misisipi,19.42567,-99.17087,01,2138
010C1800-PREFRODANO,Paseo de la Reforma y Río Rodano,19.42408,-99.17421,01,2139
010C1800-TOLSTOIMESCO,Tolstoi y Mariano Escobedo,19.42387,-99.17842,01,2140
010C1800-PREFGRUTAS,Paseo de la Reforma y Av. Grutas,19.42476,-99.18438,01,2141
010C1800-PREFANTROII,Paseo de la Reforma y Museo de Antropología II,19.42546,-99.18854,01,2142
010C1800-PREFDARIO,Paseo de la Reforma y Rubén Darío,19.42587,-99.19152,01,2143
010C1800-PREFANALI,Paseo de la Reforma y Auditorio Nacional I,19.426,-99.19259,01,2144
010C1800-PREFANALII,Paseo de la Reforma y Auditorio Nacional II,19.42621,-99.19375,01,2145
010C1800-PREFVERNE,Paseo de la Reforma y Julio Verne,19.42672,-99.19689,01,2146
010C1800-PREFLIBA,Paseo de la Reforma y Jardines de Libano,19.42717,-99.20016,01,2147
010C1800-PREFPETRO,Paseo de la Reforma y Fuente de Petroleos,19.42775,-99.20177,01,396
010C1800-MAVILACELB,Blvd. Manuel Avila C. y Monte Elbruz,19.42967,-99.20499,01,2099
010C1800-MAVILACELI,Blvd. Manuel Avila C. y Campos Eliseos,19.43132,-99.20719,01,2148
010C1800-MAVILACPHOR,Blvd. Manuel Avila C. y Priv. de Horacio,19.43356,-99.20988,01,874
010C1800-MAVILACHOR,Blvd. Manuel Avila C. y Av. de Horacio,19.43539,-99.21203,01,875
010C1800-MAVILACHOM,Blvd. Manuel Avila C. y Homero,19.43673,-99.21296,01,2149
010C1800-MAVILACNAL,Blvd. Manuel Avila C. y Av. Ejército Nacional,19.43856,-99.21383,01,876
010C1800-MAVILACLEG,Blvd. Manuel Avila C. y Legaria,19.44171,-99.21539,01,2150
010C1800-MAVILACREY,Blvd. Manuel Avila C. y Reyes Espinola,19.44882,-99.21993,01,2151
010C1800-MAVILACAV,Blvd. Manuel Avila C. y Antonio Velázquez,19.45134,-99.21977,01,877
010C1800-MAVILACHAP,Blvd. Manuel Avila C. y Parque de Chapultepec,19.45258,-99.21977,01,2152
010C1800-MAVILAC3,Blvd. Manuel Avila C. y Calle 3,19.46184,-99.22235,01,2153
010C1800-MAVILACTOR,Blvd. Manuel Avila C. y Las Torres y 1 de Mayo,19.46592,-99.22449,01,2154
010C1800-MAVILACMIL,Blvd. Manuel Avila C. e Ingenieros Militares,19.44394,-99.21708,01,2155
010C1800-MAVILAC16S,Blvd. Manuel Avila C. y 16 de Septiembre,19.47369,-99.22855,01,2156
010C1800-MAVILACJAR,Blvd. Manuel Avila C. y Calle Jardín,19.47644,-99.2305,01,2157
010C1800-MAVILACBAZ,Blvd. Manuel Avila C. y Av. Gustavo Baz,19.47978,-99.23171,01,2158
010C1800-MAVILACECH,Blvd. Manuel Avila C. y Paseo de la Hacienda Echegaray,19.48433,-99.234,01,1398
010C1800-MAVILACMAT,Blvd. Manuel Avila C. y Jardines de San Mateo,19.48504,-99.23447,01,2159
010C1800-MAVILACLOM,Blvd. Manuel Avila C. y Av. Lomas Verdes,19.48618,-99.23508,01,2160
010C1800-MAVILACGAVI,Blvd. Manuel Avila C. y Hda. de la Gavia,19.488,-99.23602,01,2161
010C1800-MAVILACOTO,Blvd. Manuel Avila C. y Paseo de Otoño,19.49499,-99.23663,01,2162
010C1800-MAVILACOTE,Blvd. Manuel Avila C. y Circunvalación Oriente,19.49896,-99.23649,01,2163
010C1800-MAVILACOTS,Blvd. Manuel Avila C. y Plaza Satéite Cotsco,19.50782,-99.23646,01,2164
010C1800-MAVILACSAII,Blvd. Manuel Avila C. y Plaza Satélite II,19.5099,-99.23609,01,2165
010C1800-MAVILACSAIII,Blvd. Manuel Avila C. y Plaza Satélite III,19.5122,-99.23515,01,2166
010C1800-MAVILACSUBS,Blvd. Manuel Avila C. y Suburbia Satélite,19.51669,-99.23191,01,2167
010C1800-MAVILACSATEL,Blvd. Manuel Avila C. y Satélite,19.51846,-99.2304,01,2168
010C1800-MAVILACOLINA,Blvd. Manuel Avila C. y Viveros de la Colina,19.52135,-99.22829,01,2169
010C1800-MAVILACMDOE,Blvd. Manuel Avila Camacho y Mundo E,19.52465,-99.22579,01,2170
010C1800-MAVILACATIZA,Blvd. Manuel Avila C. y Viveros de Atizapan,19.52888,-99.22257,01,2171
010C1800-MAVILACHACIE,Blvd. Manuel Avila C. y Viveros de la Hacienda,19.53244,-99.21983,01,2172
010C1800-MAVILACHOCTU,Blvd. Manuel Avila C. y Viveros de Hoctum,19.5345,-99.2183,01,2173
010C1800-MAVILACSELVA,Blvd. Manuel Avila C. y Madre Selva,19.53678,-99.21654,01,2174
010C1800-MAVILACOLIN,Blvd. Manuel Avila C. y Mario Colin,19.53945,-99.2145,01,2175
010C1800-MAVILACMAES,Blvd. Manuel Avila C. y de los Maestros,19.54054,-99.21389,01,169
010C1800-MAVILACINN,Blvd. Manuel Avila C. y Real Inn,19.54709,-99.20973,01,2176
010C1800-MAVILACJIN,Blvd. Manuel Avila C. y Calz. de los Jinetes,19.54993,-99.20703,01,2177
010C1800-BLVDCONT,Blvd. de los Continentes (base),19.55231,-99.20945,01,2178
0100C501-ENAVALWALM,Escuela Naval M. y WalMart,19.31701,-99.12438,01,2179
0100C501-ENAVALAGRAR,Escuela Naval M. y Reforma Agraria,19.32638,-99.12469,01,2180
0100C501-ENAVALSTANA,Escuela Naval Militar y Av. Santa Ana,19.32952,-99.12441,01,2181
0100C501-ENAVALTEZON,Escuela Naval Militar y San Lorenzo Tezonco,19.33222,-99.12383,01,2182
0100C501-ENAVALTOMATL,Escuela Naval Militar y San Antonio Tomatlan,19.3356,-99.12312,01,2183
0100C501-ENAVALTAXQ,Escuela Naval M. y Taxqueña,19.3378,-99.12272,01,2184
0100C501-ENAVALBOSQU,Escuela Naval M. y Paseo del Bosque,19.34106,-99.12181,01,2185
0100C501-ENAVAL7CALLE,Escuela Naval M. y Séptima Calle,19.3435,-99.12117,01,2186
0100C501-ENAVALALFRED,Escuela Naval M. y San alfredo,19.34492,-99.12077,01,2187
0100C501-ENAVALHACIE,Escuela Naval M. y Paseo de la Hacienda,19.34599,-99.12057,01,2188
0100C501-ENAVALCHICO,Escuela Naval M. y Paseo Chico,19.34781,-99.1201,01,2189
0100C501-VIGACNAL,La Viga y Canal Nacional,19.35192,-99.12094,01,2190
0100C501-VIGAMENOR,La Viga y Osa Menor,19.35344,-99.1214,01,2191
0100C501-VIGAIZTAP2,La Viga y Ermita Iztapalapa 2,19.35717,-99.12199,01,2192
0100C501-VIGAIZTAPALA,La Viga y Ermita Iztapalapa,19.35809,-99.12206,01,2193
0100C501-VIGAZAPATA,La Viga y Emiliano Zapata,19.3622,-99.12236,01,2194
0100C501-VIGAYANEZ,La Viga y Agustín Yañez,19.36633,-99.12249,01,2195
0100C501-VIGACHURUB,La Viga y Río Churubusco,19.37024,-99.12258,01,2196
0100C501-VIGALEGRE,La Viga y Puerto Alegre,19.3736,-99.12268,01,2197
0100C501-VIGAPIE,La Viga y Pie de la Cuesta,19.37595,-99.12273,01,2198
0100C501-VIGAVILLAMAR,La Viga y Playa Villa del Mar,19.3804,-99.12279,01,2199
0100C501-VIGAROQUET,La Viga y Playa Roqueta,19.38281,-99.12265,01,2200
0100C501-VIGAERIZO,La Viga y Playa Erizo,19.38628,-99.12246,01,2201
0100C501-VIGASANTIA,La Viga y Santiago,19.39038,-99.12211,01,2202
0100C501-VIGARAYON,La Viga y López Rayón,19.39278,-99.12281,01,2203
0100C501-VIGARECREO,La Viga y Recreo,19.39605,-99.12357,01,2204
0100C501-CUNIONPECAL,Congreso de la Unión y P. E. Calles,19.39872,-99.12261,01,2205
0100C501-CUNIONHGO,Congreso de la Unión e Hidalgo,19.40216,-99.12197,01,2206
0100C501-CUNIONMALE,Congreso de la Unión y Viaducto Miguel Alemán,19.40585,-99.12188,01,2207
0100C501-CUNIONPRIETO,Congreso de la Unión y Guillermo Prieto,19.4071,-99.12189,01,2208
0100C501-CUNIONMORE,Congreso de la Unión y Av. Morelos,19.40965,-99.12193,01,2209
0100C501-CUNIONTALLER,Congreso de la Unión y Av. del Taller,19.41395,-99.12182,01,995
0100C501-CUNIONBOTURI,Congreso de la Unión y Lorenzo Boturini,19.41703,-99.12138,01,2210
0100C501-CUNIONOTE32,Congreso de la Unión y Oriente 32,19.41899,-99.12111,01,2211
0100C501-CUNIONSERV,Congreso de la Unión y Fray Servando,19.42284,-99.1205,01,2212
0100C501-CUNIONCARRE,Congreso de la Unión y Carretones,19.4249,-99.12019,01,2213
0100C501-CUNIONCANDE,Congreso de la Unión y Metro Candelaria,19.42942,-99.11958,01,2214
0100C501-CUNIONZAPA,Congreso de la Unión y Emiliano Zapata,19.43277,-99.11918,01,2215
0100C501-CUNIONACOZ,Congreso de la Unión y Héroes de Nacozari,19.43605,-99.11886,01,2216
0100C501-CUNIONTRAB,Congreso de la Unión y Av. del Trabajo,19.43849,-99.11851,01,2217
0100C501-CUNIONHORTE,Congreso de la Unión y Hortelanos,19.44139,-99.11798,01,2218
0100C501-CUNIONCIRC,Congreso de la Unión y Circunvalación,19.44441,-99.11738,01,2219
0100C501-CUNIONPELU,Congreso de la Unión y Peluqueros,19.44657,-99.11684,01,2220
0100C501-CUNIONTALA,Congreso de la Unión y Talabarteros ,19.44913,-99.11624,01,2221
0100C501-CUNIONCNTE,Congreso de la Unión y Canal del Norte,19.45034,-99.11594,01,1733
0100C501-CUNIONCOBRE,Congreso de la Unión y Cobre,19.45287,-99.11532,01,2222
0100C501-CUNIONCONSU,Congreso de la Unión y Consulado,19.45867,-99.1139,01,2223
0100C501-CUNIONOTE91,Congreso de la Unión y Oriente 91,19.46129,-99.11324,01,2224
0100C501-CUNIONOTE95,Congreso de la Unión y Oriente 95,19.46269,-99.11285,01,2225
0100C501-CUNIONALBINO,Congreso de la Unión y Ángel Albino,19.46408,-99.11234,01,1242
0100C501-CUNIONHENR,Congreso de la Unión y Henry Ford,19.46764,-99.11086,01,2226
0100C501-VICTUNION,Victoria y Congreso de la Unión (base),19.46919,-99.11022,01,2227
0100C500-TORRESCRES,Av. Cerro de las Torres y Cerro Creston,19.34773,-99.13108,01,2228
0100C500-TORRESGNP,Av. Cerro de las Torres y GNP,19.34897,-99.13009,01,2229
0100C500-LACTEAMENOR,Vía Lactea y Osa Menor,19.35328,-99.12997,01,2230
0100C500-LACTEAIZTAPA,Vía Lactea y Ermita Iztapalapa,19.35827,-99.12984,01,2231
0100C500-LACTEACHURU,Vía Lactea y Río Churubusco,19.35958,-99.12991,01,2232
0100C500-MOLINARBOLE,Andrés Molina y Arboledas,19.36212,-99.12984,01,2233
0100C500-MOLINALIBRE,Andrés Molina y Municipio Libre,19.3661,-99.12973,01,1841
0100C500-MOLINANDRES,Andrés Molina y San Andrés,19.37093,-99.1296,01,2234
0100C500-MOLINALEGRE,Andrés Molina y Porto Alegre,19.37452,-99.1295,01,2235
0100C500-MOLINAPIE,Andrés Molina y Pie de la Cuesta,19.37674,-99.12943,01,2236
0100C500-MOLINAVILLA,Enriquez Molina y Playa Villa del Mar,19.38106,-99.12932,01,2237
0100C500-MOLINAROQUE,Andrés Molina y Playa Roqueta,19.38359,-99.12925,01,2238
0100C500-MOLINAERIZO,Andrés Molina y Playa Erizo,19.38555,-99.1292,01,2239
0100C500-MOLINAICACOS,Andrés Molina y Playa Icacos,19.38776,-99.12912,01,2240
0100C500-MOLINASANTIA,Andrés Molina y Santiago,19.39071,-99.12905,01,2241
0100C500-MOLINARCO,Andrés Molina y Juana de Arco,19.39432,-99.12894,01,2242
0100C500-MOLINACUNA,Andrés Molina y Manuel Acuña,19.39544,-99.12891,01,2243
0100C500-MOLINAPLUTAR,Andrés Molina y Plutarco,19.39757,-99.12886,01,2244
0100C500-MOLINANITA,Andrés Molina y Santa Anita,19.39859,-99.12884,01,2245
0100C500-MOLINACORUN,Andrés Molina y la CoruNa,19.40062,-99.12878,01,2246
0100C500-MOLINAVENTU,Andrés Molina y Ventura Tena,19.40554,-99.12866,01,2247
0100C500-MOLINACHABA,Andrés Molina y Chabacano,19.40871,-99.12769,01,2248
0100C500-VIGABERCEN,La Viga y Barcenas,19.41093,-99.12762,01,2249
0100C500-VIGATALLER,La Viga y Av. del Taller,19.41331,-99.12807,01,2250
0100C500-VIGAURRERA,La Viga y Aurrera,19.41469,-99.12792,01,2251
0100C500-VIGABOTURINI,La Viga y Lorenzo Boturini,19.41727,-99.12754,01,961
0100C500-VIGAZOQUIPA,La Viga y Zoquipa,19.41856,-99.12732,01,2252
0100C500-VIGASERVAN,La Viga y Fray Servando,19.42264,-99.12608,01,2253
0100C500-VIGAMERCED,La Viga y Metro Merced,19.42518,-99.12558,01,2254
0100C500-CIRCUNEJ1NTE,Circunvalación y Eje 1 Norte,19.44236,-99.12297,01,2255
0100C500-AVTRABAJCARI,Av. del Trabajo y Caridad,19.44434,-99.12408,01,2256
0100C500-AVTRABAJRIVE,Av. del Trabajo y Rivero,19.4468,-99.12539,01,2257
0100C500-AVTRABAJCNTE,Av. del Trabajo y Canal del Norte,19.45166,-99.12485,01,1737
0100C500-AVTRABAJOPLA,Av. del Trabajo y Platino,19.45617,-99.12365,01,2258
0100C500-BOLEOCTOINT,Boleo y Circuito Interior,19.45948,-99.12233,01,2259
0100C500-FHGOALBINO,Ferrocarril Hidalgo y Albino,19.4657,-99.11814,01,2260
0100C500-FHGOVICTORIA,Ferrocarril Hidalgo y Victoria,19.47072,-99.11477,01,2261
0100C500-FHGOTESORO,Ferrocarril Hidalgo y Tesoro,19.47222,-99.1137,01,2262
0100C500-FHGOTALISM,Ferrocarril Hidalgo y Av. Talisman,19.47518,-99.11147,01,2263
0100C500-FHGOPELICAN,Ferrocarril Hidalgo y Pelicano,19.4791,-99.10853,01,2264
0100C500-MCARRERA,Martín Carrera (base),19.4818,-99.10658,01,2265
0100C500-CERROESTR,Av. Cerro de las Torres y Cerro de la Estrella,19.34615,-99.13366,01,2266
0100C500-CERROTEZO,Av. Cerro de las Torres y Cerro Tezoyo,19.34445,-99.13643,01,2267
0100C500-MIRAMTESTAXQ,Miramontes y Taxqueña,19.34078,-99.13725,01,2268
0100C500-MORAMTESHP,Miramontes y H. Pulido,19.33323,-99.13675,01,2269
0100C500-VIRGENMIRAM,La Virgen y Miramontes,19.32996,-99.13657,01,2270
0100C500-VIRGENEUSEB,La Virgen y Eusebio de la Rosa,19.32603,-99.13098,01,2271
0100C500-VIRGENPTA4,La Virgen y Puerta 4,19.32305,-99.1265,01,2272
0100C500-NAVALVIRGEN,Escuela Naval y La Virgen,19.32222,-99.12503,01,2273
0100C500-NAVAL,Escuela Naval (base),19.32544,-99.12477,01,2274
010C1401-REVOALMZA,Revolución y Fray Juan Almanza,19.38706,-99.05313,01,2275
010C1401-REVOTERESA,Revolución y Santa Teresa,19.38842,-99.05549,01,2276
010C1401-JUANREVOL,Canal de San Juan y Revolución,19.39064,-99.05945,01,2277
010C1401-SUR20JUAN,Sur 20 y Canal de San Juan,19.38962,-99.05995,01,2077
010C1401-OTE259SUR20,Oriente 259 y Sur 20,19.39019,-99.0622,01,2052
010C1401-OTE259PRIV,Oriente 259 y Priv. Oriente 259,19.39202,-99.06181,01,2278
010C1401-SUR16OTE259,Sur 16 y Oriente 259,19.39265,-99.06181,01,2279
010C1401-SUR16OTE257,Sur 16 y Oriente 257,19.39292,-99.06342,01,2079
010C1401-SUR16CDAA,Sur 16 y Sur 16 2 cda.,19.39358,-99.06747,01,2280
010C1401-SUR16OTE243A,Sur 16 y Oriente 243A,19.39431,-99.07189,01,2281
010C1401-SUR16ROJO,Sur 16 y Rojo Gómez,19.39457,-99.07349,01,2282
010C1401-SUR16OTE239,Sur 16 y Oriente 239,19.39473,-99.07449,01,2283
010C1401-SUR16OTE237,Sur 16 y Oriente 237,19.39501,-99.07608,01,2284
010C1401-SUR16OTE233,Sur 16 y Oriente 233,19.39546,-99.07881,01,2285
010C1401-SUR16OTE229,Sur 16 y Oriente 229,19.39585,-99.08114,01,2038
010C1401-OTE217SUR16,Oriente 217 y Sur16,19.39613,-99.08333,01,2286
010C1401-OTE217SUR20,Oriente 217 y Sur 20,19.3936,-99.08383,01,2287
010C1401-OTE217FERRO,Oriente 217 y Ferrocarril del Río Frío,19.39241,-99.08403,01,1977
010C1401-SUR187TE,Sur 187 y Av. Te,19.39341,-99.08986,01,2288
010C1401-OTE217CALL30,Oriente 217 y Calle 30,19.39108,-99.08428,01,2289
010C1401-OTE102SUR187,Oriente 102 y Sur 187,19.39322,-99.09006,01,2288
010C1401-OTE102SUR181,Oriente 102 y Sur 181,19.39334,-99.09127,01,2290
010C1401-OTE102SUR173,Oriente 102 y Sur 173,19.39347,-99.09272,01,2291
010C1401-SUR157OTE102,Sur 157 y Oriente 102,19.39391,-99.09556,01,2292
010C1401-TESUR157,Av. Te y Sur 157,19.39637,-99.09556,01,2293
010C1401-TEIZTACALCO,Av. Te y Delegación Iztacalco,19.3966,-99.09746,01,2294
010C1401-CHURUPLUTAR,Río Churubusco y Plutarco Elias,19.39667,-99.09858,01,2295
010C1401-CHURUCANELA,Río Churubusco y Canela,19.39805,-99.09909,01,2296
010C1401-VAINICHURUB,Vainilla y Río Churubusco,19.40013,-99.09884,01,2009
010C1401-AZAFRANVAINI,Azafrán y Vainilla,19.40116,-99.10088,01,2297
010C1401-CHICLEAZAF,Chicle y Azafrán,19.40223,-99.10743,01,2298
010C1401-ANILCHICLE,Añil y Chicle,19.4042,-99.10827,01,2299
010C1401-ANILAZUCAR,Añil y Azúcar,19.40511,-99.1139,01,2300
010C1401-VIADUCTOAZU,Viaducto y Azúcar,19.40546,-99.11426,01,2301
010C1401-MAYOVIADUC,1 de Mayo y Viaducto,19.40527,-99.11717,01,2302
010C1401-COYUYAPLU,Coyuya y Plutarco Elias,19.39853,-99.11491,01,2303
010C1401-COYUYAMAYO,Coyuya y 1 de Mayo,19.40105,-99.11675,01,2304
010C1401-COYUYAHIDAL,Coyuya y Av. Hidalgo,19.40209,-99.11799,01,2305
010C1401-VIADUCUNION2,Viaducto y Congreso de la Unión 2,19.40469,-99.12047,01,2306
010C1401-VIADUCUNION,Viaducto y Congreso de la Unión,19.4046,-99.12238,01,2307
010C1401-VIADUCVIGA,Viaducto y La Viga,19.40404,-99.12594,01,2308
010C1401-VIADUCTO73,Viaducto y Sur 73,19.40351,-99.12802,01,2309
010C1401-MOLINATENA,Andrés Molina y Ventura Tena,19.40587,-99.12876,01,2247
010C1401-VIGALEGRE,La Viga y Fco. Alegre,19.40921,-99.12762,01,2310
010C1401-VIGAVILLAURR,La Viga y Villaurrutia,19.41263,-99.1281,01,2311
010C1401-NAJERATALLEr,Gutiérrez Nájera y Av. del Taller,19.41361,-99.12836,01,2250
010C1401-NAJERAVIGA,Gutiérrez Nájera y La Viga,19.41457,-99.12825,01,2251
010C1401-NAJERAXOCO,Gutiérrez Nájera y Xocongo,19.41481,-99.13057,01,2312
010C1400-MANUNAJE,Manuel Gutiérrez Nájera (base),19.41511,-99.13419,01,2313
010C1400-TLALPANTALLE,Tlalpan y Av. del Taller,19.41318,-99.13481,01,2314
010C1400-CHABAD,Chabacano y San Antonio Abad,19.40853,-99.13531,01,2315
010C1400-CHABATORRE,Chabacano y J. A. Torres,19.40863,-99.13332,01,1969
010C1400-CALZCHASOTE,Calz. Chabacano y José Sotero,19.40879,-99.13108,01,2316
010C1400-CALZCHATOPA,Calz. Chabacano y Topacio,19.40889,-99.12974,01,2317
010C1400-MORELOSVIGA,Av. Morelos y La Viga,19.40903,-99.12648,01,2318
010C1400-MORELOSUNION,Av. Morelos y Congreso de la Unión,19.40928,-99.12141,01,2319
010C1400-MORELOSBRAVO,Av. Morelos y Nicolas Bravo,19.40919,-99.11972,01,2017
010C1400-MORELOSINDUS,Av. Morelos e Industria,19.40874,-99.11568,01,2016
010C1400-MORELOSPASO,Av. Morelos y Fco. del Paso y Troncoso,19.40847,-99.11257,01,2320
010C1400-MORELOSIGLE,Av. Morelos y Fernando Iglesias,19.40842,-99.10898,01,2321
010C1400-MORELOSTREVI,Av. Morelos y Radames TreviNo,19.40841,-99.10503,01,2013
010C1400-ANILPIEDAD,Añil y Río de la Piedad,19.40771,-99.10312,01,2322
010C1400-ANILENSED,Añil y ENSED,19.40634,-99.10254,01,2012
010C1400-ANILPTA6,Añil y Puerta 6,19.40409,-99.10133,01,2323
010C1400-ANILDEPORT,Añil y Palacio de los Deportes,19.40306,-99.09898,01,2010
010C1400-ANILCHURUB,Añil y Río Churubusco,19.40282,-99.09747,01,2005
010C1400-ANILRESINA,Añil y Resina,19.4021,-99.09263,01,2324
010C1400-ANILPTA8SOL,Añil y Puerta 8 Foro Sol,19.40115,-99.09108,01,2325
010C1400-ANILCENTENO,Añil y Centeno,19.39892,-99.08926,01,2326
010C1400-ANILCANELA,Añil y Canela,19.39635,-99.08909,01,2327
010C1400-VAINITRIGO,Vainilla y Trigo,19.39501,-99.08855,01,2328
010C1400-VAINICHURU,Vainilla y Río Churubusco,19.3941,-99.0869,01,1038
010C1400-FRIOCHURUBU,Río Frío y Río Churubusco,19.39371,-99.08618,01,2329
010C1400-ERNESTOFRIO,Ernesto P. Uruchurtu y Río Frío,19.39314,-99.085,01,2330
010C1400-ERNESTOC16,Ernesto P. Uruchurtu y Calle 16,19.39467,-99.08395,01,2331
010C1400-SUR16OTE229,Sur 16 y Oriente 229,19.39592,-99.08085,01,2038
010C1400-SUR16OTE233,Sur 16 y Oriente 233,19.39555,-99.07854,01,2285
010C1400-SUR16OTE233A,Sur 16 y Oriente 233A,19.39527,-99.07688,01,2332
010C1400-SUR16OTE237,Sur 16 y Oriente 237,19.39509,-99.07577,01,2284
010C1400-SUR16OTE239,Sur 16 y Oriente 239,19.39486,-99.07437,01,2283
010C1400-SUR16ROJO,Sur 16 y Rojo Gómez,19.39464,-99.07312,01,2282
010C1400-SUR16OTE243,Sur 16 y Oriente 243,19.39432,-99.0712,01,2333
010C1400-SUR16OTE249,Sur 16 y Oriente 249,19.39381,-99.06812,01,2334
010C1400-SUR16SUR12C,Sur 16 y Sur 12C,19.39316,-99.06413,01,2335
010C1400-SUR16OTE257,Sur 16 y Oriente 257,19.39294,-99.06286,01,2053
010C1400-SUR16OTE259,Sur 16 y Oriente 259,19.39276,-99.0618,01,2279
010C1400-SUR16AOTE259,Sur 16A y Oriente 259,19.39226,-99.0616,01,2278
010C1400-CANALJUANZA,Canal de San Juan y Zaragoza,19.39742,-99.05852,01,1516
010C1400-CANJUAN3CDA,Canal de San Juan y 3 cda. de Canal de San Juan,19.39313,-99.05904,01,2336
010C1400-CANALJUANSUR,Canal de San Juan y Sur 16A,19.39197,-99.0595,01,2337
010C1400-REVOLSTATERE,Revolución y Santa Teresa,19.38842,-99.05537,01,2276
010C1400-JALMAZREVO,FRay Jesús Almaza y Revolución,19.38718,-99.05305,01,2275
010C1400-JALMAZMHIDAL,Fray Jesús Almaza y Miguel Hidalgo,19.38845,-99.05237,01,2338
010C1400-JALMAZ7CDA,Fray Jesús Almaza y 7 cda. Fray Jesús Almaza,19.3889,-99.05214,01,2339
010C1400-JALMAZ4CDA,Fray Jesús Almaza y 4 cda. Fray Jesús,19.3901,-99.05155,01,2340
010C1400-JALMAZARAGO,Fray Jesús Almaza y Zaragoza (base),19.3925,-99.05035,01,2341
010C1221-ROSASJOAQU,Rosas Moreno y Joaquín García I,19.44084,-99.16072,01,2342
010C1221-ROSASCOSME,Rosas Moreno y Ribera de San Cosme,19.44159,-99.16052,01,1456
010C1211-MILITARES,Ingenierons Militares y Transmisiones Militares,19.45626,-99.21543,01,1427
010C1210-TOREO,CETRAM Toreo,19.4585,-99.2154,01,2343
010C1210-PERIFEVELAZ,Periférico y Antonio Velázquez,19.45132000000001,-99.21977,01,877
010C1210-REYESPERIF,Reyes Epinola y Periférico,19.44909,-99.21988,01,2151
010C1210-REYESTORRES,Reyes Espinola y García Torres,19.44883,-99.21817,01,2344
010C1201-ARRIACOLO,Ponciano Arriaga y Luis Donaldo Colosio,19.4422,-99.15232,01,2345
010C1201-ARRIALVARADO,Ponciano Arriaga y Puente de Alvarado,19.43859,-99.15331,01,2346
010C1201-ALVAEDIARRIA,Tomas Alva Edison y Ponciano Arriaga,19.43738,-99.1541,01,282
010C1201-ALVAEDIMONTE,Tomas ALva Edison y Ezequiel Montes,19.43796,-99.15601,01,2347
010C1201-ALVAEDINS,Tomas Alva Edison e Insurgentes,19.43817,-99.15664,01,2348
010C1201-HERRYSERAPIO,Alfonso Herrera y Serapio Rendón,19.43918,-99.15928,01,2349
010C1201-HERRYSCHUL,Alfonso Herrera y Miguel Schultz,19.43944,-99.16038,01,2350
010C1201-ROSASYHERR,Rosas Moreno y Alfonso Herrera,19.43957,-99.16109,01,2351
010C1201-ROSASPRIETO,Rosas Moreno y Guillermo Prieto,19.43706,-99.16175,01,2352
010C1201-VIAYROSAS,Parque Via y Rosas Moreno,19.43382,-99.1628,01,2353
010C1201-VIAMANUEL,Parque Via y Manuel María Contreras,19.43481,-99.16604,01,2354
010C1201-VIAYRIO,Parque Via y Río Amoy,19.43506,-99.16665,01,2355
010C1201-MARNALASEN,Marina Nacional y Bahía de Ascención y Base Pemex,19.43819,-99.17301,01,2356
010C1201-MARNALHIPO,Marina Nacional y Bahía de San Hipolito,19.44037,-99.17603,01,2357
010C1201-MAYRANNAL,Laguna de Mayran y Marina Nacional,19.44054,-99.17643,01,2357
010C1201-XOCHIMAYRAN,Lago Xochimilco y Laguna de Mayran,19.44081,-99.17897,01,2358
010C1201-BETOXOCHI,Lago Alberto y Lago Xochimilco,19.43864,-99.17961,01,2359
010C1201-BETOISEO,Lago Alberto y Lago Iseo,19.43941,-99.18253,01,2360
010C1201-BETOESCOB,Lago Alberto y Mariano Escobedo,19.43967,-99.18383,01,1162
010C1201-BETOMAYOR,Lago Alberto y Lago Mayor,19.43999,-99.18692,01,2361
010C1201-BETOMODELO,Lago Alberto y Grupo Modelo,19.44028,-99.1892,01,2362
010C1201-MCERVSJOA,Miguel de Cervantes S. y Río San Joaquín,19.44056,-99.19105,01,2363
010C1201-MCERVSMERU,Miguel de Cervantes S. y Lago Meru,19.4406,-99.19144,01,2363
010C1201-MCERVSTAN,Miguel de Cervantes S. y Lago TangaNica,19.44068,-99.19291,01,2364
010C1201-MCERVSVICT,Miguel de Cervantes S. y Lago Victoria,19.44073,-99.19397,01,2365
010C1201-MCERVSFILT,Miguel de Cervantes S. y Lago Filt,19.44082,-99.19634,01,2366
010C1201-MCERVSPDA,Miguel de Cervantes S. y Privada de Cervantes,19.44091,-99.19883,01,2367
010C1201-MCERVSMOLI,Miguel de Cervantes S. y Moliere,19.44032,-99.20107,01,2368
010C1201-MCERVSZURI,Miguel de Cervantes S. y Lago Zurich,19.44002,-99.20312,01,2369
010C1201-MCERVSFERR,Miguel de Cervantes S. y Ferrocarril de Cuernavaca,19.4401,-99.20478,01,2370
010C1201-MCERVSFALCO,Miguel de Cervantes S. y Presa Falcón,19.44012,-99.20549,01,2371
010C1201-MCERVSANGO,Miguel de Cervantes S. y Presa la Angostura,19.44028,-99.20798,01,2372
010C1201-MCERVSPALM,Miguel de Cervantes S. y Presa Palmito,19.44046,-99.20847,01,2373
010C1201-MCERVSMART,Miguel de Cervantes S. y Presa Don Martín,19.44113,-99.21023,01,2374
010C1201-MCERVSPABE,Miguel de Cervantes S. y Presa Pabellón,19.44169,-99.21167,01,2375
010C1201-SOLISLEGAR,Presa Solis y Legaria,19.44384,-99.21275,01,2376
010C1201-SALINILSOLIS,Presa Salinillas y Presa Solis,19.444370000000006,-99.21273,01,2377
010C1201-SOTELOAMIST,Lomas de Sotelo y Presa Amistad,19.44762,-99.21274,01,2378
010C1201-GAONASOTELO,Rodolfo Gaona y Lomas de Sotelo,19.44718,-99.21547,01,2379
010C1201-GAONAMILITAR,Rodolfo Gaona e Ingenieros Militares,19.44998,-99.21701,01,2380
010C1200-LOMASLORETO,Lomas de Sotelo,19.45158,-99.21789,01,2381
010C1200-GAONA9,Rodolfo Gaona y Calle 9,19.44809,-99.2157,01,2382
010C1200-GAONASOTELO,Rodolfo Gaona y Lomas de Sotelo,19.44711,-99.21517,01,2379
010C1200-TEPUXSOTELO,Presa de Tepuxtepec y Lomas de Sotelo,19.44666,-99.21506,01,2383
010C1200-SALINILTEPUX,Presa Salinillas y Presa Tepuxtepec,19.44471,-99.21452,01,2384
010C1200-SOLISALINILL,Presa Solis y Presa Salinillas,19.44438,-99.21254,01,2377
010C1200-SOLISLEGARIA,Presa Solis y Legaria,19.44337,-99.21259,01,2385
010C1200-MCERVSSOLIS,Miguel de Cervantes S. y Presa Solis,19.442,-99.21257,01,2386
010C1200-MCERVSPABE,Miguel de Cervantes S. y Presa Pabellón,19.44189,-99.21151,01,2375
010C1200-MCERVSESCAM,Miguel de Cervantes S. y Presa Escame,19.44162,-99.21086,01,2387
010C1200-MCERVSANGOS,Miguel de Cervantes S. y Presa La Angostura,19.44041,-99.20722,01,2388
010C1200-MCERVSPRESA,Miguel de Cervantes S. y Presa Falcón,19.44032,-99.20494,01,2370
010C1200-MCERVSZURI,Miguel de Cervantes S. y Lago Zurich,19.44019,-99.20254,01,2389
010C1200-MCERVSMOLI,Miguel de Cervantes S. y Moliere,19.4408,-99.20052,01,2390
010C1200-MCERVSPDA,Miguel de Cervantes S. y Privada Cervantes,19.44113,-99.1982,01,2391
010C1200-MCERVSFILT,Miguel de Cervantes S. y Lago Filt,19.44102,-99.19573,01,2392
010C1200-MCERVASVICT,Miguel de Cervantes S. y Lago Victoria,19.44092,-99.1935,01,2393
010C1200-MCERVANS,Miguel de Cervantes S. y Río San Joaquín,19.44082,-99.1913,01,2363
010C1200-LBETORIOJOA,Lago Alberto y Río San Joaquín,19.44066,-99.19043,01,2394
010C1200-LAGOBETOMAYO,Lago Alberto y Lago Mayor,19.44022,-99.18683,01,2361
010C1200-LAGOBETOESCO,Lago Alberto y Mariano Escobedo,19.43976,-99.18331,01,2395
010C1200-LAGOBETOISEO,Lago Alberto y Lago Iseo,19.4394,-99.18193,01,2396
010C1200-LAGOBETOMUN,Lago Alberto y Lago Muritz,19.43916,-99.18102,01,2397
010C1200-LAGOBETOXOC,Lago Alberto y Lago Xochimilco,19.43872,-99.17927,01,2359
010C1200-BAHIAHIPOBE,Bahía de San Hipolito y Lago Alberto,19.43848,-99.17793,01,2398
010C1200-BAHIAHIPO,Bahía de San Hipolito y Bahía del Espíritu Santo,19.4395,-99.17711,01,2399
010C1200-BAHIAMARNAL,Bahía de San Hipolito y Marina Nacional,19.44041,-99.17639,01,2357
010C1200-MARNALMAYR,Marina Nacional y Laguna Mayran,19.4404,-99.17563,01,2357
010C1200-MARNALZIRA,Marina Nacional y lago Zirahuen y  Base Pemex,19.43898,-99.17365,01,2400
010C1200MARNALPATZ,Marina Nacional y Lago Patzcuaro,19.43829,-99.17259,01,2356
010C1200-MARINANALTLA,Marina Nacional y Tlaloc,19.43745,-99.17128,01,2401
010C1200-ACASOLEON,Antonio Caso y Joaquín Velázquez de León,19.43566,-99.16661,01,2402
010C1200-ACASOYMANUC,Antonio Caso y Manuel María Contreras,19.4355,-99.16546,01,2403
010C1200-ACASOYGABINO,Antonio Caso y Gabino Barreda,19.43535,-99.16437,01,2404
010C1200-ACASOYMANUAL,Antonio Caso y Manuel Altamirano,19.43519,-99.16321,01,2405
010C1200-ACASOYROSAS,Antonio Caso y Rosas Moreno,19.43502,-99.16211,01,2406
010C1200-MSCHULTZCASO,Miguel Schultz y Antonio Caso,19.43507,-99.16158,01,2407
010C1200-MSCHULTZPRIE,Miguel Schultz y Guillermo Prieto,19.43765,-99.16084,01,2408
010C1200-MSCHULTZHER,Miguel Schultz y Alfonso Herrera,19.43963,-99.16027,01,2350
010C1200-MSANCOSME,Metro San Cosme,19.44172,-99.16072,01,1456
010C1200-SCHULTZCOSM,Miguel Schultz y Ribera de San Cosme,19.44126,-99.15968,01,2409
010C1200-COSMEBODET,Ribera de San Cosme y Torres Bodet,19.44145,-99.15927,01,2409
010C1200-DRALTSANCOS,Dr. Alt y Ribera de San Cosme,19.44109,-99.15775,01,2410
010C1200-SORJUANAENRI,Sor Juana de la Cruz y Enrique González,19.4448,-99.15565,01,2411
010C1200-JMENEINSUR,J. Meneses e Insurgentes,19.4445,-99.15365,01,2412
010C1200-NTEALDAMA,Norte y Aldama,19.4458,-99.15067,01,1693
010C120-CETRAMBUENA,CETRAM Buenavista,19.44559,-99.15155,01,2413
01ITEC11-PIRUL,Pirul,19.52738,-99.1898,01,2414
01ITEC11-FES,FES,19.52542,-99.19035,01,2415
01ITEC11-IGLESIA,Iglesia,19.52184,-99.18976,01,2416
01ITEC11-OXXO,Oxxo,19.51806,-99.1891,01,2417
01ITEC11-EJEOTHON,Eje Central y Othon de Mendizabal,19.50472,-99.15029,01,2418
01ITEC11-EJEMTAMAZA,Eje Central y Margarita Maza de Juárez,19.50824,-99.15168,01,2419
01ITEC11-EJEJUPITER,Eje Central y Jupiter,19.51128,-99.15289,01,2420
01ITEC11-EJEPROGRESO,Eje Central y Progreso Nacional,19.5178,-99.15586,01,2421
01ITEC11-EJECALLE28,Eje Central y Calle 28,19.519820000000006,-99.15669,01,2422
01ITEC11-EJECALLE14,Eje Central y Calle 14,19.52156,-99.15743,01,2423
01ITEC11-EJECALLE12,Eje Central y Calle 12,19.52282,-99.15789,01,2424
01ITEC11-TENAYUCAECDA,Tenayuca y 3 cerrada,19.52792,-99.16182,01,2425
01ITEC11-COVADONGA,Covadonga,19.53314,-99.18051,01,196
01ITEC11-SUBURBANO,Suburbano,19.53481,-99.18697,01,2426
01ITEC11-TLALNE,Tlalne,19.53419,-99.18701,01,2427
01ITEC11-TECTLANE,TEC Tlane,19.53201,-99.18709,01,2428
01ITEC11-GLORIETA,Glorieta,19.53071,-99.18751,01,2429
01ITEC10-MPOLI,Metro Politécnico ,19.50095,-99.1486,01,325
01ITEC10-WMASSIPOLI,Wilfrido Massieu y Unidad Politécnico,19.49811,-99.14421,01,2430
01ITEC10-WMASSCIENBIO,Wilfrido Massieu y Ciencias Biológicas,19.49882,-99.14594,01,2431
01ITEC10-EJEMASSIEU,Eje Central y Wilfrido Massieu,19.499,-99.14804,01,2432
01ITEC10-EJEMONTEVID,Eje Central y Montevideo,19.49389,-99.147,01,2433
01ITEC10-EJEPTE152,Eje Central y Poniente 152,19.49971,-99.14929,01,2434
01ITEC10-EJECTRALOTH,Eje Central y Miguel Othón,19.50531,-99.15152,01,2435
01ITEC10-EJECTRALYMTA,Eje Central y Margarita Maza de Juárez,19.50826,-99.15269,01,2436
01ITEC10-EJECTRALJUPI,Eje Central y Jupiter,19.51129,-99.15389,01,2437
01ITEC10-PERLI21,Perlillar y calle 21,19.51627,-99.15646,01,2438
01ITEC10-PERLI15,Perlillar y calle 15,19.51765,-99.15924,01,2439
01ITEC10-AV3ACALZVALL,Av. 3A y Calz. Vallejo,19.51876,-99.16304,01,220
01ITEC10-AV3A16A,Avv. 3A y 16A,19.5219,-99.16743,01,2440
01ITEC10-AV3AIGLESIA,Av. 3A e Iglesia,19.52366,-99.16948,01,2441
01ITEC10-SANJUANIXTA,Camino a San Juan Ixtacala,19.52623,-99.1725,01,199
01ITEC10-ALEJANDRINA,Alejandrina,19.52989,-99.17812,01,2442
01ITEC10-COVADONG,Covadonga,19.53276,-99.18089,01,196
01ITEC10-TECTLANE,TEC Tlane,19.53176,-99.18688,01,2428
01ITEC10-ARBOL,Arbol,19.52989,-99.18745,01,2443
01ITEC10-PIRUL,Pirul,19.52719,-99.18967,01,2414
01ITEC10-FES,FES ,19.5251,-99.19007,01,2415
01ITEC10-IGLESIA,Iglesia,19.52166,-99.18945,01,2416
01ITEC10-OXXO,Oxxo,19.518,-99.18891,01,2417
01ITEC10-REYESIZTACA,Reyes Iztacala,19.5157,-99.18873,01,2444
020L12-TLAHUAC,Tláhuac,19.28602,-99.0142,02,3716
020L12-TLALTENCO,Tlaltenco,19.29435,-99.02403,02,3717
020L12-ZAPOTITLAN,Zapotitlán,19.29666,-99.03431,02,3718
020L12-NOPALERA,Nopalera,19.29996,-99.04599,02,3719
020L12-OLIVOS,Olivos,19.30432,-99.05951,02,3720
020L12-TEZONCO,Tezonco,19.30631,-99.06527,02,3721
020L12-PERIFERICOOTE,Periférico Oriente,19.31761,-99.07451,02,3722
020L12-CALLE11,Calle 11,19.32047,-99.08587,02,3723
020L12-LOMASESTRELLA,Lomas Estrella,19.32215,-99.09575,02,3724
020L12-SANANDRESTO,San Andrés Tomatlán,19.32815,-99.10452,02,3725
020L12-CULHUACAN,Culhuacán,19.33685,-99.10896,02,3726
020L12-ATLALILCO,Atlalilco,19.35275,-99.10624,02,3727
020L12-MEXICALTZINGO,Mexicaltzingo,19.35776,-99.12314,02,3728
020L12-ERMITA,Ermita,19.359820000000006,-99.14163,02,3729
020L12-EJECENTRAL,Eje Central,19.36134,-99.15142,02,3730
020L12-PARQUEVENADOS,Parque de los Venados,19.37066,-99.15872,02,3731
020L12-ZAPATA,Zapata,19.37085,-99.1656,02,3732
020L12-HOSPITAL20,Hospital 20 de Noviembre,19.37201,-99.17088,02,3733
020L12-INSURGENTESSUR,Insurgentes Sur,19.37355,-99.17825,02,3734
020L12-MIXCOAC,Mixcoac,19.3757,-99.18673,02,3735
0200LB-BUENAVISTA,Buenavista,19.44619,-99.15235,02,3736
0200LB-GUERRERO,Guerrero,19.44514,-99.14614,02,3737
0200LB-GARIBALDI,Garibaldi y Lagunilla,19.44389,-99.13787,02,3738
0200LB-LAGUNILLA,Lagunilla,19.44322,-99.13023,02,3739
0200LB-TEPITO,Tepito,19.44279,-99.12407,02,3740
0200LB-MORELOS,Morelos,19.43917,-99.11957,02,3741
0200LB-SANLAZARO,San Lázaro,19.43237,-99.11296,02,3742
0200LB-RFLORESMAGON,Ricardo Flores Magón,19.43657,-99.10371,02,3743
0200LB-ROMERORUBIO,Romero Rubio,19.44084,-99.0942,02,3744
0200LB-OCEANIA,Oceanía,19.44569,-99.08722,02,3745
0200LB-DPVOOCEANIA,Deportivo Oceanía,19.45101,-99.07933,02,3746
0200LB-BOSQUEARAGON,Bosque de Aragón,19.45809,-99.06929,02,3747
0200LB-VILLAARAGON,Villa de Aragón,19.46167,-99.06138,02,3748
0200LB-NEZAHUALCO,Nezahualcóyotl,19.47289,-99.05461,02,3749
0200LB-IMPULSORA,Impulsora,19.48575,-99.04896,02,3750
0200LB-RIOREMEDIOS,Río de los Remedios,19.49069,-99.04679,02,3751
0200LB-MUZQUIZ,Múzquiz,19.50149,-99.04207,02,3752
0200LB-ECATEPEC,Ecatepec,19.51513,-99.03607,02,3753
0200LB-OLIMPICA,Olímpica,19.52135,-99.03334,02,3754
0200LB-PLAZAARAGON,Plaza Aragón,19.52848,-99.03018,02,3755
0200LB-CIUDADAZTECA,Ciudad Azteca,19.53451,-99.02751,02,3756
0200LA-LAPAZ,La Paz,19.35056,-98.96094,02,3757
0200LA-LOSREYES,Los Reyes,19.35904,-98.97687,02,3758
0200LA-STAMARTA,Santa Marta,19.36031,-98.99518,02,3759
0200LA-ACATITLA,Acatitla,19.36472,-99.00567,02,3760
0200LA-PENONVIEJO,Penón Viejo,19.37331,-99.01705,02,3761
0200LA-GUELATAO,Guelatao,19.38515,-99.03566,02,3762
0200LA-TEPALCATES,Tepalcates,19.39128,-99.04633,02,3763
0200LA-CANALSANJUAN,Canal de San Juan,19.39876,-99.05942,02,3764
0200LA-AGRICOLA,Agrícola Oriental,19.40462,-99.06957,02,3765
0200LA-PANTITLAN,Pantitlán,19.4153,-99.07192,02,3766
0200L9-PANTITLAN,Pantitlán,19.41535,-99.07221,02,3766
0200L9-PUEBLA,Puebla,19.40719,-99.08239,02,3767
0200L9-CIUDADDVA,Ciudad Deportiva,19.40843,-99.09125,02,3768
0200L9-VELODROMO,Velódromo,19.40854,-99.10316,02,3769
0200L9-MIXIUHCA,Mixiuhca,19.40837,-99.11297,02,3770
0200L9-JAMAICA,Jamaica,19.4091,-99.12235,02,3771
0200L9-CHABACANO,Chabacano,19.40851,-99.13397,02,3772
0200L9-LAZAROCAR,Lázaro Cárdenas,19.40722,-99.14463,02,3773
0200L9-CENTROMEDICO,Centro Médico,19.40656,-99.15603,02,3774
0200L9-CHILPANCINGO,Chilpancingo,19.40593,-99.16852,02,3775
0200L9-PATRIOTISMO,Patriotismo,19.40611,-99.17892,02,3776
0200L9-TACUBAYA,Tacubaya,19.40146,-99.18776,02,3777
0200L8-CONST1917,Constitución de 1917,19.34597,-99.0638,02,3778
0200L8-UAM-I,UAM-I,19.35106,-99.07482,02,3779
0200L8-CERROESTRELLA,Cerro de la Estrella,19.35605,-99.08562,02,3780
0200L8-IZTAPALAPA,Iztapalapa,19.35783,-99.09345,02,3781
0200L8-ATLALILCO,Atlalilco,19.35608,-99.10131,02,3782
0200L8-ESCUADRON,Escuadrón 201,19.36484,-99.10948,02,3783
0200L8-ACULCO,Aculco,19.37321,-99.1077,02,3784
0200L8-APATLACO,Apatlaco,19.3791,-99.10949,02,3785
0200L8-IZTACALCO,Iztacalco,19.38829,-99.11211,02,3786
0200L8-COYUYA,Coyuya,19.3983,-99.11348,02,3787
0200L8-STAANITA,Santa Anita,19.40412,-99.12066,02,3788
0200L8-LAVIGA,La Viga,19.40671,-99.12627,02,3789
0200L8-CHABACANO,Chabacano,19.41021,-99.13375,02,3790
0200L8-OBRERA,Obrera,19.41324,-99.14404,02,3791
0200L8-DOCTORES,Doctores,19.42155,-99.14319,02,3792
0200L8-SALTOAGUA,Salto del Agua,19.42772,-99.14185,02,3793
0200L8-SANJUANLETRAN,San Juan de Letrán,19.43158,-99.14125,02,3794
0200L8-BELLASARTES,Bellas Artes,19.43701,-99.14042,02,3795
0200L8-GARIBALDI,Garibaldi y Lagunilla,19.44400000000001,-99.139,02,3796
0200L7-BARRANCA,Barranca del Muerto,19.3615,-99.18926,02,3797
0200L7-MIXCOAC,Mixcoac,19.37626,-99.18758,02,3798
0200L7-SANANTONIO,San Antonio,19.38434,-99.18661,02,3799
0200L7-SANPEDROPINOS,San Pedro de los Pinos,19.39149,-99.18581,02,3800
0200L7-TACUBAYA,Tacubaya,19.40219,-99.18675,02,3801
0200L7-CONSTITUYENTES,Constituyentes,19.41177,-99.19135,02,3802
0200L7-AUDITORIO,Auditorio,19.42576,-99.19203,02,3803
0200L7-POLANCO,Polanco,19.43355,-99.19093,02,3804
0200L7-SANJOAQUIN,San Joaquín,19.44501,-99.19177,02,3805
0200L7-TACUBA,Tacuba,19.45823,-99.18717,02,3806
0200L7-REFINERIA,Refinería,19.46947,-99.19051,02,3807
0200L7-CAMARONES,Camarones,19.47911,-99.19004,02,3808
0200L7-AQUILESSERD,Aquiles Serdán,19.49064,-99.19535,02,3809
0200L7-ELROSARIO,El Rosario,19.50474,-99.20012,02,3810
0200L6-MARTINCARR,Martín Carrera,19.48294,-99.10748,02,3811
0200L6-LAVILLA,La Villa y Basílica,19.48174,-99.11837,02,3812
0200L6-DTVO18MARZO,Deportivo 18 de Marzo,19.48348,-99.1253,02,3813
0200L6-LINDAVISTA,Lindavista,19.48811,-99.13507,02,3814
0200L6-ITOPETROLEO,Instituto del Petróleo,19.49104,-99.14813,02,3815
0200L6-VALLEJO,Vallejo,19.48985,-99.156,02,3816
0200L6-NORTE45,Norte 45,19.48867000000001,-99.16299,02,3817
0200L6-FERRERIA,Ferrería y Arena Ciudad de México,19.49067,-99.17415,02,3818
0200L6-AZCAPOTZALCO,UAM Azcapotzalco,19.49091,-99.18627,02,3819
0200L6-TEZOZOMOC,Tezozómoc,19.4949,-99.19602,02,3820
0200L6-ELROSARIO,El Rosario,19.50463,-99.19977,02,3810
0200L5-PANTITLAN,Pantitlán,19.4151,-99.07433,02,3821
0200L5-HANGARES,Hangares,19.42435,-99.08813,02,3822
0200L5-TNALAEREA,Terminal Aérea,19.43427,-99.08808,02,3823
0200L5-OCEANIA,Oceanía,19.44502,-99.08687,02,3824
0200L5-ARAGON,Aragón,19.45126,-99.09621,02,3825
0200L5-EDUARDOMOLI,Eduardo Molina,19.4514,-99.1053,02,3826
0200L5-CONSULADO,Consulado,19.45514,-99.11354,02,3827
0200L5-VALLEGOMEZ,Valle Gómez,19.45887,-99.11949,02,3828
0200L5-MISTERIOS,Misterios,19.46311,-99.13024,02,3829
0200L5-AUTOBUSESNTE,Autobuses del Norte,19.47907,-99.14065,02,3830
0200L5-ITOPETROLEO,Instituto del Petróleo,19.48934,-99.14471,02,3831
0200L5-POLITECNICO,Politécnico,19.50068,-99.14921,02,3832
0200L4-SNTAANITA,Santa Anita,19.40289,-99.1217,02,3833
0200L4-JAMAICA,Jamaica,19.41092,-99.12174,02,3834
0200L4-FRAYSERVANDO,Fray Servando,19.42159,-99.12053,02,3835
0200L4-CANDELARIA,Candelaria,19.42876,-99.11943,02,3836
0200L4-MORELOS,Morelos,19.43966,-99.11815,02,3837
0200L4-CANALNTE,Canal del Norte,19.44895,-99.11613,02,3838
0200L4-CONSULADO,Consulado,19.45802,-99.1139,02,3839
0200L4-BONDOJITO,Bondojito,19.46463,-99.11198,02,3840
0200L4-TALISMAN,Talismán,19.47436,-99.10801,02,3841
0200L4-MARTINCARR,Martín Carrera,19.48504,-99.10437,02,3842
0200L3-UNIVERSIDAD,Universidad,19.32435,-99.17394,02,3843
0200L3-COPILCO,Copilco,19.3361,-99.17697,02,3844
0200L3-MAQ,Miguel Ángel de Quevedo,19.34625,-99.18076,02,3845
0200L3-VIVEROS,Viveros y  Derechos Humanos,19.35346,-99.176,02,3846
0200L3-COYOACAN,Coyoacán,19.36136,-99.17086,02,3847
0200L3-ZAPATA,Zapata,19.37119,-99.16451,02,3848
0200L3-DIVISIONNTE,División del Norte,19.37918,-99.15948,02,3849
0200L3-EUGENIA,Eugenia,19.38617,-99.1572,02,3850
0200L3-ETIOPIA,Etiopía y Plaza de la Transparencia,19.39592,-99.15603,02,3851
0200L3-CENTROMEDICO,Centro Médico,19.40773,-99.15515,02,3852
0200L3-HOSPITALGRAL,Hospital General,19.41376,-99.15325,02,3853
0200L3-NINOSHEROES,Niños Héroes y  Poder Judicial CDMX,19.41948,-99.15036,02,3854
0200L3-BALDERAS,Balderas,19.42648,-99.14906,02,3855
0200L3-JUAREZ,Juárez,19.43325,-99.14768,02,3856
0200L3-HIDALGO,Hidalgo,19.43738,-99.14678,02,3857
0200L3-GUERRERO,Guerrero,19.44473,-99.14519,02,3858
0200L3-TLATELOLCO,Tlatelolco,19.45506,-99.14313,02,3859
0200L3-LARAZA,La Raza,19.46888,-99.13951,02,3860
0200L3-POTRERO,Potrero,19.47719,-99.13201,02,3861
0200L3-DTVO18MARZO,Deportivo 18 de Marzo,19.48511,-99.1255,02,3862
0200L3-INDIOSVERD,Indios Verdes,19.49534,-99.11951,02,3863
0200L2-TASQUENA,Tasqueña,19.34376,-99.13953,02,3864
0200L2-GRALANAYA,General Anaya,19.35324,-99.14501,02,3865
0200L2-ERMITA,Ermita,19.36198,-99.1429,02,3866
0200L2-PORTALES,Portales,19.36992,-99.14157,02,3867
0200L2-NATIVITAS,Nativitas,19.38005,-99.14002,02,3868
0200L2-VILLADECORT,Villa de Cortés,19.38758,-99.13896,02,3869
0200L2-XOLA,Xola,19.39521,-99.13781,02,3870
0200L2-VIADUCTO,Viaducto,19.40087,-99.1369,02,3871
0200L2-CHABACANO,Chabacano,19.40918,-99.13562,02,3872
0200L2-SANANTONIO,San Antonio Abad,19.41602,-99.13454,02,3873
0200L2-PINOSUAREZ,Pino Suárez,19.42438,-99.13294,02,3874
0200L2-ZOCALO,Zócalo,19.4325,-99.13225,02,3875
0200L2-ALLENDE,Allende,19.43556,-99.13687,02,3876
0200L2-BELLASARTES,Bellas Artes,19.43638,-99.14161,02,3877
0200L2-HIDALGO,Hidalgo,19.43755,-99.14722,02,3857
0200L2-REVOLUCION,Revolución,19.43923,-99.15423,02,3878
0200L2-SANCOSME,San Cosme,19.4419,-99.16066,02,3879
0200L2-NORMAL,Normal,19.44456,-99.16727,02,3880
0200L2-COLMILITAR,Colegio Militar,19.44927,-99.17178,02,3881
0200L2-POPOTLA,Popotla,19.45291,-99.17549,02,3882
0200L2-CUITLAHUAC,Cuitláhuac,19.45725,-99.1815,02,3883
0200L2-TACUBA,Tacuba,19.45938,-99.18823,02,3884
0200L2-PANTEONES,Panteones,19.45864,-99.20295,02,3885
0200L2-CUATROCAMIN,Cuatro Caminos,19.45959,-99.21584,02,3886
0200L1-PANTITLAN,Pantitlán,19.41633,-99.07474,02,3887
0200L1-ZARAGOZA,Zaragoza,19.41192,-99.08229,02,3888
0200L1-GOMEZFARIAS,Gómez Farías,19.41648,-99.09021,02,3889
0200L1-PTOAEREO,Boulevard Puerto Aéreo,19.41994,-99.09626,02,3890
0200L1-BALBUENA,Balbuena,19.42336,-99.10277,02,3891
0200L1_MOCTEZUMA,Moctezuma,19.42685,-99.1098,02,3892
0200L1-SANLAZARO,San Lázaro,19.43006,-99.11426,02,3893
0200L1-CANDELARIA,Candelaria,19.42954,-99.12091,02,3894
0200L1-MERCED,Merced,19.42549,-99.12503,02,3895
0200L1-PINOSUAREZ,Pino Suárez,19.42592,-99.13264,02,3896
0200L1-ISABELLACA,Isabel la Católica,19.42639,-99.13783,02,3897
0200L1-SALTODELAGUA,Salto del Agua,19.42695,-99.14341,02,3898
0200L1-BALDERAS,Balderas,19.427,-99.14948,02,3899
0200L1-CUAUHTEMOC,Cuauhtémoc,19.42566,-99.1546,02,3900
0200L1-INSURGENTES,Insurgentes,19.42365,-99.16329,02,3901
0200L1-SEVILLA,Sevilla,19.42185,-99.17112,02,3902
0200L1-CHAPULTEPEC,Chapultepec ,19.42075,-99.17642,02,3903
0200L1-JUANACATLAN,Juanacatlán,19.41295,-99.18198,02,3904
0200L1-TACUBAYA,Tacubaya,19.40251,-99.18764,02,3905
0200L1-OBSERVATORIO,Observatorio,19.39828,-99.2004,02,3906
0300L7-CAMPOMARTE1,Campo Marte,19.42664,-99.19944,03,3937
0300L7-CAMPOMARTE0,Campo Marte,19.42703,-99.19946,03,3937
0300L7-AUDITORIO1,Auditorio,19.42572,-99.1936,03,3938
0300L7-AUDITORIO0,Auditorio,19.42609,-99.19339,03,3938
0300L7-ANTROPO1,Antropología,19.42462,-99.18566,03,3939
0300L7-ANTROPO0,Antropología,19.42472,-99.18441,03,3940
0300L7-GANDHI1,Gandhi,19.42389,-99.18091,03,3941
0300L7-GANDHI0,Gandhi,19.42407,-99.18014,03,3942
0300L7-CHAPU1,Chapultepec,19.42359,-99.17467,03,3943
0300L7-CHAPU0,Chapultepec,19.42406,-99.17427,03,3944
0300L7-DIANA1,La Diana,19.42459,-99.17254,03,3945
0300L7-DIANA0,La Diana,19.42563,-99.17092,03,3946
0300L7-ANGEL1,El Ángel,19.42642,-99.16866,03,3947
0300L7-ANGEL0,El Ángel,19.42665,-99.16876,03,3947
0300L7-PALMA1,Ahuehuete,19.42804,-99.16518,03,3948
0300L7-PALMA0,Ahuehuete,19.42851,-99.16479,03,3949
0300L7-HAMBURGO1,Hamburgo,19.42918,-99.16279,03,3950
0300L7-HAMBURGO0,Hamburgo,19.43005,-99.16153,03,3951
0300L7-REFORMA1,Reforma,19.43111,-99.15854,03,3952
0300L7-REFORMA0,Reforma,19.43143,-99.15871,03,3952
0300L7-PARIS1,París,19.4324,-99.15597,03,3953
0300L7-PARIS0,París,19.4326,-99.15615,03,3953
0300L7-GTACOLON1,Amajac,19.43353,-99.15358,03,3954
0300L7-GTACOLON0,Amajac,19.434,-99.15316,03,3955
0300L7-CABALLITO1,El Caballito,19.43503,-99.15039,03,3956
0300L7-CABALLITO0,El Caballito,19.43607,-99.14906,03,3957
0300L7-HIDALGO1,Hidalgo,19.43663,-99.1476,03,3958
0300L7-HIDALGO0,Hidalgo,19.43787,-99.14638,03,3959
0300L7-GTAVIOLETA1,Glorieta Violeta,19.43955,-99.1441,03,3960
0300L7-GTAVIOLETA0,Glorieta Violeta,19.44155,-99.14234,03,3961
0300L7-GARIBALDI1,Garibaldi,19.44351,-99.13955,03,3962
0300L7-GARIBALDI0,Garibaldi,19.44486,-99.1387,03,3963
0300L7-GTACUI1,Glorieta Cuitláhuac,19.44725,-99.13564,03,3912
0300L7-GTACUI0,Glorieta Cuitláhuac,19.44947,-99.13399,03,3964
0300L7-TRESCULT1,Tres Culturas,19.45072,-99.13262,03,3965
0300L7-TRESCULT0,Tres Culturas,19.45126,-99.13258,03,3966
0300L7-PERALVILLO1,Peralvillo,19.45274,-99.13102,03,3967
0300L7-PERALVILLO0,Peralvillo,19.45371,-99.13081,03,3968
0300L7-MDOBEET1,Mercado Beethoven,19.45714,-99.12928,03,3969
0300L7-MDOBEET0,Mercado Beethoven,19.45761,-99.12918,03,3970
0300L7-MISTERIOS1,Misterios,19.46107,-99.12764,03,3971
0300L7-MISTERIOS0,Misterios,19.46239,-99.12732,03,3972
0300L7-CLAVE1,Clave,19.46441,-99.12648,03,3973
0300L7-CLAVE0,Clave ,19.46494,-99.12636,03,3974
0300L7-ROBLESDZ1,Robles Domínguez,19.46684,-99.12557,03,3975
0300L7-ROBLESDZ0,Robles Domínguez,19.46862,-99.12498,03,3976
0300L7-EXCELSIOR1,Excélsior,19.47059,-99.12416,03,3977
0300L7-EXCELSIOR0,Excélsior,19.47232,-99.1236,03,3978
0300L7-NECAXA1,Necaxa,19.47514,-99.12246,03,3979
0300L7-NECAXA0,Necaxa,19.47648,-99.12203,03,3980
0300L7-TALISMAN1,Av. Talismán,19.47849,-99.1212,03,3981
0300L7-TALISMAN0,Av. Talismán,19.47899,-99.12108,03,3982
0300L7-GARRIDO1,Garrido,19.48305,-99.11948,03,3983
0300L7-GARRIDO0,Garrido,19.4835,-99.11936,03,3984
0300L7-DELGAM,Delegación Gustavo A. Madero,19.48368,-99.11392,03,3985
0300L7-HOSPINFVILL,Hospital Infantil La Villa,19.48708,-99.11381,03,3986
0300L7-MISTERIOS,De Los Misterios,19.4876,-99.11783,03,3987
0300L7-INDIOSVERDES,Indios Verdes,19.4933,-99.121,03,3988
0300L6-482,482,19.46686,-99.07552,03,3989
0300L6-414,414,19.46843,-99.07159,03,3990
0300L6-VILLARAGON,Villa de Aragón,19.464920000000006,-99.05952,03,3991
0300L6-FCOMORAZAN,Francisco Morazán,19.46705,-99.06183,03,3992
0300L6-COLBACH9,Colegio de Bachilleres 9,19.4698,-99.065,03,3993
0300L6-416OTE,416 Oriente,19.47114,-99.07091,03,3994
0300L6-PRADERA,La Pradera,19.47313,-99.06867,03,3995
0300L6-VOLCANFUEGO,Volcán de Fuego,19.47697,-99.07252,03,3996
0300L6-AMPLPROVID,Ampliación Providencia,19.47985,-99.0753,03,3997
0300L6-DVOGALEANA,Deportivo Los Galeana,19.47846,-99.07805,03,3998
0300L6-416PTE,416 Poniente,19.472520000000006,-99.07938,03,3999
0300L6-LORETOFABE,Loreto Fabela,19.4674,-99.08098,03,4000
0300L6-PBLOARAGON,Pueblo San Juan de Aragón,19.47101,-99.08636,03,4001
0300L6-CASASALEMAN,Casas Alemán,19.47432,-99.08837,03,4002
0300L6-GRANCANAL,Gran Canal,19.47709,-99.09293,03,4003
0300L6-JUANARAGON,San Juan de Aragón,19.47876,-99.09717,03,4004
0300L6-HOSPGRALVILLA,Hospital General La Villa,19.48037,-99.10119,03,4005
0300L6-MARTINCARR,Martín Carrera,19.48204,-99.10534,03,4006
0300L6-DELGAM,Delegación Gustavo A. Madero,19.48389,-99.11234,03,4007
0300L6-HOSPINFVILLA,Hospital Infantil La Villa,19.48804,-99.1147,03,4008
0300L6-MISTERIOS,De Los Misterios,19.48721,-99.11795,03,3987
0300L6-VILLA,La Villa,19.48543,-99.1196,03,4009
0300L6-DVO18MZO,Deportivo 18 de Marzo,19.4866,-99.1224,03,4010
0300L6-RIOBAMBA,Riobamba,19.48865,-99.1279,03,4011
0300L6-IPN,Instituto Politécnico Nacional,19.49043,-99.13265,03,4012
0300L6-BARTOLO,San Bartolo,19.49196,-99.13911,03,4013
0300L6-INSTPETRO,Instituto del Petróleo,19.49315,-99.14517,03,4014
0300L6-LIND-VALLEJO,Lindavista - Vallejo,19.49378,-99.14804,03,4015
0300L6-MONTEVIDEO,Montevideo,19.49488,-99.15306,03,4016
0300L6-NTE45,Norte 45,19.49635,-99.15975,03,4017
0300L6-NTE59,Norte 59,19.49762,-99.16555,03,4018
0300L6-TECNOPARQUE,Tecnoparque,19.50247,-99.17888,03,4019
0300L6-UAMAZCAPOTZ,UAM Azcapotzalco,19.50401,-99.18399,03,4020
0300L6-FERRONALES,Ferocarriles Nacionales,19.50487,-99.1886,03,4021
0300L6-CULTURAS,De Las Culturas,19.51094,-99.19261,03,4022
0300L6-COLBACH1,Colegio de Bachilleres 1,19.51164,-99.19731,03,4023
0300L6-ROSARIO,El Rosario,19.50717,-99.19955,03,4024
0300L5-PREPA1,Preparatoria 1,19.27351,-99.12051,03,4025
0300L5-DIFXOCHIMIL,DIF Xochimilco,19.27747,-99.11809,03,4026
0300L5-CTOCUEMANCO,Circuito Cuemanco,19.28104,-99.1168,03,4027
0300L5-MUYUGUARDA,Muyuguarda,19.28522,-99.11549,03,4028
0300L5-CANAVERALES,Cañaverales,19.29541,-99.11449,03,4029
0300L5-CALZHUESO,Calzada del Hueso,19.30091,-99.11354,03,4030
0300L5-VISTAHERMOSA,Vista Hermosa,19.30681,-99.11179,03,4031
0300L5-BOMBAS,Las Bombas,19.31147,-99.11074,03,4032
0300L5-TEPETLAPA,Tepetlapa,19.31634,-99.11163,03,4033
0300L5-VIRGEN,La Virgen,19.32068,-99.11362,03,4034
0300L5-MANUELASAENZ,Manuela Sáenz,19.32421,-99.11397,03,4035
0300L5-ESIMECULHUACAN,ESIME Culhuacán,19.32921,-99.11354,03,4036
0300L5-CAFETALES,Cafetales,19.33372,-99.11315,03,4037
0300L5-CALZTASQUENA,Calzada Taxqueña,19.33876,-99.113,03,4038
0300L5-BARRIOSANANTO,Barrio San Antonio,19.34313,-99.11244,03,4039
0300L5-PUEBLOREYES,Pueblo los Reyes,19.34798,-99.11134,03,4040
0300L5-ERMITAIZTAPA,Ermita Iztapalapa,19.35663,-99.11134,03,4041
0300L5-ATANASIOSARA,Atanasio G. Saravia,19.36126,-99.11028,03,4042
0300L5-ESCUADRON201,Escuadrón 201,19.36604,-99.10919,03,4043
0300L5-OTE116,Oriente 116,19.39026,-99.11266,03,4044
0300L5-MCOYUYA,Metro Coyuya,19.39939,-99.11353,03,4045
0300L5-HTALGRALTRONCO,Hospital General Troncoso,19.40546,-99.11357,03,4046
0300L5-MIXIUHCA,Mixiuhca,19.4082,-99.11328,03,4047
0300L5-AVTALLER,Avenida del Taller,19.41278,-99.11282,03,4048
0300L5-VENUSTIANOCARR,Venustiano Carranza,19.41837,-99.11222,03,4049
0300L5-SANLAZARO,San Lázaro Norte,19.43122,-99.1152,03,4050
0300L5-ARCHGRALNAC,Archivo General de la Nación,19.43726,-99.11438,03,4051
0300L5-MDOMORELOS,Mercado Morelos,19.44128,-99.11343,03,4052
0300L5-DVOEDOMOLINA,Deportivo Eduardo Molina,19.44478,-99.11212,03,4053
0300L5-CANALNTE,Canal del Norte,19.4496,-99.11037,03,4054
0300L5-RIOREMEDIOS,Río de los Remedios,19.50711,-99.08593,03,4055
0300L4-ALAMEDAOTE,Alameda Oriente,19.43077,-99.05338,03,4056
0300L4-CALLE6,Calle 6,19.42111,-99.05852,03,4057
0300L4-PANTITLAN,Pantitlán,19.41707,-99.07345,03,4058
0300L4-AEROT2,Terminal 2 - Aeropuerto,19.42148,-99.07725,03,4059
0300L4-AEROT1,Terminal 1 - Aeropuerto,19.43531,-99.08367,03,4060
0300L4-LAZARO1,San Lázaro Oriente,19.43091,-99.11517,03,4050
0300L4-LAZARO0,San Lázaro,19.43112,-99.11543,03,4050
0300L4-ARCHGRALNAC1,Archivo General de la Nación,19.43497,-99.11462,03,4061
0300L4-ARCHGRALNAC0,Archivo General de la Nación,19.43536,-99.11518,03,4062
0300L4-MORELOS1,Morelos,19.43579,-99.11824,03,4063
0300L4-MORELOS0,Morelos,19.43581,-99.119,03,4064
0300L4-FERROCINT1,Ferrocarril de Cintura,19.43614,-99.12081,03,4065
0300L4-FERROCINT0,Ferrocarril de Cintura,19.436,-99.12161,03,4066
0300L4-MIXCALCO1,Mixcalco,19.43636,-99.12341,03,4067
0300L4-MIXCALCO0,Mixcalco,19.43632,-99.12416,03,4068
0300L4-TEATROPUEB1,Teatro del Pueblo,19.43685,-99.12704,03,4069
0300L4-TEATROPUEB0,Teatro del Pueblo,19.436770000000006,-99.12762,03,4070
0300L4-REPARGEN1,República de Argentina,19.43736,-99.13119,03,4071
0300L4-REPARGEN0,República de Argentina,19.43741,-99.132,03,4072
0300L4-REPCHILE1,República de Chile,19.43788,-99.13502,03,4073
0300L4-REPCHILE0,República de Chile,19.43797,-99.1359,03,4074
0300L4-TEATROBLAN1,Teatro Blanquita,19.43843,-99.13908,03,4075
0300L4-TEATROBLAN0,Teatro Blanquita,19.43864,-99.13997,03,4076
0300L4-BELLASARTES1,Bellas Artes,19.43641,-99.14172,03,4077
0300L4-BELLASARTES0,Bellas Artes,19.43641,-99.14182,03,4077
0300L4-HIDALGO1,Hidalgo,19.4373,-99.14615,03,4078
0300L4-HIDALGO0,Hidalgo ,19.43728,-99.14621,03,4078
0300L4-MUSEOSCARL1,Museo San Carlos,19.43823,-99.1506,03,4079
0300L4-MUSEOSCARL0,Museo San Carlos,19.438270000000006,-99.15078,03,4079
0300L4-MOCTEZUMA,Moctezuma,19.42689,-99.11198,03,4080
0300L4-EDOMOLINA,Eduardo Molina,19.42718,-99.11623,03,4081
0300L4-HOSPBALBUE,Hospital Balbuena,19.4251,-99.11615,03,4082
0300L4-CECILIOROB1,Cecilio Robelo,19.42548,-99.11904,03,4083
0300L4-CECILIOROB0,Cecilio Robelo,19.42517,-99.11987,03,4084
0300L4-MDOSONORA1,Mercado de Sonora,19.42324,-99.12341,03,4085
0300L4-MDOSONORA0,Mercado de Sonora,19.42318,-99.12392,03,4086
0300L4-CIRCUNVALA,Circunvalación,19.42834,-99.12552,03,4087
0300L4-MERCED,La Merced,19.42545,-99.12595,03,4088
0300L4-CRUCESNTE,Las Cruces Norte,19.4287,-99.12927,03,4089
0300L4-CRUCESSUR,Las Cruces Sur,19.42616,-99.12992,03,4090
0300L4-PINOSUAREZ,Pino Suárez,19.42666,-99.13278,03,4091
0300L4-MUSEOCDAD1,Museo de la Ciudad,19.42914,-99.13241,03,4092
0300L4-MUSEOCDAD0,Museo de la Ciudad,19.42893,-99.1328,03,4092
0300L4-ISABELCATOLI1,Isabel la Católica,19.42969,-99.13659,03,4093
0300L4-ISABELCATOLI0,Isabel la Católica,19.42962,-99.13701,03,4093
0300L4-SALVADOR1,El Salvador,19.42987,-99.13854,03,4094
0300L4-SALVADOR0,El Salvador,19.43007,-99.13942,03,4095
0300L4-EJECTRAL1,Eje Central ,19.4303,-99.1408,03,4096
0300L4-EJECTRAL0,Eje Central,19.43033,-99.14193,03,4097
0300L4-MDOSANJUAN1,Mercados San Juan,19.43061,-99.14355,03,4098
0300L4-MDOSANJUAN0,Mercados San Juan,19.43077000000001,-99.14465,03,4099
0300L4-JUAREZ1,Juárez,19.43126,-99.14774,03,4100
0300L4-JUAREZ0,Juárez ,19.43131,-99.14839,03,4101
0300L4-VOCA51,Vocacional 5,19.43159,-99.15022,03,4102
0300L4-VOCA5,Vocacional 5,19.43176,-99.15095,03,4103
0300L4-DEFENSPUBLIC,Defensoría Pública,19.43311,-99.15063,03,4104
0300L4-DEFENSPUBLICA,Defensoría Pública,19.43336,-99.15101,03,4104
0300L4-GTACOLON1,Amajac,19.43416,-99.15353,03,3955
0300L4-GTACOLON0,Amajac,19.43501,-99.15337,03,4105
0300L4-PZAREPUBL1,Plaza de la República,19.4368,-99.15414,03,4106
0300L4-PZAREPUBLI0,Plaza de la República ,19.43713,-99.15398,03,4106
0300L4-MXTENOCH1,México Tenochtitlan,19.43864,-99.15346,03,4107
0300L4-MXTENOCH0,México Tenochtitlan ,19.43903,-99.15327,03,4107
0300L4-CUAUHTEMOC1,Cuahutémoc ,19.44214,-99.15245,03,4108
0300L4-CUAUHTEMOC0,Cuahutémoc,19.44259,-99.15242,03,4109
0300L4-BUENAVISTA,Buenavista,19.44486,-99.15227,03,4110
0300L3-MIGUELLAURENT,Miguel Laurent,19.37434,-99.16038,03,4111
0300L3-DIVISIONNTE,División del Norte,19.37993,-99.15897,03,4112
0300L3-EUGENIA,Eugenia,19.38595,-99.15723,03,4113
0300L3-LUZSAVINON,Luz Saviñón,19.39091,-99.15644,03,4114
0300L3-OBREROMUNDIAL,Obrero Mundial,19.40106,-99.1556,03,4115
0300L3-CENTROMEDICO,Centro Médico,19.40727,-99.15513,03,4116
0300L3-DRMARQUEZ,Dr. Márquez,19.41111,-99.15484,03,4117
0300L3-HOSPGENERAL,Hospital General,19.41444,-99.15456,03,4118
0300L3-JARDINPUSHK,Jardín Pushkin,19.4204,-99.15408,03,4119
0300L3-CUAUHTEMOC,Cuauhtémoc,19.42496,-99.1537,03,4120
0300L3-BALDERAS,Balderas,19.42807,-99.14874,03,4121
0300L3-JUAREZ,Juárez,19.43129,-99.14803,03,4100
0300L3-HIDALGO,Hidalgo,19.43601,-99.14721,03,4122
0300L3-MINA,Mina,19.44058,-99.14855,03,4123
0300L3-GUERRERO,Guerrero,19.44603,-99.14721,03,4124
0300L3-RFLORESMAGON,Ricardo Flores Magón,19.45178,-99.1459,03,4125
0300L3-TLATELOLCO,Tlatelolco,19.45556,-99.14505,03,4126
0300L3-TOLNAHUAC,Tolnáhuac,19.45989,-99.14406,03,4127
0300L3-CIRCUITO,Circuito,19.46329,-99.14406,03,4128
0300L3-RAZA,La Raza,19.46733,-99.14095,03,4129
0300L3-HOSPRAZA,Hospital La Raza,19.46799,-99.14385,03,4130
0300L3-HEROENACOZA,Héroe de Nacozari,19.47116,-99.14504,03,4131
0300L3-CUITLAHUAC,Cuitláhuac,19.47415,-99.14616,03,4132
0300L3-COLTONGO,Coltongo,19.47985,-99.14833,03,4133
0300L3-MAGDASALINAS,Magdalena de las Salinas,19.48388,-99.14986,03,4134
0300L3-PNTE 128,Poniente 128,19.48955,-99.15196,03,4135
0300L3-PNTE134,Poniente 134,19.49269,-99.15317,03,4136
0300L3-MONTEVIDEO,Montevideo,19.49611,-99.15446,03,4137
0300L3-PNTE146,Poniente 146,19.49999,-99.15588,03,4138
0300L3-PATERA,La Patera,19.50366,-99.15727,03,4139
0300L3-JUPITER,Júpiter,19.50861,-99.15924,03,4140
0300L3-TRESANEGAS,Tres Anegas,19.51551,-99.16193,03,4141
0300L3-PROGRESONA,Progreso Nacional,19.51969,-99.16377,03,4142
0300L3-SANJOSEESCA,San José de la Escalera,19.52272,-99.16556,03,4143
0300L3-TENAYUCA,Tenayuca,19.52862,-99.17011,03,4144
0300L3-ETIOPIA,Etiopía,19.397,-99.1559,03,4145
0300L2-GRALANTONIOLEO,General Antonio de León,19.38538,-99.05173,03,4146
0300L2-TEPALCATES,Tepalcates,19.39077,-99.04761,03,4147
0300L2-NICOLASBRAVO,Nicolás Bravo,19.3935,-99.05093,03,4148
0300L2-CANALSANJUAN,Canal de San Juan ,19.39671,-99.05655,03,4149
0300L2-CONSTAPATZIN,Constitución de Apatztingán,19.38903,-99.05985,03,4150
0300L2-CCHOTE,CCH Oriente,19.38333,-99.06079,03,4151
0300L2-LEYESREFORMA,Leyes de Reforma,19.38347000000001,-99.06582,03,4152
0300L2-DELMORAL,Del Moral,19.3842,-99.07092,03,4153
0300L2-RIOFRIO,Río Frío,19.38763,-99.07428,03,4154
0300L2-ROJOGOMEZ,Rojo Gómez,19.38451,-99.07637,03,4155
0300L2-RIOMAYO,Río Mayo,19.38696,-99.08002,03,4156
0300L2-RIOTECOLUTLA,Río Tecolutla,19.38906,-99.08315,03,4157
0300L2-RODEO,El Rodeo,19.39166,-99.08708,03,4158
0300L2-UPIICSA,UPIICSA,19.39394,-99.09039,03,4159
0300L2-IZTACALCO,Iztacalco,19.39655,-99.09596,03,4160
0300L2-GOMA,Goma,19.39689,-99.10001,03,4161
0300L2-TLACOTAL,Tlacotal,19.39722,-99.10391,03,4162
0300L2-CANELA,Canela,19.39785,-99.10934,03,4163
0300L2-METROCOYUYA,Metro Coyuya,19.39828,-99.1136,03,4164
0300L2-COYUYA,Coyuya,19.39828,-99.11678,03,4165
0300L2-LAVIGA,La Viga,19.39806,-99.12456,03,4166
0300L2-ANDRESMOLI,Andrés Molina,19.39768,-99.1297,03,4167
0300L2-AMERICAS,Las Américas,19.39346,-99.13435,03,4168
0300L2-XOLA,Xola,19.39437,-99.14025,03,4169
0300L2-ALAMOS,Alamos,19.39475,-99.14294,03,4170
0300L2-CENTROSCOP,Centro SCOP,19.39525,-99.14676,03,4171
0300L2-DRVERTIZ,Doctor Vértiz,19.39561,-99.15171,03,4172
0300L2-ETIOPIA,Etiopía,19.39584,-99.155,03,4173
0300L2-AMORES,Amores,19.39688,-99.16382,03,4174
0300L2-VIADUCTO,Viaducto,19.40131,-99.16809,03,4175
0300L2-NVOLEON,Nuevo León,19.4035,-99.17041,03,4176
0300L2-ESCANDON,Escandón,19.40441,-99.17383,03,4177
0300L2-PATRIOTISMO,Patriotismo,19.40557,-99.17737,03,4178
0300L2-DELASALLE,De La Salle,19.40759,-99.18351,03,4179
0300L2-ANTONMACEO,Antonio Maceo,19.40487000000001,-99.1859,03,4180
0300L2-TACUBAYA,Tacubaya,19.40199,-99.18701,03,4181
0300L2-PARQUELIRA,Parque Lira,19.40779,-99.1891,03,4182
0300L3-BUENAVISTA,Buenavista,19.44613,-99.152,03,4183
0300L1-GLORIETA-1,Glorieta Insurgentes,19.42339,-99.16254,03,4184
0300L1-GLORIETA-0,Glorieta Insurgentes,19.42413,-99.16324,03,4185
0300L1-CAMINERO,El Caminero,19.27931,-99.16908,03,4186
0300L1-LAJOYA,La Joya,19.28032,-99.16999,03,4187
0300L1-STAURSULA,Santa Ursula,19.28326,-99.1753,03,4188
0300L1-FUENTESBROTAN,Fuentes Brotantes,19.2881,-99.1746,03,4189
0300L1-AYUNTAMIENTO,Ayuntamiento,19.2926,-99.17754,03,4190
0300L1-CORREGIDORA,Corregidora,19.29407,-99.18103,03,4191
0300L1-VILLAOLIMPICA,Villa Olímpica,19.29909,-99.18551,03,4192
0300L1-PERISUR,Perisur,19.30411,-99.18613,03,4193
0300L1-CCU,CCU,19.31516,-99.18753,03,4194
0300L1-CU,Ciudad Universitaria,19.32295,-99.18847,03,4195
0300L1-DRGALVEZ,Dr. Gálvez,19.34071,-99.19004,03,4196
0300L1-BOMBILLA,La Bombilla,19.34682,-99.18773,03,4197
0300L1-ALTAVISTA,Altavista,19.3509,-99.18636,03,4198
0300L1-OLIVO,Olivo,19.35463,-99.18516,03,4199
0300L1-FRANCIA,Francia,19.35848,-99.18391,03,4200
0300L1-JOSEMRIAVELAS,José María Velasco,19.36176,-99.18285,03,4201
0300L1-TEATROINSURG,Teatro de los Insurgentes,19.36493,-99.18183,03,4202
0300L1-RIOCHURU,Río Churubusco,19.36878,-99.18057,03,4203
0300L1-FELIXCUEVAS,Felix Cuevas,19.37425,-99.1788,03,4204
0300L1-PARQUEHUND,Parque Hundido,19.37959,-99.17707,03,4205
0300L1-CIUDADDEPORTES,Ciudad de los Deportes,19.38245,-99.17614,03,4206
0300L1-COLDELVALLE,Colonia del Valle,19.38569,-99.17509,03,4207
0300L1-NAPOLES,Nápoles,19.38969,-99.17379,03,4208
0300L1-POLIFORUM,Poliforum,19.3933,-99.17262,03,4209
0300L1-LAPIEDAD,La Piedad,19.39797,-99.17111,03,4210
0300L1-NVOLEON,Nuevo León,19.40204,-99.16978,03,4211
0300L1-CHILPANCINGO,Chilpancingo,19.40658,-99.1683,03,4212
0300L1-CAMPECHE,Campeche,19.40977,-99.16727,03,4213
0300L1-SONORA,Sonora,19.41327,-99.16612,03,4214
0300L1-ALVAROOBRE,Álvaro Obregón,19.41655,-99.16506,03,4215
0300L1-DURANGO,Durango,19.41993,-99.16406,03,4216
0300L1-HAMBURGO,Hamburgo,19.42752,-99.16124,03,4217
0300L1-REFORMA,Reforma,19.4329,-99.15871,03,4218
0300L1-PLAZAREPU,Plaza de la República,19.43605,-99.15732,03,4219
0300L1-REVOLUCION,Revolución,19.44035,-99.15541,03,4220
0300L1-ELCHOPO,El Chopo,19.44335,-99.15441,03,4221
0300L1-BUENAVISTA,Buenavista,19.44684,-99.15313,03,4222
0300L1-MANUELGLEZ,Manuel González,19.4571,-99.14893,03,4223
0300L1-SANSIMON,San Simón,19.45963,-99.14642,03,4224
0300L1-CIRCUITO,Circuito,19.46261,-99.14401,03,4225
0300L1-LARAZA,La Raza,19.4687,-99.13899,03,4226
0300L1-POTRERO,Potrero,19.47664,-99.13247,03,4227
0300L1-EUZKARO,Euzkaro,19.48252,-99.12763,03,4228
0300L1-DVO18MARZO,Deportivo 18 de Marzo,19.48629,-99.12453,03,4229
0300L1-INDIOSVERDES,Indios Verdes,19.49682,-99.11972,03,4230
0600L1-XOCHIMILCO,Xochimilco,19.25946,-99.10804,06,8475
0600L1-FCOGOITIA,Francisco Goitia,19.26074,-99.11124,06,8476
0600L1-HUICHAPAN,Huichapan,19.26445,-99.11863,06,8477
0600L1-LANORIA,La Noria,19.26792,-99.12555,06,8478
0600L1-TEPEPAN,Tepepan,19.27953,-99.13316,06,8479
0600L1-PERIFERICO,Periférico Participación Ciudadana,19.28273,-99.13969,06,8480
0600L1-XOMALI,Xomali,19.28871,-99.14674,06,8481
0600L1-HUIPULCO,Huipulco,19.29749,-99.15069,06,8482
0600L1-EAZTECA,Estadio Azteca,19.30183,-99.14706,06,8483
0600L1-ELVERGEL,El Vergel,19.3072,-99.14307,06,8484
0600L1-TEXTITLAN,Textitlán,19.31257,-99.14058,06,8485
0600L1-REGISTROFRAL,Registro Federal,19.31795,-99.13879,06,8486
0600L1-NEZAHUALPILLI,Nezahualpilli,19.32379,-99.13816,06,8487
0600L1-XOTEPINGO,Xotepingo,19.32749,-99.13931,06,8488
0600L1-LAVIRGEN,La Virgen,19.33171,-99.14062,06,8489
0600L1-CDJARDIN,Ciudad Jardín,19.33573,-99.14186,06,8490
0600L1-LASTORRES,Las Torres,19.34082,-99.14344,06,8491
0600L1-TASQUENA,Tasqueña,19.34368,-99.14048,06,8492
0700L1-BUENAVISTA,Buenavista,19.44992,-99.15162,07,8493
0700L1-FORTUNA,Fortuna,19.49175,-99.17107,07,8494
0700L1-TLALNEPAN,Tlalnepantla,19.53574,-99.18413,07,8495
0700L1-SANRAFAEL,San Rafael,19.56526,-99.19496,07,8496
0700L1-LECHERIA,Lechería,19.59921,-99.18675,07,8497
0700L1-TULTITLAN,Tultitlán,19.63551,-99.18039,07,8498
0700L1-CUAUTITLAN,Cuautitlán,19.6671,-99.1763,07,8499
0400L9-JMMATA,José María Mata,19.38206,-99.11558,04,4252
0400L9-JOAQUINGARC,Joaquín García,19.38179,-99.11348,04,4253
0400L9-RAIZAGUA,Raíz del Agua,19.3808,-99.10557,04,4254
0400L9-CHINAMPAS,Chinampas,19.38046,-99.10296,04,4255
0400L9-CANALAPATLA,Apatlaco,19.3806,-99.10152,04,4256
0400L9-GIRASOL,Girasol,19.3835,-99.10112,04,4257
0400L9-RIOCHURUBUS,Río Churubusco,19.38584,-99.10112,04,4258
0400L9-MAGUEY,Maguey,19.38651,-99.10393,04,4259
0400L9-ZACATE,Zacate,19.38714,-99.10656,04,4260
0400L9-CORALES,Corales,19.38776,-99.10908,04,4261
0400L9-IZTACALCO,Iztacalco,19.38827,-99.11221,04,4262
0400L9-SANANGELINN,Estudios San Ángel Inn,19.38859,-99.11541,04,4263
0400L9-CANALTEZONTLE,Canal de Tezontle,19.38839,-99.1169,04,4264
0400L9-ESTCHURUBUS,Estudios Churubusco,19.38708,-99.117,04,4265
0400L9-JUANALVAREZ,Juan Alvarez,19.38529,-99.11711,04,4266
0400L9-VGOMEZFARIAS,Valentín Gómez Farías,19.38348,-99.11742,04,4267
0400L9-MELCHOROCA,Melchor Ocampo,19.38221,-99.11751,04,4268
0400L9-ANTROPOLOGOS,Antropólogos,19.38209,-99.11781,04,4268
0400L9-MARTIRESRIO1,Martítes de Río Blanco,19.3823,-99.11991,04,4269
0400L9-MARTIRESRIO0,Martíres de Río Blanco,19.3822,-99.1199,04,4269
0400L9-CALZVIGA1,Calz. de la Viga,19.38243,-99.12187,04,4270
0400L9-CALZVIGA0,Calz. de la Viga,19.38252,-99.12276,04,4271
0400L9-PLAYACORTES1,Playa Cortés,19.38295,-99.12478,04,4272
0400L9-PLAYACORTES0,Playa Cortés,19.38293,-99.12503,04,4272
0400L9-PLAYAMIRADOR1,Playa Mirador,19.38327,-99.12655,04,4273
0400L9-PLAYAMIRADOR0,Playa Mirador,19.38319,-99.12648,04,4273
0400L9-PLAYAMIRAMAR1,Playa Miramar,19.38354,-99.12804,04,4274
0400L9-PLAYAMIRAMAR0,Playa Miramar,19.38352,-99.12837,04,4274
0400L9-ANDRESMOLINA,Andrés Molina Enríquez,19.38377,-99.12973,04,4275
0400L9-PLAYAOLAVER1,Playa Ola Verde,19.384120000000006,-99.13129,04,4276
0400L9-PLAYAOLAVER0,Playa Ola Verde,19.38403,-99.13119,04,4276
0400L9-ELIASCALLES1,Plutarco Elías Calles,19.38452,-99.13354,04,4277
0400L9-ELIASCALLES0,Plutarco Elías Calles,19.38433,-99.13284,04,4278
0400L9-FCOFDEZCASTIL,Francisco Fernández del Castillo,19.38597,-99.13374,04,4279
0400L9-JREVUELTAS,José Revueltas,19.3872,-99.13388,04,4280
0400L9-JAVIERSOROND1,Javier Sorondo,19.38478,-99.13567,04,4281
0400L9-VIRGINIA,Virginia,19.38498,-99.1372,04,4282
0400L9-JAVIERSOROND0,Javier Sorondo,19.38746,-99.13607,04,4283
0400L9-VILLACORTES,Villa de Cortés,19.38762,-99.13786,04,4284
0400L9-TLALPAN,Tlalpan,19.38624,-99.13888,04,4285
0400L8-QUESO,El Queso,19.49495,-99.135,04,4286
0400L8-OROYA,Oroya,19.49496,-99.13634,04,4287
0400L8-CENLEX1,Cenlex,19.49594,-99.13929,04,4288
0400L8-CENLEX0,Cenlex,19.49566,-99.13935,04,4288
0400L8-AV45METROS,Av. 45 Metros,19.49613,-99.1407,04,4289
0400L8-PLANETARIO,Planetario,19.49622,-99.14021,04,4290
0400L8-CTROFEDUCA1,Centro de Formación Educativa,19.497,-99.1419,04,4291
0400L8-CTROFEDUCA0,Centro de Formación Educativa,19.49674,-99.14204,04,4291
0400L8-VIACETI,Vía Ceti,19.49762,-99.14396,04,4292
0400L8-OTAVALO,Otavalo,19.49536,-99.14662,04,4293
0400L8-MONTEVIDEO,Montevideo,19.49365,-99.14649,04,4294
0400L8-ENCBIOLOGICAS,Escuela Nacional de Ciencias Biológicas,19.49871,-99.14579,04,4251
0400L8-WILFRIDOMASS,Wilfrido Massieu,19.499,-99.14806,04,4295
0400L8-POLIOTE,Politécnico Oriente,19.50056,-99.14868,04,4296
0400L8-POLIPTE,Politécnico Poniente,19.50054,-99.14959,04,4297
0400L8-JOTHONMENDI0,J. Othón de Mendizabal,19.50472,-99.15033,04,4298
0400L80JOTHONMENDI0,J. Othón de Medizabal,19.50451,-99.15116,04,4299
0400L8-AVCTRAL,Av. Central,19.50586,-99.14836,04,4300
0400L8-JUANDIOSBATIZ1,Juan de Dios Bátiz,19.50629,-99.1468,04,4301
0400L8-JUANDIOSBATIZ0,Juan de Dios Bátiz,19.50646,-99.14649,04,4301
0400L8-ESCOM1,ESCOM,19.50549,-99.14543,04,4302
0400L8-ESCOM0,ESCOM,19.50554,-99.14511,04,4302
0400L8-MALUISASTAMP1,Ma. Luisa Stampa Ortigoza,19.50484,-99.14322,04,4303
0400L8-MALUISASTAMP0,Ma. Luisa Stampa Ortigoza,19.50512,-99.14318,04,4303
0400L8-CTRALICOMPUT1,Central de Inteligencia de Cómputo,19.50466,-99.14222,04,4304
0400L8-CTRALICOMPUT0,Central de Inteligencia de Cómputo,19.50494,-99.14214,04,4304
0400L8-CANCHAPIELESRO,Cancha de Entrenamiento Pieles Rojas,19.50418,-99.13949,04,4305
0400L8-SRIAEXTDIF,Secretaría de Extensión y Difusión,19.50452,-99.13973,04,4305
0400L8-BIBLIOTECAESIA,Biblioteca ESIA,19.50429,-99.13841,04,4306
0400L8-11ESIA1,Edif. 11 ESIA,19.50376,-99.13703,04,4307
0400L8-11ESIA0,Edif. 11 ESIA,19.50404,-99.13691,04,4307
0400L8-MANUNDABARRETO,Manuel de Anda y Barredo,19.50357,-99.13597,04,4308
0400L8-10ESIA,Edif. 10 ESIA,19.50388,-99.13577,04,4308
0400L8-8ESIQIE1,Edif. 8 ESIQIE,19.50237000000001,-99.13575,04,4309
0400L8-8ESIQIE0,Edif. 8 ESIQIE,19.50234,-99.13557,04,4309
0400L8-6ESIQIE1,Edif. 6 ESIQIE,19.50108,-99.136,04,4310
0400L8-6ESIQIE0,Edif. 6 ESIQIE,19.50105,-99.13582,04,4310
0400L8-4ESIME1,Edif. 4 ESIME,19.49981,-99.13625,04,4311
0400L8-4ESIME0,Edif. 4 ESIME,19.49979,-99.13606,04,4311
0400L8-2ESIME1,Edif. 2 ESIME,19.49854,-99.13649,04,4312
0400L8-2ESIME0,Edif. 2 ESIME,19.49851,-99.13631,04,4312
0400L8-1ESIME1,Edif. 1 ESIME,19.49779,-99.13664,04,4313
0400L8-1ESIME0,Edif. 1 ESIME,19.49776,-99.13646,04,4313
0400L8-ZACATENCO,Zacatenco,19.49533,-99.13626,04,4287
0400L6-CHAPULTEPEC,Chapultepec,19.42111,-99.17549,04,4314
0400L6-VICTORHUGO,Victor Hugo,19.42712,-99.17754,04,4315
0400L6-TOLSTOI,Tolstoi,19.42518,-99.1787,04,4316
0400L6-MNOESCOBEDO,Mariano Escobedo,19.426820000000006,-99.17902,04,4317
0400L6-CPOSELISEOS1,Campos Elíseos,19.42853,-99.17987,04,4318
0400L6-CPOSELISEOS0,Campos Elíseos,19.42877,-99.18015,04,4318
0400L6-AVPTEMAZARIK1,Av. Presidente Masaryk,19.43088,-99.18078,04,4319
0400L6-AVPTEMAZARIK0,Av. Presidente Masaryk,19.43176,-99.18134,04,4320
0400L6-HORACI1,Horacio,19.43267,-99.18152,04,4321
0400L6-HORACI0,Horacio,19.43331,-99.18198,04,4322
0400L6-HOMER1,Homero,19.43483,-99.18236,04,4323
0400L6-HOMER0,Homero,19.43556,-99.18285,04,4324
0400L6-NEWTON1,Newton,19.43697,-99.1832,04,4325
0400L6-NEWTON0,Newton,19.43728,-99.18347,04,4325
0400L6-LAGOALBERT`1,Lago Alberto,19.44028,-99.1834,04,4326
0400L6-LAGOALBERT0,Lago Alberto,19.44006,-99.18371,04,4326
0400L6-LAGUNAMAYR1,Laguna de Mayrán,19.4413,-99.18325,04,4327
0400L6-LAGUNAMAYR0,Laguna de Mayrán,19.44193,-99.18342,04,4328
0400L6-LAGUNATERS1,Laguna de Términos,19.44323,-99.18297,04,4329
0400L6-LAGUNATERS0,Laguna de Términos,19.44385,-99.18313,04,4330
0400L6-LAGOBOLSE1,Lago Bolsena,19.44534,-99.18266,04,4331
0400L6-LAGOBOLSE0,Lago Bolsena,19.44569,-99.18285,04,4331
0400L6-AVMARINANAL1,Av. Marina Nacional,19.44763,-99.18232,04,4332
0400L6-AVMARINANAL0,Av. Marina Nacional,19.44893,-99.18236,04,4333
0400L6-LAGOARDA,Lago Garda,19.44916,-99.1821,04,4333
0400L6-FPECARRILLOPT1,Felipe Carrillo Puerto,19.45094,-99.18181,04,4334
0400L6-FPECARRILLOPT0,Felipe Carrillo Puerto,19.4514,-99.18195,04,4335
0400L6-MARCANTABR1,Mar Cantábrico,19.45299,-99.18147,04,4336
0400L6-MARCANTABR0,Mar Cantábrico,19.45351,-99.1816,04,4337
0400L6-CALZMX-TAC1,Calz. México Tacuba,19.45602,-99.18065,04,4338
0400L6-CALZMX-TAC0,Calz. México Tacuba,19.45692,-99.18026,04,4339
0400L6-JSANCHEZTRU1,J. Sánchez Trujillo,19.45871,-99.17886,04,4340
0400L6-JSANCHEZTRU0,J. Sánchez Trujillo,19.45942,-99.17867,04,4341
0400L6-PTE441,Poniente 44,19.4605,-99.17778,04,4342
0400L6-PTE440,Poniente 44,19.46083,-99.17794,04,4342
0400L6-PTE48,Poniente 48,19.46179,-99.17762,04,4343
0400L6-BEGONIAS,Begonias,19.46352000000001,-99.17769,04,4344
0400L6-CLAVERIA1,Clavería,19.46471,-99.17736,04,4345
0400L6-CLAVERIA0,Clavería,19.46507,-99.17755,04,4345
0400L6-PTE621,Poniente 62,19.46666,-99.1771,04,4346
0400L6-PTE620,Poniente 62,19.46706,-99.17714,04,4346
0400L6-GTACAMARON,Glorieta de Camarones,19.46756,-99.1766,04,4347
0400L5-FELIPEJESUS,San Felipe de Jesús,19.49608,-99.06503,04,4348
0400L5-YANGTSE,Valle de Yang Tse,19.49508,-99.06544,04,4349
0400L5-SIERRAHERM,Sierra Hermosa,19.49416,-99.06593,04,4350
0400L5-VALLEYUKON,Valle Yukón,19.493,-99.06633,04,4351
0400L5-VALLEZAMBEZI,Valle Zambezi,19.49184,-99.06683,04,4352
0400L5-TEPATITLAN,Tepatitlan,19.49251,-99.06664,04,4353
0400L5-CALPULALPAN1,Calpulalpan,19.49038,-99.06745,04,4354
0400L5-CALPULALPAN0,Calpulalpan,19.49058,-99.06748,04,4354
0400L5-VILLAYALA0,Villa de Ayala,19.48934,-99.06802,04,4355
0400L5-VILLAYALA1,Villa de Ayala,19.48841,-99.0688,04,4356
0400L5-EDOTABASC1,Estado de Tabasco,19.48592,-99.06976,04,4357
0400L5-EDOTABASC0,Estado de Tabasco,19.48628,-99.06968,04,4357
0400L5-EDOXACA1,Estado de Oaxaca,19.48489,-99.07016,04,4358
0400L5-EDOXACA0,Estado de Oaxaca,19.48525,-99.07008,04,4358
0400L5-EDOMORELOS1,Estado de Morelos,19.4834,-99.07073,04,4359
0400L5-EDOMORELOS0,Estado de Morelos,19.4838,-99.07063,04,4359
0400L5-CONSTREPU0,Constitución de la República,19.4819,-99.07136,04,4360
0400L5-EDOTAMAULI,Estado de Tamaulipas,19.48169,-99.07201,04,4361
0400L5-EDOSINALOA1,Estado de Sinaloa,19.48211,-99.074,04,4362
0400L5-EDOSINALOA0,Estado de Sinaloa,19.48215,-99.0737,04,4362
0400L5-CONSTREPU,Constitución de la República,19.48234,-99.07594,04,4363
0400L5-CNOUNION,Camino de la Unión,19.48268,-99.07619,04,4363
0400L5-CNOSUR,Camino Sur,19.481720000000006,-99.07681,04,4364
0400L5-FCOMORAZAN,Francisco Morazán,19.48047,-99.07703,04,4365
0400L5-DVOGALEANA1,Deportivo Los Galeana,19.47912,-99.07754,04,4366
0400L5-DVOGALEANA0,Deportivo Los Galeana,19.47929,-99.07778,04,4366
0400L5-PTOMAZATLAN1,Puerto de Mazatlán,19.47766,-99.07809,04,4367
0400L5-PTOMAZATLAN0,Puerto de Mazatlán,19.4778,-99.07835,04,4367
0400L5-PTOTAMPIC1,Puerto de Tampico,19.47559,-99.07883,04,4368
0400L5-PTOTAMPIC0,Puerto de Tampico,19.47599,-99.07905,04,4369
0400L5-CNOJUANARAGON,Camino de San Juan de Aragón,19.47369,-99.07922,04,4370
0400L5-LORETOFABELA,Loreto Fabela,19.47329,-99.07968,04,4371
0400L5-PTOTLACOTALPA1,Puerto de Tlacotalpan,19.47355,-99.08108,04,4372
0400L5-PTOTLACOTALPA0,Puerto de Tlacotalpan,19.47366,-99.08108,04,4372
0400L5-PTOPROGRESO,Puerto Progreso,19.47389,-99.08287,04,4373
0400L5-PTOBARRANAU,Puerto de Barra de Nautla,19.4739,-99.08236,04,4374
0400L5-PTOACAPULC1,Puerto de Acapulco,19.47431,-99.08511,04,4375
0400L5-PTOACAPULC0,Puerto de Acapulco,19.47431,-99.08453,04,4376
0400L5-PTOGUAYMAS,Puerto de Guaymas,19.47467,-99.08703,04,4377
0400L5-PTOSANBLAS,Puerto de San Blas,19.47459,-99.08599,04,4378
0400L5-PTOCOATZACOA,Puerto de Coatzacoalcos,19.47506,-99.08848,04,4379
0400L5-PTOCOZUMEL,Puerto de Cozumel,19.475620000000006,-99.08957,04,4380
0400L5-PTOCADIZ1,Puerto de Cádiz,19.47614,-99.09083,04,4381
0400L5-PTOCADIZ0,Puerto de Cádiz,19.47616,-99.09043,04,4381
0400L5-GRANCANAL1,Gran Canal,19.47695,-99.09288,04,4382
0400L5-GRANCANAL0,Gran Canal,19.47704,-99.09258,04,4382
0400L5-ARCOSARAG1,Arcos de Aragón,19.47762,-99.09494,04,4383
0400L5-ARCOSARAG0,Arcos de Aragón,19.4778,-99.09441,04,4384
0400L5-CLINICA23IMSS,Clínica 23 IMSS,19.47831,-99.09652,04,4385
0400L5-EDOMOLINA1,Eduardo Molina,19.47907,-99.09852,04,4386
0400L5-EDOMOLINA0,Eduardo Molina,19.47892,-99.09715,04,4387
0400L5-SANJUAN1,San Juan,19.48052,-99.10213,04,4388
0400L5-SANJUAN0,San Juan,19.48063,-99.10136,04,4389
0400L5-HDELAVILLA,Hospital de la Villa,19.48094,-99.10317,04,4390
0400L5-FFCCHGO,FF. CC. Hidalgo,19.48223,-99.10542,04,4391
0400L5-MTINCARRERA1,Martín Carrera,19.48265,-99.10688,04,4392
0400L5-MTINCARRERA0,Martín Carrera,19.48293,-99.10735,04,4393
0400L5-CASAPEREGRIN1,Casa del Peregino Juan Diego,19.48331,-99.10985,04,4394
0400L5-CASAPEREGRIN0,Casa del Peregrino Juan Diego,19.48342,-99.10967,04,4394
0400L5-CALZSANJUANARA,Calzada San Juan de Aragón,19.48406,-99.11335,04,4395
0400L5-5FEBRERO0,5 de Febrero,19.48424,-99.11341,04,4395
0400L5-PLAZAMARIANA,Plaza Mariana,19.48341,-99.11397,04,4396
0400L5-GRALVTEVILLAD,General Vicente Villada,19.48223,-99.11446,04,4397
0400L5-CUAUHTEMOC,Cuauhtémoc,19.48036,-99.11514,04,4398
0400L5-5FEBRERO,5 de Febrero,19.47993,-99.11575,04,4399
0400L5-HIDALGO,Hidalgo,19.48039,-99.11711,04,4400
0400L5-GRALMARTINCARR,General Martín Carrera,19.48662,-99.11295,04,4401
0400L5-GRALMNOSALAS,General Mariano Salas,19.48777,-99.1136,04,4402
0400L5-ZARAGOZA,Zaragoza,19.48824,-99.11768,04,4403
0400L5-MONTEVIDEO,Montevideo,19.48541,-99.11866,04,4404
0400L5-GARRIDO,Garrido,19.48357,-99.11934,04,4405
0400L5-RICARTE,Ricarte,19.48204,-99.11992,04,4406
0400L5-MOCTEZUMA1,Moctezuma,19.48063,-99.11868,04,4407
0400L5-FORTUNA,Fortuna,19.47996,-99.1207,04,4408
0400L5-EUZKARO,Euzkaro,19.47893,-99.12109,04,4409
0400L5-TALISMAN,Talismán,19.47791,-99.11975,04,4410
0400L5-RIOBLANCO,Río Blanco,19.47724,-99.12173,04,4411
0400L5-JOYAS,Joyas,19.47623,-99.1204,04,4412
0400L5-VICTORIA0,Victoria,19.47396,-99.12296,04,4413
0400L5-VICTORIA1,Victoria,19.47296,-99.12167,04,4414
0400L5-EXCELSIOR,Excélsior,19.4723,-99.12358,04,4415
0400L5-HENRYFORD,Henry Ford,19.4707,-99.12255,04,4416
0400L5-BASILIORO,Basilio Romo Anguiano,19.47054,-99.12424,04,4417
0400L5-ROBLESDGUEZ,Robles Domínguez,19.46872,-99.12493,04,4418
0400L5-NOE,Noé,19.46728,-99.12389,04,4419
0400L5-DONIZETTI,Donizetti,19.46554,-99.12613,04,4420
0400L5-JULIETA,Julieta,19.46437,-99.12502,04,4421
0400L5-RIOCONSUL1,Río Consulado,19.46056,-99.12651,04,4422
0400L5-RIOCONSUL0,Río Consulado,19.46205,-99.12744,04,4423
0400L5-BEETHOV,Beethoven,19.45977,-99.12834,04,4424
0400L5-TELURIO,Telurio,19.45896,-99.12713,04,4425
0400L5-JUVENROSAS,Juventino Rosas,19.45761,-99.12916,04,4426
0400L5-HIERRO,Hierro,19.45667000000001,-99.1281,04,4427
0400L5-COBRE,Cobre,19.45503,-99.12915,04,4428
0400L5-MANUGLEZ,Manuel González,19.45413,-99.13061,04,4429
0400L5-CANALNTE,Canal del Norte,19.45279,-99.13095,04,4430
0400L5-TLATELOLC,Tlatelolco,19.45115,-99.13257,04,4431
0400L5-CONSCIA,Constancia,19.45083,-99.13251,04,4431
0400L5-FLORESMAGON,Flores Magón,19.44945,-99.1339,04,4432
0400L5-GLEZBOCANE,González Bocanegra,19.446620000000006,-99.13665,04,4433
0400L5-MATAMOROS1,Matamoros,19.44623,-99.13674,04,4433
0400L5-GARIBALDI0,Garibaldi,19.4448,-99.13866,04,4434
0400L5-GARIBALDI1,Garibaldi,19.44353,-99.1395,04,4435
0400L5-MOCTEZUMA,Moctezuma,19.44315,-99.14046,04,4436
0400L5-LERDO,Lerdo,19.44138,-99.14242,04,4437
0400L5-VTRUJANO,V. Trujano,19.43939,-99.14427,04,4438
0400L5-MHIDALG1,Metro Hidalgo,19.43793,-99.14588,04,4439
0400L5-SAT,SAT,19.4372,-99.14517,04,4440
0400L5-MHIDALG0,Metro Hidalgo,19.43709,-99.14401,04,4441
0400L4-C14IMSS,Clínica 14 IMSS,19.42292,-99.09488,04,4442
0400L4-BOULEVARDPTO,Boulevard Puerto Aéreo,19.42561,-99.09353,04,4443
0400L4-OTE180,Oriente 180,19.42633,-99.09498,04,4444
0400L4-NTE17,Norte 17,19.42889,-99.09599,04,4445
0400L4-NTE21,Norte 21,19.43032,-99.09519,04,4446
0400L4-NTE25II,Norte 25 II,19.43137,-99.0946,04,4447
0400L4-NTE25I,Norte 25 I,19.43252,-99.09397,04,4448
0400L4-NTE33,Norte 33,19.43515,-99.09251,04,4449
0400L4-NTE37,Norte 37,19.4366,-99.0917,04,4450
0400L4-PERSIA,Persía,19.44118,-99.0891,04,4451
0400L4-TRANSVAAL,Transvaal,19.44292,-99.08805,04,4452
0400L4-FORMOSA,Formosa,19.44703,-99.08845,04,4453
0400L4-PEKIN,Pekín,19.449720000000006,-99.09132,04,4454
0400L4-CALLE5091,Calle 509,19.4543,-99.09631,04,4455
0400L4-AV503,Av. 503,19.45746,-99.09696,04,4456
0400L4-NTE920,Norte 92,19.45943,-99.09949,04,4457
0400L4-NTE84,Norte 84,19.46041,-99.10273,04,4458
0400L4-NTE66A,Norte 66-A,19.46292,-99.10991,04,4459
0400L4-NTE54A,Norte 54-A,19.46498,-99.1158,04,4460
0400L4-BUENTONO1,Buen Tono,19.46908,-99.12869,04,4461
0400L4-AUER,Auer,19.4722,-99.14207,04,4462
0400L4-AVJARDIN1,Av. Jardín,19.47353,-99.15815,04,4463
0400L4-FCENTRAL,F.C. Central,19.4721,-99.16385,04,4464
0400L4-PINA,PiNa,19.47014,-99.17004,04,4465
0400L4-AVCUITLAHUAC,Av. Cuitláhuac,19.46849,-99.17533,04,4466
0400L4-NUBIA,Nubia,19.47444,-99.1821,04,4467
0400L4-AVAZCAPOTZ,Av. Azcapotzalco,19.47843,-99.18715,04,4468
0400L4-CAMARONES,Camarones,19.47948,-99.18884,04,4469
0400L4-HIDALGO,Hidalgo,19.48146,-99.18866,04,4470
0400L4-CENTEOTL,Centéotl,19.48847,-99.19332,04,4471
0400L4-ZEMPOAL,Zempoaltecas,19.49181,-99.19647,04,4472
0400L4-PTEGUERRA,Puente de Guerra,19.49647,-99.1997,04,4473
0400L4-HACIENDASOTELO,Hacienda Sotelo,19.50224,-99.20515,04,4474
0400L4-EDIFICIO26B,Edificio 26-B,19.5044,-99.20688,04,4475
0400L4-AVAQUILES,Av. Aquiles Serdán,19.50645,-99.20832,04,4476
0400L4-PESCADORES,Pescadores,19.51063,-99.202,04,4477
0400L4-MECANICOS,Mecánicos,19.51156,-99.19934,04,4478
0400L4-AVCULTURAS,Av. de las Culturas,19.51119,-99.19853,04,4479
0400L4-ROSARIO,El Rosario,19.50401,-99.20133,04,4480
0400L4-TIERRANEGRA,Tierra Negra,19.50059,-99.19918,04,4481
0400L4-AVANGELES,Av. de los Ángeles,19.50196,-99.19778,04,4482
0400L4-DTOROSARIO,Depósito El Rosario,19.50569,-99.19831,04,4483
0400L4-AZTACALC,Aztacalco,19.50859,-99.19783,04,4484
0400L4-COLBACH1,Bachilleres 1,19.51145,-99.19756,04,4485
0400L4-CARBONO,Carbono,19.51114,-99.19962,04,4486
0400L4-HIDROGENO,Hidrógeno,19.51018,-99.20215,04,4487
0400L4-CRANAHUATL1,Cultura Náhuatl,19.50936,-99.20441,04,4488
0400L4-CRANAHUATL0,Cultura Náhuatl,19.5086,-99.20577,04,4489
0400L4-ALFAREROS1,Alfareros,19.50856,-99.20836,04,4490
0400L4-ALFAREROS0,Alfareros,19.50808,-99.2083,04,4491
0400L4-RENACIMIEN,Renacimiento,19.50608,-99.20795,04,4492
0400L4-NISSAN,Frente a Nissan,19.50483,-99.20656,04,4493
0400L4-SROSARIO,Soriana El Rosario,19.50306,-99.20524,04,4494
0400L4-AVROSARIO,Av. del Rosario,19.50182,-99.20439,04,4495
0400L4-TIERRANVA,Tierra Nueva,19.50048,-99.20322,04,4496
0400L4-CCHAZCAPOT1,CCH Azcapotzalco,19.49923,-99.20249,04,4497
0400L4-CCHAZCAPOT0,CCH Azcapotzalco,19.49898,-99.20173,04,4498
0400L4-TIERRAINDOM,Tierra Indomita,19.49792,-99.20062,04,4499
0400L4-AHUEHUETES,Ahuehuetes,19.49559,-99.19853,04,4500
0400L4-SAUCES,Sauces,19.4927,-99.19665,04,4501
0400L4-AQUILESERDAN1,Aquiles Serdán,19.49024,-99.1952,04,4502
0400L4-AQUILESERDAN0,Aquiles Serdán,19.49087,-99.19524,04,4503
0400L4-16SEPT,16 de Septiembre,19.48978,-99.19431,04,4504
0400L4-STODGO1,Santo Domingo,19.48721,-99.19183,04,4505
0400L4-STODGO0,Santo Domingo,19.48768,-99.19183,04,4506
0400L4-FFCCNLES1,FFCC. Nacionales,19.48595,-99.19036,04,4507
0400L4-FFCCNLES0,FFCC. Nacionales,19.48565,-99.18952,04,4508
0400L4-ANDALUCIA,Andalucia,19.48501,-99.18868,04,4509
0400L4-ZARAGOZA,Zaragoza,19.48456,-99.18642,04,4510
0400L4-AHUACATITLA,Ahuacatitla,19.48426,-99.18385,04,4511
0400L4-NVAJERUSALEN,Nueva Jerusalén,19.48288,-99.18308,04,4512
0400L4-MINERVA,Minerva,19.48119,-99.18353,04,4513
0400L4-22FEBRER1,22 de Febrero,19.477870000000006,-99.18515,04,4514
0400L4-22FEBRER0,22 de Febrero,19.47736,-99.18422,04,4515
0400L4-2DACDATULA,2a cda. de Tula,19.47394,-99.18129,04,4516
0400L4-NTE87,Norte 87,19.47163,-99.17929,04,4517
0400L4-SALONICA1,Salónica,19.47127,-99.17942,04,4517
0400L4-SALONICA0,Salónica,19.47025,-99.17804,04,4518
0400L4-GTACAMARON1,Glorieta de Camarones,19.46887000000001,-99.17707,04,4519
0400L4-GTACAMARON0,Glorieta de Camarones,19.46864,-99.17561,04,4466
0400L4-SNACUITLAHUAC,Soriana Cuitláhuac,19.47006,-99.17105,04,4520
0400L4-AVNUECES,Av. Nueces,19.47065,-99.16914,04,4521
0400L4-PLANSANLUIS1,Plan de San Luis,19.47126,-99.16641,04,4522
0400L4-PLANSANLUIS0,Plan de San Luis,19.47175,-99.16562,04,4523
0400L4-CERDENA,CerdeNa,19.472620000000006,-99.16292,04,4524
0400L4-CEYLAN1,Ceylan,19.47282,-99.16159,04,4525
0400L4-CEYLAN0,Ceylan,19.47328,-99.16088,04,4526
0400L4-AVJARDIN,Av. Jardín,19.47377,-99.15852,04,4463
0400L4-CALLE121,Calle 12,19.47331,-99.15466,04,4527
0400L4-CALLE120,Calle 12,19.47348,-99.15428,04,4527
0400L4-CTRALSUR1,Central Sur,19.47304,-99.15148,04,4528
0400L4-CTRALSUR0,Central Sur,19.47324,-99.15069,04,4529
0400L4-CALLE28,Calle 28,19.47333,-99.14702,04,4530
0400L4-CVALLEJO1,C. Vallejo,19.47307,-99.14679,04,4530
0400L4-CVALLEJO0,C. Vallejo,19.47311,-99.14507,04,4531
0400L4-NTE1G,Norte 1-G,19.47224,-99.1413,04,4532
0400L4-REALMONTE1,Real del Monte,19.46997,-99.13222,04,4533
0400L4-REALMONTE0,Real del Monte,19.47001,-99.13167,04,4534
0400L4-BUENTONO,Buen Tono,19.46917,-99.1282,04,4535
0400L4-CMISTERIOS1,Calzada de los Misterios,19.46826,-99.12526,04,4536
0400L4-CMISTERIOS0,Calzada de los Misterios,19.46831,-99.12475,04,4418
0400L4-CGPE1,Calzada de Guadalupe,19.46788,-99.12412,04,4537
0400L4-CGPE0,C. de Guadalupe,19.46781,-99.12332,04,4538
0400L4-GRACIELA1,Graciela,19.46668,-99.12068,04,4539
0400L4-GRACIELA0,Graciela,19.46675,-99.12028,04,4539
0400L4-FCHIDALGO1,F. C. Hidalgo,19.466,-99.11874,04,4540
0400L4-FCHIDALGO0,F. C.  Hidalgo,19.46574,-99.11738,04,4541
0400L4-NTE58,Norte 58,19.46459,-99.1141,04,4542
0400L4-CONGRESOUNI1,Congreso de la Unión,19.46387,-99.11261,04,4543
0400L4-CONGRESOUNI0,Congreso de la Unión,19.46368,-99.11149,04,4544
0400L4-NTE70,Norte 70,19.46272,-99.10874,04,4545
0400L4-NTE72A1,Norte 72,19.46221,-99.10789,04,4546
0400L4-NTE72A0,Norte 72-A,19.46224,-99.10738,04,4547
0400L4-EDOMOLINA1,Eduardo Molina,19.46147,-99.10577,04,4548
0400L4-EDOMOLINA0,Eduardo Molina,19.46134,-99.1049,04,4549
0400L4-NTE84A,Norte 84-A,19.46031,-99.10197,04,4550
0400L4-NTE92,Norte 92,19.45942,-99.09991,04,4457
0400L4-DVOFCOZARCO,Deportivo Francisco Zarco,19.45961,-99.09609,04,4551
0400L4-3RACDAAV503,3ra. cda. Av 503,19.45996,-99.09568,04,4552
0400L4-AV506,Av. 506,19.45809,-99.09638,04,4553
0400L4-CALLE509,Calle 509,19.45459,-99.09611,04,4455
0400L4-CALLE525,Calle 525,19.45217,-99.09335,04,4554
0400L4-AV535,Av. 535,19.45027,-99.09134,04,4555
0400L4-CALLE549,Calle 549,19.44771,-99.08855,04,4556
0400L4-OCEANIA1,Oceanía,19.44479,-99.08697,04,4557
0400L4-OCEANIA0,Oceanía,19.44498,-99.0866,04,4557
0400L4-MORELOS,Morelos,19.43987000000001,-99.08549,04,4558
0400L4-AVPENON1,Av. del PeNón,19.43978,-99.08994,04,4559
0400L4-AVPENON0,Av. del PeNón,19.43721,-99.0862,04,4560
0400L4-TNALAEREA,Terminal Aérea,19.43391,-99.08821,04,4561
0400L4-NTE25,Norte 25,19.42978,-99.09067,04,4562
0400L4-NTE13,Norte 13,19.42562,-99.09298,04,4563
0400L4-PLAZAEROPTO,Plaza Aeropuerto,19.42074,-99.09609,04,4564
0400L4-MPTOAEREO,Metro Boulevard Puerto Aéreo,19.42097,-99.09557,04,4565
0400L3-MIXCOACSUR,Mixcoac Sur,19.37585,-99.18797,04,4566
0400L3-MIXCOACNTE,Mixcoac Norte,19.37612,-99.188,04,4566
0400L3-PATRIOTISM1,Patriotismo,19.37568,-99.18697,04,4567
0400L3-PATRIOTISM0,Patriotismo,19.37571,-99.18657,04,4567
0400L3-POUSSIN1,Poussin,19.37529,-99.18556,04,4568
0400L3-POUSSIN0,Poussin,19.37541,-99.1855,04,4568
0400L3-AUGUSTORODIN1,Augusto Rodín,19.37469,-99.18335,04,4569
0400L3-AUGUSTORODIN0,Augusto Rodín,19.37469,-99.18284,04,4570
0400L3-JEREZ,Jerez,19.37443,-99.18178,04,4571
0400L3-SANTANDER,Santander,19.37374,-99.17936,04,4572
0400L3-INSURGENTESUR1,Insurgentes Sur,19.37355,-99.1786,04,4573
0400L3-INSURGENTESUR0,Insurgentes Sur,19.37366,-99.17844,04,4573
0400L3-TEJOCOTES,Tejocotes,19.37339,-99.17735,04,4574
0400L3-SANFCO1,San Francisco,19.37296,-99.17578,04,4575
0400L3-SANFCO0,San Francisco,19.37311,-99.17589,04,4575
0400L3-MORAS1,Moras,19.37258,-99.17397,04,4576
0400L3-MORAS0,Moras,19.37269,-99.1738,04,4576
0400L3-ADOLFOPRIETO,Adolfo Prieto,19.37232,-99.17212,04,4577
0400L3-HOSP20NOV1,Hospital 20 de Noviembre,19.37195,-99.17108,04,4578
0400L3-HOSP20NOV0,Hospital 20 de Noviembre,19.372,-99.17068,04,4578
0400L3-GABRIELMANCE,Gabriel Mancera,19.37143,-99.16871,04,4579
0400L3-ANICETORTE1,Aniceto Ortega,19.37101,-99.16682,04,4580
0400L3-ANICETORTE0,Aniceto Ortega,19.371170000000006,-99.16694,04,4580
0400L3-ZAPATAII1,Zapata II,19.37068,-99.16537,04,4581
0400L3-ZAPATAII0,Zapata II,19.37078,-99.16517,04,4581
0400L3-ZAPATAI1,Zapata I,19.37048,-99.16452,04,4582
0400L3-ZAPATAI0,Zapata I,19.37065,-99.16451,04,4582
0400L3-AVMEXICO,Av. México,19.37025,-99.16353,04,4583
0400L3-CUAUHTEMOC1,Cuauhtémoc,19.36923,-99.16186,04,4584
0400L3-CUAUHTEMOC0,Cuauhtémoc,19.37093,-99.16038,04,4585
0400L3-PARQUEVENAD,Parque de los Venados,19.37065,-99.1585,04,4586
0400L3-UXMAL,Uxmal,19.36749,-99.15951,04,4587
0400L3-CTROREHABILI,Centro de Rehabilitación,19.3667,-99.15803,04,4588
0400L3-DIVISIONTE1,División del Norte,19.3663,-99.15576,04,4589
0400L3-DIVISIONTE0,División del Norte,19.37032,-99.15643,04,4590
0400L3-DRVERTIZ,Dr. Vértiz,19.37008,-99.15484,04,4591
0400L3-TOKIO1,Tokio,19.36595,-99.15343,04,4592
0400L3-TOKIO0,Tokio,19.3697,-99.15241,04,4593
0400L3-EJECTRAL1,Eje Central,19.36557,-99.15099,04,4594
0400L3-EJECTRAL0,Eje Central,19.36927,-99.14961,04,4595
0400L3-CANARIAS,Canarias,19.36506,-99.14774,04,4596
0400L3-BELGICA,Bélgica,19.36852,-99.14486,04,4597
0400L3-BALBOA,Balboa,19.36468,-99.14527,04,4598
0400L3-MIRAVALLE,Miravalle,19.36754,-99.13914,04,4599
0400L3-ELIASCALLES1,Plutarco Elías Calles,19.36363,-99.13886,04,4600
0400L3-ELIASCALLES0,Plutarco Elías Calles,19.3672,-99.13724,04,4601
0400L3-SUR69A,Sur 69-A,19.36329,-99.13627,04,4602
0400L3-SUR73,Sur 73,19.36303,-99.13429,04,4603
0400L3-ARBOLEDAS,Arboledas,19.36434,-99.13366,04,4604
0400L3-MUSEOTRANS,Museo de Transportes Eléctricos,19.36643,-99.13328,04,4605
0400L2-PANTITLAN,Pantitlán,19.41615,-99.07343,04,4606
0400L2-CALZIZARAGOZA1,Calzada Ignacio Zaragoza,19.40949,-99.07699,04,4607
0400L2-CALZIZARAGOZA0,Calzada Ignacio Zaragoza,19.40815,-99.07709,04,4608
0400L2-PUEBLA1,Puebla,19.40744,-99.0824,04,4609
0400L2-PUEBLA0,Puebla,19.40703,-99.08271,04,4610
0400L2-PUERTA81,Puerta 8,19.40787000000001,-99.08552,04,4611
0400L2-PUERTA80,Puerta 8,19.40749,-99.08602,04,4612
0400L2-CDADEPORT1,Ciudad Deportiva,19.40864,-99.09103,04,4613
0400L2-CDADEPORT0,Ciudad Deportiva,19.40831,-99.09162,04,4614
0400L2-AVRIOCHURU,Av. Río Churubusco,19.40288,-99.09875,04,4615
0400L2-PALACIODEPOR,Palacio de los Deportes,19.40349,-99.10112,04,4616
0400L2-ESEF,ESEF,19.40641,-99.1027,04,4617
0400L2-VELODRO1,Velódromo,19.40837,-99.10503,04,4618
0400L2-VELODRO0,Velódromo,19.4088,-99.10461,04,4619
0400L2-RADAMESTRE,Ramadés TreviNo,19.41122,-99.10336,04,4620
0400L2-GENAROGCIA,Genaro García,19.41139,-99.1013,04,4621
0400L2-RETORNO39,Retorno 39,19.41219,-99.10322,04,4622
0400L2-JAMAICA,Jamaica,19.41113,-99.12158,04,4623
0400L2-CONGRESOUNI1,Congreso de la Unión,19.40925,-99.12133,04,4624
0400L2-INDUSTRIA,Industria,19.40872,-99.11568,04,4625
0400L2-MIXIUHCA,Mixiuhca,19.40841,-99.11254,04,4626
0400L2-FDOIGLESIAS1,Fernando Iglesias,19.40839,-99.10898,04,4627
0400L2-FDOIGLESIAS0,Fernando Iglesias,19.41297,-99.1062,04,4628
0400L2-ANTOPENAREY,Antonio Peña y Reyes,19.41326,-99.10899,04,4629
0400L2-ACONCHI,Aconchi,19.41397000000001,-99.11599,04,4630
0400L2-CUCURPE,Cucurpe,19.41388,-99.11793,04,4631
0400L2-TALLER,Del Taller,19.41363,-99.12128,04,4632
0400L2-CONGRESOUNI0,Congreso de la Unión,19.41363,-99.12203,04,4633
0400L2-TORNO1,Torno,19.41364,-99.12425,04,4634
0400L2-TORNO0,Torno,19.41354,-99.12459,04,4634
0400L2-CALLERESU,Callejón Resurrección,19.41348,-99.12617,04,4635
0400L2-CALZVIGA1,Calzada de la Viga,19.41352,-99.12758,04,4636
0400L2-CALZVIGA0,Calzada de la Viga,19.41335,-99.12884,04,4637
0400L2-CLAVIJER1,Clavijero,19.4134,-99.13051,04,4638
0400L2-CLAVIJER0,Clavijero,19.41202,-99.13103,04,4639
0400L2-TLALPAN,Tlalpan,19.41332,-99.13335,04,4640
0400L2-JANTONIOTOR,José Antonio Torres,19.41203,-99.13249,04,4641
0400L2-5FEBRERO1,5 de Febrero,19.4144,-99.13688,04,4642
0400L2-5FEBRERO0,5 de Febrero,19.41373,-99.13703,04,4643
0400L2-ISABELACATO1,Isabel la Católica,19.41484,-99.13837,04,4644
0400L2-ISABELACATO0,Isabel la Católica,19.41388,-99.13903,04,4645
0400L2-BOLIVAR1,Bolívar,19.41501,-99.14086,04,4646
0400L2-BOLIVAR0,Bolívar,19.41406,-99.14141,04,4647
0400L2-EJECTRAL1,Eje Central,19.41519,-99.14349,04,4648
0400L2-EJECTRAL0,Eje Central,19.41427,-99.14414,04,4649
0400L2-DRANDRADE1,Dr. Andrade,19.4154,-99.14632,04,4650
0400L2-DRANDRADE0,Dr. Andrade,19.41448,-99.14687,04,4651
0400L2-DRVERTIZ1,Dr. Vértiz,19.41551,-99.14785,04,4652
0400L2-DRVERTIZ0,Dr. Vértiz,19.4146,-99.14853,04,4653
0400L2-NINOSHEROES,Niños Héroes,19.41571,-99.15057,04,4654
0400L2-DRJIMENEZ,Dr. Jiménez,19.4147,-99.14999,04,4655
0400L2-DRLUCIO1,Dr. Lucio,19.41586,-99.1525,04,4656
0400L2-DRLUCIO0,Dr. Lucio,19.41495,-99.15308,04,4657
0400L2-CUAUHTEMOC1,Cuauhtémoc,19.41593,-99.15489,04,4658
0400L2-CUAUHTEMOC0,Cuauhtémoc,19.41498,-99.15504,04,4659
0400L2-MERIDA1,Mérida,19.41563,-99.1564,04,4660
0400L2-MERIDA0,Mérida,19.41469,-99.15651,04,4661
0400L2-ORIZABA1,Orizaba,19.41516,-99.15879,04,4662
0400L2-ORIZABA0,Orizaba,19.41422,-99.15888,04,4663
0400L2-TONALA1,Tonalá,19.4146,-99.16165,04,4664
0400L2-TONALA0,Tonalá,19.41366,-99.16171,04,4665
0400L2-MONTERREY,Monterrey,19.41434,-99.16299,04,4666
0400L2-QRO,Querétaro,19.41446,-99.16367,04,4667
0400L2-INSURGENTESUR1,Insurgentes Sur,19.4155,-99.16517,04,4668
0400L2-INSURGENTESUR0,Insurgentes Sur,19.41574,-99.16585,04,4669
0400L2-ALVAROBREG,Álvaro Obregón,19.41657,-99.167,04,4670
0400L2-CACAHUAMILP,Cacahuamilpa,19.41661,-99.16763,04,4671
0400L2-SONORA1,Sonora,19.416120000000006,-99.16984,04,4672
0400L2-PARQUESPA,Parque EspaNa,19.41666,-99.17064,04,4673
0400L2-DURANGO,Durango,19.41852,-99.17191,04,4674
0400L2-SONORA0,Sonora,19.41943,-99.17331,04,4675
0400L2-CHAPULTEP,Chapultepec,19.42054,-99.17537,04,4676
0400L1-PTE1121,Poniente 112,19.47639,-99.13917,04,4677
0400L1-RIOCONSUL1,Río Consulado,19.46593,-99.13734,04,4678
0400L1-FELIPEVILLA1,Felipe Villanueva,19.46414,-99.13744,04,4679
0400L1-CHOPIN1,Chopin,19.46063,-99.13759,04,4680
0400L1-GRANADOS1,Granados,19.45713,-99.13777,04,4681
0400L1-MANUELGLEZ1,Manuel González,19.45401,-99.13829,04,4682
0400L1-FLORESMAG1,Flores Magón,19.44914,-99.13846,04,4683
0400L1-LUNA1,Luna,19.44761,-99.13871,04,4684
0400L1-REPDEPERU1,República de Perú,19.43923,-99.14002,04,4685
0400L1-BELLASARTES1,Bellas Artes,19.43675,-99.14042,04,4686
0400L1-FCOIMADERO,Francisco I. Madero,19.43396,-99.14085,04,4687
0400L1-REPURUGUAY1,República de Uruguay,19.43103,-99.1413,04,4688
0400L1-VIZCAINAS1,Vizcaínas,19.42879,-99.14161,04,4689
0400L1-SALTOAGUA1,Salto del Agua,19.42632,-99.14206,04,4690
0400L1-FRAYMIER1,Fray Servando Teresa de Mier,19.42435,-99.14256,04,4691
0400L1-DOCTORES1,Doctores,19.42127,-99.14315,04,4692
0400L1-MTOCARDENAS1,Monumento a Lázaro Cárdenas,19.4175,-99.14353,04,4693
0400L1-MANUELJOTH1,Manuel J. Othon,19.41498,-99.14379,04,4648
0400L1-OBRERA1,Obrera,19.41295,-99.14399,04,4694
0400L1-ANTONIOSOL,Antonio Solís,19.40965,-99.14433,04,4695
0400L1-LAZAROCARD1,Lázaro Cárdenas,19.40698,-99.1446,04,4696
0400L1-VIADUCTO1,Viaducto,19.40334,-99.14497,04,4697
0400L1-MORENA1,Morena,19.39791,-99.14564,04,4698
0400L1-CENTROSCOP1,Centro SCOP,19.3944,-99.14609,04,4699
0400L1-ACULTZINGO1,Cumbres de Acultzingo,19.39238,-99.14636,04,4700
0400L1-LUZSAVIN1,Luz Saviñón,19.38854,-99.14686,04,4701
0400L1-MALTRATA1,Cumbres de Maltrata,19.38608,-99.14715,04,4702
0400L1-EUGENIA1,Eugenia,19.38423,-99.14736,04,4703
0400L1-KIFF,Kiff,19.38113,-99.14773,04,4704
0400L1-ANGELURRA1,Ángel Urraza,19.37879,-99.1482,04,4705
0400L1-MIGUELAUREN1,Miguel Laurent,19.37276,-99.14938,04,4706
0400L1-MCPIOLIBRE1,Municipio Libre,19.36878,-99.15007,04,4707
0400L1-EZAPATA1,Emiliano Zapata,19.36632,-99.1505,04,4708
0400L1-POPOCAT1,Popocatépetl,19.36195,-99.15125,04,4709
0400L1-AJUSCO1,Ajusco,19.35908,-99.15179,04,4710
0400L1-CHURUBUS,Churubusco,19.35695,-99.15276,04,4711
0400L1-XICOTEN1,Xicoténcatl,19.35491,-99.15221,04,4712
0400L1-IRLANDA,Irlanda,19.34978,-99.15075,04,4713
0400L1-AMERICA1,América,19.34523,-99.14946,04,4714
0400L1-DIVISIONTE,División del Norte,19.34274,-99.14859,04,4715
0400L1-TASQUENA,Tasqueña,19.34172,-99.14081,04,4716
0400L1-CTRALSUR,Central del Sur,19.3411,-99.13909,04,4717
0400L1-CERROHUITZ,Cerro Hutzilac,19.34157,-99.14145,04,4718
0400L1-CENTRAL,Central,19.34234,-99.14748,04,4719
0400L1-AMERICA0,América,19.34589,-99.14987,04,4720
0400L1-HIDALGO,Hidalgo,19.35175,-99.15154,04,4721
0400L1-XICOTEN0,Xicoténcatl,19.35469,-99.15237,04,4712
0400L1-AJUSCO0,Ajusco,19.35865,-99.15245,04,4722
0400L1-POPOCAT0,Popocatépetl,19.36215,-99.15137,04,4709
0400L1-EZAPATA0,Emiliano Zapata,19.3661,-99.15069,04,4708
0400L1-MCPIOLIBRE0,Municipio Libre,19.36957,-99.15009,04,4723
0400L1-MIGUELAUREN0,Miguel Laurent,19.37316,-99.14944,04,4706
0400L1-MATIASROMERO,Matías Romero,19.37784,-99.14854,04,4724
0400L1-ANGELURRA0,Ángel Urraza,19.37998,-99.14812,04,4725
0400L1-EUGENIA0,Eugenia,19.38425,-99.14752,04,4703
0400L1-MALTRATA0,Cumbres de Maltrata,19.387220000000006,-99.14718,04,4726
0400L1-LUZSAVIN0,Luz Saviñón,19.39009,-99.14681,04,4727
0400L1-ACULTZINGO0,Cumbres de Acultzingo,19.39277,-99.14646,04,4700
0400L1-CENTROSCOP0,Centro SCOP,19.39542,-99.14611,04,4728
0400L1-MORENA0,Morena,19.39835,-99.14573,04,4698
0400L1-VIADUCTO0,Viaducto,19.403,-99.14516,04,4697
0400L1-LAZAROCARD0,Lázaro Cárdenas,19.40762,-99.14468,04,4729
0400L1-OBRERA0,Obrera,19.41218,-99.14423,04,4730
0400L1-MANUELJOTH0,Manuel J. Othon,19.4148,-99.14396,04,4731
0400L1-MTOCARDENAS0,Monumento a Lázaro Cárdenas,19.41913,-99.14352,04,4732
0400L1-DOCTORES0,Doctores,19.4211,-99.14331,04,4692
0400L1-DRPASCUA,Dr. Pascua,19.42246,-99.14317,04,4733
0400L1-FRAYMIER0,Fray Servando Teresa de Mier,19.42496,-99.14257,04,4734
0400L1-SALTOAGUA0,Salto del Agua,19.42739,-99.142,04,4735
0400L1-VIZCAINAS0,Vizcaínas,19.42925,-99.14171,04,4736
0400L1-REPURUGUAY0,República de Uruguay,19.4314,-99.1414,04,4688
0400L1-INDEPEND,Independencia,19.43303,-99.14116,04,4737
0400L1-BELLASARTES0,Bellas Artes,19.43713,-99.1405,04,4686
0400L1-REPDEPERU0,República de Perú,19.43994,-99.14007,04,4738
0400L1-LUNA0,Luna,19.44799,-99.13879,04,4684
0400L1-FLORESMAG0,Flores Magón,19.45019,-99.13846,04,4739
0400L1-MANUELGLEZ0,Manuel González,19.45519,-99.13834,04,4740
0400L1-GRANADOS0,Granados,19.45756,-99.13791,04,4741
0400L1-CHOPIN0,Chopin,19.461170000000006,-99.13773,04,4742
0400L1-FELIPEVILLA0,Felipe Villanueva,19.46381,-99.13761,04,4679
0400L1-RIOCONSUL0,Río Consulado,19.46559,-99.13758,04,4678
0400L1-RAZA,La Raza,19.46963,-99.13673,04,4743
0400L1-PTE106,Poniente 106,19.47312,-99.13872,04,4744
0400L1-PTE1120,Poniente 112,19.47731,-99.14039,04,4745
0400L1-PTE118,Poniente 118,19.48052,-99.14166,04,4746
0400L1-TESORERIA,Tesorería,19.48542,-99.14361,04,4747
0400L1-PTE128,Poniente 128,19.48704,-99.14424,04,4748
0400L1-INSTPETRO1,Instituto del Petróleo s,19.48861,-99.14485,04,4749
0400L1-UHLIND-VALLE,U. H. Lindavista-Vallejo,19.49217,-99.14627,04,4750
0400L1-MOTEVIDEO,Montevideo,19.49296,-99.1457,04,4751
0400L1-INSTPETRO0,Instituto del Petróleo n,19.48862,-99.14398,04,4752
0400L1-CCHVALLE,CCH Vallejo,19.48392,-99.14217,04,4753
0400L1-CTRALNTE,Central del Norte,19.47942,-99.14038,04,4754
05142B1-CUIPROLDVSNT,Cuitlahuac - Prol. División del Norte,19.25839,-99.11092,05,4854
05142B1-DVSNTZACATEC,Prol. División del Norte - Callejón Zacatecas,19.26287,-99.11354,05,4855
05142B1-AHUEJOTEARC,Av. Ahuejotes - Calle Arce,19.26658,-99.11564,05,4856
05142B1-EJ1OCOAPLAZA,Eje 1 Oriente - Coaplaza,19.29362,-99.12541,05,4857
05142B1-BRUJASMIRAMO,Calz. de las Brujas - Av. Canal de Miramontes,19.29539,-99.12529,05,4858
05142B1-ENMCALZVIRGE,Escuela Naval Militar - Calz. de la Virgen,19.32232,-99.12485,05,4859
05142B1-ESCNAVALMILIT,Escuela Naval Militar,19.33768,-99.1225,05,4860
05142B0-NAVALMILITAR,Escuela Naval Militar - Hospital Naval Militar,19.32447,-99.1249,05,4861
05142B0-EJ2OSAINZBARA,Eje 2 Oriente - Calle Pedro Sainz de Baranda,19.31879,-99.1247,05,4862
05142B0-MIRAMTESEJ2O,Av. Canal de Miramontes - Eje 2 Oriente,19.31515,-99.12456,05,4863
05142B0-GOYTIAPEDRO,Francisco Goytia - Pedro Ramírez del Castillo,19.25603,-99.10726,05,4864
05142B0-16SEPMAIZ,Av. 16 de Septiembre - Calle Maíz,19.25208,-99.10598,05,4865
05142B0-16SEPSANLUCAS,Av. 16 de Septiembre - Camino Viejo a San Lucas,19.24817,-99.10471,05,4866
05142B0-XOCHTULYEHU,Calle del Mercado - Nva. Carretera Xochimilco Tulyehualco,19.24844,-99.09689,05,4867
05142B0-TULYEZACAPA,Calz. Xochimilco Tulyehualco - Calle Zacapa,19.24898,-99.09408,05,4868
05161C1-MINASTEJOCOT,Camino a las Minas - Tejocote,19.34184,-99.02001,05,4869
05161C1-MINASGUANABA,Camino a las Minas - Guanabana,19.34033,-99.01959,05,4870
05161C1-MINASCHABACA,Camino a las Minas - Chabacano,19.33833,-99.01927,05,4871
05161C1-MINASBJUAREZ,Camino a las Minas - Benito Juárez,19.33684,-99.01893,05,4872
05161C1-MINASVIOLETA,Camino a las Minas - Violeta,19.33552,-99.01848,05,4873
05161C1-MINASAZAHARE,Camino a las Minas - Azahares,19.33474,-99.01824,05,4874
05161C1-MINASTACRUZ,Camino a las Minas - Sta. Cruz,19.33406,-99.01803,05,4875
05161C1-MINASMARGARI,Camino a Minas - Col. Palmas Calle Las Margaritas,19.33356,-99.01786,05,4876
05161C0-ERMITAMARILE,Calz. Ermita - Prof. Mariles,19.34229,-99.05284,05,4877
05161C0-ERMITALCABRER,Calz. Ermita - Luis Cabrera,19.34244,-99.05103,05,4878
05161C0-MINASEJ8SIZTA,Camino a Minas - Eje 8 Sur Calz. Ermita Iztapalapa,19.34508,-99.02086,05,4879
05161C0-MINASTEJOCOT,Camino a Minas - Tejocote,19.34169,-99.01972,05,4869
05161C0-MINASGUANABA,Camino a Minas - Guanabana,19.34015,-99.01946,05,4870
05161C0-MINASCHABACA,Camino a Minas - Chabacano,19.33815,-99.0191,05,4871
05161C0-MINASBJUAREZ,Camino a Minas - Benito Juárez,19.33673,-99.01875,05,4872
05161C0-MINASGRANADA,Camino a Minas - Granada,19.33612,-99.01852,05,4880
05161C0-MINASAZAHARES,Camino a Minas - Azahares,19.33476,-99.01811,05,4874
05161C0-MINASTACRUZ,Camino a Minas - Sta. Cruz,19.33404,-99.01791,05,4875
05161C0-PALMASMARGAR,C. C. Palmas - Margaritas,19.33355,-99.01774,05,4876
05107B0-CARIBEMXTCB,Mar Caribe - México Tacuba,19.45821,-99.18283,05,4881
05107B0-VENEBJUAREZ,Venecia  - Benito Juárez,19.4599,-99.18183,05,4882
05107B0-GRECIAVENECI,Grecia - Venecia,19.46124,-99.18093,05,4883
05107B0-GRECIABOCANE,Grecia - Bocanegra,19.46226,-99.18262,05,4884
05107B0-GRECIANIZA,Grecia - Niza,19.46329,-99.18431,05,4885
05107B0-FLOREGIPTO,Floresta - Egipto,19.46447,-99.18678,05,4886
05107B0-ESTIOAZCAPOT,Estio - Azcapotzalco,19.46569,-99.18786,05,4887
05107B0-JFGESTIO,José F. Gutiérrez - Estio,19.46586,-99.18897,05,4888
05107B0-JFGOTONO,José F. Gutiérrez - Otoño,19.46783,-99.1888,05,4889
05107B0-JFGINVIERNO,José F. Gutiérrez - Invierno,19.46988,-99.18862,05,4890
05107B0-CENTPOLONTE,Centenario - Polo Norte,19.47123,-99.18849,05,4891
05107B0-CENTAELORDUY,Centenario - Aquiles Elorduy,19.47459,-99.18854,05,4892
05107B0-REFMACUNA,Reforma - Manuel Acuaña,19.47902,-99.18804,05,4893
05107B0-REFLERDOTEJA,Reforma - Lerdo de Tejada,19.48023,-99.1877,05,4894
05107B0-SIMONSEVILLA,San Simón - Sevilla,19.48785,-99.18648,05,4895
05107B0-GPESANSIMON,Calz. de Guadalupe - San Simón,19.48962,-99.18641,05,4896
05107B0-LIMONAZCAPOT,Campo Nuevo Limón - Refinería Azcapotzalco,19.49151,-99.18825,05,4897
05107B0-LIMONMINATITL,Campo Nuevo Limón - Refinería Minatitlan,19.49288,-99.18782,05,4898
05107B0-LIMONSALAMAN,Campo Nuevo Limón - refinería Salamanca,19.49446,-99.18733,05,4899
05107B0-GASPZPEDREG,Gasoducto - Pozo Pedregal,19.49567,-99.18647,05,4900
05107B0-PABSANMARTIN,San Pablo - Calz. Real de San Martín,19.497,-99.1848,05,4901
05107B0-PABLOFMODU23,San Pablo - Frente a Modulo 23,19.49879,-99.18433,05,4902
05107B0-PABLOUTEPALTO,San Pablo - Unidad Tepaltongo,19.50091,-99.18388,05,4903
05107B0-SANPABLOUAM,San Pablo - UAM,19.50144,-99.18388,05,4904
05107B0-PABLOUAM,San Pablo - UAM,19.50339,-99.18344,05,4905
05107B0-REYTECNOPRQ,Eje 5 Norte Av. Dvo. Reynosa - Tecnoparque,19.50241,-99.17843,05,4906
05107B0-GRANJMATLACO,Av. Granjas - Matlacoatl,19.50101,-99.17525,05,4907
05107B0-GRANJASTECMI,Av. Granjas - Tec Milenio,19.50001,-99.17484,05,4908
05107B0-GRANJASRASTR,Av. Granjas - Rastro,19.49559,-99.17311,05,4909
05107B0-VILLAGRANJAS,Azcapotzalco La Villa - Av. Granjas,19.49091,-99.17311,05,4910
05107B0-CEYLANLAVILLA,Av. Ceylan - Azcapotzalco La Villa,19.49184,-99.16939,05,4911
05107B0-CEYLANPTE134,Av. Ceylan - Poniente 134,19.49596,-99.17099,05,4912
05107B0-CEYLANPTE140,Av. Ceylan - Poniente 140,19.49935,-99.17233,05,4913
05107B0-CEYLANPTE146,Av. Ceylan - Poniente 146,19.50324,-99.17384,05,4914
05107B0-CEYLANPTE148,Av. Ceylan - Poniente 148,19.506,-99.17492,05,4915
05107B0-CEYLANPTE152,Av. Ceylan - Poniente 152,19.50756,-99.17505,05,4916
05107B0-PTE152MARAVIL,Poniente 152 - Maravillas,19.50818,-99.17357,05,4917
05107B0-PTE152SOLMX,Poniente 152 - Sol de México,19.50718,-99.17043,05,4918
05107B0-PTE152NTE65,Poniente 152 - Norte 65,19.5066,-99.16868,05,4919
05107B0-PTE152EXHDA,Poniente 152 - Ex Hacienda,19.50614,-99.16723,05,4920
05107B0-PTE152NTE59,Poniente 152 - Norte 59,19.5047,-99.16285,05,4921
05107B0-PTE152RNO1,Poniente 152 - Retorno 1,19.50355,-99.15934,05,4922
05107B0-OTHONVALLEJO,Miguel Othon de Mendizabal - Calz. Vallejo,19.50314,-99.15684,05,4923
05107B0-OTHONPATERA,Miguel Othon de Mendizabal - Unidad Patera Vallejo,19.50435,-99.15372,05,4924
05107B0-OTHON100MTR,Miguel Othon de Mendizabal - Eje Central 100 Metros,19.50559,-99.15044,05,4925
05107B0-OTHONCENTRAL,Miguel Othon de Mendizabal - Calle Central,19.50633,-99.14836,05,4926
05107B0-OTHONTLINDAV,Miguel Othon de Mendizabal - Frente a Centro Comercial Torres Lindavista,19.50752,-99.14553,05,4927
05107B0-OTHONSTANANT,Miguel Othon de Mendizabal - Santa Ana Norte,19.50873,-99.14242,05,4928
05107B0-OTHONCARRIZO,Miguel Othon de Mendizabal - Av. del Carrizo,19.50949,-99.13974,05,4929
05107B0-MBENRIQERRO,Av. Miguel Bernard - Luis Enrique Erro,19.50718,-99.13702,05,4930
05107B0-MBESCINGENIE,Av. Miguel Bernanrd - Escuela de Ingenieros,19.50572,-99.13557,05,4931
05107B0-MBDIOSBATIZ,Av. Miguel Bernard - Juan de Dios Batiz,19.50346,-99.13333,05,4932
05107B0-TIOCMNMANIZAL,Ticoman - Manizales,19.50086,-99.12601,05,4933
05107B0-MISTERIOALBAR,Prol. Misterios - Albardon,19.4898,-99.11793,05,4934
05107B0-CANTERAHGO,Cantera - Hidalgo,19.48749,-99.11365,05,4935
0501281-OJAGCHABACAN,Av. Ojo de Agua - Chabacano,19.30728,-99.26529,05,4936
0501281-OJAGPARCELA,Ojo de Agua - Parcela,19.31056,-99.26224,05,4937
0501281-OJAG2DACDAOJ,Ojo de Agua - Segunda Cda. de Ojo de Agua,19.31146,-99.26103,05,4938
0501281-POTRECDANARA,Potrerillo - Cda. de los Naranjos,19.31239,-99.26011,05,4939
0501281-POTREMEMETLA,Potrerillo - Memetla,19.3121,-99.2598,05,4939
0501281-POTREPRADERA,Potrerillo - Pradera,19.30975,-99.25951,05,4940
0501281-JEROPOTRERILL,Av. San Jerónimo - Potrerillo,19.30868,-99.26012,05,4941
0501281-JEROASIS,Av. San Jerónimo - Oasis,19.30754,-99.26076,05,4942
0501281-JEROENCINOS,Av. San Jerónimo - Encinos,19.30719,-99.26095,05,4942
0501281-JERORPACHITA,Av. San Jerónimo - Rancho Pachita,19.307,-99.26106,05,4943
0501281-JEROERMITA,Av. San Jerónimo - Ermita,19.30667,-99.26132,05,4943
0501281-JERO10JUNIO,Av. San Jerónimo - 10 de Junio,19.30617,-99.26154,05,4944
0501281-JEROZEHUILOY,Av. San Jerónimo - Cerro Zehuiloya,19.30588,-99.26134,05,4944
0501281-JEROGUAMU,Av. San Jerónimo - Guamuchil,19.30574,-99.259,05,4945
0501281-JEROHUAYATLA,Av. San Jerónimo - Huayatla,19.30415,-99.25713,05,4946
0501281-JEROAHUEJOTE,Av. San Jerónimo - Ahuejotes,19.30414,-99.25607,05,4947
0501281-JEROGUAMUCH,Av. San Jerónimo - Guamuchil,19.30453,-99.25469,05,4948
0501281-JERONOGALINDI,Av. San Jerónimo - Nogal de la India,19.30486,-99.25341,05,4949
0501281-JERONOGAL,Av. San Jerónimo - El Nogal,19.30511,-99.25223,05,4950
0501281-JEROGUADALUP,Av. San Jerónimo - Guadalupe,19.30613,-99.24866,05,4951
0501281-JEROROSAL,Av. San Jerónimo - El Rosal,19.30691,-99.24792,05,4952
0501281-JEROPALMDESIE,Av. San Jerónimo - Palmera del Desierto,19.3082,-99.24708,05,4953
0501281-JEROAZUCENA,Av. San Jerónimo - Azucena,19.31035,-99.24573,05,4954
0501281-JEROVIOLETA,Av. San Jerónimo - Violeta,19.31161,-99.24484,05,4955
0501281-JEROBUGAMBIL,Av. San Jerónimo - Bugambilia,19.31282,-99.24395,05,4956
0501281-JEROHORTENCI,Av. San Jerónimo - Hortencia,19.31447,-99.24266,05,4957
0501281-JEROCRUZVERD,Av. San Jerónimo - Cruz Verde,19.31559,-99.24136,05,4958
0501281-JEROEBANO,Av. San Jerónimo - Ebano,19.31662,-99.23897,05,4959
0501281-JEROLUISCABRE,Av. San Jerónimo - Luis Cabrera,19.3177,-99.23672,05,4960
0501281-JEROLERDOTEJA,Av. San Jerónimo - Lerdo de Tejada,19.31892,-99.23437,05,4961
0501281-JEROBJUAREZ,Av. San Jerónimo - Benito Juárez,19.32089,-99.23187,05,4962
0501281-JEROMAGNOLIA,Av. San Jerónimo - Magnolia,19.32219,-99.2302,05,4963
0501281-JEROPORFIRIOD,Av. San Jerónimo - Porfirio Díaz,19.32319,-99.22893,05,4964
0501281-JEROCICLOPIST,Av. San Jerónimo - Ciclopista,19.32363,-99.22827,05,4965
0501281-JEROCORREGID,Av. San Jerónimo - Corregidora,19.32415,-99.22762,05,4966
0501281-JEROPADIERNA,Av. San Jerónimo - Héroes de Padierna,19.32512,-99.22341,05,4967
0501281-JEROCUAUHTEM,Av. San Jerónimo - Cuauhtémoc,19.3255,-99.22094,05,4968
0501281-JEROPRESA,Av. San Jerónimo - Presa,19.32828,-99.21846,05,4969
0501281-JERORAMON,Av. San Jerónimo - San Ramón,19.32904,-99.21696,05,4970
0501281-JEROLMATEOS,Av. San Jerónimo - Blvd. Adolfo López Mateos,19.33101,-99.21188,05,4971
0501280-JEROPEDREGAL,Av. San Jerónimo - Paseos del Pedregal,19.33314,-99.20047,05,4972
0501280-EJ10SLMATEOS,eje 10 Sur - Blvd. Adolfo López Mateos,19.33144,-99.20908,05,4973
0501280-CONTREDENCI,Av. Contreras - Redención,19.32747,-99.21539,05,4974
0501280-EZAPJALAPA,Emiliano Zapata - Jalapa,19.32093,-99.22408,05,4975
0501280-EZAPTUXPAN,Emiliano Zapata - Tuxpan,19.32033,-99.22521,05,4976
0501280-EZAP19AGOSTO,Emiliano Zapata - 19 de Agosto,19.31972,-99.22611,05,4977
0501280-EZAPVERACRUZ,Emiliano Zapata -Veracruz,19.3189,-99.22734,05,4978
0501280-EZAPACHUCA,Emiliano Zapata - Pachuca,19.31788,-99.22889,05,4979
0501280-FCOFERROCUER,Av. San Francisco - Ferrocarril de Cuernavaca,19.31736,-99.22969,05,4980
0501280-FCOTLAXCALA,Av. San Francisco - Tlaxcala,19.31583,-99.23006,05,4981
0501280-FCOREFORMA,Av. San Francisco - Reforma,19.31459,-99.23248,05,4982
0501280-FCOCHABACANO,Av. San Francisco - Chabacano,19.31376,-99.23405,05,4983
0501280-FCOCJONPRADO,Av. San Francisco - Callejón del Prado,19.31323,-99.23499,05,4984
0501280-FCOFRENTE337,Av. San Francisco - Frente a No. 337,19.31212,-99.23698,05,4985
0501280-FCOCJONTORO,Av. San Francisco - Callejón del Toro,19.30888,-99.24124,05,4986
0501280-FCOPRIVSNFCO,Av. San Francisco - Priv. de San Francisco,19.30746,-99.2425,05,4987
0501280-1RACDASNFCO,Primera Cerrada San Francisco,19.30619,-99.24319,05,4988
0501280-PERITSNFCO,La Perita - San Francisco,19.30487,-99.24612,05,4989
0501280-ROSALTEJA,Del Rosal - La Teja,19.30547,-99.247,05,4990
0501280-JEROROSAL,Av. San Jerónimo - Rosal,19.30653,-99.24801,05,4952
0501280-JEROGUADALUP,Av. San Jerónimo - Guadalupe,19.3058,-99.24904,05,4991
0501280-JERONOGAL,Av. San Jerónimo - Nogal,19.305,-99.25242,05,4950
0501280-JERNOGALINDIA,Av. San Jerónimo - Nogal de la India,19.30491,-99.25284,05,4992
0501280-JEROHUAYATLA,Av. San Jerónimo - Huayatla,19.30472,-99.25355,05,4949
0501280-JEROAHUEJOTE,Av. San Jerónimo - Cda. Ahuejotes,19.30444,-99.25466,05,4948
0501280-CDACAZUARINA,Av. San Jerónimo - Cda. Cazuarina,19.30423,-99.25748,05,4946
0501280-JEROGUAMUCH,Av. San Jerónimo - Guamuchil,19.3058,-99.25955,05,4993
0501280-JERO10JUNIO,Av. San Jerónimo - 10 de Junio,19.30579,-99.26009,05,4994
0501280-JERORPACHITA,Av. San Jerónimo - Rancho Pachita,19.30574,-99.26118,05,4995
0501280-JEROERMITA,Av. San Jerónimo - Ermita,19.30597,-99.26158,05,4944
0501280-JEROENCINOS,Av. San Jerónimo - Encinos,19.30628,-99.26163,05,4944
0501280-JEROSOLEDAD,Av. San Jerónimo - Cda. de la Soledad,19.30651,-99.26152,05,4944
0501280-POTRENCINOS,Potrerillo - Encinos,19.30719,-99.26103,05,4942
0501280-POTREPRADERA,Potrerillo - Pradera,19.30968,-99.25965,05,4940
0501280-POTRESOLEDAD,Potrerillo - Cda. de la Soledad,19.31062,-99.25929,05,4996
0501280-JEROPOTRERILL,Av. San Jerónimo - Potrerillo,19.31165,-99.25958,05,4997
0501280-OJODEAGUA,Av. Ojo de Agua - Ojo de Agua,19.31241,-99.25993,05,4939
0501280-OJAGHUAYATLA,Av. Ojo de agua - Huayatla,19.31188,-99.2605,05,4998
0501280-OJAGVICTORIA,Av. Ojo de Agua - Victoria,19.31154,-99.26086,05,4938
0501280-OJAGPINOYAMEL,Av. Ojo de agua - Pino Oyamel,19.31107,-99.26127,05,4999
0501280-OJAGPARCELA,Av. Ojo de Agua - Parcela,19.31069,-99.26182,05,4937
0501280-OJAGOYAMEL,Av. Ojo de agua - Oyamel,19.30833,-99.26431,05,5000
0501280-OJAGCHABACAN,Av. Ojo de Agua - Chabacano,19.30723,-99.26525,05,4936
05134A1-KM39,Carretera Federal a Cuernavaca - Km 39.6,19.13557,-99.17419,05,5001
05134A1-KM37PRQMARAV,Carretera Federal a Cuernavaca - Km 37 Parque las Maravillas,19.14892,-99.16587,05,5002
05134A1-KM36CICLOPIST,Carretera Federal a Cuernavaca - Km 36.5 Ciclopista,19.15554,-99.16303,05,5003
05134A1-KM36ELSIFON,Carretera Federal a Cuernavaca - Km 36 El Sifon,19.16147,-99.16134,05,5004
05134A1-CARRCUERKM34,Carretera Federal a Cuernavaca - Km 34,19.17102,-99.15987,05,5005
05134A1-KM33,Carretera Federal a Cuernavaca - Km 33.5,19.1757,-99.16197,05,5006
05134A1-TETEOCOTLA,Carretera Federal a Cuernavaca - Km 33 Teteocotla,19.18385,-99.16427,05,5007
05134A1-KM32,Carretera Federal a Cuernavaca - Km 32.6,19.18673,-99.16418,05,5008
05134A1-OYAMEYO,Carretera Federal a Cuernavaca - Oyameyo,19.19219,-99.16584,05,5009
05134A1-31CNOAJUSCO,Carretera Federal a Cuernavaca - Km 31 Camino Antiguo al Ajusco,19.19795,-99.16567,05,5010
05134A1-KM305,Carretera Federal a Cuernavaca - Km 30.5,19.201970000000006,-99.15843,05,5011
05134A1-KM30,Carretera Federal a Cuernavaca - Km 30,19.2095,-99.15549,05,5012
05134A1-KM28CNOSANTA,Carretera Federal a Cuernavaca - Km 28 Camino a Santana,19.2183,-99.14989,05,5013
05134A0-KM29AHUACATI,Carretera Federal a Cuernavaca - Km 29.5 Ahuacatitla,19.20945,-99.15548,05,5012
05134A0-KM30GASOLINE,Carretera Federal a Cuernavaca - Km 30.5 Gasolineria,19.2019,-99.1584,05,5011
05134A0-KM31CNOAJUSC,Carretera Federal a Cuernavaca - Km 31 Camino Antiguo al Ajusco,19.19977,-99.16437,05,5014
05134A0-OYAMEYO,Carretera Federal a Cuernavaca - Oyameyo,19.1921,-99.16579,05,5009
05134A0-KM32,Carretera Federal a Cuernavaca - Km 32.6,19.18675,-99.1641,05,5008
05134A0-KM33,Carretera Federal a Cuernavaca - Km 33,19.18035,-99.16118,05,5015
05134A0-KM33TEHUISCO,Carretera Federal a Cuernavaca - Km 33.5 Tehuisco,19.1757,-99.16188,05,5006
05134A0-KM34,Carretera Federal a Cuernavaca - Km 34,19.17097,-99.15984,05,5005
05134A0-KM36ELSIFON,Carretera Federal a Cuernavaca - Km 36 El Sifon,19.16141,-99.16129,05,5004
05134A0-PLNTALUZCICLO,Carretera Federal a Cuernavaca - Planta de Luz o Ciclopista 36.5,19.15545,-99.16298,05,5003
05134A0-KM37PRQMARA,Carretera Federal a Cuernavaca - Km 37 Parque Las Maravillas,19.14884,-99.16583,05,5002
05134A0-PBLOPARRES,Carretera Federal a Cuernavaca - Pueblo de Parres,19.13536,-99.1742,05,5001
05134A0-CARRFEDCUERN,Carretera Federal a Cuernavaca,19.13388,-99.17677,05,5016
05134A0-CUERCIRCUNVA,C. C. Parres - Carretera Federal a Cuernavaca y Circunvalación,19.13313,-99.17756,05,5017
05121A1-TENSIONFCAMP,Alta Tensión - Flor de Campo,19.32945,-99.25542,05,5018
05121A1-GERANIOTORRE,Calle Geranio - Av. de las Torres,19.32953,-99.25175,05,5019
05121A1-MARGARITASTO,Calle Margaritas - Av. de las Torres,19.33117,-99.24723,05,5020
05121A1-AMAPOLTANQUE,Cda. Amapola - Av. de los Tanques,19.33245,-99.2435,05,5021
05121A1-CLAZOTANQUES,Av. Carlos Lazo - Av. de los Tanques,19.33367,-99.23864,05,5022
05121A1-GLACIARPABLO,Glaciar - Calle San Pablo,19.33634,-99.22752,05,5023
05121A1-GLACIARMAISAB,Glaciar - Residencial María Isabel,19.33743,-99.22422,05,5024
05121A1-SEMINARIOTOLU,Cda. Seminario - Av. Toluca,19.33855,-99.22,05,5025
05121A1-JUANIXTAPANTO,Cda. Loma de los Juanes  - Av. Torres Ixtapantongo,19.33974,-99.21638,05,5026
05121A1-TOLUCAZAMORA,Av. Toluca - Zamora,19.34113,-99.21196,05,5027
05121A1-ACAMBAROTOL,Calle Acámbaro - Av. Toluca,19.34114,-99.20751,05,5028
05121A1-ACAPLCSALVAT,Antiguo Camino a Acapulco - Salvatierra,19.34248,-99.20456,05,5029
05121A1-TELEVISANGEL,Televisa - San Ángel,19.34458,-99.20265,05,5030
05121A1-CNODTOLEONS,Camino al Desierto de los Leones,19.3486,-99.19064,05,5031
05121A1-MBARRANMUER,Metro Barranca del Muerto,19.36148,-99.18938,05,5032
05121A1-INSURMIXCOAC,Insurgentes Sur - Río Mixcoac,19.36826,-99.18019,05,5033
05121A1-UNIVERPOPOCA,Universidad - Popocatepetl,19.36658,-99.16753,05,5034
05121A1-UNIVERSDDCHO,Av. Universidad - Laboratorios Chopo Universidad,19.36922,-99.16592,05,5035
05121A0-TNALMZAPATA,Terminal Metro Zapata,19.37115,-99.16439,05,5036
05121A0-JMRICOPRIETO,José María Rico - Adolfo Prieto,19.36771,-99.17388,05,5037
05121A0-MIXCOACANGEL,Cto. Int. Río Mixcoac - del Ángel,19.36959,-99.1838,05,5038
05121A0-ALTAVSTFLORE,Altavista - Las Flores,19.34714,-99.19014,05,5039
05121A0-DIEGORIVERA,Diego Rivera,19.34889,-99.19781,05,5040
05121A0-ALTAVSTREFOR,Altavista - Reforma,19.34852,-99.19341,05,5041
05121A0-ACAPULCMATEO,Cda. de Acapulco - Blvd. Adolfo López Mateos,19.34449,-99.20232,05,5030
05121A0-JALAPAQRO,Jalapa - Calle Querétaro,19.33929,-99.20498,05,5042
05121A0-AJUSCOROMUL,Ajusco - Rómulo O'Farril,19.33982,-99.20801,05,5043
05121A0-FERROCUERNA,Ferrocarril de Cuernavaca,19.33801,-99.21174,05,5044
05121A0-IXTAPANTONGO,Glaciar - Ixtapantongo,19.33853,-99.21489,05,5045
05121A0-GLACIARMAISAB,Glaciar - Residencial María Isabel,19.33748,-99.22226,05,5046
05121A0-GLACIARPEDRO,Glaciar - Calle San Pedro,19.33661,-99.22608,05,5047
05121A0-NABORGLACIAR,Calle Doctor Nabor Carrillo Flores - Glaciar,19.33571,-99.2302,05,5048
05121A0-RIOSELIZONDO,Roberto Ríos Elizondo,19.33462,-99.23438,05,5049
05121A0-CLAZOTANQUES,Av. Carlos Lazo - Av. de los Tanques,19.33346,-99.23895,05,5022
05121A0-AMAPOLATANQU,Cerrada Amapola - Av. de los Tanques,19.33239,-99.24348,05,5021
05121A0-MARGARTSTOR,Calle Margaritas - Av. de las Torres,19.33112,-99.24723,05,5020
05121A0-GERANIOTORRE,Calle Geranio - Av. de las Torres,19.32918,-99.25176,05,5019
05121A0-TENSIONFCAMP,Alta Tensión - Flor de Campo,19.32938,-99.25549,05,5018
0500691-CARRMARGARIT,Carretera Federal a Cuernavaca - Km 30.5 Las margaritas,19.21457,-99.17185,05,5050
0500691-MARGARITAS,Carretera Federal a Cuernavaca - Las Margaritas,19.21044,-99.1686,05,5051
0500691-CARRANACAHUI,Carretera Federal a Cuernavaca - Km 30.3 Anacahuita,19.20763,-99.16066,05,5052
0500691-ANACAHUITA,Carretera Federal a Cuernavaca - Anacahuita,19.20779,-99.15646,05,5053
0500691-CUERELCANTIL,Carretera Federal a Cuernavaca - El Cantil,19.21387,-99.15143,05,5054
0500691-CARRCUER27,Carretera Federal a Cuernavaca - Km 27.5,19.21856,-99.14988,05,5013
0500691-CUERAJUSCO,Carretera Federal a Cuernavaca - Km 25.5 México Ajusco,19.23524,-99.15738,05,5055
0500691-CUERTERRAZAS,Carretera Federal a Cuernavaca - Km 24.5 Terrazas,19.24066,-99.16167,05,5056
0500691-HIPOCAMPO,Hipocampo,19.24156,-99.16527,05,5057
0500691-TIJUAMALOAPAN,Carretera Federal a Cuernavaca - Tijuamaloapan,19.244670000000006,-99.1705,05,5058
0500691-CUERTLATEMPA,Carretera Federal a Cuernavaca - Tlatempa,19.24805,-99.17226,05,5059
0500691-CRUZBLANCMOR,Cruz Blanca - Prol. Morelos,19.25057,-99.17641,05,5060
0500691-CUARXOCHITLA,Carretera Federal a Cuernavaca - Xochitla,19.25401,-99.17691,05,5061
0500691-RINCPASEOJUAN,Rinconada Paseo de San Juan,19.25765,-99.17551,05,5062
0500691-SANBORNSHOSP,Sanborns - Hospitales,19.29153,-99.16057,05,5063
0500690-CURZBLANCMOR,Cruz Blanca - Prol. Morelos,19.25065,-99.17632,05,5060
0500690-CLAVELITO5MAY,Carretera Federal a Cuernavaca - El Clavelito antes de 5 de Mayo,19.2502,-99.17435,05,5064
0500690-TLATEMPA,Carretera Federal a Cuernavaca - Calle Tlatempa,19.24805,-99.17221,05,5059
0500690-TIJUMALOAPAN,Carretera Federal a Cuernavaca - Tijuamaloapan,19.24472,-99.17045,05,5058
0500690-HIPOCAMPO,Hipocampo,19.24162,-99.16526,05,5057
0500690-CUE24TERRAZA,Carrtera Federal  a Cuernavaca - Km 24.5 Terrazas,19.24073,-99.16163,05,5056
0500690-CUER25AJUSCO,Carretera Federal a Cuernavaca - Km 25.5 México Ajusco,19.23528,-99.15728,05,5055
0500690-CUERNAKM27,Carretera Federal a Cuernavaca - Km 27.5,19.21855,-99.1498,05,5013
0500690-CARRELCANTIL,Carretera Federal a Cuernavaca - El Cantil,19.21376,-99.15139,05,5054
0500690-CARRANACAHUI,Carretera Federal a Cuernavaca - Anacahuita,19.20778,-99.15633,05,5053
0500690-ANACAHUITA,Carretera Federal a Cuernavca - Km 30.3 Anacahuita,19.20757,-99.1607,05,5052
0500690-CARRMARGARIT,Carretera Federal a Cuernavaca - Las Margaritas,19.2104,-99.16862,05,5051
0500690-CUERMARGARIT,Carretera Federal a Cuernavaca - Km 30.5 Las Margaritas,19.21451,-99.17195,05,5050
05002A1-CEDRALDFRAG,Cedral - David Fragoso,19.26564,-99.16134,05,5065
05002A1-CEDRALPARAIS,Calle Cedral - Av. del Paraíso,19.26965,-99.16002,05,5066
05002A1-SANPEDROMAR,Antiguo Camino a San Pedro Mártir - San Pedro Mártir,19.27274,-99.16097,05,5067
05002A1-PEDROMOCAMP,Antiguo Camino a San Pedro Mártir - Melchor Ocampo,19.27691,-99.1644,05,5068
05002A1-INSURGTSMX,Av. Insurgentes Sur - México 95D,19.27802,-99.16731,05,5069
05002A1-ROSACTLALPAN,Calle La Rosa - Calz. de Tlalpan,19.28422,-99.16438,05,5070
05002A0-MVIADUCTO,Metro Viaducto,19.40081,-99.13716,05,5071
05002A0-CERROJESUS,Cerro de Jesús,19.34565,-99.14448,05,5072
05002A0-BJUAREZ,Benito Juárez,19.31466,-99.1395,05,5073
05002A0-TLALMXOCHIM,Calz. de Tlalpan - México-Xochimilco,19.2976,-99.15194,05,5074
05002A0-TLALARENAL,Viaducto - Tlalpan Arenal,19.28755,-99.15835,05,5075
05002A0-PEDROMOCAMP,Antiguo Camino a San Pedro - Calle Melchor Ocampo,19.27691,-99.16437,05,5068
05002A0-SNPEDROMART,Antiguo Camino a San Pedro Mártir - San Pedro Mártir,19.27278,-99.1609,05,5067
05002A0-CEDRALPARAISO,Calle Cedral - Av. del Paraíso,19.26962,-99.15995,05,5066
05031B1-GPEINCLANREZ,Guadalupe Inclan Ramírez,19.26598,-99.11558,05,5076
05031B1-LANORIA,La Noria,19.26812,-99.12564,05,5077
05031B1-VIADUCTO,Viaducto,19.29097,-99.14961,05,5078
05031B1-HUIPULCO,Huipulco,19.29535,-99.15274,05,5079
05031B1-LAVIRGEN,La Virgen,19.33162,-99.14081,05,5080
05031B1-AMERICA,América,19.34611,-99.14494,05,5081
05031B0-DELTALLER,Del Taller,19.41341,-99.13481,05,5082
05031B0-HDEZDAVALS,Calle Juan E. Hernández y Dávalos - Calz. San Antonio Abad,19.40596,-99.1359,05,5083
05031B0-QUINTO,Quinto,19.33504,-99.14147,05,5084
05031B0-TLALPAN,Tlalpan,19.29877,-99.15011,05,5085
05031B0-FORESTAL,Forestal,19.28939,-99.14724,05,5086
05031B0-GPEIRNARDOS,Gpe. Inclan Ramírez - Calle Nardo Sur,19.26707,-99.11964,05,5087
05111A1-CDMXCUERNAV,CDMX - Cuernavaca,19.24704,-99.15382,05,5088
05111A1-BJMIRAFLORES,Prol. Benito Juárez - Calle Miraflores,19.25205,-99.15594,05,5089
05111A1-REGISFEDAUTO,Registro Federal de Automoviles,19.31774,-99.13925,05,5090
05111A1-NONOALCO,Nonoalco,19.35366,-99.14511,05,5091
05111A1-CHABACANO,Chabacano,19.40899,-99.1359,05,5092
05111A1-CHIMALPOPOCA,Chimalpopoca,19.42218,-99.13375,05,5093
05111A0-FLAMENCOS,Flamencos,19.42475,-99.13442,05,5094
05111A0-FRAYSERVANDO,Fray Servando,19.41998,-99.13382,05,5095
05111A0-ABADBOTURINI,San Antonio Abad - Lorenzo Boturini,19.41762,-99.13406,05,5096
05111A0-TLALMVIADUCT,Calz. de Tlalpan - Metro Viaducto,19.40426,-99.13629,05,5097
05111A0-STANITATLALPA,Calz. Santa Anita  - Calz. de Tlalpan,19.39893,-99.13707,05,5098
05111A0-PALERMOTLALPA,Palermo - Calz. de Tlalpan,19.38196,-99.13968,05,5099
05111A0-LACUESTA,La Cuesta,19.37744,-99.14028,05,5100
05111A0-PRESIDNTSTLAL,Av. Presidentes - Calz. de Tlalpan,19.366670000000006,-99.14193,05,5101
05111A0-CHURUTLALPAN,Av. Río Churubusco - Calz. de Tlalpan,19.35806,-99.14356,05,5102
05111A0-PTORICOTLALPA,Puerto Rico - Calz. de Tlalpan,19.34445,-99.14422,05,5103
05111A0-TLALCNANTON,Calz. de Tlalpan - Cerro de San Antonio,19.3396,-99.1428,05,5104
05111A0-TLALDVSNTE,Calz. de Tlalpan - División del Norte,19.31657,-99.13882,05,5105
05111A0-CUERNCDMXINS,Cuernavaca - CDMX y Insurgentes Sur,19.27486,-99.16536,05,5106
05111A0-CLAVELNTE,Clavel Norte,19.27072,-99.16349,05,5107
05111A0-MXCUERNCDMX,Autopista México-Cuernavaca - CDMX,19.26189,-99.16591,05,5108
05111A0-ROSAL,Rosal,19.25851,-99.16214,05,5109
05111A0-BJMIRAFLORES,Prol. Benito Juárez - Calle Miraflores,19.25205,-99.1557,05,5089
05111A0-MXCUERVIOLET,Autopista México-Cuernavaca - Puente Peatonal Violeta,19.24384,-99.14857,05,5110
05081A1-MIRAMESTRBINA,Av. Canal de Miramontes - Estrella Binaria,19.31964,-99.13188,05,5111
05081A1-EJ1OERIDONA,Eje 1 Oriente Canal de Miramontes - Eridona,19.31735,-99.12828,05,5112
05081A1-EJ1CALZBOMBA,Eje 1 Canal de Miramontes - Calz. de las Bombas,19.3114,-99.12403,05,5113
05081A1-EJ1CALZHUESO,Eje 1 Canal de Miramontes - Calz. del Hueso,19.305670000000006,-99.12451,05,5114
05081A1-EJ1SIENA,Eje 1 Canal de Miramontes - Siena,19.30038,-99.12502,05,5115
05081A1-EJ1COAPLAZA,Eje 1 Canal de Miramontes - Coaplaza,19.29453,-99.12558,05,5116
05081A1-CANTAROMIRAM,Cántaro - Miramontes,19.2899,-99.12604,05,5117
05081A1-LORENZODVSNT,San Lorenzo - División del Norte,19.28286,-99.12525,05,5118
05081A1-PDNPLANAYALA,Prol. División del Norte - Plan de Ayala,19.27971,-99.12348,05,5119
05081A1-DNPLANAYALA,Prol. División del Norte - Plan de Ayala,19.27484,-99.1206,05,5120
05081A1-ALCANFORESDN,Alcanfores - Prol. División del Norte,19.27096,-99.11838,05,5121
05081A1-DNGPEINCLREZ,Prol. División del Norte - Gpe. Inclan Ramírez,19.26594,-99.11508,05,5122
05081A1-GPEIRTABACHIN,Gpe. Inclan Ramírez - Av. Tabachines,19.2652,-99.11165,05,5123
05081A1-GPEIRMNOMATA,Gpe. Inclan Ramírez - Mariano Matamoros,19.26416,-99.10665,05,5124
05081A1-DALIANVOLEON,Calle Dalia - Av. Nuevo León,19.26179,-99.09902,05,5125
05081A1-GLORIANVOLEO,Callejón la Gloria - Av. Nuevo León,19.26074,-99.09408,05,5126
05081A1-PINOSNLORENZ,Pino - Callejón San Lorenzo,19.25988,-99.09029,05,5127
05081A1-BEGONIANVOL,Callejón Begonia - Av. Nvo. León,19.25911,-99.08627,05,5128
05081A1-NVOLZACAPA,Av. Nuevo León - Calle Zacapa,19.25819,-99.08162,05,5129
05081A1-TENOCHBJUARZ,Tenochtitlan - Cerrada Benito Juárez,19.25642,-99.07292,05,5130
05081A1-TENOCHBJUARE,Tenochtitlan - Cerrada Benito Juárez,19.25728,-99.07723,05,5131
05081A1-HUERTANVOLEO,La Huerta - Nuevo León,19.2556,-99.06928,05,5132
05081A1-ACTOPANMXPTE,Actopan - México Poniente,19.2532,-99.06188,05,5133
05081A1-CUAUHOAXTEPE,Cuauhtémoc - Carretera a Oaxtepec,19.2491,-99.05698,05,5134
05081A0-MXPTECHAPULT,México Poniente - Chapultepec,19.25512,-99.06563,05,5135
05081A0-NUEVOLEON,Av. Nuevo León - Priv. Nuevo León,19.25678,-99.07418,05,5136
05081A0-NVOLPUENTE,Av. Nuevo León - Calle del Puente,19.25755,-99.07816,05,5137
05081A0-BEGONIANVOLE,Callejón Begonia - Av. Nuevo León,19.25917,-99.08626,05,5128
05081A0-PINOSNLORENZ,Pino - Callejón San Lorenzo,19.25992,-99.09027,05,5127
05081A0-GLORIANVOLEO,Callejón la Gloria - Av. Nuevo León,19.26079,-99.09407,05,5126
05081A0-DALIANVOLEON,Calle Dalia - Av. Nuevo León,19.26184,-99.09901,05,5125
05081A0-CLAVELPINO,Clavel - Calle Pino,19.26404,-99.10212,05,5138
05081A0-GLADIOLAGPEIR,Gladiola - Av. Gpe. I. Ramírez,19.26466,-99.10818,05,5139
05081A0-DVGPEIRMREZ,Prol. División del Norte - Av. Guadalupe I. Ramírez,19.26609,-99.11506,05,5122
05081A0-ALCANFORDNTE,Alcanfores - Prol. División del Norte,19.27081,-99.11803,05,5121
05081A0-DNMUYUGUARD,Prol. División del Norte - Av. Muyuguarda,19.27398,-99.11986,05,5140
05081A0-DNMANIFSTVILL,Prol. División del Norte - Manifiesto de Villa,19.27778,-99.12208,05,5141
05081A0-14FEBDVSNTE,Calle 14 de Febrero - Prol. División del Norte,19.28192,-99.12452,05,5142
05081A0-MIRAMTSFAROL,Av. Canal de Miramontes - Av. El Farol,19.28703,-99.12612,05,5143
05081A0-MIRAMTSDHDEZ,Av. Canal de Miramontes - Calle Daniel Hernández,19.31747,-99.12796,05,5112
0501321-TETENCOTLALP,Calle Cerro Tetenco - Calle Cerro Tlalpuente,19.2566,-99.18139,05,5144
0501321-TLALPTEXITLE,Carretera Federal a Cuernavaca - Tlalpuente entrada al Xitle,19.256120000000006,-99.1785,05,5145
0501321-CTORRESKM21,Carretera Federal a Cuernavaca - Callejón Las Torres Km 21,19.25919,-99.17363,05,5146
0501321-DILIORQUIDEA,Cerrada Diligencias - Calle Orquídea,19.26397,-99.17245,05,5147
0501320-CUARNJOYA,Carretera Federal a Cuernavaca - La Joya,19.27465,-99.16784,05,5148
0501320-INSURGNTSUR,Insurgentes Sur,19.27922,-99.16764,05,5149
0501320-CTOCETRAMEAZ,Cierre de Circuito Cetram Estadio Azteca,19.30043,-99.14698,05,5150
0501320-TLALTEZOQUIPA,Calz. de Tlalpan - Tezoquipa,19.28257,-99.16481,05,5151
0501320-DUQUE,Duque,19.27306,-99.16436,05,5152
0501320-CHIMALCOYOTL,Carretera Federal a Cuernavaca - Priv. de Chimalcoyotl,19.27286,-99.16653,05,5153
0501320-5MAYPMARTIR,Carretera Federal a Cuernavaca - 5 de Mayo y San Pedro Mártir,19.26661,-99.17091,05,5154
0501320-DILIORQUIDEA,Cerrada Diligencias - Calle Orquídea,19.26393,-99.17241,05,5147
0501320-CTORRESKM21,Carretera Federal a Cuernavaca - Callejón Las Torres Km 21,19.25913,-99.17353,05,5146
0501320-BATACAPAXTLA,Cerro de las Batallas - Calle Sierra Acapaxtla,19.2588,-99.18525,05,5155
0501320-TLALPTEXITLE,Carretera Federal a Cuernavaca - Tlalpuente entrada al Xitle,19.25613,-99.17845,05,5145
0501320-RINCNDSANJUAN,Carretera Federal a Cuernavaca - Rinconada Paseo de San Juan,19.257620000000006,-99.17553,05,5062
05107B0-LMNREFINERIA,Campo Nuevo Limón - Refinería Azcapotzalco,19.50467,-99.16295,05,4921
05107B0-TICOMNCOQUIM,Ticoman - Coquimbo,19.48976,-99.11798,05,4934
05107B1-METROVILLA,Metro La Villa,19.48709,-99.11375,05,4935
05107B1-TICOMANCOQUI,Ticoman - Coquimbo,19.48751,-99.11309,05,5156
05107B1-PTE152NTE45,Av. Poniente 152 - Norte 45,19.5034,-99.13567,05,5157
05107B1-GRANJCALAGPE,Av. Granjas - Antigua Calz. Guadalupe,19.49078,-99.17325,05,4910
05107B1-XALPEJ5NTE,Av. San Pablo Xalpa - Eje 5 Norte,19.50383,-99.18312,05,5158
05107B1-CASTLLOTE,Av. Azcapotzalco - Castilla Oriente,19.48449,-99.18566,05,5159
05001D1-EIZTAREFURBAN,Calz. Ermita Iztapalapa - Reforma Urbana,19.34418,-99.02998,05,5160
05001D1-EIZTAJAVIERSM,Calz. Ermita Iztapalapa - Javier Santa María,19.34201,-99.05177,05,5161
05001D1-EIZTAC1917,Calz. Ermita Iztapalapa - Metro Constitución de 1917,19.34507,-99.06256,05,5162
05001D1-EIZTAESTRELLA,Calz. Ermita Iztapalapa - Estrella,19.35644,-99.09001,05,5163
05001D1-EIZTAURRERA,Calz. Ermita Iztapalapa - Aurrera,19.35582,-99.10382,05,5164
05001D1-EIZTAS125A,Calz. Ermita Iztapalapa - Sur 125A,19.35615,-99.10816,05,5165
05001D1-EIZTATROJES,Calz. Ermita Iztapalapa - Trojes,19.35628,-99.10965,05,5166
05001D1-EIZTARNESES,Calz. Ermita Iztapalapa - Arneses,19.35647,-99.11161,05,5167
05001D1-EIZTAMEXICALT,Calz. Ermita Iztapalapa  - Metro Mexicaltzingo,19.35776,-99.12302,05,5168
05001D1-EIZTAPAS73,Calz. Ermita Iztapalapa - Sur 73,19.3591,-99.13466,05,5169
05001D1-S73MANUGAMIO,Sur 73 - Manuel Gamio,19.3609,-99.13435,05,5170
05001D1-S73,Sur 73,19.36285,-99.13406,05,5171
05001D1-OTE172SUR69A,Oriente 172 - Sur 69A,19.36327,-99.13654,05,5172
05001D1-EZAPELIASCALL,Emiliano Zapata - Plutarco Elias Calles,19.36356,-99.13884,05,5173
05001D1-EZAPBALBOA,Emiliano Zapata - Balboa,19.36453,-99.14524,05,5174
05001D1-EZAPCANARIAS,Emiliano Zapata - Canarias,19.36491,-99.14765,05,5175
05001D1-EZAPEJCTRALC,Emiliano Zapata - Eje Central Lázaro Cardenas,19.36543,-99.15087,05,5176
05001D1-EZAPTOKIO,Emiliano Zapata - Tokio,19.365820000000006,-99.15336,05,5177
05001D1-EZAPDVSNTE,Emiliano Zapata - División del Norte,19.36627,-99.15577,05,5178
05001D1-EZAPTAJIN,Emiliano Zapata - Tajin,19.36668,-99.158,05,5179
05001D1-EZAPUXMAL,Emiliano Zapata - Uxmal,19.36748,-99.1595,05,5180
05001D1-EZAPCUAUHTE,Emiliano Zapata - Cuauhtémoc,19.36913,-99.16171,05,5181
05001D1-UNIVSNLORENZ,Universidad - San Lorenzo,19.37053,-99.1648,05,5182
05001D1-JMRNICOSNJUA,Eje 8 Sur José María Rico - Nicolas San Juan,19.36672,-99.1672,05,5034
05001D1-JMREJ8SRCREO,Eje 8 Sur José María Rico - Recreo,19.36871,-99.17886,05,5183
05001D1-MXCFELIXPARR,Río Mixcoac - Félix Parra,19.37161,-99.18679,05,5184
05001D0-EIZTATULIPAN,Calz. Ermita Iztapalapa - Tulipan,19.34275,-99.05626,05,5185
05001D0-EIZTACINCO,Calz. Emiliano Zapata - Cinco,19.35665,-99.1111,05,5186
05001D0-EIZTACENTENO,Calz. Emiliano Zapata - Centeno,19.35721,-99.11686,05,5187
05001D0-EIZTAVENA,Calz. Ermita Iztapalapa - Avena,19.35759,-99.11857,05,5188
05001D0-EIZTASUR85,Calz. Ermita Iztapalapa - Sur 85,19.35832000000001,-99.1275,05,5189
05001D0-EIZTAS81A,Calz. Ermita Iztapalapa - Sur 81A,19.35851,-99.12952,05,5190
05001D0-CINTEJ8SCEIZT,Circuito Interior - Eje 8 Sur Calz. Ermita Iztapalapa,19.35871,-99.13065,05,5191
05001D0-S73MANUGAMIO,Sur 73 - Manuel Gamio,19.36087,-99.13419,05,5170
05001D0-S73OTE172,Sur 73 - Oriente 172,19.36281,-99.13386,05,5171
05001D0-EZAPELIASCALL,Emiliano Zapata y Mpo. Libre - Plutarco Elias Calles,19.36371,-99.13827,05,5192
05001D0-EZAPMIRAVALL,Emiliano Zapata y Mpo. Libre - Miravalle,19.36393,-99.14007,05,5193
05001D0-EZAPBELGICA,Emiliano Zapata y Mpo. Libre - Belgica,19.36484,-99.14542,05,5174
05001D0-EZAPRUMANIA,Emiliano Zapata y Mpo. Libre - Rumania,19.36503,-99.14666,05,5194
05001D0-EZAPODESA,Emiliano Zapata y Mpo. Libre - Odesa,19.36539,-99.14913,05,5195
05001D0-EZAPEJLCARD,Emiliano Zapata y Mpo. Libre - Eje Central Lázaro Cardenas,19.3656,-99.15062,05,5176
05001D0-EZAPTOKIO,Emiliano Zapata y Mpo. Libre - Tokio,19.36607,-99.15322,05,5177
05001D0-EZAPAZORES,Emiliano Zapata y Mpo. Libre - Azores,19.36637,-99.15516,05,5196
05001D0-EZAPDVSNTE,Emiliano Zapata y Mpo. Libre - División del Norte,19.36657,-99.15626,05,5197
05001D0-EZAPUXMAL,Emiliano Zapata y Mpo. Libre - Uxmal,19.36764,-99.1594,05,5180
05001D0-EZAPCUAUHTEM,Emiliano Zapata y Mpo. Libre - Cuauhtémoc,19.36929,-99.16162,05,5181
05001D0-EZAPMTROEZAP,Emiliano Zapata y Municipio Libre - Metro Emiliano Zapata,19.37057,-99.16446,05,5182
05001D0-UNIVPARROQU,Universidad - Parroquia,19.36852,-99.16633,05,5198
05001D0-JMRGMANCERA,José María Rico y Eje 8 Sur - Gabriel Mancera,19.36668,-99.16906,05,5199
05001D0-JMREJ8SNFCO,José María Rico y Eje 8 Sur - San Francisco,19.3684,-99.1767,05,5200
05001D0-JMREJ8SRECRE,José María Rico y Eje 8 Sur - Recreo,19.36897,-99.17872,05,5183
05001D0-JMRINSURGNTS,José María Rico y Eje 8 sur - Insurgentes,19.3681,-99.18044,05,5033
05001D0-MXCGALICIA,Av. Río Mixcoac - Galicia,19.3699,-99.18351,05,5038
05001D0-MXCSIMONBOLV,Av. Río Mixcoac - Colegio Simon Bolivar,19.37078,-99.18491,05,5201
05001D0-PATRPRQGOYA,Av. Patriotismo - Parque Goya,19.37386,-99.18709,05,5202
05001D0-MTRMIXCOAC,C. C. Metro Mixcoac,19.37576,-99.18819,05,5203
0576AX1-CECHANOVE,C. C. Centro Comercial Santa Fe - Prol. Vasco de Quiroga y Carlos Echanove,19.36123,-99.27993,05,5204
0576AX1-PRADONTE,Paseo de la Reforma - Prado Norte,19.42711,-99.20562,05,5205
0576AX0-PRADONTE,Paseo de la Reforma - Prado Norte,19.42685,-99.20552,05,5205
0576AX0-MNTESURALES,Paseo de la Reforma - Montes Urales,19.42712,-99.205,05,5206
05023X1-FCOVGBARRED,Francisco Villa - Gabino Barreda,19.5427,-99.15237,05,5207
05023X1-EJLCTRALCNTE,Eje Central Lázaro Cardenas - Frente a Central Camionera del Norte,19.47917,-99.14027,05,5208
0547AX1-MERCSNJUAN,Anillo Periférico Canal de San Juan - Mercado San Juan,19.40175,-99.05793,05,5209
0547AX1-PRQPOLICFED,Parque de la Policia Federal,19.37043,-99.05734,05,5210
0547AX1-PERIFERICO,Anillo Periférico Canal de Garay - Periférico,19.34429,-99.0612,05,5211
0547AX1-RECLUOTE,Anillo Periférico Canal de Garay - Reclusorio Oriente,19.32263,-99.07229,05,5212
0547AX1-AVTLAHUAC,Anillo Periférico Canal de Garay - Av. Tláhuac,19.31681,-99.07624,05,5213
0547AX1-SEDENA,Anillo Periférico Canal de Garay - Sedena,19.30809,-99.08396,05,5214
0547AX1-PREPA1,Preparatoria No. 1,19.27364,-99.11969,05,5140
0547AX0-BSQNATIVITAS,C. C. Xochimilco - Bosque de Nativitas,19.24955,-99.09465,05,5215
0547AX0-GPEINCLANR,Guadalupe Inclan Ramírez,19.26559,-99.11522,05,5122
0547AX0-PREPA1,Prol. División del Norte - Preparatoria No. 1,19.27349,-99.11983,05,5216
0547AX0-PLZVAQUERITO,Prol. División del Norte - Plaza Vaqueritos,19.28204,-99.12475,05,5142
0547AX0-VAQUERITOS,Anillo Periférico Canal de Garay - Glorieta de Vaqueritos,19.28578,-99.12372,05,5217
0547AX0-CAFETALES,Anillo Periférico Canal de Garay - Cafetales,19.28929,-99.11587,05,5218
0547AX0-JUANTEZONTLE,Canal de San Juan - Canal de Tezontle,19.38279,-99.061,05,5219
0547AX0-CONAPATZINGA,Constitución de Apatzingan,19.39063,-99.05973,05,5220
0547AX0-MERCASNJUAN,Anillo Periférico Canal de Garay - Mercado de San Juan,19.40175,-99.0581,05,5209
05009C1-CENTPOETAS,Av. Centenario - Circuito de los Poetas,19.34674,-99.25426,05,5221
05009C1-CENTFREN1825,Av. Centenario - Frente  a 1825,19.34768,-99.25417,05,5222
05009C1-CENTFRENT1701,Av. Centenario - Frente a 1701,19.34941,-99.2515,05,5223
05009C1-CENTFREN2760,Av. Centenario - Frente a No. 2760,19.35151,-99.24848,05,5224
05009C1-CENTFRENT3000,Av. Centenario - Frente a No. 3000,19.35269,-99.24643,05,5225
05009C0-CENTFREN2760,Av. Centenario - Frente a No. 2760,19.35128,-99.24881,05,5224
05009C0-CENTFREN1732,Av. Centenario - Frente a No. 1732,19.34861,-99.25278,05,5226
05009C0-CENTFREN1832,Av. Centernario - Frente a No. 1832,19.34694,-99.25417,05,5221
05009C0-CENTARANGO,Av. Centenario - Bosques de Tarango,19.34667,-99.25722,05,5227
05009C0-LAZOTECMREY,Av.  Carlos Lazo - Frente a Tecnológico de Monterrey,19.35944,-99.26083,05,5228
05009C0-LAZOBARRIOS,Av. Carlos Lazo - Jaime Barrios Sierra,19.36194,-99.2625,05,5229
05009C0-STAFERNESTOD,Av. Santa Fe - Ernesto Domínguez,19.36722,-99.26111,05,5230
05009C0-VASCOMCHAVZ,Prol. Vasco de Quiroga - Agustín Manuel Chavez,19.3675,-99.26361,05,5231
05076A1-REFSIERIXTLAN,Paseo de la Reforma - Sierra Ixtlan,19.40675,-99.22622,05,5232
05076A1-REFAUVERNIA,Paseo de la Reforma - Monte Auvernia,19.40734,-99.2238,05,5233
05076A1-REFROCALLOSA,Paseo de la Reforma - MontaNas Rocallosas,19.41189,-99.2211,05,5234
05076A1-REFTARAHUMAR,Paseo de la Reforma - Sierra Tarahumara,19.41359,-99.22,05,5235
05076A1-REFEXPLANA2,Paseo de la Reforma - Explanada II,19.41587,-99.21908,05,5236
05076A1-REFMTEBLANCO,Paseo de la Reforma - Monte Blanco,19.4232,-99.21618,05,5237
05076A1-REFHIMALAYA,Paseo de la Reforma - Monte Himalaya,19.42409,-99.21254,05,5238
05076A1-REFEXPLANAD1,Paseo de la Reforma - Explanada I,19.42459,-99.21049,05,5239
05076A1-REFMTEALTAI,Paseo de la Reforma - Monte Altai,19.42508,-99.20878,05,5240
05076A1-REFPRADONTE,Paseo de la Reforma - Prado Norte,19.42679,-99.20612,05,5241
05076A0-REFSIERIXTLAN,Paseo de la Reforma - Sierra Ixtlan,19.40652,-99.2268,05,5242
05076A0-REFAUVERNIA,Paseo de la Reforma - Monte Auvernia,19.40699,-99.22366,05,5233
05076A0-REFROCALLOS,Paseo de la Reforma - MontaNas Rocallosas,19.41152,-99.22091,05,5234
05076A0-REFTARAHUMAR,Paseo de la Reforma - Sierra Tarahumara,19.41313,-99.21986,05,5243
05076A0-REFBOCATETE,Paseo de la Reforma - Sierra del Bocatete,19.41517,-99.21901,05,5244
05076A0-REFMTELIBANO,Paseo de la Reforma - Monte Libano,19.41785,-99.21811,05,5245
05076A0-REFPRADOSUR,Paseo de la Reforma - Prado Sur,19.42023,-99.21768,05,5246
05076A0-REFEVEREST,Paseo de la Reforma - Monte Everest,19.42321,-99.21471,05,5247
05076A0-REFHIMALAYA,Paseo de la Reforma - Montes Himalaya,19.4237,-99.21269,05,5238
05076A0-REFEXPLANADA,Paseo de la Reforma - Explanada,19.42413,-99.21118,05,5248
05076A0-REFMTEALTAI,Paseo de la Reforma - Monte Altai,19.42461,-99.20909,05,5249
05076A0-REFPRADONTE,Paseo de la Reforma - Prado Norte,19.42652,-99.20596,05,5241
0500761-REFRDARIO,Paseo de la Reforma - Ruben Dario y Calz. Chivatito,19.42555,-99.19163,05,5250
05113B1-PALMVERTIEN,Paseo de las Palmas - Vertientes,19.40916,-99.22968,05,5251
0500761-REFALMATEO,Paseo de la Reforma - Blvd. Adolfo Lopez Mateos,19.42769,-99.20182,05,5252
0500761-URALESREFORM,Montes Urales - Paseo de la Reforma,19.42766,-99.20512,05,5253
0500761-URALESVOLCAN,Montes Urales - Volcan,19.42905,-99.20726,05,5254
0500761-URALESANDES,Montes Urales - Av. de los Andes,19.42957,-99.20984,05,5255
0500761-ANDESMOJADA,Av. de los Andes - Sierra Mojada,19.42877,-99.21131,05,5256
0500761-SGAMONPALM,Sierra Gamon - Paseo de las Palmas,19.42964,-99.21194,05,5257
0500761-PALMSTANOVOI,Paseo de las Palmas - Stanovoi,19.42985,-99.21363,05,5258
0500761-PALMTABOR,Paseo de las Palmas - Monte Tabor,19.4288,-99.21692,05,5259
0500761-PALMPEROTE,Paseo de las Palmas - Cobre de Perote,19.4261,-99.22195,05,5260
0500761-PALMCHIMBORA,Paseo de las Palmas - Chimborazo,19.42473,-99.22257,05,5261
0500761-PALMANTUCO,Paseo de las Palmas - Monte Antuco,19.41938,-99.22678,05,5262
0500761-PALMARARAT,Paseo de las Palmas - Monte Ararat,19.41768,-99.22823,05,5263
0500761-PALMLIBANO,Paseo de las Palmas - Monte Líbano,19.41604,-99.22911,05,5264
0500761-PALMROCALLOS,Paseo de las Palmas - MontaNas Rocallosas,19.41209,-99.22994,05,5265
0500761-PALMVERTIENT,Paseo de las Palmas - Sierra Vertientes,19.42284,-99.22321,05,5266
0500761-PALMREFORMA,Paseo de las Palmas - Av. Paseo de laReforma,19.40713,-99.22815,05,5267
0500761-REFCONSTYTS,Paseo de la Reforma  - Constituyentes,19.39369,-99.23977,05,5268
0500761-REFTAMARINDO,Prol. Paseo de la Reforma - Paseo de los Tamarindos,19.37536,-99.26078,05,5269
0500761-REFBECERRIL,Prol. Paseo de la Reforma - Roberto Becerril,19.37387,-99.26368,05,5270
0500761-REFERNESTPIP,Paseo de la Reforma - Av. Ernest J. Piper,19.37229,-99.26519,05,5271
0500761-REFORVASCO,Prol. Paseo de la Reforma - Av. Vasco de Quiroga,19.36801,-99.26723,05,5272
0500761-VASCOCCOMER,Prol. Vasco de Quiroga - Centro Comercial,19.364,-99.27173,05,5273
0500760-VASCOCCSTAFE,Prol. Vasco de Quiroga - Centro Comercial Santa Fe,19.36219,-99.27585,05,5274
0500760-VASCOLIVERPO,Prol. Vasco de Quiroga - Liverpool,19.36317,-99.27275,05,5275
0500760-REFMEMOHARO,Prol. Paseo de la Reforma - Guillermo Haro,19.36918,-99.26196,05,5276
0500760-REFMSANDOVAL,Prol. Paseo de la Reforma - Manuel Sandoval,19.37737000000001,-99.25606,05,5277
0500760-REFCOSTERO,Prol. Paseo de la Reforma - Costero,19.37846,-99.25378,05,5278
0500760-REFSTAFE,Paseo de la Reforma - Santa Fe,19.37989,-99.2508,05,5279
0500760-REFBRENA,Paseo de la Reforma - Sierra BreNa,19.40314,-99.23068,05,5280
0500760-PALMGRANDE,Paseo de las Palmas - Sierra Grande,19.40758,-99.2282,05,5281
0500760-PALMROCALLOS,Paseo de las Palmas - MontaNas Rocallosas,19.41181,-99.22954,05,5282
0500760-PALMLIBANO,Paseo de las Palmas - Monte Libano,19.4156,-99.22892,05,5283
0500760-PALMARARAT,Paseo de las Palmas - Monte Ararat,19.41723,-99.22804,05,5284
0500760-PALMANTUCO,Paseo de las Palmas - Monte Antuco,19.41901,-99.22665,05,5262
0500760-PALMCALIZAS,Paseo de las Palmas - MontaNas Calizas,19.42238,-99.22306,05,5285
0500760-PALMVENTANA,Paseo de las Palmas - Sierra Ventana,19.42622,-99.22144,05,5286
0500760-PALMTABOR,Paseo de las Palmas - Monte Tabor,19.42838,-99.21703,05,5259
0500760-PALMSGAMON,Paseo de las Palmas - Sierra Gamon,19.42965,-99.21214,05,5257
0500760-PALMSIERRAMO,Paseo de las Palmas - Sierra Mojada,19.42966,-99.21158,05,5257
0500760-ANPREFORMA,C. B. Auditorio Nacional-Paseo de la Reforma - ,19.42556,-99.19372,05,5287
05059A1-RENDGPRIETO,Serapio Rendon - Guillermo Prieto,19.4378,-99.15953,05,5288
05059A1-RENDSNCOSME,Serapio Rendon - Ribera San Cosme,19.44075,-99.15866,05,5289
05059A1-RIBAMANERVO,Santa María Ribera - Amado Nervo,19.44313,-99.15804,05,5290
05059A1-RIBSORJUANA,Santa María Ribera - Sor Juana,19.44494,-99.15771,05,5291
05059A1-RIBALZATE,Santa Maria Ribera - Antonio Alzate,19.44683,-99.15737,05,5292
05059A1-RIBMIRON,Santa María la Ribera - Salvador Diaz Miron,19.44853,-99.15704,05,5293
05059A1-BODETMCARPIO,Jaime Torres Bodet - Manuel Carpio,19.45054,-99.15738,05,5294
05059A1-BODETELIGIOAN,Jaime Torres Bodet - Eligio Ancona,19.45245,-99.15704,05,5295
05059A1-BODETMAGON,Jaime Torres Bodet - Flores Magon,19.4545,-99.15665,05,5296
05059A1-CIPEULALIAGZM,Cipres - Eulalia Guzman,19.45851,-99.15593,05,5297
05059A1-CIPRIOCONSUL,Cipres - Río Consulado,19.46327,-99.15505,05,5298
05059A1-CIPCALLE4,Cipres - Calle 4,19.46604,-99.15455,05,5299
05059A1-CIPVALERIANO,Cipres - Antonio Valeriano,19.46817,-99.15415,05,5300
05059A1-CIPCALLE7,Cipres - Calle 7,19.47169,-99.15351,05,5301
05059A1-CALLE16CUITL,Calle 16 - Cuitlahuac,19.47299,-99.15269,05,5302
05059A1-CUIFERROCARR,Cuitlahuac - Ferrocarril,19.47249,-99.16334,05,5303
05059A1-CMRSALONICA,Camarones - Salonica,19.47034,-99.17816,05,5304
05059A1-CMRTULA,Camarones - Tula,19.47391,-99.18127,05,5305
05059A1-CMR22FEBRER,Camarones - 22 de Febrero,19.47734,-99.18423,05,5306
05059A1-MACAZCAPOTZ,Manuel Acuña - Av. Azcapotzalco,19.47853,-99.18695,05,5307
05059A1-AZCLERDOTEJA,Av. Azcapotzalco - Lerdo de Tejada,19.47956,-99.18675,05,5308
05059A1-CASTZARAGOZA,Castilla - Zaragoza,19.48455,-99.18656,05,5309
05059A1-VIA16SEPT,Parque Vía - 16 de Septiembre,19.4899,-99.19442,05,5310
05059A1-VIATEZOZOMOC,Parque Vía - Av. Tezozomoc,19.49096,-99.19533,05,5311
05059A0-RENDANTCASO,Serapio Rendón - Antonio Caso,19.43459,-99.16045,05,5312
05059A0-SCHSULLIVAN,Miguel Schultz - Sullivan,19.43356,-99.16197,05,5313
05059A0-SCHANTCASO,Miguel Schultz - Antonio Caso,19.43494,-99.16159,05,5314
05059A0-SCHGPRIETO,Miguel Schultz - Guillermo Prieto,19.4376,-99.16081,05,5315
05059A0-SCHAHERRERA,Miguel Schultz - Alfonso Herrera,19.43956,-99.16025,05,5316
05059A0-BODETSANCOS,Jaime Torres Bodet - Ribera de San Cosme,19.44164,-99.15949,05,5317
05059A0-BODETSORJUAN,Jaime Torres Bodet - Sor Juana,19.44529,-99.15844,05,5318
05059A0-BODETALZATE,Jaime Torres Bodet - Antonio Alzate,19.4472,-99.15803,05,5319
05059A0-PINOELIGIOAN,Pino - Eligio Ancona,19.45233,-99.15567,05,5320
05059A0-PINOFMAGON,Pino - Flores Magón,19.45465,-99.15524,05,5321
05059A0-PINOEULALIAG,Pino - Eulalia Gúzman,19.45822,-99.15456,05,5322
05059A0-PINOMIMOSAS,Pino - Mimosas,19.46174,-99.15393,05,5323
05059A0-PINORIOCONSU,Pino - Río Consulado,19.46355,-99.1536,05,5324
05059A0-PINOCALLE4,Pino - Calle 4,19.46599,-99.15313,05,5325
05059A0-PINOEORTIZ,Pino - Encarnación Ortiz,19.46857,-99.15267,05,5326
05059A0-PINOCUAUHTEM,Pino - Cuauhtémoc,19.47022,-99.1524,05,5327
05059A0-PINOCALLE7,Pino - Calle 7,19.47162,-99.15218,05,5328
05059A0-CUICALLE16,Cuitlahuac - Calle 16,19.47311,-99.15273,05,5302
05059A0-CUICAMARNS,Cuitlahuac - Camarones,19.46839,-99.17656,05,5329
05059A0-CMRNSNUBIA,Camarones - Nubia,19.4745,-99.18214,05,5330
05059A0-MAZCAPOZALC,Manuel Acuña - Av. Azcapotzalco,19.47887,-99.18806,05,4893
05059A0-REFAZTECAS,Reforma - Aztecas,19.4799,-99.18777,05,4894
05059A0-ZRGZESPERANZ,Zaragoza - Esperanza,19.48266,-99.1872,05,5331
05059A0-SMONCASTILLA,San Simón - Castilla,19.48457,-99.18659,05,5309
05059A0-CULTBACHILLE,Av. de las Culturas - Frente a Bachilleres,19.51164,-99.19903,05,5332
0500591-TOLMNOESCOB,Tolstoi - Mariano Escobedo,19.425,-99.17811,05,5333
0500591-MESCELISEOS,General Mariano Escobedo - Campos Eliseos,19.42862,-99.17992,05,5334
0500591-MNALGARDA,Marina Nacional - Lago Garda,19.44938,-99.18311,05,5335
0500591-MNALCARRILLO,Marina Nacional - Carrillo Puerto,19.45164,-99.18499,05,5336
0500591-MNALGSIDRA,Marina Nacional - Golfo de Sidra,19.45428,-99.18721,05,5337
0500591-ASDINVIERNO,Aquiles Serdán - Invierno,19.46966,-99.18935,05,5338
0500591-ASD5FEBRERO,Aquiles Serdán - 5 de Febrero,19.47614,-99.18875,05,5339
0500591-ASDMACUNA,Aquiles Serdán - Manuel Acuña,19.478620000000006,-99.18856,05,5340
0500591-ASDSANMATEO,Aquiles Serdán - San Mateo,19.48303,-99.18828,05,5341
0500591-ASDFERROCAR,Aquiles Serdán - Ferrocarril,19.48565,-99.18954,05,5342
0500591-ASDCHICHAPO,Aquiles Serdán - Campo Chichapo,19.48846,-99.19277,05,5343
0500591-ASDMASERDAN,Aquiles Serdán - Metro Aquiles Serdan,19.49077,-99.19518,05,5311
0500591-ASDSAUCES,Aquiles Serdán - Sauces,19.4927,-99.19661,05,5344
0500591-ASDAHUEHUETS,Aquiles Serdán - Ahuehuetes,19.49555,-99.19851,05,5345
0500591-ASDCOLORADA,Aquiles Serdán - Tierra Colorada,19.49898,-99.20169,05,5346
0500591-ASDROSARIO,Aquiles Serdán - Av. Rosario y Prados del Rosario,19.50173,-99.20433,05,5347
0500591-ASDOSAMAYOR,Aquiles Serdán - Osa Mayor,19.50404,-99.20595,05,5348
0500591-VIARENACIMNTO,Aquiles Serdán y Parque Vía - Renacimiento,19.50607,-99.20791,05,5349
0500591-RENCULTURAS,Renacimiento - Av. de las Culturas,19.50827,-99.20825,05,5350
0500591-CULTRIOBLNCO,Av. de las Culturas - Río Blanco,19.5086,-99.20575,05,5351
0500591-CULTHIDROGNO,Av. de las Culturas - Hidrógeno,19.51022,-99.20208,05,5352
0500591-CULTCARBONO,Av. de las Culturas - Carbono,19.51115,-99.19964,05,5353
0500590-CTRMCHAPULT,Cierre de Circuito Cetram Chapultepec,19.42216,-99.17593,05,5354
0500590-MNALGARDA,Marina Nacional - Lago Garda,19.44959,-99.18365,05,5355
0500590-MNALCARRILLO,Marina  Nacional - Carrillo Puerto,19.45211,-99.18568,05,5356
0500590-MNALESPIRIDIN,Marina Nacional - Lago Espiridino,19.45229,-99.18582,05,5356
0500590-VIAESTIO,Parque Vía - Estio,19.46599,-99.19008,05,5357
0500590-VIAMREFINERIA,Parque Vía - Metro Refinería,19.46987,-99.18972,05,5338
0500590-VIAELORDUY,Parque Vía - Aquiles Elorduy,19.47459,-99.18928,05,5358
0500590-VIAMCAMRONS,Parque  Vía - Metro Camarones,19.47929,-99.18887,05,5359
0500590-VIAMHGO,Parque Vía - Miguel Hidalgo,19.48129,-99.18869,05,5360
0500590-VIAFERROCARR,Parque Vía - Ferrocarril,19.48554,-99.18987,05,5342
0500590-VIAXOLAHUAC,Parque Vía - Campo Axolahuac,19.48813,-99.19293,05,5343
0500590-VIAMAQSERDAN,Parque Vía - Metro Aquiles Serdán,19.4908,-99.19566,05,5311
0500590-VIAUHMHGO,Parque Vía - Unidad Habitacional Miguel Hidalgo,19.49402000000001,-99.1981,05,5361
0500590-VIAPTEGUERRA,Parque Vía - Puente de Guerra,19.49624,-99.19953,05,5362
0500590-VIACOVARRUV,Parque Vía - Hernández Covarruvias,19.4991,-99.20225,05,5363
0500590-VIAHCDSOTELO,Parque Vía - Hacienda de Sotelo,19.5021,-99.20508,05,5364
0500590-VIAHCDMEDIO,Parque Vía - Hacienda de en Medio,19.50453,-99.20702,05,5365
0500590-RENAPRQVIA,Renacimiento - Parque Vía,19.50661,-99.20837,05,5366
0500590-CULTALFARERS,Av. de las Culturas - Alfareros,19.50848,-99.20845,05,5350
0500590-CULTNAHUATL,Av. de las Culturas - Cultura Nahuatl,19.50898,-99.20545,05,5367
0500590-CULTPESCADRS,Av. de las Culturas - Pescadores,19.51062,-99.20209,05,5352
0500590-CULTMECANICO,Av. de las Culturas - Mecánicos,19.51149,-99.19975,05,5353
0500590-CULTURANIO,Av. de la Culturas - Uranio,19.51087,-99.19852,05,5368
05057C1-GARAYUHEJER,Anillo Periférico Canal de Garay - Unidad Habitacional Ejercito,19.3137,-99.0802,05,5369
05057C1-CORTKIOTO,Anillo Periférico Blvd. Adolfo Ruiz Cortines - Kioto,19.28241,-99.1384,05,5370
05057C1-CORTLEDUC,Anillo Periferico Blvd. Adolfo Ruiz Cortines - Renato Leduc,19.29669,-99.15628,05,5371
05057C1-CORTCEFIRO,Anillo Periférico Blvd. Adolfo Ruiz Cortines - Cefiro,19.30367,-99.18044,05,5372
05057C0-GARAYCAMACH,Anillo Periférico Canal de Garay - Avila Camacho,19.31175,-99.081,05,5373
05057C0-CORTMXOCHIM,Anillo Periférico Blvd. Adolfo Ruiz Cortines - México-Xochimilco,19.28209,-99.13929,05,5374
05057C0-CORTCARDIOL,Anillo Periférico Blvd. Adolfo Ruiz Cortines - Cardiología,19.29084,-99.1524,05,5375
05057C0-APSARCINIEGA,Anillo Periférico Sur - Arciniega y Luis Alconedo,19.36604,-99.1911,05,5376
05057C0-MATECEBALLO,Anillo Periférico Blvd. Adolfo Lopez Mateos - Gob. José Ceballos,19.40835,-99.19434,05,5377
05057C0-MATECONSTYN,Anillo Periférico Blvd. Adolfo Lopez Mateos - Av. Constituyentes,19.41114,-99.1941,05,5378
05057A1-GARAYCRIT,Anillo Periférico Canal de Garay - C.R.I.T.,19.32446,-99.07105,05,5379
05057A1-GARAYAVILA,Anillo Periférico Canal de Garay - Avila Camacho y Puente Peatonal,19.31206,-99.08158,05,5380
05057A1-GARAYCAFETLS,Anillo Periférico Canal de Garay - Cafetales,19.28924,-99.11589,05,5218
05057A1-GARAYTECMREY,Anillo Periférico Canal de Garay - Tec de Monterrey,19.28245,-99.13893,05,5381
05057A1-CORTMXOCHIM,Anillo Periférico Blvd. Adolfo Ruiz Cortines - México-Xochimilco,19.28263,-99.14021,05,5382
05057A1-CORTKIOTO,Anillo Periférico Blvd. Adolfo Ruiz Cortines - Kioto,19.28534,-99.14702,05,5383
05057A1-CORTVTLALPN,Anillo Periférico Blvd. Adolfo Ruiz Cortines - Viaducto Tlalpan,19.2884,-99.14989,05,5384
05057A1-CORTEAZTEC,Anillo Periférico Blvd. Adolfo Ruiz Cortines - Puente Estadio Azteca,19.29476,-99.15488,05,5385
05057A1-CORT1900,Anillo Periférico Blvd. Adolfo Ruiz Cortines - Paris 1900,19.30246,-99.16887,05,5386
05057A1-CORTGRNSUR,Anillo Periférico Blvd. Adolfo Ruiz Cortines - Gran Sur,19.30319,-99.17454,05,5387
05057A1-CORTPERISUR,Anillo Periférico Blvd. Adolfo Ruiz Cortines - Perisur,19.30308,-99.18598,05,5388
05057A1-CORTDELALUZ,Anillo Periférico Blvd. Adolfo Ruiz Cortines - Blvd. de la Luz,19.30754,-99.21458,05,5389
05057A1-APSALTAVISTA,Anillo Periférico Sur - Altavista,19.34854,-99.20126,05,5390
05057A1-APSFLORES,Anillo Periférico Sur - Av.  las Flores,19.35569,-99.19894,05,5391
05057A1-APSBMUERTO,Anillo  Periférico Sur - Barranca del Muerto,19.36316,-99.19096,05,5392
05057A1-APSMCABRER,Anillo Periférico Sur - Miguel Cabrera,19.37059,-99.19155,05,5393
05057A1-APSVANDICK,Anillo Periférico Sur - Van Dick y La Castañeda,19.37883,-99.19148,05,5394
05057A1-APSANTONIO,Anillo Periférico Sur - San Antonio,19.3846,-99.19082,05,5395
05057A1-MATEOBSERVA,Anillo Periférico Blvd. Adolfo Lopez Mateos - Av. Observatorio,19.40356,-99.19207,05,5396
05057A1-MATESROCHA,Anillo Periférico Adolfo Lopez Mateos - Sostenes Rocha,19.40746,-99.19303,05,5397
05057A1-MATEPREFORM,Anillo Periférico Blvd. Adolfo Lopez Mateos - Paseo de la Reforma,19.41003,-99.19384,05,5398
05057A1-MATEMASARIK,Anillo PEriférico Blvd. Adolfo Lopez Mateos - Presidente Masaryk,19.43124,-99.20719,05,5399
05057A1-MATELBRUZ,Anillo Periférico Blvd. Adolfo Lopez Mateos - Monte Elbruz y Palmas,19.4332,-99.20933,05,5400
05057A1-AVILJUANMELL,Anillo Periférico Blvd. Manuel Avila Camacho - Juan Velazquez Mella,19.43426,-99.21076,05,5401
05057A1-AVILHORACIO,Anillo Periférico Blvd. Manuel Avila Camacho - Horacio,19.43531,-99.21196,05,5402
05057A1-AVILEJNAL,Anillo PEriférico Blvd. Manuel Avila Camacho - Ejercito Nacional,19.43841,-99.21384,05,5403
05057A1-AVILEGARIA,Anillo Periférico Blvd. Manuel Avila Camacho - Calz. Legaria,19.44178,-99.21545,05,5404
05057A1-AVILSALINILLA,Anillo Periférico Blvd. Manuel Avila Camacho - Presa Salinillas,19.44402,-99.21709,05,5405
05057A1-AVILAVELAZQZ,Anillo Periférico Blvd. Manuel Avila Camacho - Antonio Velazquez,19.45124,-99.2198,05,5406
05057A0-GARAYCRIT,Anillo Periférico Canal de Garay -C.R.I.T.,19.32526,-99.07006,05,5407
05057A0-CORTPTE2,Anillo Periférico Blvd. Adolfo Ruiz Cortines - Puente 2,19.28771,-99.1183,05,5408
05057A0-CORTPTE1,Anillo Periférico Blvd. Adolfo Ruiz Cortines - Puente 1,19.2867,-99.12063,05,5409
05057A0-CORTDVSNTE,Anillo Periférico Blvd. Adolfo Ruiz Cortines - Prol. División del Norte,19.285020000000006,-99.12505,05,5410
05057A0-CORTVAQUERT,Anillo Periférico Blvd. Adolfo Ruiz Cortines - Glorieta de Vaqueritos,19.28407,-99.1284,05,5411
05057A0-CORTBUENAVE,Anillo Periférico Blvd. Adolfo Ruiz Cortines - San Buenaventura,19.28444,-99.14658,05,5412
05057A0-CORTVTLALPN,Anillo Periférico Blvd. Adolfo Ruiz Cortines - Viaducto Tlalpan,19.29034,-99.15205,05,5413
05057A0-CORTLALPAN,Anillo Periférico Blvd. Adolfo Ruiz Cortines - Tlalpan,19.29549,-99.15596,05,5414
05057A0-CORTRLEDUC,Anillo Periférico Blvd. Adolfo Ruiz Cortines - Renato Leduc,19.29703,-99.15715,05,5415
05057A0-CORTOTE10,Anillo Periférico Blvd. Adolfo Ruiz Cortines - Oriente 10,19.30191,-99.16878,05,5416
05057A0-CORTOTE4,Anillo Periférico Blvd. Adolfo Ruiz Cortines - Oriente 4,19.3024,-99.17234,05,5417
05057A0-CORTYOLIZTLI,Anillo Periférico Blvd. Adolfo Ruiz Cortines - Sala Ollin Yoliztli,19.30297,-99.17609,05,5418
05057A0-CORTINSURG,Anillo Periférico Blvd. Adolfo Ruiz Cortines - Insurgentes Sur,19.30258,-99.18686,05,5419
05057A0-CORTALBORAD,Anillo Periférico Blvd. Adolfo Ruiz Cortines - Alborada,19.30201,-99.19176,05,5420
05057A0-CORTERESA,Anillo Periférico Blvd. Adolfo Ruiz Cortines - Camino a Santa Teresa,19.30274,-99.19818,05,5421
05057A0-CORTDELALUZ,Anillo Periférico Blvd. Adolfo Ruiz Cortines - Blvd. de la Luz,19.30553,-99.20636,05,5422
05057A0-CORTTVAZTEC,Anillo Periférico Blvd. Adolfo Ruiz Cortines - TV Azteca,19.306,-99.2087,05,5423
05057A0-CORTHPEMEX,Anillo Periférico Blvd. Adolfo Ruiz Cortines - Hospital PEMEX,19.30755,-99.21582,05,5424
05057A0-CORTARASQUI,Anillo Periférico Blvd. Adolfo Ruiz Cortines - Tarasquillo,19.32923,-99.21173,05,5425
05057A0-APSJERONIMO,Anillo Periférico Sur - San Jerónimo,19.3315,-99.21116,05,5426
05057A0-APSAVTOLUCA,Anillo Periférico Sur - Av. Toluca,19.34044,-99.20338,05,5427
05057A0-APSDLEONES,Anillo Periférico Sur - Desierto de los Leones,19.34741,-99.20219,05,5428
05057A0-APSFLORES,Anillo Periférico Sur - Las Flores,19.3567,-99.19855,05,5429
05057A0-APSBMUERTO,Anillo Periférico Sur - Barranca del Muerto,19.36385,-99.19144,05,5430
05057A0-APSRTREPADR,Anillo Periférico Sur - Rosa Trepadora,19.37209,-99.19199,05,5431
05057A0-APSTIZIANO,Anillo Periférico Sur - Tiziano,19.37441,-99.19226,05,5432
05057A0-APSGIRARDON,Anillo Periférico Sur - Fernando Girardon,19.37641,-99.19203,05,5433
05057A0-APSANTONIO,Anillo Periférico Sur - San Antonio,19.38424,-99.19139,05,5434
05057A0-APSPRICECLB,Anillo Periférico Sur - Price Club,19.38625,-99.1906,05,5435
05057A0-APSCALLE10,Anillo Periférico Sur - Calle 10,19.38967,-99.18964,05,5436
05057A0-APSCALLE4,Anillo Periférico Sur - Calle 4,19.39123,-99.18926,05,5437
05057A0-APSHERO1914,Anillo Periférico sur - Héroes de 1914,19.39583,-99.18935,05,5438
05057A0-APSCNOTOLUC,Anillo Periférico Sur - Camino Real a Toluca,19.39783,-99.19031,05,5439
05057A0-ADLFOBSERVA,Anillo Periférico Blvd. Adolfo Lopez Mateos - Av. Observatorio,19.4039,-99.19247,05,5440
05057A0-ADLFSROCHA,Anillo Periférico Blvd. Adolfo Lopez Mateos - General Sostenes Rocha,19.40712000000001,-99.19326,05,5397
05057A0-ADLFCEBALLO,Anillo Periférico Blvd. Adolfo Lopez Mateos - Gob. José Ceballos,19.40987,-99.19426,05,5398
05057A0-ADLFCONSYNTS,Anillo Periférico Blvd. Adolfo Lopez Mateos - Av. Constituyentes,19.41039,-99.19418,05,5441
05057A0-ADLFPAPALOT,Anillo Periférico Blvd. Adolfo López Mateos - Papalote,19.4161,-99.19446,05,5442
05057A0-AVILPETROLE,Anillo Periférico Blvd. Manuel Avila Camacho - Fuente de Petróleo,19.42438,-99.20089,05,5443
05057A0-AVILPREFORM,Anillo Periférico Blvd. Manuel Avila Camacho - Paseo de la Reforma,19.42818,-99.20381,05,5444
05057A0-AVILTECAMACH,Anillo Periférico Blvd. Manuel Avila Camacho - Tecamachalco,19.43352,-99.21032,05,5445
05057A0-AVILBTLCELAYA,Anillo Periférico Blvd. Manuel Avila Camacho - Batalla de Celaya,19.43549,-99.21257,05,5446
05057A0-AVILJCABRAL,Anillo Periférico Blvd. Manuel Avila Camacho - General Juan Cabral,19.43924,-99.21461,05,5447
05057A0-AVILINDMILITA,Anillo Periférico Blvd. Manuel Avila Camacho - Av. Industria Militar,19.44232,-99.21639,05,5448
05057A0-AVILCONSCRIPT,Anillo Periférico Blvd. Manuel Avila Camacho - Conscripto,19.44491,-99.21977,05,5449
05057A0-AVILZAPADORE,Anillo Periférico Blvd. Manuel Avila Camacho - Ingenieros Zapadores,19.45296,-99.22029,05,5450
05052C1-ERMACATITLA,Calz. Ermita Iztapalapa - Santa Marta Acatitla,19.35862,-98.99246,05,5451
05052C1-ERMLIRIO,Calz. Ermita Iztapalapa - Lirio,19.34372,-99.05925,05,5452
05052C1-ERMCAMPANUL,Calz. Ermita Zaragoza - Campanula,19.35035,-99.0737,05,5453
05052C1-ERMESTRELLA,Calz. Ermita Iztapalapa - Cerro de la Estrella,19.35617,-99.08633,05,5454
05052C1-ERMROJOGMZ,Calz. Ermita Iztapalapa - Rojo Gómez,19.35648,-99.08743,05,5455
05052C1-ERMSANFPE,Calz. Ermita Iztapalapa - San Felipe,19.35619,-99.09206,05,5456
05052C1-ERMCONVENTO,Calz. Ermita Iztapalapa - Convento,19.35579,-99.09521,05,5457
05052C1-ERMPTETITLA,Calz. Ermita Iztapalapa - Puente Titla,19.35547,-99.0987,05,5458
05052C1-ERMATLALILCO,Calz. Ermita Iztapalapa - Metro Atlalilco,19.35571,-99.10132,05,5459
05052C1-ERMTLAHUAC,Calz. Ermita Iztapalapa - Av. Tláhuac,19.35602,-99.10589,05,5460
05052C1-ERMAIZ,Calz. Ermita Iztapalapa - Maíz,19.35684,-99.11532,05,5461
05052C1-ERMAVENA,Calz. Ermita Iztapalapa - Avena,19.35749,-99.11927,05,5462
05052C1-ERMVIGA,Calz. Ermita Iztapalapa - La Viga,19.35763,-99.12208,05,5463
05052C1-ERMCRUZSUR,Calz. Ermita Iztapalapa - Cruz del Sur ,19.35827,-99.12805,05,5464
05052C1-ERMAURIGA,Calz. Ermita Iztapalapa - Auriga,19.35874,-99.13225,05,5465
05052C1-ERMSUR73,Calz. Ermita Iztapalapa - Sur 73,19.35902,-99.13481,05,5169
05052C1-ERMPELIASCAL,Calz. Ermita Iztapalapa - Plutarco Elias Calles,19.35955,-99.13966,05,5466
05052C1-POPOALHAMBR,Av. Popocatepetl - Alhambra,19.36027,-99.1452,05,5467
05052C1-POPOCANARIAS,Av. Popocatepetl - Canarias,19.36081,-99.14835,05,5468
05052C1-POPOEJCTRLC,Av. Popocatepetl - Eje Central Lázaro Cardenas,19.3613,-99.15152,05,5469
05052C1-POPODVSNTE,Av. Popocatepetl - División del Norte,19.36176,-99.15442,05,5470
05052C1-POPOTRAVEN,Av. Popocatepetl - Bruno Traven,19.36224,-99.15704,05,5471
05052C1-POPOUXMAL,Av. Popocatepetl - Uxmal,19.36367000000001,-99.16035,05,5472
05052C1-EJ8CUAUHTEMO,Cuauhtémoc,19.36463,-99.1626,05,5473
05052C0-STAMRTA,C. C. Metro Santa Marta - Cetram Santa Marta Anden A,19.36008,-98.99548,05,5474
05052C0-GRLMORELCAR,Generalisimo Morelos - Carretera Federal Peubal-México,19.35874,-98.99245,05,5451
05052C0-ERMCERVANTE,Calz. Ermita Iztapalapa - Luis Cervantes,19.35832000000001,-99.00089,05,5475
05052C0-ERMSANTIAGO,Calz. Ermita Iztapalapa - Santiago,19.35766,-99.00238,05,5476
05052C0-ERMSENTIES,Calz. Ermita Iztapalapa - Octavio Senties,19.35357,-99.01252,05,5477
05052C0-ERMTORRES,Calz. Ermita Iztapalapa - Av. las Torres,19.35264,-99.01472,05,5478
05052C0-ERMJALISCO,Calz. Ermita Iztapalapa - Jalisco,19.34486,-99.02517,05,5479
05052C0-ERMCONST1917,Calz. Ermita Iztapalapa - Metro Constitución de 1917,19.34601,-99.06339,05,5480
05052C0-ERMGPEVICTO,Calz. Ermita Iztapalapa - Guadalupe Victoria y San Lorenzo,19.35123,-99.07517,05,5481
05052C0-ERMESTREL,Calz. Ermita Iztapalapa - Metro Cerro de la Estrella,19.35595,-99.08555,05,5482
05052C0-ERMESTRELLA,Calz. Ermita Iztapalapa - Camino Cerro de la Estrella,19.35864,-99.08986,05,5483
05052C0-ERMIZTAPALAPA,Calz. Ermita Iztapalapa - Metro Iztapalapa,19.35785,-99.09346,05,5484
05052C0-ERMPTETITLA,Calz. Ermita Iztapalapa - Puente Titla,19.3567,-99.09748,05,5485
05052C0-ERMATLALILCO,Calz. Ermita Iztapalapa - Metro Atlalilco,19.35613,-99.10111,05,5486
05052C0-ERMTLAHUAC,Calz. Ermita Iztapalapa - Av. Tláhuac,19.35617,-99.10535,05,5487
05052C0-ERMJUAREZ,Calz. Ermita Iztapalapa - Año de Juárez,19.35648,-99.10925,05,5166
05052C0-ERMRADAMES,Calz. Ermita Iztapalapa - General Radames Andrade,19.35698,-99.11505,05,5461
05052C0-ERMAVENA,Calz. Ermita Iztapalapa - Avena y Artesanos,19.35762,-99.1189,05,5188
05052C0-ERMVIGA,Calz. Ermita Iztapalapa - La Viga,19.35776,-99.12157,05,5488
05052C0-ERMJORGERIV,Calz. Ermita Iztapalapa - Jorge Alberto Rivas,19.35796,-99.12482,05,5489
05052C0-ERMSUR85A,Calz. Ermita Iztapalapa - Sur 85A,19.35827,-99.12722,05,5189
05052C0-ERMSUR83,Calz. Ermita Iztapalapa - Sur 83,19.35845,-99.12866,05,5490
05052C0-ERMSUR75A,Calz. Ermita Iztapalapa - Sur 75A,19.35888,-99.1327,05,5465
05052C0-ERMSUR73,Calz. Ermita Iztapalapa - Sur 73,19.35907000000001,-99.13446,05,5169
05052C0-ERMPELIASCALL,Calz. Ermita Iztapalapa - Plutarco Elias Calles,19.35956,-99.13908,05,5491
05052C0-EJ8PPALHAMBR,Eje 8 Popocatepetl - Alhambra,19.36038,-99.14492,05,5467
05052C0-EJ8PPCANARIAS,Eje 8 Popocatepetl - Canarias,19.36082,-99.14812,05,5468
05052C0-EJ8PPEJCTRLC,Eje 8 Popocatepetl - Eje Central Lázaro Cardenas,19.36129,-99.1512,05,5469
05052C0-EJ8PPTOKIO,Eje 8 Popocatepetl - Tokio,19.36178,-99.15384,05,5492
05052C0-EJ8PPIRINEOS,Eje 8 Popocatepetl - Pirineos,19.36278,-99.15824,05,5493
05052C0-EJ8PPUXMAL,Eje 8 Popocatepetl - Uxmal,19.36362,-99.16007,05,5472
05052C0-EJ8PPCUAUHTE,Eje 8 Popocatepetl - Cuauhtémoc,19.36467,-99.16258,05,5473
05052C0-EJ8PPUNIVERS,Eje 8 Popocatepetl - Av. Universidad,19.3663,-99.16735,05,5034
05052C0-UNIPLZUNIVERS,Av. Universidad - Plaza Universidad,19.36803,-99.16645,05,5494
05052C0-ZPTUNIVERSIDA,C. C. Metro Zapata - Av. Universidad y San Lorenzo,19.37071,-99.16506,05,5182
05047A1-GOYT5MAYO,Francisco Goytia - 5 de Mayo,19.25495,-99.10426,05,5495
05047A1-GOYTMARGARI,Francisco Goytia - Margaritas,19.25684,-99.10909,05,5496
05047A1-GOYTUHROSA,Francisco Goytia - Unidad Habitacional Rosalina,19.269,-99.117,05,5497
05047A1-GOYTMUYUG,Francisco Goytia - Plan de Muyuguarda,19.27343,-99.11954,05,5216
05047A1-GOYTIERRALIBE,Francisco Goytia - Tierra y Libertad,19.27678,-99.12148,05,5498
05047A1-DNTE10ABRIL,Prol. División del Norte - 10 de Abril 1919,19.28262,-99.12483,05,5499
05047A1-CORTBUANVENT,Anillo Periférico Blvd. Adolfo Ruiz Cortines - Río Buenaventura,19.28675,-99.12066,05,5409
05047A1-CORTCAFETAL,Anillo Periférico Blvd. Adolfo Ruiz Cortines - Cafetales,19.28817,-99.11723,05,5500
05047A1-GARAYCHALCO,Anillo Periférico Canal de Garay - Canal de Chalco,19.30404,-99.08721,05,5501
05047A1-GARAYCALL20,Anillo Periférico Canal de Garay - Calle 20,19.30728,-99.08456,05,5502
05047A1-GARAYLERDOT,Anillo Periférico Canal de Garay - Lerdo de Tejada,19.3124,-99.08041,05,5503
05047A1-GARAYJACARAN,Anillo Periférico Canal de Garay - Jacarandas,19.31479,-99.07781,05,5504
05047A1-GARAYMIRAMN,Anillo Periférico Canal de Garay - Río Miramontes,19.32834,-99.0676,05,5505
05047A1-GARAY5MAYO,Anillo Periférico Canal de Garay - 5 de Mayo,19.33902,-99.06423,05,5506
05047A1-GARAYLLUVIAO,Anillo Periférico Canal de Garay - Lluvia de Oro,19.3413,-99.06292,05,5507
05047A1-GARAYBUENDIA,Anillo Periférico Canal de Garay - Eje 5 Sur Prol. Marcelino Buendia,19.37616,-99.05914,05,5508
05047A1-GARAYEJ5S,Anillo Periférico Canal de Garay - Eje 5 Sur Aurrera-Home-Mart,19.37898,-99.05993,05,5509
05047A1-GARAYTEZONTL,Anillo Periférico Canal de Garay - Canal Tezontle,19.38207,-99.06063,05,5510
05047A1-GARAYAPATZIN,Anillo Periférico Canal de Garay - Constitución de Apatzingan,19.3894,-99.05967,05,5511
05047A1-GARAYPTEZARG,Anillo Periférico Canal de Garay - Puente Peatonal Zaragoza,19.3949,-99.05865,05,5512
05047A1-GARAYGPEVICT,Anillo Periférico Canal de Garay - Guadalupe Victoria,19.40268,-99.05785,05,5513
05047A1-GARAYOAXACA,Anillo Periférico Canal de Garay - Oaxaca,19.40667,-99.05743,05,5514
05047A1-GARAYAVNTE,Anillo Periférico Canal de Garay - Av. Norte,19.40926,-99.05713,05,5515
05047A1-GARAYPANTITLA,Anillo Periférico Canal de Garay - Av. Pantitlan,19.41201,-99.05681,05,5516
05047A1-GARAYPIRULES,Anillo Periférico Canal de Garay - Pirules,19.4155,-99.05645,05,5517
05047A1-GARAYBRAVO,Anillo Periférico Canal de Garay - Valle de Bravo,19.41923,-99.05604,05,5518
05047A1-GARAYCHIMALH,Anillo Periférico Canal de Garay - Av. Chimalhuacan,19.42184,-99.05572,05,5519
05047A1-GARAY6AV,Anillo Periférico Canal de Garay - Sexta Avenida,19.42501,-99.05451,05,5520
05047A1-GARAY4AV,Anillo Periférico Canal de Garay - Cuarta Avenida,19.4263,-99.05395,05,5521
05047A1-GARAYBORDXO,Anillo Periférico Canal de Garay - Av. Bordo de Xochiaca,19.42962,-99.0522,05,5522
05047A1-GARAYPRIMERA,Anillo Periférico Canal de Garay - Primera Avenida,19.43075,-99.0532,05,5523
05047A1-AOTEXOCHIAC,C. C. Alameda Oriente - Av. Bordo de Xochiaca y Xiutetelco,19.4313,-99.05536,05,5524
05047A0-GOYT16SEPTIE,Francisco Goytia - 16 de Septiembre,19.25558,-99.10587,05,5525
05047A0-GOYTGLADIOLA,Francisco Goytia - Gladiolas,19.25642,-99.10861,05,5526
05047A0-FCOGOYTIA,Francisco Goytia,19.25738,-99.11053,05,5527
05047A0-DNTE20NOVIE,Prol. División del Norte - 20 de Noviembre,19.26209,-99.11318,05,5528
05047A0-DNTEAVMX,Prol. División del Norte - Av. México,19.26485,-99.11486,05,5529
05047A0-DNTEGPEIRAMZ,Prol. División del Norte - Guadalupe I. Ramírez,19.2671,-99.11607,05,5530
05047A0-DNTESMARCOS,Prol. División del Norte - Condominios San Marcos,19.26817,-99.11674,05,5531
05047A0-DNTENORIA,Prol. División del Norte - de la Noria,19.27512,-99.12069,05,5120
05047A0-DNTEFPENERI,Prol. División del Norte - Felipe Neri,19.27957,-99.1232,05,5119
05047A0-DNTERFMAGON,Prol. División del Norte - Ricardo Flores Magón,19.27982,-99.12331,05,5119
05047A0-DNTELORENZO,Prol. División del Norte - Av. San Lorenzo,19.28299,-99.12505,05,5118
05047A0-CORTVAQUERI,Anillo Periférico Blvd. Adolfo Ruiz Cortines - Hacienda Glorieta de Vaqueritos,19.28594,-99.12392,05,5217
05047A0-CORTCAFETALE,Anillo Periférico Blvd. Adolfo Ruiz Cortines - Cafetales,19.29556,-99.1012,05,5532
05047A0-GARAYECOLOX,Anillo Periférico Canal de Garay - Parque Ecológico Xochimilco I,19.30459,-99.08768,05,5533
05047A0-GARAYCNLNAL,Anillo Periférico Canal de Garay - Canal Nacional,19.30519,-99.08719,05,5534
05047A0-GARAYAFEDERA,Anillo Periférico Canal de Garay - Area Federal Fave Sedena,19.30786,-99.08507,05,5535
05047A0-GARAYCAMACH,Anillo Periférico Canal de Garay - Villa Camacho Sedena,19.31105,-99.08239,05,5536
05047A0-GARAYJACARAN,Anillo Periférico Canal de Garay - Jacarandas,19.31549,-99.07822,05,5537
05047A0-GARAYLEBRIJA,Anillo Periférico Canal de Garay - Lebrija y Reforma,19.32256,-99.07262,05,5212
05047A0-GARAYEJ6SLM,Anillo Periférico Canal de Garay - Eje 6 Sur Av. Luis Mendez,19.36345,-99.0573,05,5538
05047A0-GARAYEJ5SREF,Anillo Periférico Canal de Garay - Eje 5 Sur Leyes de Reforma,19.37633,-99.05996,05,5539
05047A0-GARAYSUR28A,Anillo Periférico Canal de Garay - Sur 28A,19.38364,-99.0609,05,5540
05047A0-GARAYSUR22,Anillo Periférico Canal de Garay - Sur 22,19.38681,-99.06037,05,5541
05047A0-GARAYSUR14C,Anillo Periférico Canal de Garay - Sur 14C,19.39311,-99.05925,05,5542
05047A0-GARAYCISNERO,Anillo Periférico Canal de Garay - Licenciado J. Cisneros,19.40401,-99.05796,05,5543
05047A0-GARAYFCOBNE,Anillo Periférico Canal de Garay - Francisco González Bocanegra,19.41026,-99.05729,05,5544
05047A0-GARAYXOCHIMI,Anillo Periférico Canal de Garay - Xochimilco,19.41319,-99.05696,05,5545
05047A0-GARAYUNION,Anillo Periférico Canal de Garay - Priv. Unión,19.41606,-99.05671,05,5546
05047A0-GARAYBELTRAN,Anillo Periférico Canal de Garay - Priv. Beltran,19.42001,-99.05623,05,5547
05047A0-GARAYCHIMAL,Anillo Periférico Canal de Garay - Chimalhuacan,19.4224,-99.05574,05,5548
05047A0-GARAYCHIMALP,Anillo Periférico Canal de Garay - Chimalpopoca,19.42664,-99.05431,05,5549
05047A0-BORDOGARAY,Bordo de Xochiaca - Anillo Periférico Canal de Garay,19.43025,-99.05272,05,5550
05047A0-AOTEXOCHIACA,C. C. Alameda Oriente - Av. Bordo de Xochiaca y XIutetelco,19.43054,-99.05362,05,5523
05046C1-EJ10SUR,Eje 10 Sur,19.32366,-98.95873,05,5551
05046C1-AMXPBESCONDI,Autopista México-Puebla - La Escondida,19.33933,-98.97633,05,5552
05046C1-EJ6SAMERICAS,Eje 6 Sur Av. de las Torres - Las Americas,19.34613,-98.98725,05,5553
05046C1-EJ6SNOCHEBUE,Eje 6 Sur Av. de las Torres - Noche Buena,19.34708,-98.9921,05,5554
05046C1-EJ6S12OCTUBR,Eje 6 Sur Av. de las Torres - 12 de Octubre,19.348,-98.99693,05,5555
05046C1-EJ6SIGNACIO,Eje 6 sur Av. de las Torres - San Ignacio,19.3485,-98.99946,05,5556
05046C1-EJ6SPINO,Eje 6 Sur Av. de las Torres - Pino,19.34893,-99.00155,05,5557
05046C1-EJ6SOAXACA,Eje 6 Sur Av. de las Torres - Oaxaca,19.34908,-99.00232,05,5558
05046C1-EJ6SAYALA,Eje 6 Sur Av. de las Torres - Ayala,19.3501,-99.00759,05,5559
05046C1-EJ6SOSENTIES,Eje 6 Sur Av. de las Torres - Octavio Senties,19.35094,-99.01202,05,5560
05046C1-EJ6SIZTAPALA,eje 6 Sur Av. de las Torres - Eje 8 Sur Calz. Ermita Iztapalapa ,19.35252,-99.01549,05,5561
05046C1-EJ6SCUAUHTEM,Eje 6 Sur Av. de las Torres - Cuauhtémoc,19.35405,-99.01836,05,5562
05046C1-EJ6SVISTAHERM,Eje 6 Sur Av. de las Torres - Vista Hermosa,19.35558,-99.02122,05,5563
05046C1-EJ6SAVMX,Eje 6 Sur Av. de las Torres - Av. México,19.35659,-99.02324,05,5564
05046C1-EJ6SVGUERRE,Eje 6 Sur Av. de las Torres - Vicente Guerrero,19.35886,-99.0274,05,5565
05046C1-EJ6SNARCISO,Eje 6 Sur Av. de las Torres - Narciso Mendoza,19.36003,-99.0294,05,5566
05046C1-EJ6SPAYALA,Eje 6 Sur Av. de las Torres - Plan de Ayala,19.36027,-99.03165,05,5567
05046C1-EJ6SFCOVILLA,eje 6 Sur Av. de las Torres - Francisco Villa,19.36064,-99.03499,05,5568
05046C1-EJ6SGUELATAO,Eje 6 Sur Jalisco - Guelatao,19.36111,-99.04058,05,5569
05046C1-EJ6SCGRACIDA,Eje 6 Sur Jalisco - Carlos L. Gracida,19.3622,-99.04921,05,5570
05046C1-EJ6SCELESGAS,Eje 6 Sur Jalisco - Celestino Gasca,19.36237,-99.05069,05,5571
05046C1-EJ6SHUITRON,Eje 6 Sur Jalisco - Jacinto Huitron,19.36268,-99.05376,05,5572
05046C1-EJ6SALEJORIC,Eje 6 Sur Jalisco - Alejo Rico y Combate León,19.36349,-99.06076,05,5573
05046C1-EJ6SESMONROY,Eje 6 Sur Jalisco - Esteban Monroy,19.36383,-99.06389,05,5574
05046C1-EJ6SALBARRAD,Eje 6 Sur Jalisco - Albarrada,19.36415,-99.0669,05,5575
05046C1-EJ6SUAM,Eje 6 Sur Jalisco - UAM,19.36558,-99.06995,05,5576
05046C1-EJ6SATLIXCO,Eje 6 Sur Jalisco - San Rafael Atlixco,19.36829,-99.07481,05,5577
05046C1-EJ6SAGUSTINM,Eje 6 Sur Jalisco - Agustín Melgar,19.36949,-99.07708,05,5578
05046C1-HUALCNLCHURU,Hualquila - Canal de Churubusco,19.37413,-99.09866,05,5579
05046C1-ABASTPESCADE,Central de Abasto - Pescaderia,19.37232,-99.09803,05,5580
05046C0-LZCSTACATARIN,C. C. Lienzo Charro - Santa Catarina Eje 10 Sur y Temoayac,19.32145,-98.95912,05,5581
05046C0-AMXPBVIRGEN,Autopista México-Puebla - La Virgen,19.34295,-98.97807,05,5582
05046C0-EJ6SOLVIDO,Eje 6 Sur Av. de las Torres - Olvido,19.34741,-98.99256,05,5583
05046C0-EJ6SPIPILA,Eje 6 Sur Av. de las Torres - Pipila,19.34795,-98.9953,05,5584
05046C0-EJ6SMMADRID,Eje 6 Sur Av. de las Torres - Miguel de la Madrid,19.34825,-98.99677,05,5555
05046C0-EJ6SPINO,Eje 6 Sur Av. de las Torres - Pino,19.34911,-99.00141,05,5557
05046C0-EJ6SRCORONA,Eje 6 Sur Av. de las Torres- Ramón Corona,19.34931,-99.00216,05,5558
05046C0-EJ6STEPOZTLA,Eje 6 Sur Av. de las Torres - Tercera Cerrada Tepoztlan,19.34945,-99.00297,05,5585
05046C0-EJ6SGUERRE,Eje 6 Sur Av. de las Torres - Vicente Guerrero,19.35901,-99.0272,05,5565
05046C0-EJ6SAVMX,Eje 6 Sur Av. de las Torres - Av. México,19.356720000000006,-99.02286,05,5564
05046C0-EJ6SJUANALVAR,Eje 6 Sur Av. de las Torres - Juan N. Alvarez,19.35425,-99.01821,05,5562
05046C0-EJ6SOCTSENTIE,Eje 6 Sur Av. de las Torres - Octavio Senties,19.35116,-99.01183,05,5560
05046C0-EJ5SJUANALVAR,Eje 5 Sur Av. de las Torres - Juan N. Alvarez,19.35397,-99.01854,05,5562
05046C0-EJ5SAVMX,Eje 5 Sur Av. de las Torres - Av. México,19.35637,-99.02308,05,5564
05046C0-EJ5SGUERRE,Eje 5 Sur Av. de las Torres - Vicente Guerrero,19.35882,-99.02756,05,5565
05046C0-EJ5SCPACHECO,Eje 5 Sur Av. Circunvalación - Carlos Pacheco,19.36365,-99.03215,05,5586
05046C0-EJ5SMHGO,Eje 5 Sur Av. Circunvalación - Miguel Hidalgo,19.36483,-99.03524,05,5587
05046C0-EJ5S5MAYO,Eje 5 Sur Av. Circunvalación - Batalla 5 de Mayo,19.36551,-99.03696,05,5588
05046C0-EJ5SGUELATAO,eje 5 Sur Prol. Marcelino Buendia - Guelatao,19.36652,-99.03995,05,5589
05046C0-EJ5SRENOVACI,Eje 5 Sur Prol. Marcelino Buendia - Renovación,19.37298,-99.04836,05,5590
05046C0-EJ5SCDNAZUL,Eje 5 Sur Prol. Marcelino Buendia - Los Frentes y Cadena Azul,19.37413,-99.05244,05,5591
05046C0-EJ5SUHFRENTE,Eje 5 Sur Prol. Marcelino Buendia - Unidad Habitacional Los Frentes y Telecomunicaciones,19.3751,-99.05493,05,5592
05046C0-EJ5SUHFLORES,Eje 5 Sur Prol. Marcelino Buendia - Mercado Los Frentes y Unidad Habitacional Las Flores,19.37604,-99.05703,05,5593
05046C0-EJ5SPERIFERIC,Eje 5 Sur Prol. Marcelino Buendia - Periférico,19.37656,-99.0589,05,5594
05046C0-EJ5S11ENERO,Eje 5 sur Leyes de Reforma - 11 de Enero de 1861,19.37713,-99.06693,05,5595
05046C0-EJ5SGUERREFO,Eje 5 Sur Leyes de Reforma - Guerra de Reforma,19.37755,-99.06937,05,5596
05046C0-EJ5SROJOGOM,Eje 5 Sur Av. Leyes de Reforma - Rojo Gómez,19.378870000000006,-99.07711,05,5597
05046C0-ABASTABARROT,Central de abasto Av. Principal - Abarrotes,19.37486,-99.09393,05,5598
05046C0-HUALPESCADER,Hualquila - Pescaderías,19.37226,-99.09966,05,5599
0500431-CONSUOCEANIA,Río Consulado - Oceanía,19.44548,-99.08666,05,5600
0500431-CHURU2DASALID,Canal Río de Churubusco - 2A Salida ,19.37849,-99.09601,05,5601
0500431-CCCTRALABAST,C. C. Central de Abasto - Anden C Paradero y Central de Abasto,19.37859,-99.09597,05,5601
0500431-PLZMERCED,Plaza Merced Abasto - Central de Abasto,19.37872,-99.09591,05,5601
0500431-CHURUEJ5OTE,Canal Río de Churubusco - Eje 5 Oriente,19.37974,-99.09536,05,5602
0500431-TZNTLVIVERES,Canal Río de Churubusco - Abarrotes y Viveres ,19.38224,-99.09369,05,5603
0500431-CHURUTEZONTL,Canal Río de Churubusco - Canal de Tezontle,19.38364,-99.09288,05,5604
0500431-TZNTLSUR159,Canal de Tezontle - Sur 159,19.3847,-99.0959,05,5605
0500431-TZNTLSUR147,Canal de Tezontle - Sur 147,19.38523,-99.09803,05,5606
0500431-TZNTLCHURUB,Canal de Tezontle - Río Churubusco,19.38568,-99.09991,05,5607
0500431-CHURUOTE116,Río Churubusco - Oriente 116,19.38863,-99.09939,05,5608
0500431-CHURUOTE106,Río Churubusco - Oriente 106,19.39232,-99.09901,05,5609
0500431-CHURUAVTE,Río Churubusco - Av. Te,19.39653,-99.09849,05,5610
0500431-AVTEAZAFRAN,Av. Te - Azafrán,19.40064,-99.09787,05,5611
0500431-CHURUANIL,Río Churubusco - ANil,19.40261,-99.09761,05,5612
0500431-CHURUPTOAER,Río Churubusco - Metro Puerto Aéreo,19.41926,-99.0964,05,5613
0500431-CHURUAV8,Río Churubusco - Av. 8,19.42034,-99.0958,05,5614
0500431-Av8Av4,Av. 8 - Av. 4,19.42105,-99.09541,05,5615
0500431-BLVDPTOAVIAC,Blvd. Puerto Aéreo - Aviación Comercial,19.4221,-99.09483,05,5616
0500431-BLVDPTOANTE13,Blvd. Puerto Aéreo - Norte 13,19.42527,-99.09305,05,5617
0500431-BLVDPTOAMIRAD,Blvd. Puerto Aéreo - Frente al Mirador,19.42991,-99.09065,05,5618
0500431-BLVDPTOAERO,Blvd. Puero Aéreo - Aeropuerto,19.43351,-99.08861,05,5619
0500431-CONSUPENON,Río Consulado - Av. del Peñon,19.43824,-99.08599,05,5620
0500431-CONSUIRAPUAT,Río Consulado - Irapuato,19.43935,-99.08559,05,5621
0500431-CONSUMORELO,Río Consulado - Morelos,19.44003,-99.08539,05,5622
0500431-CONSUNTE178,Río Consulado - Norte 178,19.44335,-99.08587,05,5623
0500431-OCNDVOCEAN,Oceanía - Deportivo Oceanía,19.44759,-99.08418,05,5624
0500431-OCEANIADVO,Oceanía - Metro Deportivo Oceanía,19.45058,-99.07972,05,5625
0500431-JLFBSQARAGON,José Loreto Fabelas - Bosque de Aragón,19.4572,-99.08027,05,5626
0500431-JLFCANTINFLAS,José Loreto Fabela - Teatro Cantinflas,19.46119,-99.08049,05,5627
0500431-JLFAV510,José Loreto Fabela - Av. 510,19.46329,-99.08059,05,5628
0500431-JLFAV414,José Loreto Fabela - Av. 414,19.4704,-99.07958,05,5629
0500431-JLFAV416,José Loreto Fabela - Av. 416,19.47298,-99.07907,05,5630
0500431-JLFPTOTAMPICO,José Loreto Fabela - Puerto de Tampico,19.47563,-99.07881,05,5631
0500431-JLFPTOMAZATLA,José Loreto Fabela - Puerto de Mazatlán,19.47771,-99.078,05,5632
0500431-JLFCOMORAZAN,José Loreto Fabela - Francisco Morazan,19.48067,-99.0769,05,5633
0500431-BCSCONSTREPU,Baja California Sur - Constitución de la República,19.48245,-99.07588,05,5634
0500431-BCSMORELOS,Baja California Sur - Estado de Morelos,19.48505,-99.07487,05,5635
0500431-BCSOAXACA,Baja California Sur - Estado de Oaxaca,19.48628,-99.07441,05,5636
0500431-AYATOTONILCO,Villa de Ayala - Atotonilco,19.49045,-99.07483,05,5637
0500431-AYATAMAZULA,Villa de Ayala - Tamazula,19.49104,-99.07798,05,5638
0500431-AYALEONALDAM,Villa de Ayala - León de los Aldama,19.49154,-99.08062,05,5639
0500431-LALDLRSHGO,León de los aldama - Dolores Hidalgo,19.49399,-99.07888,05,5640
0500430-CHURUFCABAS,C. C. Central de Abasto - Frente a Anden C Paradero y Central de Abasto,19.37861,-99.09654,05,5641
0500430-CHURUAPATLAC,Canal Río de Churubusco - Apatlaco,19.37989,-99.09592,05,5642
0500430-TZNTLCHURUB,Canal de Tezontle - Canal Río Churubusco,19.38398,-99.09322,05,5643
0500430-TZNTLCALL47,Canal de Tezontle - Calle 47,19.38462,-99.09639,05,5644
0500430-CHURUTEZONTL,Río Churubusco - Canal de Tezontle,19.386,-99.10078,05,5645
0500430-CHURUOTE116,Río Churubusco - Oriente 116,19.38894,-99.10061,05,5646
0500430-CHURUOTE106,Río Churubusco - Oriente 106,19.39252,-99.10025,05,5647
0500430-CHURUPELIASCA,Río Churubusco - Plutarco Elias Calles,19.39702,-99.09922,05,5648
0500430-CHURUCANELA,Río Churubusco - Canela,19.398,-99.09909,05,5649
0500430-FRAYMIERGVIL,Fray Servando Teresa de Mier - Galindo y Villa,19.41702,-99.09891,05,5650
0500430-BLVDPTOAV4,Blvd. Puerto Aéreo - Av. 4,19.41886,-99.09709,05,5651
0500430-BLVDPTAZARAG,Blvd. Puerto Aéreo - Calz. Ignacio Zaragoza,19.42037,-99.09629,05,5652
0500430-BLVDPTOANTE3,Blvd. Puerto Aéreo - Norte 3,19.42361,-99.09446,05,5653
0500430-BLVDPTOANTE9,Blvd. Puerto Aéreo - Norte 9,19.42433,-99.09408,05,5654
0500430-BLVDPTOANTE17,Blvd. Puerto Aéreo - Norte 17,19.42573,-99.09342,05,5655
0500430-NTE172NTE17,Norte 172 - Norte 17,19.42886,-99.09603,05,5656
0500430-NTE172NTE21,Norte 172 - Norte 21,19.43029,-99.09524,05,5657
0500430-NTE172NTE25,Norte 172 - Norte 25,19.43246,-99.09403,05,5658
0500430-NOTE172NTE33,Norte 172 - Norte 33,19.43512,-99.09256,05,5659
0500430-NTE172NTE37,Norte 172 - Norte 37,19.43657,-99.09175,05,5660
0500430-NTE172PENON,Norte 172 - Del Peñon,19.43973,-99.09,05,5661
0500430-NTE172PERSIA,Norte 172 - Persia,19.44111,-99.08918,05,5662
0500430-NTE172TRANSVA,Norte 172 - Transval,19.44292,-99.08808,05,5663
0500430-MANESTERLINA,Manchurias - Esterlinas,19.44391,-99.08759,05,5664
0500430-BOLIMANCHURI,Bolivares - Manchuria,19.44449,-99.08712,05,5665
0500430-JLF504,José Loreto Fabela - 504,19.44505,-99.08706,05,5666
0500430-JLFAV565,José Loreto Fabela - Av. 565,19.44882,-99.08361,05,5667
0500430-JLFAV506,José Loreto Fabela - Av. 506,19.45327,-99.08196,05,5668
0500430-JLFMNOMORENO,José Loreto Fabela - Teatro Mariano Moreno,19.45533,-99.08112,05,5669
0500430-JLFAV508,José Loreto Fabela - Av. 508,19.45739,-99.08061,05,5626
0500430-JLFCNOGPE,José Loreto Fabela  - Camino de Guadalupe,19.46779,-99.08041,05,5670
0500430-JLFCALL414,José Loreto Fabela - Calle 414,19.47258,-99.07941,05,5671
0500430-JLFCNOJUANAR,José Loreto Fabela - Camino San Juan de Aragón,19.4734,-99.07928,05,5672
0500430-JLFPTOTAMPICO,José Loreto Fabela - Puerto Tampico,19.47582,-99.07913,05,5631
0500430-JLFPTOMAZATL,José Loreto Fabela - Puerto de Mazatlán,19.47778,-99.07841,05,5632
0500430-CNOUCNOLIGA,Camino de la Unión - Camino de la Liga,19.47909,-99.07789,05,5673
0500430-CNOUTLAXCAL,Camino de la Unión - Estado de Tlaxcala,19.48398,-99.07596,05,5674
0500430-CNOUPRQCTRAL,Camino de la Unión - Camino Parque Central,19.48582,-99.07579,05,5675
0500430-CNOUCOOPER,Camino de la Unión - Camino de la Cooperación,19.48814,-99.07534,05,5676
0500430-AYACNOUNION,Villa de Ayala - Camino de la Unión,19.49025,-99.07495,05,5637
0500430-AYATOYAC,Villla de Ayala - Atoyac,19.49051,-99.07669,05,5677
0500430-AYALAPATZINGA,Villa de ayala - Apatzingan,19.49094,-99.07887,05,5678
0500430-LALDVILLAYALA,León de los Aldama - Villa de Ayala,19.49178,-99.08107,05,5679
05039B1-STANATARAHU,Santa Ana - Tarahumaras,19.32888,-99.11713,05,5680
05039B1-STANAMRSEQU,Av. Santa Ana - Rosa María Sequeira,19.32913,-99.12053,05,5681
05039B1-16SEPTCAPULIN,Prol. 16 de Septiembre - Capulines,19.2504,-99.10641,05,5682
05039B1-16SEPNATIVITA,Prol. 16 de Septiembre - Unidad Habitacional Nativitas,19.24697,-99.10352,05,5683
05039B1-16SEPTMADRES,Prol. 16 de Septiembre - Madre Selva,19.24615,-99.10227,05,5684
05039B0-STANAMERCED,Av. Santa Ana - Mercedes Abrego,19.32849,-99.11663,05,5685
05039B0-STANARMSEQUE,Av. Santa Ana - Rosa María Sequeiros,19.32886,-99.12078,05,5681
05039B0-ZACAPACNONA,C. C. Xochimilco Bosque de Nativitas por Miramontes - Zacapa y Camino a Nativitas,19.24832,-99.09428,05,5686
0500371-FAMILYUREN,Fernando Amilpa - Luis Yuren,19.50979,-99.0999,05,5687
0500371-AV6FAMILPA,Av. 6 Fernando Amilpa,19.50864,-99.09861,05,5688
0500371-18FRNDAMILPA,Av. 18 Fernando Amilpa,19.50728,-99.09498,05,5689
0500371-FNDOAMILPA,Av. 30 Fernando Amilpa,19.50653,-99.09349,05,5690
0500371-CUNIONPELICAN,Honorable Congreso de la Unión - Pelicano,19.47852,-99.10692,05,5691
0500371-CUNIONOTE171,Honorable Congreso de la Unión - Oriente 171,19.47638,-99.10732,05,5692
0500371-CUNIONTALISMA,Honorable Congreso de la Unión - Talisman,19.4735,-99.10803,05,5693
0500371-CUNIONVICTORI,Honorable Congreso de la Unión - Victoria,19.469,-99.10984,05,5694
0500371-CUNIONHENRYF,Honorable Congreso de la Unión - Henry Ford,19.46728,-99.11069,05,5695
0500371-CUNIONCORZO,Honorable Congreso de la Unión - Ángel Albino Corzo,19.46365,-99.11218,05,5696
0500371-CUNIONOTE91,Honorable Congreso de la Unión - Oriente 91,19.46097,-99.11304,05,5697
0500371-CUNIONESTANO,Honorable Congreso de la Unión - Estaño,19.45279,-99.11503,05,5698
0500371-CUNIONCNLNTE,Honorable Congreso de la Unión - Canal del Norte,19.44863,-99.11608,05,5699
0500371-CUNIONPELUQ,Honorable Congreso de la Unión - Peluqueros,19.44636,-99.11665,05,5700
0500371-CUNIONCIRCUN,Honorable Congreso de la Unión - Circunvalación,19.4436,-99.1173,05,5701
0500371-CUNIONHERR,Honorable Congreso de la Unión - Herreros,19.43981,-99.11795,05,5702
0500371-CUNIONALBANIL,Honorable Congreso de la Unión - AlbaNil,19.4381,-99.11826,05,5703
0500371-CUNIONACOZARI,Honorable Congreso de la Unión - Héroe de Nacozari,19.43579,-99.1186,05,5704
0500371-CUNIONTOMATL,Honorable Congreso de la Unión - San Andres Tomatlan,19.43475,-99.11868,05,5705
0500371-CUNIONEZAPATA,Honorable Congreso de la Unión - Emiliano Zapata,19.42822,-99.11924,05,5706
0500371-CUNIONROBELO,Honorable Congreso de la Unión - Cecilio Robelo,19.42548,-99.11981,05,5707
0500371-CUNIONJCHIAPA,Honorable Congreso de la Unión - Jardín Chiapas,19.42394,-99.12006,05,5708
0500371-CUNIONFRAYMIE,Honorable Congreso de la Unión - Fray Servando Teresa de Mier,19.42173,-99.12033,05,5709
0500371-CUNIONBOTURIN,Honorable Congreso de la Unión - Lorenzo Boturini,19.41678,-99.12103,05,5710
0500371-CUNIONTALLER,Honorable Congreso de la Unión - Av. del Taller,19.41363,-99.12146,05,5711
0500371-CUNIONMORELO,Honorable Congreso de la Unión - Av. Morelos,19.4091,-99.12154,05,5712
0500371-CUNIONRIOPIE,Honorable Congreso de la Unión - Viaducto Río de la Piedad,19.40366,-99.12138,05,5713
0500371-CUNIONPELIASC,Honorable Congreso de la Unión - Plutarco Elías Calles,19.39786,-99.12287,05,5714
0500371-VIGARECREO,Calz. de la Viga - Recreo,19.39551,-99.12318,05,5715
0500371-VIGAFCOIMADER,Calz. de la Viga - Francisco I. Madero,19.3926,-99.12247,05,5716
0500371-VIGASANTIAGO,Calz. de la Viga - Santiago,19.39008,-99.12184,05,5717
0500371-VIGAJALVAREZ,Calz. de la Viga - Juan Alvarez,19.38559,-99.12211,05,5718
0500371-VIGAPATLACO,Calz. de la Viga - Av. Apatlaco,19.38212,-99.12228,05,5719
0500371-VIGAPURISIMA,Calz. de la Viga - Purísima,19.38002,-99.1224,05,5720
0500371-VIGACARDIOLO,Calz. de la Viga - Cardiologos,19.37556,-99.12233,05,5721
0500371-VIGACJONQUIMI,Calz. de la Viga - Callejón Químicos,19.37204,-99.12223,05,5722
0500371-VIGALFTORO,Calz. de la Viga - AlfonsoToro,19.36791,-99.12223,05,5723
0500371-VIGAGUSYANEZ,Calz. de la Viga - Agustín Yañez,19.36597,-99.12217,05,5724
0500371-VIGANASTASIO,Calz. de la Viga - Anastasio G. Saravia,19.36162,-99.122,05,5725
0500371-VIGAERMITAIZT,Calz. de la Viga - Calz. Ermita Iztapalapa,19.357470000000006,-99.12169,05,5463
0500371-VIGACAMPESINO,Calz. de la Viga -Campesinos,19.35354,-99.12116,05,5726
0500371-NAVALCNLNAL,Escuela Naval Militar - Canal Nacional,19.34899,-99.11962,05,5727
0500371-NAVALCJONALF,Escuela Naval Militar - Callejón San Alfredo,19.34476,-99.12051,05,5728
0500371-NAVAL16SEPTIE,Escuela Naval Militar - 16 de Septiembre,19.34087,-99.12173,05,5729
0500371-NAVALTAXQUEN,Escuela Naval Militar - Calz. Taxqueña,19.3373,-99.12269,05,4860
0500371-NAVALTEZONCO,Escuela Naval Militar - Ejido San Lorenzo Tezonco,19.33193,-99.12374,05,5730
0500371-NAVALSTANA,Escuela Naval Militar - Av. Santa Ana,19.32904,-99.12421,05,5731
0500371-NAVALPORFIRIO,Escuela Naval Militar - Cerrada Porfirio Díaz,19.32621,-99.12447,05,5732
0500371-VRGNMSAENZ,Calz. de la Virgen - Manuel Saenz,19.32416,-99.12469,05,4861
0500371-VRGNBOJORQU,Calz. de la Virgen - Bojorquez,19.32154,-99.12444,05,5733
0500371-VRGNBONFIL,Calz. de la Virgen - Alfredo Vladimir Bonfil,19.32084,-99.12349,05,5734
0500371-VRGNSEQUEIR,Calz. de la Virgen - Rosa María Sequeira,19.31971,-99.11933,05,5735
0500371-VRGNRZARAGO,Calz. de la Virgen - Rosa Zaragoza,19.32051,-99.11539,05,5736
0500371-VRGNCARALOTA,Calz. de la Virgen - Carlota Armero,19.32091,-99.11325,05,5737
0500371-VRGNTEPEHUAN,Calz. de la Virgen - Tepehuanes,19.32129,-99.11114,05,5738
0500371-VRGNCATALINA,Calz. de la Virgen - Catalina Buendia,19.32168,-99.10909,05,5739
0500371-MMADELITA,Manuela Medina - Adelita,19.31903,-99.10601,05,5740
0500371-MMVALLE,Manuela Medina - Valle,19.31662,-99.1065,05,5741
0500371-DGMMEDINA,Dolores Guerrero - Manuela Medina,19.3153,-99.10685,05,5742
0500371-DGRCASTELLA,Dolores Guerrero - Rosario Castellanos,19.31523,-99.10355,05,5743
0500370-CSERDANNIME,C. C. Carmen Serdán - Candelaria Pérez y Nimes,19.321,-99.10104,05,5744
0500370-CPMARIAMAR,Candelaria Pérez - María del Mar,19.31843,-99.10049,05,5745
0500370-CPDOLORESGU,Candelaria Pérez - Dolores Guerrero,19.31515,-99.10075,05,5746
0500370-EVARGASCANDE,Elvira Vargas - Candelaria Pérez,19.31095,-99.10114,05,5747
0500370-RCASTVARGAS,Rosario Castellano - Elvira Vargas,19.31178,-99.10394,05,5748
0500370-DGROSARCASTE,Dolores Guerrero - Rosario Castellanos,19.315,-99.10371,05,5743
0500370-MMTEPETLAPA,Manuela Medina - Tepetlapa,19.31538,-99.10699,05,5742
0500370-MMADELITA,Manuela Medina - La Adelita,19.31926,-99.10607,05,5740
0500370-VRGNHGLEZ,Calz. de la Virgen - Hermanas González,19.32176,-99.10652,05,5749
0500370-VRGNSOLORZA,Calz. de la Virgen - Soledad Solorzano,19.32137,-99.1088,05,5739
0500370-VRGNMAGDALE,Calz. de la Virgen - Magdalena,19.32099,-99.11052,05,5750
0500370-VRGNARMERO,Calz. de la Virgen - Carlota Armero,19.32063,-99.11369,05,5751
0500370-VRGNRZARAGO,Calz. de la Virgen - Rosa Zaragoza,19.32015,-99.11541,05,5736
0500370-VRGNSEQUEIRA,Calz. de la Virgen - Rosa María Sequeira,19.31962,-99.11941,05,5735
0500370-VRGNBONFIL,Calz. de la Virgen - Alfredo  Vladimir Bonfil,19.32078,-99.12375,05,5734
0500370-NAVALCVIRGEN,Escuela Naval Militar - Calz. de la Virgen,19.32208,-99.12506,05,4859
0500370-NAVALCDAPORFI,Escuela Naval Militar - Cerrada Porfirio Díaz,19.32548,-99.12491,05,5752
0500370-NAVALSTANA,Escuela Naval Militar - Santa Ana,19.32948,-99.12443,05,5753
0500370-NAVALEJIDOLOR,Escuela Naval Militar - Ejido San Lorenzo,19.33216,-99.1239,05,5730
0500370-NAVALTAXQUE,Escuela Naval Militar - Calz. Taxqueña,19.33772,-99.12273,05,4860
0500370-NAVALBOSQUE,Escuela Naval Militar - Paseos del Bosque,19.34137,-99.12175,05,5754
0500370-NAVALPHACIEND,Escuela Naval Militar - Paseo de la Hacienda,19.34586,-99.12063,05,5755
0500370-NAVALPCHICO,Escuela Naval Militar - Paseo Chico,19.34776,-99.12014,05,5756
0500370-VIGAOSAMENOR,Calz. de la Viga - Osa Menor,19.35341,-99.12143,05,5726
0500370-VIGAERMITAIZT,Calz. de la Viga - Calz. Ermita Iztapalapa,19.35803,-99.12203,05,5463
0500370-VIGAEZAPATA,Calz. de la Viga - Emiliano Zapata,19.36193,-99.1225,05,5757
0500370-VIGAGUSYANEZ,Calz. de la Viga - Agustín Yañez,19.36606,-99.12264,05,5758
0500370-VIGAECARANZA,Calz. de la Viga - Emilio Carranza,19.3701,-99.12255,05,5759
0500370-VIGAPORTOALE,Calz. de la Viga - Porto Alegre,19.37345,-99.12269,05,5760
0500370-VIGAPIECUESTA,Calz. de la Viga - Playa Pie de la Cuesta,19.37582,-99.12275,05,5761
0500370-VIGAVILLAMAR,Calz. de la Viga - Playa Villa del Mar,19.38026,-99.12282,05,5762
0500370-VIGAROQUTA,Calz. de la Viga - Playa Roqueta,19.3827,-99.12273,05,5763
0500370-VIGAERIZO,Calz. de la Viga - Playa Erizo,19.38617,-99.12254,05,5764
0500370-VIGASANTIAGO,Calz. de la Viga - Santiago,19.39028,-99.12215,05,5717
0500370-VIGAILOPEZRAY,Calz. de la Viga - Ignacio López Rayon,19.39224,-99.12267,05,5716
0500370-VIGASANFCO,Calz. de la Viga - San Francisco,19.39639,-99.12368,05,5765
0500370-CUNIONRECREO,Honorable Congreso de la Unión - Recreo,19.39874,-99.12269,05,5766
0500370-CUNIONHGO,Honorable Congreso de la Unión - Calle Miguel Hidalgo,19.40195,-99.12196,05,5767
0500370-CUNIONMALEM,Honorable Congreso de la Unión - Viaducto Miguel Alemán,19.40536,-99.1223,05,5768
0500370-CUNIONMOREL,Honorable Congreso de la Unión - Av. Morelos,19.40922,-99.12193,05,5712
0500370-CUNIONTALLER,Honorable Congreso de la Unión - Av. del Taller,19.4138,-99.12191,05,5769
0500370-CUNIONBOTURIN,Honorable Congreso de la Unión - Lorenzo Boturini,19.41693,-99.12141,05,5710
0500370-CUNIONOTE32,Honorable Congreso de la Unión - Oriente 32,19.41905,-99.12112,05,5770
0500370-CUNIONUNION,Honorable Congreso de la Unión - Unión,19.42534,-99.12013,05,5707
0500370-CUNIONCANDEL,Honorable Congreso de la Unión - M. Candelaria,19.42912,-99.11966,05,5771
0500370-CUNIONEZAPAT,Honorable Congreso de la Unión - Emiliano Zapata,19.4323,-99.11923,05,5772
0500370-CUNIONACOZAR,Honorable Congreso de la Unión - Héroe de Nacozari,19.43592,-99.11888,05,5704
0500370-CUNIONHORTEL,Honorable Congreso de la Unión - Hortelanos,19.44109,-99.11804,05,5773
0500370-CUNIONCIRCUNV,Honorable Congreso de la Unión - Circunvalación,19.44434,-99.11742,05,5774
0500370-CUNIONPELUQU,Honorable Congreso de la Unión - Peluqueros,19.44652,-99.11688,05,5700
0500370-CUNIONCNLNTE,Honorable Congreso de la Unión - Canal del Norte,19.44816,-99.11651,05,5775
0500370-CUNIONTALABAR,Honorable Congreso de la Unión - Talabarteros,19.44912,-99.11634,05,5776
0500370-CUNIONPLATINO,Honorable Congreso de la Unión - Platino,19.45394,-99.11511,05,5777
0500370-CUNIONRCONS,Honorable Congreso de la Unión - Río Consulado,19.45641,-99.11449,05,5778
0500370-CUNIONOTE87,Honorable Congreso de la Unión - Oriente 87,19.45949,-99.1137,05,5779
0500370-CUNIONALBINO,Honorable Congreso de la Unión - Ángel Albino Corzo,19.46376,-99.11246,05,5696
0500370-HENRYFORD,Henry Ford,19.46749,-99.111,05,5695
0500370-TALISMAN,Talisman,19.47374,-99.10832,05,5693
0500370-VICTORIA,Victoria,19.46937,-99.11011,05,5694
0500370-TESORO,Tesoro,19.47105,-99.10937,05,5780
0500370-FAMILMARTINE,Fernando Amilpa - José M. Martínez,19.50622000000001,-99.09355,05,5690
0500370-FAMILGARCIA,Fernando Amilpa - Vicente García,19.50682,-99.0956,05,5781
0500370-FAMILMARENCO,Fernando Amilpa - Ismael Marenco,19.50813,-99.09797,05,5782
0500370-CTMATZAMILPA,Unidad CTM Atzacoalco - Fernando Amilpa y Francisco J. Macin,19.51116,-99.10094,05,5783
05034B1-PROLSTAFALAM,Prol. Av. Santa Fe - Alameda Poniente,19.36875,-99.25737,05,5784
05034B1-BARRPARKPLA,Barros Sierra - Park Plaza,19.36353,-99.26088,05,5785
05034B1-BARRSIERRA,Barros Sierra,19.3619,-99.26174,05,5786
05034B1-CLZTECMREY,Carlos Lazo - Tec de Monterrey,19.35907000000001,-99.26061,05,5228
05034B1-POETASTAFE,Paseo de los Poetas - Cumbres Santa Fe,19.34913,-99.25914,05,5787
05034B1-UPTELIZONDO,Autopista Urbana Poniente - Roberto Ríos Elizondo,19.33476,-99.23472,05,5049
05034B1-UPTETORRES,Autopista Urbana Poniente - Av. de las Torres,19.33282,-99.23721,05,5788
05034B1-CABRFERROCU,Luis Cabrera - Ferrocarril de Cuernavaca,19.3181,-99.23075,05,5789
05034B1-CABRNARANJO,Luis Cabrera - Naranjos,19.31982,-99.22866,05,5790
05034B1-CABRJALAPA,Luis Cabrera - Jalapa,19.32277,-99.22467,05,5791
05034B1-CABRPOPULAR,Luis Cabrera - Casa Popular,19.32201,-99.2215,05,5792
05034B1-PERIFCODIF,Anillo Periférico - DIF,19.32513,-99.21518,05,5793
05034B1-EJ10SPERIFER,Eje 10 Sur - Anillo Periférico,19.33181,-99.20902,05,4973
05034B1-EJ10SDONATO,Eje 10 Sur - Donato Guerra,19.33833,-99.19503,05,5794
05034B1-UNICOPILCO,Av. Universidad - Copilco,19.33771,-99.18362,05,5795
05034B1-MAQINSURSUR,C. C. Miguel Angel de Quevedo  Av. Insurgentes Sur - Miguel Ángel de Quevedo,19.34648,-99.18087,05,5796
05034B0-UNIMAQ,Av. Universidad - Metro Miguel Ángel de Quevedo,19.34652,-99.18057,05,5796
05034B0-UNIACASULCO,Av. Universidad - Cerro Acasulco,19.34185,-99.18151,05,5797
05034B0-UNIVERSIDUNAM,Av. Universidad - UNAM,19.33684,-99.18677,05,5798
05034B0-EJ10SREVOLUCI,Eje 10 Sur - Av. Revolución,19.33661,-99.19286,05,5799
05034B0-JRNMFUENTES,Av. San Jerónimo - Las Fuentes,19.33272,-99.20473,05,5800
05034B0-JRNMPERIFERI,Av. San Jerónimo - Anillo Periférico,19.3305,-99.21157,05,5801
05034B0-JRNMTARASQUI,Av. San Jerónimo - Tarasquillo,19.32947,-99.21276,05,5802
05034B0-JERONMDIF,Av. San Jerónimo - DIF,19.32584,-99.21689,05,5803
05034B0-CONTRPOPULA,Av. Contreras - Casa Popular,19.32222,-99.22162,05,5792
05034B0-CONTRTUXPAN,Av. Contreras  - Tuxpan,19.32218,-99.22583,05,5804
05034B0-CABRMAGNOLIA,Luis Cabrera - Magnolia,19.31936,-99.2289,05,5805
05034B0-CABRFRRCUER,Luis Cabrera - Ferrocarril del Cuernavaca,19.31717,-99.23114,05,5806
05034B0-UPTEANAHUAC,Autopista Urbana Poniente - Universidad Anahuac del Sur,19.3167,-99.23195,05,5807
05034B0-UPTELIZONDO,Autopista Urbana Poniente - Roberto Díaz Elizondo,19.31633,-99.23256,05,5808
05034B0-UPTETORRES,Autopista Urbana Poniente - Av. de las Torres,19.33331,-99.23795,05,5809
05034B0-UPTEAGUILAS,Autopista Urbana Poniente - Av. de las Aguilas,19.34508,-99.24005,05,5810
05034B0-POETASTAFE,Paseo de los Poetas - Cumbres Santa Fe,19.35016,-99.25969,05,5811
05034B0-CLZTECMREY,Carlos Lazo - Tecnológico de Monterrey,19.35908,-99.26091,05,5228
05034B0-CLZBSIERRA,Carlos Lazo - Barros Sierra,19.36178,-99.26256,05,5229
05034A1-CHAPUDRVERT,Av. Chapultepec - Dr. Vertiz,19.42675,-99.14613,05,5812
05034A1-CHAPUCUAUHT,Av. Chapultepec - Metro Cuauhtémoc,19.42526,-99.15563,05,5813
05034A1-CHAPUMERIDA,Av. Chapultepec - Merida,19.42456,-99.1587,05,5814
05034A1-CHAPUMEDELLI,Av. Chapultepec - Medellin,19.42246,-99.1673,05,5815
05034A1-CHAPUSEVILLA,Av. Chapultepec - Metro Sevilla,19.42166,-99.17077,05,5816
05034A1-CHAPUSONORA,Chapultepec - Sonora,19.42086,-99.17435,05,5817
05034A1-CYTFLORES,Av. Constituyentes - Las Flores,19.41653,-99.18061,05,5818
05034A1-CYTMONTIEL,Av. Contituyentes - Gobernador Tiburcio Montiel,19.41512,-99.18519,05,5819
05034A1-CYTUVM,Av. Constituyentes - UVM,19.41378,-99.18802,05,5820
05034A1-CONSTITUYEN,Av. Constituyentes - Constituyentes,19.41274,-99.18995,05,5821
05034A1-CYTMONTESINO,Av. Constituyentes - General José Montesinos,19.4089,-99.19732,05,5822
05034A1-CYTGRALJMEN,Av. Constituyentes - General José María Mendivil,19.40732,-99.20015,05,5823
05034A1-CYTSUR128,Av. Constituyentes - Sur 128,19.40601,-99.20254,05,5824
05034A1-CYTMIRANDA,Av. Contituyentes - Miranda,19.40238,-99.20828,05,5825
05034A1-CYTOBSERVATO,Av. Constituyentes - Av. Observatorio,19.4005,-99.21127,05,5826
05034A1-VQGRMEDELLN,Av. Vasco de Quiroga - Roberto Medellin,19.37141,-99.26038,05,5827
05034A1-CLZCTRBANC,Av. Carlos Lazo - Centro Bancomer,19.36239,-99.26402,05,5828
05034A1-STAFBARRAGAN,Av. Santa Fe - Luis Barragan,19.36127,-99.26699,05,5829
05034A1-STAFJOGORMA,Av. Santa Fe - Juan O'Gorman,19.35976,-99.26958,05,5830
05034A1-STAFMORAL,Av. Santa Fe - Enrique del Moral,19.3585,-99.27205,05,5831
05034A1-JSAGRAZSCB,Juan Salvador Agraz - Sam's Club,19.35649,-99.27622,05,5832
05034A1-JSAGRAZSB,Juan Salvador Agraz - Sam's Club,19.3565,-99.27706,05,5833
05034A0-MBALDERATOLS,C. C. Metro Balderas - Tolsa y Av. Chapultepec,19.42742,-99.14978,05,5834
05034A0-CHAPUCUAUHTE,Av. Chapultepec - Metro Cuauhtémoc,19.42561,-99.15525,05,5835
05034A0-CHAPULNAPOLE,Av. Chapultepec - Napoles,19.42492,-99.15848,05,5814
05034A0-CHAPULVARSOV,Av. Chapultepec - Varsovia,19.42297,-99.16707,05,5836
05034A0-CHAPUSEVILLA,Av. Chapultepec - Metro Sevilla,19.42196,-99.17153,05,5837
05034A0-CHAPULTEPEME,Av. Chapultepec - Metro Chapultepec,19.42138,-99.1738,05,5838
05034A0-CHAPFLORES,Av. Chapultepec - Las Flores,19.41672,-99.18074,05,5818
05034A0-CYTMONTIEL,Av. Contituyentes - Gobernador Tiburcio Montiel,19.41548,-99.18504,05,5819
05034A0-CYTESUVM,Av. Constituyentes - UVM,19.41425,-99.18753,05,5839
05034A0-CYTMUZQUIZ,Av. Constituyentes - Gobernador Melchor Muzquiz,19.41299,-99.18994,05,5821
05034A0-CYTMONTESINO,Av. Constituyentes - General José Montesinos,19.4092,-99.19726,05,5822
05034A0-CYTGRALJMME,Av. Constituyentes - General José María Mendivil,19.4076,-99.20016,05,5823
05034A0-CYSPDOLORES,Av. Constituyentes - Panteón Dolores,19.40587,-99.20325,05,5840
05034A0-CYTMIRANDA,Av. Constituyentes - Miranda,19.40476,-99.20504,05,5841
05034A0-CYTVOCACIO4,Av. Contituyentes - Vocacional No. 4,19.40151,-99.21008,05,5842
05034A0-CYTSEDESOL,Av. Constituyentes - SEDESOL,19.39802,-99.21722,05,5843
05034A0-CYTRADIOCTR,Av. Constituyentes - Radio Centro,19.39363,-99.2379,05,5844
05034A0-CYTCONAFRUT,Av. Constituyentes - Puente Conafrut,19.38737,-99.24287,05,5845
05034A0-VQUIRTELEVIS,Av. Vasco de Quiroga - Televisa Santa Fe,19.37763,-99.252,05,5846
05034A0-VQUIRMEDELLI,Av. Vasco de Quiroga - Roberto Medellin,19.37372,-99.25862,05,5847
05034A0-STAFEDIF3M,Av. Santa Fe - Edificio 3M,19.3662,-99.26212,05,5848
05034A0-STAFEBANCOM,Av. Santa Fe - Centro Bancomer,19.36411,-99.26416,05,5849
05034A0-STAFLBARRAGA,Av. Santa Fe - Luis Barragan,19.36175,-99.26745,05,5850
05034A0-STAFJOGGORM,Av. Santa Fe - Juan O'Gorman,19.36022,-99.26998,05,5851
05034A0-STAFEMORAL,Av. Santa Fe - Enrique del Moral,19.35876,-99.27203,05,5831
05034A0-JSAGRAZSC,Juan Salvador Agraz - Sam's Club,19.35653,-99.2758,05,5832
05034A0-JSAGRAZOD,Juan Salvador Agraz - Office Depot,19.35879,-99.27763,05,5852
05034A0-VASCQUIROG,C. C. Centro Comercial Santa Fe - Av. Vasco de Quiroga y Juan Salvador Agraz,19.36079,-99.28,05,5204
0500331-EDOMOLINA,Eduardo Molina  - Eje 3 Sur Av. Morelos,19.40896,-99.12759,05,5853
0500331-LALDJUANLAGO,Av. León de los Aldama - San Juan de los Lagos,19.49743,-99.07642,05,5854
0500331-LALDCALPULAL,Av. León de los Aldama - Calpulalpan,19.4963,-99.07724,05,5855
0500331-EJILEONALDAM,Ejido - Av. León de los Aldama,19.49433,-99.07919,05,5640
0500331-EJIBJUAREZ,Ejido - Benito Juárez,19.49538,-99.08085,05,5856
0500331-EJIEZAPATA,Ejido - Emiliano Zapata,19.49633,-99.08232,05,5857
0500331-EJIGCNLDESAG,Ejido - Av. Gran Canal del Desague,19.4968,-99.08333,05,5858
0500331-C310GCNLDESA,Calle 310 - Av. Gran Canal del Desague,19.49575,-99.08437,05,5859
0500331-CALL310Y315,Calle 310 - Calle 315,19.49648,-99.08656,05,5860
0500331-5MAYEDOMOLIN,5 de Mayo - Av. Ing. Eduardo Molina,19.497770000000006,-99.09037,05,5861
0500331-5MAYFRAYPADIL,5 de Mayo - Fray Juan de Padilla,19.49861,-99.09311,05,5862
0500331-CENTE5MAYO,Centenario - 5 de Mayo,19.49934,-99.09537,05,5863
0500331-CENTEVASCOQ,Centenario - Vasco de Quiroga,19.49685,-99.09711,05,5864
0500331-CENTEJBOSCO,Centenario - Padre Juan Bosco,19.49307,-99.09918,05,5865
0500331-FHGOTE157,Av. Ferrocarril Hidalgo - Oriente 157,19.48928,-99.10075,05,5866
0500331-FHGOMCARRER,Av. Ferrocarril Hidalgo - Metro Martín Carrera,19.48481,-99.10402,05,5867
0500331-CUNIONFENIX,Congreso de la Unión - Fenix,19.48205,-99.10613,05,5868
0500331-PLCEJ2OTECUN,Pelicano - Eje 2 Oriente Av. Honorable Congreso de la Unión,19.48109,-99.10645,05,5869
0500331-FHGOPELICANO,Av. Ferrocarril Hidalgo - Pelicano,19.47918,-99.10834,05,5870
0500331-FHGOMOCTEZU,Av. Ferrocarril Hidalgo - Moctezuma,19.47762,-99.10952,05,5871
0500331-FHGOEJ4NTETAL,Av. Ferrocarril Hidalgo - Eje 4 Norte Talisman,19.47525,-99.11128,05,5872
0500331-FHGOTESORO,Av. Ferrocarril Hidalgo - Tesoro,19.47373,-99.11244,05,5873
0500331-FHGOVICTORIA,Av. Ferrocarril Hidalgo - La Victoria,19.47062,-99.11443,05,5874
0500331-FHGOHENRYFO,Av. Ferrocarril Hidalgo - Henry Ford,19.46898,-99.11559,05,5875
0500331-FHGOEJ3NTENO,Av. Ferrocarril Hidalgo - Eje 3 Norte Noé,19.46571,-99.11798,05,5876
0500331-FHGOTE91,Av. Ferrocarril Hidalgo - Oriente 91,19.46264,-99.1201,05,5877
0500331-FHGORIOCONS,Av. Ferrocarril Hidalgo - Av. Río Consulado,19.4595,-99.12216,05,5878
0500331-BOLEOCOBRE,Boleo - Cobre y Platino,19.45628,-99.12367,05,5879
0500331-BOLEOEJ2NCNL,Boleo- Ejer 2 Norte Canal del Norte,19.4516,-99.12491,05,5880
0500331-TRABPANADERO,Av. del Trabajo - Panaderos,19.44692,-99.12545,05,5881
0500331-EJ1OTRABAJO,Eje 1 Oriente Vidal Alcocer - Eje 1 Oriente Av. del Trabajo,19.44253,-99.12303,05,5882
0500331-EJ1OPENAYPE,Eje 1 Oriente Vidal Alcocer - Manuel de la Peña y Peña,19.44017,-99.12331,05,5883
0500331-EJ1OLECUMBER,Eje 1 Oriente Vidal Alcocer - Lecumberri,19.43743,-99.12374,05,5884
0500331-CIRCUTOMATLA,Anillo de Circunvalación - San Antonio Tomatlan,19.43647,-99.12389,05,5885
0500331-CIRCUNACOZARI,Anillo de Circunva;ación - Héroes de Nacozari,19.43635,-99.1239,05,5885
0500331-CIRCUALARCON,Anillo de Circunvalación - Alarcon,19.43465,-99.12417,05,5886
0500331-CIRCUNEGRET,Anillo de Circunvalación - Miguel Negrete,19.43386,-99.12429,05,5887
0500331-CIRCUEZAPATA,Anillo de Circunvalación - Emiliano Zapata,19.43276,-99.12447,05,5888
0500331-CIRCUCORREGI,Anillo de Circunvalación - Corregidora,19.43081,-99.12476,05,5889
0500331-CIRCUZAVALA,Anillo de Circunvalación - Zavala,19.4291,-99.12504,05,5890
0500331-CIRCUGRALANA,Anillo de Circunvalación - General Anaya ,19.42867,-99.12511,05,5890
0500331-CIRCURCORONA,Anillo de Circunvalación - Ramón Corona,19.42673,-99.12534,05,5891
0500331-CIRCUCARRETO,Anillo de Circunvalación - Carretones,19.42507,-99.12563,05,5892
0500331-CIRCUAGURRIO,Anillo de Circunvalación - Adolfo Gurrion,19.42425,-99.12572,05,5893
0500331-CNLFRYMIER,Av. Canal - Fray Servando Teresa de Mier,19.42268,-99.12607,05,5894
0500331-CANALZOQUIPA,Av. Canal - Calle Zoquipa,19.41858,-99.12733,05,5895
0500331-CVIGLBOTURINI,Calz. de la Viga - Lorenzo Boturini,19.41735,-99.12756,05,5896
0500331-CVIGAEJ2STALL,Calz. de la Viga - Eje 2 Sur Av. del Taller,19.41349,-99.12812,05,5897
0500331-AMOLEJ1OTE,Prol. Andrés Molina Enriquez - Eje 1 Oriente Andrés Molina Enríquez,19.4073,-99.12892,05,5898
0500331-JAMTOPACIO,Juan Antonio Mateos - Topacio,19.40999,-99.12992,05,5899
0500331-JAMVBERISTAIN,Juan Antonio Mateos - Vicente Beristain,19.41018,-99.13384,05,5900
0500330-CHABAJATORRE,Calz. Chabacano - José Antonio Torres,19.40856,-99.1335,05,5901
0500330-CHABASOTERO,Calz. Chabacano - José Sotero,19.40869,-99.13133,05,5902
0500330-CVIGACHABACA,Calz. de la Viga - Chabacano,19.40902,-99.12766,05,5853
0500330-CVIGATALLER,Calz. de la Viga - Av. del Taller,19.41353,-99.12827,05,5897
0500330-CVIGALBOTURIN,Calz. de la Viga - Lorenzo Boturini,19.41758,-99.12768,05,5896
0500330-AVCJONCANAL,Av. Canal - Callejón del Canal,19.42185,-99.12659,05,5903
0500330-CIRCUNFRAYS,Anillo de Circunvalación - Fray Servando Teresa de Mier,19.42296,-99.12608,05,5894
0500330-CIRCUNSPABLO,Anillo de Circunvalación - San Pablo,19.42569,-99.12566,05,5904
0500330-CIRCUNSTOMAS,Anillo de Circunvalación - Santo Tomás,19.42777,-99.12538,05,5905
0500330-CIRCUNGRALAN,Anillo de Circunvalación - General Anaya,19.42841,-99.12531,05,5906
0500330-CIRCUNMANZAN,Anillo de Circunvalación - Manzanares,19.42988,-99.12505,05,5907
0500330-CIRCUNREPGUA,Anillo de Circunvalación - República de Guatemala,19.43397,-99.12437,05,5887
0500330-CIRCUNTOMATL,Anillo de Circunvalación - San Antonio Tomatlan,19.43566,-99.12416,05,5908
0500330-EJ1OLECUMBER,Eje 1 Oriente Vidal Alcocer - Lecumberri,19.43758,-99.12386,05,5884
0500330-EJ1OREPCOLOM,Eje 1 Oriente Vidal Alcocer  - República de Colombia- ,19.43965,-99.12348,05,5909
0500330-EJ1OMPENAYPE,Eje 1 Oriente Vidal Alcocer - Manuel de la Peña y Peña,19.44023,-99.12339,05,5883
0500330-TRBJEJ1NGRAN,Av. del Trabajo - Eje 1 Norte Héroes de Granaditas,19.44268,-99.12313,05,5882
0500330-TRABAJRIVERO,Av. del Trabajo - Rivero,19.4472,-99.12586,05,5910
0500330-BOLEOEJ2NC,Boleo - Eje 2 Norte Canal del Norte,19.45216,-99.12486,05,5911
0500330-BOLEOPLATINO,Boleo - Platino,19.45658,-99.12377,05,5879
0500330-FHGORIOCONSU,Av. Ferrocarril Hidalgo - Av. Río Consulado,19.46006,-99.1222,05,5912
0500330-FHGOABEL,Av. Ferrocarril Hidalgo - Abel,19.46297,-99.1203,05,5877
0500330-FHGOHENRYFOR,Av. Ferrocarril Hidalgo - Henry Ford,19.46929,-99.11607,05,5913
0500330-FHGOVICTORIA,Av. Ferrocarril Hidalgo - Victoria,19.47106,-99.11487,05,5914
0500330-FHGOTESORO,Av. Ferrocarril Hidalgo - Tesoro,19.472520000000006,-99.11389,05,5915
0500330-FHGOEJ4NTETA,Av. Ferrocarril Hidalgo - Eje 4 Norte Talisman,19.47549,-99.11167,05,5872
0500330-FHGOMOCTEZU,Av. Ferrocarril Hidalgo - Moctezuma,19.4779,-99.10978,05,5871
0500330-FHGOVTEVILLAD,Av. Ferrocarril Hidalgo - Vicente Villada,19.47946,-99.10858,05,5870
0500330-MARISGPEVICTO,General Mariano Arista - General Guadalupe Victoria,19.48282,-99.10677,05,5916
0500330-CENTEOTE157,Centenario - Oriente 157,19.4897,-99.10099,05,5917
0500330-CENTEMORELOS,Centenario - Morelos,19.49331,-99.0994,05,5865
0500330-CENTECUAUHT,Centenario - Cuauhtémoc,19.49713,-99.09719,05,5864
0500330-CENTECDAEZAP,Centenario - Cerrada Emiliano Zapata,19.49914,-99.09582,05,5918
0500330-CENTECERRITO,Centenario - Cerritos,19.500770000000006,-99.09465,05,5919
0500330-CENTEJUANICO,Centenario - San Juanico,19.50286,-99.09387,05,5920
0500330-CENTERIOREME,Centenario - Río de los Remedios,19.50902,-99.09041,05,5921
0500330-DEFOGMARGAR,Canal de Desfogue - Margaritas,19.50548,-99.09214,05,5922
0500330-DESFOFLORLIS,Canal de Desfogue - Flor de Lis,19.50304,-99.09022,05,5923
0500330-314EDOMOLINA,Calle 314 - Av. Eduardo Molina,19.50185,-99.08769,05,5924
0500330-CALLE314315,Calle 314 - Calle 315,19.50088,-99.08484,05,5925
0500330-GCANALCALL314,Av. Gran Canal del Desague - Calle 314,19.49979,-99.08155,05,5926
0500330-EJGRANCANAL,Ejido - Av. Gran Canal del Desague,19.49677,-99.08282,05,5927
0500330-EJIDONJUAREZ,Ejido - Benito Juárez,19.49634,-99.08216,05,5857
0500330-LALDEJIDO,Av. León de los Aldama - Ejido,19.4954,-99.08071,05,5856
0500330-LALDCALPULAL,Av. León de los Aldama - Calpulalpan,19.496920000000006,-99.07728,05,5928
0500330-LALDAJUANLAG,Av. León de los Aldama - San Juan de los Lagos,19.49816,-99.07642,05,5929
0500330-LALDAOTUMBA2,Av. León de los Aldama - Otumba,19.5008,-99.07459,05,5930
0500330-LALDREMEDIOS,Av. León de los Aldama - Río de los Remedios,19.50168,-99.07354,05,5931
0500330-LALDAOTUMBA,Av. León de los Aldama - Otumba,19.50046,-99.07429,05,5930
0500330-LONALDAMA,C. C. León de los Aldama,19.49876,-99.07547,05,5932
05027A1-LESPTEMOMULC,Luis Espinoza - Temomulco y Modulo de Policia,19.52895,-99.15537,05,5933
05027A1-EJCLCAHUEHUE,Eje Central Lázaro Cardenas - Ahuehuetes,19.49384,-99.14604,05,5934
05027A1-EJLCCHVALLEJ,Eje Central Lázaro Cardenas - Central Camionera del Norte y CCH Vallejo,19.48149,-99.14129,05,5935
05027A1-RFMECTRALCAR,Av. Ricardo Flores Magón - Eje Central Lázaro Cardenas,19.4547,-99.13834,05,5936
05027A1-ZARAGRFMAGO,Zaragoza - Av. Ricardo Flores Magon,19.44981,-99.1384,05,5937
05027A1-ZARAGMENESE,Zaragoza - Carlos Julio Meneses,19.44206,-99.13965,05,5938
05027A1-ZARAGMINA,Zaragoza - Mina,19.43898,-99.14455,05,5939
05027A0-MHGOVTRUJAN,C. C. Metro Hidalgo y Alameda Central - Valerio Trujano y Av. Hidalgo,19.43708,-99.14401,05,5940
05027A0-MOSQLERDO,Mosqueta Eje 1 Norte - Lerdo Lázaro Cardenas y Mina,19.43872,-99.14021,05,5941
05027A0-HEROMOSQUET,Calle Héroes - Mosqueta Eje 1 Norte y Flores Magon,19.45017,-99.13844,05,5937
05027A0-HEROESTRELL,Calle Héroes - Estrella y Manuel González,19.45496,-99.13834,05,5936
05027A0-EJLCLAVE,Eje Central Lázaro Cardenas - Clave,19.46663,-99.13754,05,5942
05027A0-EJCLCMRAZA,Eje Central Lázaro Cardenas - Metro La Raza,19.4703,-99.13718,05,5943
05027A0-100MCNTRLCAM,Av. 100 Metros - Frente a Metro Central Camionera,19.47911,-99.14104,05,5944
05027A0-CUALFRMAZO,Av. Cuautepec - Alfredo del Mazo,19.54035,-99.1539,05,5945
05027A0-EMXTECNOLOG,Estado de México - Tecnológico,19.5478,-99.14366,05,5946
0500251-ACUE30JUNIO15,Acueducto - 30 de Junio 1520,19.51738,-99.1272,05,5947
0500251-ACUEVIDRIOPLA,Acueducto - Vidrio Plano,19.51319,-99.12413,05,5948
0500251-ACUERIOJA,Acueducto - La Rioja,19.50459,-99.12238,05,5949
0500251-ACUECARTAGEN,Acueducto - Cartagena Sur,19.50559,-99.12216,05,5950
0500251-ACUEPTOBARAC,Acueducto - Puerto Baracoa,19.50704,-99.12239,05,5951
0500251-ACUEARACAZU,Acueducto - Aracazu,19.50885,-99.12321,05,5952
0500251-ACUEACOYAPA,Acueducto - Acoyapa Frente a Registro Civil 23,19.50949,-99.12351,05,5953
0500251-IPNACUEDUCTO,Av. Instituto Politécnico Nacional - Acueducto,19.51094,-99.12443,05,5954
0500251-IPNPARANAGUA,Av. Instituto Politécnico Nacional - Paranagua,19.50973,-99.12567,05,5955
0500251-IPNHUANUCO,Av. Instituto Politécnico Nacional - Huanuco,19.50721,-99.12817,05,5956
0500251-IPNTICOMAN,Av. Instituto Politécnico Nacional - Ticoman,19.50584,-99.12952,05,5957
0500250-IPNFORTUNA,Av. Instituto Politécnico Nacional - Fortuna,19.48479,-99.1345,05,5958
0500250-IPNJUANBATIZ,Instituto Politécnico Nacional - Juan de Dios Batiz,19.5032,-99.13128,05,5959
0500250-IPNTICOMAN,Av. Instituto Politécnico Nacional - Ticoman,19.506,-99.12977,05,5957
0500250-IPNCINVESTAV,Av. Instituto Politécnico Nacional - CINVESTAV (Pta. principal),19.50815,-99.12761,05,5960
0500250-ACUAVIPN,Av. Acueducto - Av. Instituto Politécnico Nacional,19.5111,-99.12477,05,5954
0500250-ACUEVIDRPLAN,Av. Acueducto - Vidrio Plano,19.51303,-99.12428,05,5948
0500250-ACUE30JUN1520,Av. Acueducto - 30 de Junio de 1520,19.51727,-99.12736,05,5947
0500250-ZACCHIQUIHUI,C. C. Zacatenco - Cerro del Chiquihuite,19.51929,-99.12957,05,5961
0500250-CHIQCDATRIUN,Cuiquihuite - Cerrada del Triunfo,19.52088,-99.12745,05,5962
0500250-CHIQSTACRUZ,Chiquihuite - Santa Cruz,19.52096,-99.12587,05,5963
0500250-STACPRESA,Santa Cruz - La Presa,19.52029,-99.12511,05,5964
0500231-18M100MTRS,18 de Marzo - 100 Metros,19.55932,-99.14031,05,5965
0500231-18MFUACM,18 de Marzo - Frente a la UACM,19.55534,-99.14218,05,5966
0500231-18MPTOACAPUL,18 de Marzo - Puerto Acapulco,19.55461,-99.1428,05,5967
0500231-18MGPEVICTO,18 de Marzo - Guadalupe Victoria,19.55318,-99.14426,05,5968
0500231-AVGPEMORELOS,Av. Guadalupe - Morelos,19.54778,-99.1516,05,5969
0500231-CALLE16,Calle 16,19.52047,-99.15699,05,5970
0500231-EJLCBUENAVIS,Eje Central Lázaro Cardenas - Buenavista,19.49659,-99.14714,05,5971
0500231-EJLCMONTEVID,Eje Central Lázaro Cardenas - Montevideo,19.49335,-99.14586,05,5972
0500231-EJLCRICARTE,Eje Central Lázaro Cardenas - Ricarte,19.49018,-99.14461,05,5973
0500231-EJLCPTEFORTU,Eje Central Lázaro Cardenas - Puente de Fortuna,19.48644,-99.14314,05,5974
0500230-METRORAZA,Frente a Metro La Raza,19.46917,-99.13651,05,5975
0500230-CUALFMAZO,Av. Cuauhtepec - Av. Alfredo del Mazo,19.54006,-99.15409,05,5945
0500230-FCIVJNUNO,Francisco Villa - Jaime Nunó,19.54345,-99.1486,05,5976
0500230-AVTECALTAMIRA,Av. Tecnológico - Manuel Altamirano,19.54334,-99.14679,05,5977
0500230-18MARZO,18 de Marzo,19.54944,-99.14525,05,5978
0500230-MARZUACM,18 de Marzo - Frente a UACM,19.55539,-99.14218,05,5966
0500230-JPARDALARA,Joaquín Pardave - Agustín Lara,19.5615,-99.13967,05,5979
0502001-CTOIMCARPIO,Circuito Interior - Manuel Carpio,19.45178,-99.16406,05,5980
0502001-CTOIRSCOSME,Circuito Interior - Ribera de San Cosme,19.44332,-99.16568,05,5981
0502001-CTOICHAPULTE,Circuito Interior - Metro Chapultepec,19.41959,-99.17735,05,5982
0502001-CTOIBFRANKLIN,Circuito Interior - Av. Benjamín Franklin,19.40549,-99.17803,05,5983
0502001-CTOIJMVIGIL,Circuito Interior - José María Vigil,19.4017,-99.17943,05,5984
0502001-CTOITINTORETO,Circuito Interior - Tintoreto,19.38364,-99.1837,05,5985
0502001-CTOIJMRICO,Circuito Interior - José María Rico,19.36771,-99.18041,05,5986
0502001-CTOIUNIVERSID,Circuito Interior - Av. Universidad,19.35966,-99.17147,05,5987
0502001-CTOICENTENAR,Circuito Interior - Centenario,19.35849,-99.16314,05,5988
0502001-CTOIDVSNTE,Circuito Interior - División del Norte y Coyoacan,19.35798,-99.15442,05,5989
0502001-CTOIEJ8SEIZTA,Circuito Interior - Eje 8 Sur Calz. Ermita Iztapalapa,19.35887,-99.13138,05,5990
0502001-CTOIFCOPTRON,Circuito Interior - Eje 3 Oriente Francisco del Paso y Troncoso,19.37019,-99.1116,05,5991
0502001-CTOIEJ6STSOC,Circuito Interior - Eje 6 Sur Trabajadores Sociales,19.37228,-99.10315,05,5992
0502001-CTOIGIRASOL,Circuito Interior - Girasol,19.38177,-99.10136,05,5993
0502001-CTOIEJ4SPECA,Circuito Interior - Eje 4 Sur Av. Presidente Plutarco Elias Calles,19.39768,-99.09911,05,5649
0502001-CTOIEJ3SANIL,Circuito Interior - Eje 3 Sur ANil,19.40307,-99.09831,05,5994
0502001-CTOIFRAYTMIER,Circuito Interior - Fray Servando Teresa de Mier,19.41747,-99.0979,05,5995
0502001-CTOINTE9,Circuito Interior - Norte 9,19.42374,-99.09437,05,5653
0502001-CTOINTE33,Circuito Interior - Norte 33,19.43382,-99.08883,05,5619
0502001-CTOIOCEANIA,Circuito Interior - Av. Oceanía,19.44522000000001,-99.08713,05,5666
0502001-CTOIVALLEJO,Circuito Interior - Calz. Vallejo,19.46414,-99.1455,05,5996
0502001-CTOIEJCTRLLC,Circuito Interior - Eje Central Lázaro Cardenas,19.46494,-99.13772,05,5997
0502001-CTOIEDOMOLIN,Circuito Interior - Metro Eduardo Molina,19.45112,-99.10501,05,5998
0502000-CTOIMCARPIO,Circuito Interior - Manuel Carpio,19.45201,-99.16446,05,5980
0502000-CTOIRSCOSME,Circuito Interior - Ribera de San Cosme,19.44400000000001,-99.16582,05,5999
0502000-CTOICHAPULTE,Circuito Interior - Metro Chapultepec,19.41954,-99.17798,05,6000
0502000-CTOIEJ4SBFRAN,Circuito Interior - Eje 4 Sur Benjamín Franklin,19.40812,-99.18419,05,6001
0502000-CTOIEJ5SANTON,Circuito Interior - Eje 5 Sur San Antonio,19.384870000000006,-99.18663,05,6002
0502000-CTOIJMRICO,Circuito Interior - José María Rico,19.36787,-99.18124,05,6003
0502000-CTOIUNIVERSID,Circuito Interior - Av. Universidad,19.35958,-99.17215,05,6004
0502000-CTOICENTENAR,Circuito Interior - Centenario,19.35806,-99.16379,05,6005
0502000-CTOIDVSNTE,Circuito Interior - División del Norte,19.35752,-99.15346,05,6006
0502000-CTOIEJ8SEIZTA,Circuito Interior - Eje 8 Sur Calz. Ermita Iztapalapa,19.3585,-99.13101,05,5191
0502000-CTOIEJ3OTEFCO,Circuito Interior - Eje 3 Oriente Francisco del Paso y Troncoso,19.36965,-99.11212,05,6007
0502000-CTOIEJ6STSOCI,Circuito Interior - Eje 6 Sur Trabajadores Sociales,19.37182,-99.10285,05,6008
0502000-CTOILINDIGENA,Circuito Interior - Lenguas Indigenas,19.38202,-99.10055,05,6009
0502000-CTOIEJ4SAVTE,Circuito Interior - Eje 4 Sur Av. Te,19.39626,-99.09854,05,5610
0502000-CTOIEJ3SURAN,Circuito Interior - Eje 3 Sur ANil,19.40206,-99.09772,05,6010
0502000-CTOIAV8,Circuito Interior - Av. 8,19.41666,-99.09787,05,6011
0502000-CTOINTE9,Circuito Interior - Norte 9,19.42381,-99.09393,05,6012
0502000-CTOIAEROCIVIL,Circuito Interior - Aeropuerto Civil,19.43381,-99.08838,05,5619
0502000-CTOIOCEANIA,Circuito Interior - Av. Oceania,19.44567,-99.08696,05,5600
0502000-CTOIEDOMOLIN,Circuito Interior - Eduardo Molina,19.45153,-99.1052,05,5998
0502000-CTOIEJCTRLCAR,Circuito Interior - Eje Central Lázaro Cardenas,19.46528,-99.13712,05,6013
0502000-CTOINSRUGEN,Circuito Interior - Av. Insurgentes,19.464170000000006,-99.14652,05,6014
05019A1-EJ2PTEYUCATAN,Eje 2 Poniente Monterrey - Yucatan,19.41404,-99.16321,05,6015
05019A1-EJ2PTEINSURG,Eje 2 Poniente Monterrey - Insurgentes,19.4184,-99.16436,05,6016
05019A1-EJ2PTEDURANGO,Eje 2 Poniente Monterrey - Durango,19.41999,-99.16479,05,6017
05019A1-CTOMOEJ2PTE,Circuito Interior Melchor Ocampo - Eje 2 Poniente Río Tiber ,19.43351,-99.17095,05,6018
05019A1-CTOMOMNAL,Circuito Interior Melchor Ocampo - Marina Nacional,19.43577,-99.1697,05,6019
05019A1-CTOMOPRIETO,Circuito Interior Melchor Ocampo - Guillermo Prieto,19.43854,-99.16806,05,6020
05019A1-VFABREAHERRE,Virginia Fabregas - Alfonso Herrera,19.44079,-99.16662,05,6021
05019A1-VFABRERIBERA,Virginia Fabregas - Ribera de San Cosme,19.44301,-99.16513,05,6022
05019A1-RSCOSMELAUA,Ribera de San Cosme - Lauro Aguirre,19.44427,-99.16665,05,6023
05019A1-LAUALZATE,Lauro Aguirre - Antonio Alzate,19.44802,-99.16565,05,6024
05019A1-LAUASDMIRON,Lauro Aguirre - Salvador Díaz Mirón,19.44999,-99.16532,05,6025
05019A1-SDMESTROS,Salvador Díaz Mirón - Av. de los Maestros,19.45036,-99.16648,05,6026
05019A1-MAESMCARPIO,Av. de los Maestros - Manuel Carpio,19.452,-99.16643,05,6027
05019A1-PSLEJ2NTEULA,Plan de San Luis - Eje 2 Norte Eulalia Gúzman,19.46015,-99.16732,05,6028
05019A1-PSLARTEMISA,Plan de San Luis - Artemisa,19.46179,-99.16713,05,6029
05019A1-PSLINERNADER,Plan de San Luis - Invernadero,19.46628,-99.16654,05,6030
05019A1-PSLBOLDO,Plan de San Luis - Boldo,19.46916,-99.16634,05,6031
05019A1-PSLCUITLAHUA,Plan de San Luis - Cuitlahuac,19.47104,-99.16614,05,6032
05019A1-CUINUECES,Cuitlahuac - Nueces,19.47059,-99.16937,05,6033
05019A1-NUECRABAUL,Nueces - Rabaúl,19.47332,-99.169,05,6034
05019A1-RABANTE71,Rabaúl - Norte 71,19.47466,-99.17336,05,6035
05019A1-RABAGRANJAS,Rabaúl - Granjas,19.47509,-99.17499,05,6036
05019A1-EJ5NTEUHXOCHI,Eje 5 Norte Av. Dvo. Reynosa - Unidad Habitacional Xochinahuac,19.50593,-99.19082,05,6037
05019A1-CUTLGRIEGA,Av. de las Culturas - Cultura Griega,19.51005,-99.1974,05,6038
05019A1-CNTEUHXOCHI,Cultura Norte - Unidad Habitacional Xochinahuac,19.50858,-99.19784,05,6039
05019A0-SONOAMSTER,Av. Sonora - Amsterdam,19.41506,-99.16949,05,6040
05019A0-EJ3PTEOAXAC,Eje 3 Poniente Salamanca - Oaxaca,19.41714,-99.16909,05,6041
05019A0-EJ3PTEDURANG,Eje 3 Poniente Salamanca - Durango,19.41942,-99.16965,05,6042
05019A0-EJ3PTESINALOA,Eje 3 Poniente Salamanca - Sinaloa,19.42027,-99.16987,05,6043
05019A0-SEVILCHAPULT,Sevilla - Av. Chapultepec,19.4224,-99.17025,05,6044
05019A0-SEVILHAMBURG,Sevilla - Hamburgo,19.42346,-99.17076,05,6045
05019A0-MSSREFORMA,Río Mississippi - Reforma,19.4258,-99.17199,05,6046
05019A0-MSSLERMA,Río Mississippi - Río Lerma,19.42691,-99.17261,05,6047
05019A0-CTOMOHERODO,Circuito Interior Melchor Ocampo - Herodoto,19.43077000000001,-99.1734,05,6048
05019A0-CTOMOEJNAL,Circuito Interior Melchor Ocampo - Ejercito Nacional,19.43256,-99.1724,05,6049
05019A0-CTOMOBAHIA,Circuito Interior Melchor Ocampo - Bahía de la Ascención,19.43567,-99.17035,05,6050
05019A0-CTOMOMNAL,Circuito Interior Melchor Ocampo - Marina Nacional,19.43671,-99.16973,05,6051
05019A0-CTOMOATZA,Circuito Interior Melchor Ocampo - Atzayactl,19.43942,-99.16813,05,6052
05019A0-MAESDIAZMIRN,Av. de los Maestros - Salvador Díaz Mirón,19.45055,-99.16676,05,6026
05019A0-PAPMCARPIO,Plan de Agua Prieta - Manuel Carpio,19.4543,-99.16705,05,6053
05019A0-PSLAVGALLOS,Plan de San Luis - Av. de los Gallos,19.45655,-99.16747,05,6054
05019A0-PSLEULALIAGZ,Plan de San Luis - Eulalia Gúzman,19.46051,-99.16747,05,6028
05019A0-PSLBEGONIAS,Plan de San Luis - Begonias,19.46349,-99.16713,05,6055
05019A0-PSLCLAVELLIN,Plan de San Luis - Clavellinas,19.46551,-99.16685,05,6056
05019A0-PSLBOLDO,Plan de San Luis - Boldo,19.46932,-99.16634,05,6031
05019A0-NUECUITLAHUA,Nueces - Cuitlahuac,19.47074,-99.16997,05,6057
05019A0-RABANUECES,Rabaúl - Nueces,19.47361,-99.16959,05,6058
05019A0-RABANTE73,Rabaúl - Norte 73,19.47485,-99.17423,05,6059
05019A0-CULTBACHILL1,Av. de las Culturas - Frente a Bachilleres No. 1,19.51129,-99.19864,05,5368
0500191-CULTURANTE,Eje 5 Norte Av. Dvo. Reynosa - Av. Culturas,19.51133,-99.19725,05,6060
0500191-MARMARMARA,General Mariano Escobedo -  Mar Marmara,19.45877,-99.17872,05,6061
0500191-CTOPQMXINSU,Cierre de Circuito Parque México - Insurgentes,19.41263,-99.16656,05,6062
0500191-SONOMEDELLIN,Av. Sonora - Medellin,19.41304,-99.16504,05,6063
0500191-SLPAOBREGON,San Luis Potosi - Álvaro Obregón,19.41351,-99.16327,05,6064
0500191-EJ2PTEMINSURG,Eje 2 Poniente Monterrey - Insurgentes,19.41694,-99.16391,05,6065
0500191-EJ2PTEMSINALO,Eje 2 Poniente Monerrey - Sinaloa,19.42126,-99.16503,05,6066
0500191-EJ2PTEMCHAPU,Eje 2 Poniente Monerrey - Av. Chapultepec,19.42283,-99.16549,05,6067
0500191-EJ2PTEMREYHA,Eje 2 Poniente Monterrey - Hamburgo,19.42514,-99.16658,05,6068
0500191-FLOREFORMA,Florencia - Reforma,19.42618,-99.16709,05,6069
0500191-EJ2PTELERMA,Eje 2 Poniente Río Tiber - Lerma,19.42854,-99.16835,05,6070
0500191-FLORPANUCO,Florencia - Panuco,19.42983,-99.16909,05,6071
0500191-EJ2PTENAZAS,Eje 2 Poniente Río Tiber - Nazas,19.43094,-99.16969,05,6072
0500191-EJ2PTEBAHIA,Eje 2 Poniente Río Tiber - Bahía la Ascensión,19.43561,-99.1717,05,6073
0500191-BAHIAMNAL,Bahía la Ascención - Marina Nacional,19.43806,-99.17278,05,6074
0500191-MNALMAYRAN,Marina Nacional - Laguna de Mayran ,19.44044,-99.17564,05,6075
0500191-MNALTERMINOS,Marina Nacional - Laguna de Términos,19.44271,-99.17745,05,6076
0500191-MNALUNITEC,Marina Nacional - UNITEC,19.4462,-99.18036,05,6077
0500191-MNALMNOESCO,Marina Nacional - Mariano Escobedo,19.44831,-99.18213,05,6078
0500191-GRALMNOMAR,General Mariano Escobedo - Mar Adriático,19.45234,-99.18154,05,6079
0500191-CUICAMARONE,Cuitlahuac - Camarones,19.46798,-99.17627,05,6080
0500191-GRANCUITLAH,Granjas - Cuitlahuac,19.46928,-99.17587,05,6081
0500191-GRANSALONICA,Granjas - Salonica,19.47094,-99.17568,05,6082
0500191-GRANELORDUY,Granjas - Aquiles Elorduy,19.47251,-99.17548,05,6083
0500191-GRANRABAUL,Granjas - Rabaúl,19.47501,-99.17519,05,6036
0500191-GRANSALOMON,Granjas - Salomón,19.47683,-99.175,05,6084
0500191-GRANACALTENC,Granjas - Acaltenco,19.48099,-99.17455,05,6085
0500191-GRANSTOMAS,Granjas - Santo Tomas,19.48453,-99.17414,05,6086
0500191-GRANALMACEN,Granjas - Almacenes,19.48718,-99.1738,05,6087
0500191-GRANAZCAVILLA,Granjas - Azcapotzalco y La Villa,19.49045,-99.17329,05,6088
0500191-GRANAVHGO,Granjas - Av. Hidalgo,19.4925,-99.17305,05,6089
0500191-GRANRASTRO,Granjas - Rastro,19.49659,-99.17367,05,6090
0500191-GRANTECMILEN,Granjas - Tec Milenio,19.49963,-99.17485,05,4908
0500191-GRANALANTE,Granjas - Alameda Norte,19.50182,-99.17709,05,6091
0500191-EJ5NTEPABXALP,Eje 5 Norte Av. Dvo. Reynosa - Av. San Pablo Xalpa,19.50401,-99.18322,05,5158
0500191-CNTEUHXOCHIA,Cultura Norte - Unidad Habitacional Xochinahuac,19.51185,-99.19646,05,6092
0500191-EJ5NTEUAM,Eje 5 Norte Av. Dvo. Reynosa - UAM,19.50474,-99.18738,05,6093
0500191-EJ5NTEAVCULTU,Eje 5 Norte Av. Dvo. Reynosa - Av. de las Culturas,19.51103,-99.19217,05,6094
0500191-CNTEANGELES,Cultura Norte - Priv. de los Ángeles,19.50198,-99.19774,05,6095
0500191-CULTNTEAVROS,Cultura Norte - Av. el Rosario,19.50129,-99.20133,05,6096
0500191-ROSARIOANDEN,Metro el Rosario Anden A,19.50463,-99.20106,05,6097
0500190-GRANCUITLAHU,Granjas - Cuitlahuac,19.46863,-99.17624,05,5329
0500190-GRANSALONICA,Granjas - Salonica,19.47135,-99.17587,05,6082
0500190-GRANELORDUY,Granjas - Aquiles Elorduy,19.47302,-99.17568,05,6098
0500190-GRANRABAUL,Granjas - Rabaúl,19.47509,-99.17545,05,6036
0500190-GRANSALOMON,Granjas - Salomón,19.47705,-99.17522,05,6084
0500190-GRANACALTENC,Granjas - Acaltenco,19.48128,-99.17476,05,6085
0500190-GRANSTOMAS,Granjas - Santo Tomas,19.48427,-99.17442,05,6086
0500190-GRANVOCA8,Granjas - Vocacional 8,19.48749,-99.17399,05,6087
0500190-GRANFERRERIA,Granjas - Metro Ferrería,19.49089,-99.17356,05,4910
0500190-GRANAVHGO,Granjas - Av. Hidalgo,19.49275,-99.17324,05,6089
0500190-GRANRASTRO,Granjas - Rastro,19.49663,-99.17374,05,6090
0500190-EJ5NTETECMILE,Eje 5 Norte Av. Dvo. Reynosa - Tec Milenio,19.49951,-99.17489,05,6099
0500190-EJ5NTEMATLAC,Eje 5 Norte Av. Dvo. Reynosa - Matlacoatl,19.50081,-99.17581,05,6100
0500190-EJ5NTEALANTE,Eje 5 Norte Av. Dvo. Reynosa - Alameda Norte,19.50143,-99.17692,05,6091
0500190-EJ5NTEPABXAL,Eje 5 Norte Av. Dvo. Reynosa - San Pablo Xalpa,19.50389,-99.18362,05,6101
0500190-EJ5NTEUAM,Eje 5 Norte Av. Deportivo Reynosa - UAM,19.50464,-99.18751,05,6093
0500190-AVCULTUHXOCHI,Av. de las Culturas - Unidad Habitacional Xochinahuac,19.50598,-99.19107,05,6037
0500190-AVCULTEJ5NTE,Av. de las Culturas - Eje 5 Norte,19.51039,-99.19208,05,6102
0500190-AVCULTNTE,Av. Cultura - Cultura Norte,19.51144,-99.19759,05,6060
0500190-CETRAMROSAR,Cetram Metro Rosario Anden A,19.50654,-99.19997,05,6103
0500181-OTE168NTE25,Oriente 168 - Norte 25,19.43287,-99.09507,05,6104
0500181-CTOMOCTEZUMA,Cierre de Circuito Col Moctezuma,19.43183,-99.09563,05,6105
0500181-PRSIDARNTE29,Pablo R. Sidar - Norte 29,19.43431,-99.09503,05,6106
0500181-OTE162NTE33,Oriente 162 - Norte 33,19.43651,-99.09503,05,6107
0500181-OTE162NTE37,Oriente 162 - Norte 37,19.43793,-99.09425,05,6108
0500181-MARRAVOCEAN,Marruecos - Av. Oceanía,19.44149,-99.09417,05,6109
0500181-MARRJERUSAL,Marruecos - Jerusalen,19.442120000000006,-99.09602,05,6110
0500181-DAMASPLAFRICA,Damasco - Plaza Africa,19.44238,-99.09814,05,6111
0500181-AVPENFCOVILLA,Av. del PeNón - Francisco Villa,19.44002,-99.10328,05,6112
0500181-AVPENPIROTEC,Av. del PeNón - Pirotecnia,19.43974,-99.10666,05,6113
0500181-HERRAVPENON,Herreros - Av. del PeNón,19.43905,-99.10902,05,6114
0500181-HERROTOGRAB,Herreros - Rotograbados,19.43935,-99.1122,05,6115
0500181-HERREMOLINA,Herreros - Eduardo Molina,19.43953,-99.11421,05,6116
0500181-HERRTAPICERIA,Herreros - Tapiceria,19.43975,-99.11622,05,6117
0500181-HERRCUNION,Herreros - Congreso de la Unión,19.43993,-99.11841,05,6118
0500181-EJ1NTEHERRER,Eje 1 Norte Rayón - Herreros,19.44035,-99.12068,05,6119
0500181-EJ1NTEVIDALAL,Eje 1 Norte Rayón - Vidal Alcoser,19.44264,-99.1233,05,5882
0500181-EJ1NTEGLEZART,Eje 1 Norte Rayón - González Arteaga,19.44289,-99.12585,05,6120
0500181-EJ1NTEFLORID,Eje 1 Norte Rayón - Florida,19.44307,-99.12758,05,6121
0500181-EJ1NTEAZTECAS,Eje 1 Norte Rayón - Aztecas,19.44312,-99.12888,05,6122
0500181-EJ1NTEREPBRA,Eje 1 Norte Rayón - República de Brasil,19.44339,-99.13298,05,6123
0500181-EJ1NTECOMON,Eje 1 Norte Rayón - Comonfort,19.443620000000006,-99.13542,05,6124
0500181-EJ1NTEALLENDE,Eje 1 Norte Rayón - Allende,19.44387,-99.13805,05,6125
0500181-RFMPREFORMA,Ricardo Flores Magón - Paseo de la Reforma,19.44847,-99.13551,05,6126
0500181-RFMEJCTRLCAR,Ricardo Flores Magón - Eje Central Lázaro Cardenas,19.45004,-99.13878,05,5937
0500181-RFMLERDO,Ricardo Flores Magón - Lerdo,19.45113,-99.14153,05,6127
0500181-RFMZARCO,Ricardo Flores Magón - Zarco,19.45177,-99.14379,05,6128
0500181-RFMZARAGOZA,Ricardo Flores Magón - Zaragoza,19.45282000000001,-99.14732,05,6129
0500181-RFMINSURNTE,Ricardo Flores Magón - Insurgentes Norte,19.454,-99.15204,05,6130
0500181-RFMCIPRES,Ricardo Flores Magón - Cipres,19.45467,-99.15673,05,5296
0500181-RFMFRESNO,Ricardo Flores Magón - Fresno,19.45518,-99.15973,05,6131
0500181-CGALLRCONSUL,Calz. de los Gallos - Río Consulado,19.45585,-99.16417,05,6132
0500181-CGALLAVMAEST,Calz. de los Gallos - Av. de los Maestros,19.4562,-99.16623,05,6133
0500181-PAYACALZGALL,Plan de Ayala - Calz. de los Gallos,19.45654,-99.16837,05,6134
0500181-PAYAMIRON,Plan de Ayala - Privada de Mirón,19.4513,-99.17268,05,6135
0500181-MXTBFERRCUER,Calz. México Tacuba - Ferrocarril a Cuernavaca,19.45243,-99.17498,05,6136
0500181-MXTBCANITAS,Calz. México Tacuba - CaNitas,19.45371,-99.17688,05,6137
0500181-MXTBARBOLNT,Calz. México Tacuba - Arbol de la Noche Triste,19.455070000000006,-99.17852,05,6138
0500181-MXTBNOESCOB,Calz. México Tacuba - Mariano Escobedo,19.45654,-99.18081,05,6139
0500181-MXTBMARTIRRE,Calz. México Tacuba - Mar Tirreno,19.45812,-99.18332,05,6140
0500181-MXTBGOLFCALI,Calz. México Tacuba - Golfo de California,19.45831,-99.1842,05,6141
0500181-INGMILITARES,Transmisiones Militares - Ingenieros Militares,19.45647,-99.21479,05,6142
0500181-MXTBMTACUBA,Calz. México Tacuba - Frente a Metro Tacuba,19.45917,-99.1873,05,6143
0500181-LGRGLORENZO,Calz. Legaria - Golfo de San Lorenzo,19.45887,-99.19035,05,6144
0500181-LGRLSUPERIOR,Calz. Legaria - Lago Superior,19.45741,-99.19251,05,6145
0500181-LGRONTARIO,Calz. Legaria - Lago Ontario,19.45577,-99.19488,05,6146
0500181-FCPLEGARIA,Felipe Carrrilo Puerto - Calz. Legaria,19.45456,-99.19722,05,6147
0500181-FCPAULLAGAS,Felipe Carrillo Puerto - Lago Aullagas,19.45504,-99.19928,05,6148
0500181-CGNCARDIEL,Lago Caneguin - Lago Cardiel,19.45509,-99.20289,05,6149
0500181-CANEGUINCOL,Lago Caneguin - Lago Colhue,19.45542,-99.20552,05,6150
0500181-MXTBARISTA,Calz. México Tacuba - General Aristas,19.45555,-99.21018,05,6151
0500180-CTOMOCTEZUM,Cierre de Circuito - Col. Moctezuma,19.43158,-99.09381,05,6152
0500180-OTE174NTE25,Oriente 175 - Norte 252,19.43221,-99.09339,05,6153
0500180-NTE33OTE172,Norte 33 - Oriente 172,19.43511,-99.09267,05,5659
0500180-NTE33PABLOSID,Norte 33 - Pablo Sidar,19.43639,-99.09526,05,6107
0500180-NTE37OTE158,Norte 37 - Oriente 158,19.43833,-99.09528,05,6154
0500180-MARRCOREA,Marruecos - Corea (Pekin),19.44179,-99.09448,05,6109
0500180-MARRJERUSAL,Marruecos - Jerusalen,19.44218,-99.09558,05,6110
0500180-DAMGTAPAFRIC,Damasco - Glorieta Plaza Africa,19.44278,-99.09738,05,6155
0500180-COREAJAPON,Corea - Japón,19.44195,-99.09844,05,6156
0500180-AVREVCAIRO,Av. Revolución - Cairo,19.43955,-99.10183,05,6157
0500180-HORTPENON,Hortelanos - Peñón,19.44003,-99.10665,05,6113
0500180-HORTFLORICUL,Hortelanos - Floricultura,19.44021,-99.10921,05,6158
0500180-HORTROTOGRAB,Hortelanos - Rotograbados,19.44042,-99.11157,05,6159
0500180-HORTEMOLINA,Hortelanos - Eduardo Molina,19.44061,-99.11324,05,6160
0500180-HORTAPICERIA,Hortelanos - Tapicería,19.44085,-99.11605,05,6161
0500180-HORTCUNION,Hortelanos - Congreso de la Unión,19.44103,-99.11762,05,5773
0500180-TRABHOJALAT,Av. del Trabajo - Hojalatería,19.44118,-99.11922,05,6162
0500180-EJ1NFERROCINT,Eje 1 Norte Rayon - Ferrocarril de Cintura,19.441370000000006,-99.12106,05,6163
0500180-EJ1NJARDINE,Eje 1 Norte Rayon - Jardineros,19.44249,-99.12273,05,5882
0500180-EJ1NGLEZORTE,Eje 1 Norte Rayon - González Ortega,19.44295,-99.12545,05,6120
0500180-EJ1NFLORIDA,Eje 1 Norte Rayon - Florida,19.44309,-99.12717,05,6121
0500180-EJ1NAZTECAS,Eje 1 Norte Rayón - Aztecas,19.44316,-99.12853,05,6122
0500180-EJ1NPERALV,Eje 1 Norte - Peralvillo,19.44341,-99.13248,05,6164
0500180-REFALLENDE,Reforma - Allende,19.445870000000006,-99.13701,05,6165
0500180-RFMGONMATAM,Ricardo Flores Magón  - Matamoros,19.44771,-99.13428,05,6166
0500180-RFMGONALLEND,Ricardo Flores Magón - Allende,19.44879,-99.13578,05,6126
0500180-RFMGONEJNTE,Ricardo Flores Magón - Eje Central Norte,19.44998,-99.13816,05,5937
0500180-RFMGONLERDO,Ricardo Flores Magón - Lerdo,19.45115,-99.14101,05,6167
0500180-RFMGONEJGUE,Ricardo Flores Magón - Eje Guerrero,19.45245,-99.14548,05,6168
0500180-RFMGONZARAG,Ricardo Flores Magón - Zaragoza,19.45293,-99.14695,05,6129
0500180-RFMGONCIPRES,Ricardo Flores Magón - Cipres,19.45478,-99.15634,05,5296
0500180-RFMGONFRESN,Ricardo Flores Magón - Fresno,19.45524,-99.15981,05,6131
0500180-RFMGONRCON,Ricardo Flores Magón  - Río Consulado,19.45574,-99.16331,05,6169
0500180-CGALLAVMAEST,Calz. de los Gallos - Av. de los Maestros,19.45625,-99.16616,05,6133
0500180-CGALLPSL,Calz. de los Gallos - Plan de San Luis,19.456570000000006,-99.16787,05,6054
0500180-PAYAMCARPIO,Plan de Ayala - Manuel Carpio,19.45296,-99.17157,05,6170
0500180-CMXTBCJONZAN,Calz. México-Tacuba - Callejón de la Zanja,19.45317,-99.17579,05,6171
0500180-CMXTBPOPOTL,Calz. México-Tacuba - Cerrada Popotla,19.45461,-99.17782,05,6172
0500180-CMXTBCUITLAHU,Calz. México-Tacuba - Av. Cuitlahuac,19.45644,-99.18034,05,6173
0500180-CMXTBHUDSON,Calz. México-Tacuba - Mar Hudson,19.45747,-99.18166,05,6174
0500180-CMXTBARABIGO,Calz. México-Tacuba - Mar Arabigo,19.45869,-99.18504,05,6175
0500180-CMXTACUBA,Calz. México - Tacuba y Parque Vía,19.45986,-99.18954,05,6176
0500180-NPANVIEDMA,San Bartolo Naucalpan - Lago Viedma,19.45824,-99.20132,05,6177
0500180-NPANRIOURUGU,San Bartolo Naucalpan - Río Uruguay,19.45929,-99.20517,05,6178
0500180-NPANRIOPARAN,San Bartolo Naucalpan - Río Paraná,19.46023,-99.20845,05,6179
0500180-IMILRIOPILCOM,Ingenieros Militares - Río Pilcomayo,19.45868,-99.21428,05,6180
0500180-CETRAM4CNOS,Cetram Metro Cuatro Caminos ,19.45584,-99.21287,05,6181
05017F1-CDRLDFRAGOS,Cedral - David Fragoso,19.26561,-99.16129,05,5065
05017F1-CDRLBUGAMBIL,Cedral - Bugambilia,19.266820000000006,-99.16082,05,6182
05017F1-CDRLAGAPANDO,Cedral - Agapando,19.26813,-99.16039,05,6183
05017F1-CDRLAVPARAIS,Cedral - Av. del Paraíso,19.26985,-99.15987,05,5066
05017F1-CDRLGARDENI,Cedral - Gardenias,19.27145,-99.15939,05,6184
05017F1-MRTIRFOVISSST,Camino a San Pedro Mártir - Unidad FOVISSSTE,19.27415,-99.16158,05,6185
05017F1-MRTIR2DAPTA,Camino a San Pedro Mártir - Segunda Puerta FOVISSSTE,19.27499,-99.16309,05,6186
05017F1-MRTIRMOCAMPO,Camino a San Pedro Mártir - Melchor Ocampo,19.27546,-99.16451,05,6187
05017F1-VTLALRAGRAR,Viaducto Tlalpan - Reforma Agraria,19.27843,-99.16419,05,6188
05017F1-VTLALTEZOQUI,Viaducto Tlalpan - Tezoquipa,19.28123,-99.16252,05,6189
05017F1-VTLALARENAL,Viaducto Tlalpan - Arenal,19.2862,-99.15703,05,6190
05017F1-VTLALFERNAND,Viaducto Tlalpan - San Fernando,19.28679,-99.15717,05,6191
05017F1-FERNUTRICION,San Fernando - Nutrición,19.2876,-99.15833,05,5075
05017F1-FERCANCEROL,San Fernando - Cancerología ,19.28895,-99.16033,05,6192
05017F1-FERCALZTLAL,San Fernando - Calz. de Tlalpan,19.29026,-99.16178,05,6193
05017F1-TLALNEZAHUAL,Calz. de Tlalpan - Nezahualpilli,19.32344,-99.13787,05,6194
05017F0-CDRLEZAPATA,Cedral - Emiliano Zapata,19.26494,-99.16327,05,6195
05017F0-CDRLROSAS,Cedral - Cerrada de las Rosas,19.26575,-99.16128,05,5065
05017F0-CDRLFLORDUR,Cedral - Flor de Durazno,19.2669,-99.16086,05,6182
05017F0-CDRL2CDACEDR,Cedral - Segunda Cerrada Cedral,19.26829,-99.16044,05,6183
05017F0-CDRLCLAVELINA,Cedral - Clavelinas,19.27072,-99.15965,05,6196
05017F0-MRTIRCEDRAL,Camino a San Pedro Mártir - Cedral,19.27166,-99.15941,05,6184
05017F0-MRTIR1FOVISSS,Camino a San Pedro Mártir - Primera Puerta a FOVISSSTE,19.27434,-99.16185,05,6185
05017F0-MRTIRFOVISSS,Camino a San Pedro Mártir -  Segunda puerta FOVISSSTE,19.27499,-99.16324,05,6186
05017F0-MOCAPMARTIR,Melchor Ocampo - Camino a San Pedro Mártir,19.27556,-99.16462,05,6187
05017F0-TLALCDJARDIN,Calz. de Tlalpan - Ciudad Jardín,19.33548,-99.142,05,6197
05017F0-TLALTORRES,Calz. de Tlalpan las Torres,19.34065,-99.14361,05,6198
05017E1-5MAYNHEROES,5 de Mayo - Niños Héroes,19.26504,-99.16688,05,6199
05017E1-5MAYENSENAN,5 de Mayo - EnseNanza,19.26544,-99.16779,05,6200
05017E1-5MAYROSAL,5 de Mayo - El Rosal,19.26578,-99.16873,05,6201
05017E1-5MAYDILIGENC,5 de Mayo - Diligencias,19.26646,-99.17045,05,6202
05017E1-CTLALRENATO,Calz. de Tlalpan - Renato Leduc,19.29758,-99.15236,05,5074
05017E1-EAZTJULIO,Av. Estadio Azteca - San Julio,19.30511,-99.15073,05,6203
05017E0-5MAYCUAUHTE,C. C. San Pedro Mártir por Carretera Federal - 5 de Mayo y Cuauhtémoc,19.2641,-99.16442,05,6204
05017E0-5MAYNHEROES,5 de Mayo - Niños Héroes,19.26507,-99.16653,05,6199
05017E0-5MAYENSENANZ,5 de Mayo - EnseNanza,19.26587,-99.16864,05,6201
05017E0-5MAYDILIGEN,5 de Mayo - Diligencias,19.26655,-99.17041,05,6202
0501681-XALTXOCOYOT,Xaltocan - Xocoyote,19.43087,-99.06134,05,6205
0501681-XANAXICO,Xana - Xico,19.43081,-99.05929,05,6206
0501681-XICOXOCHISTLA,Xico - Xochistlahuaca,19.42963,-99.05812,05,6207
0501681-XOCHMEZTLI,Xochistlahuaca - Meztli,19.42821,-99.05693,05,6208
0501681-ACOLCHIMALPO,Acolhuacan - Chimalpopoca,19.42633,-99.05681,05,6209
0501681-CHIMCUITLAHU,Chimalpopoca - Cuitlahuac,19.42516,-99.05696,05,6210
0501681-MAXTCIRCUNV,Maxtla - Circunvalación,19.42241,-99.05728,05,6211
0501681-CIRCUNMEZTLI,Circunvalación - Meztli,19.4225,-99.05774,05,6211
0501681-TENOCHCIRCUN,Tenochtitlan - Circunvalación,19.42265,-99.05859,05,6212
0501681-CIRCIZTACIHU,Circunvalación - Iztacihuatl,19.42448,-99.06053,05,6213
0501681-IZTACACAMATZ,Iztacihuatl - Cacamatzin,19.42475,-99.06158,05,6214
0501681-CCMTIZOC,Cacamatzin - Tizoc,19.42485,-99.06269,05,6215
0501681-TIZOCATZAYAC,Tizoc - Atzayacatl,19.42505,-99.06426,05,6216
0501681-NEZAMOCTEZU,Nezahualcoyotl - Moctezuma,19.42518,-99.06525,05,6217
0501681-CHURUTORTUGA,Prol. Río Churubusco - Tortuga,19.42552,-99.06806,05,6218
0501681-CARACOLANGOS,Caracol - Langosta,19.42571,-99.06962,05,6219
0501681-LANGCORAL,Langosta - Coral,19.42591,-99.0712,05,6220
0501681-CORALJAIBA,Coral - Jaiba,19.42603,-99.07228,05,6221
0501681-JAIBACAMARON,Jaiba - Camaron,19.42504,-99.07241,05,6222
0501681-CMRNJBARROS,Camaron - Javier Barros,19.42369,-99.07263,05,6223
0501681-AOLAJTBODET,Agustín Olachea - Jaime Torres Bodet,19.42213,-99.07279,05,6224
0501681-JBAREPURUCH,Javier Barros - Ernesto P. Uruchurtu,19.42226,-99.07281,05,6224
0501681-JTBCOQUET,Jaime Torres Bodet - Benito Coquet,19.42066,-99.07308,05,6225
0501681-BCOQGDORDAZ,Benito Coquet - Gustavo Díaz Ordaz,19.41932000000001,-99.07325,05,6226
0501680-ARENALXOCOYO,C. C. Arenal Cuarta Sección - Xocoyote y Xanticas,19.43118,-99.06219,05,6227
0501680-XCYXANO,Xocoyote - Xano,19.43091,-99.06104,05,6205
0501680-XCYXOCHISUR,Xocoyote - Xochitlan Sur,19.4308,-99.05889,05,6206
0501680-XALTXOCOYOTE,Xaltocan - Xocoyote,19.43062,-99.0577,05,6228
0501680-XNTEXALTOCAN,Xochitlan Norte - Xaltocan,19.42924,-99.05676,05,6229
0501680-XNTEXOCOYOT,Xochitlan Norte - Xocoyote,19.42893,-99.05655,05,6229
0501680-XNTEXIUTETEL,Xochitlan Norte - Xiutetelco,19.4284,-99.05611,05,6230
0501680-CXCXOCHITLAN,Coxcox - Xochitlan Norte,19.42788,-99.05605,05,6231
0501680-CXCXCHIMALP,Coxcox - Chimalpopoca,19.42612,-99.05626,05,6232
0501680-CXCXCUITLAH,Coxcox - Cuitlahuac,19.42497,-99.0564,05,6233
0501680-CXCXMAXTLA,Coxcox - Maxtla,19.42364,-99.05654,05,6234
0501680-CIRCOXCOX,Circunvalación - Coxcox,19.42225,-99.05678,05,6235
0501680-CIRCALLE6,Circunvalación - Calle 6,19.42244,-99.05782,05,6236
0501680-CIRCALLE5,Circunvalación - Calle 5,19.42275,-99.05957,05,6237
0501680-CIRCUNCALL2,Circunvalación - Calle 2,19.42375,-99.06556,05,6238
0501680-CIRCALL3,Circunvalación - Calle 3,19.4234,-99.06346,05,6239
0501680-CIRCALLE4,Circunvalación - Calle 4,19.42306,-99.06138,05,6240
0501680-CMRNCHURUBU,Av. Camaron - Río Churubusco,19.42403,-99.06706,05,6241
0501680-CMRNSLMNGLEZ,Av. Camaron - Salomon González Blanco,19.42433,-99.06886,05,6242
0501680-CMRNJTELLO,Av. Camaron - Manuel J. Tello,19.42453,-99.07043,05,6243
0501680-AMAZOAOLACHE,Alfredo del Mazo - Agustín Olachea,19.42495,-99.07239,05,6222
0501680-ALMEPURUCHU,Adolfo López Mateos - Ernesto P. Uruchurtu,19.422220000000006,-99.07382,05,6244
0501680-ALMBENITOCOQ,Adolfo López Mateos - Benito Coquet,19.41937,-99.0742,05,6245
0501680-CETRAMPANTITL,Cetram Pantitlán,19.41751,-99.07335,05,6246
0501671-SENT20NOVIEM,Sentimientos - 20 de Noviembre,19.34287,-98.99584,05,6247
0501671-SENTIMIENTOS,Sentimientos - Lázaro Cardenas,19.343770000000006,-98.99636,05,6248
0501671-PIPILAEJ6STOR,Pipila - Eje 6 Sur Av. de las Torres,19.348,-98.9954,05,5584
0501671-CALENDULA,Calendula,19.34835,-98.99534,05,5584
0501671-15SEPTSIMONB,15 de Septiembre - Simón Bolivar,19.35063,-98.99643,05,6249
0501671-15SEPQROO,15 de Septiembre - Quintana Roo,19.35103,-98.99638,05,6249
0501671-15SEPIRFIRIO,15 de Septiembre - Porfirio Díaz,19.35222000000001,-98.99615,05,6250
0501670-MARAPERAS,Maravillas - Peras,19.33626,-98.99499,05,6251
0501670-MARAPINA,Matavillas - PiNa,19.33754,-98.99508,05,6252
0501670-MARAPANUCO,Maravillas - Panuco,19.33866,-98.99486,05,6253
0501670-MARAZAPATA,Maravillas - Zapata,19.33944,-98.99482,05,6254
0501670-CALNDULACDA,Calendula - Cerrada Calendula,19.34942,-98.9951,05,6255
0501670-15SEPTSIMONB,15 de Septiembre - Simon Bolivar,19.35059,-98.99639,05,6249
0501630-15SEPTQROO,15 de Septiembre - Quintana Roo,19.35098,-98.99632,05,6249
0501670-15SEPPORFIRIO,15 de Septiembre - Porfirio Diaz,19.35221,-98.99608,05,6250
0501670-FPECERROGPE,Felipe Ángeles - Cerro de Guadalupe,19.35661,-98.99773,05,6256
0501670-JLPORTILLO,Agustín Melgar - José López Portillo,19.35624,-98.9999,05,6257
0501670-PENITENCIARIA,Agustín Melgar - Penitenciaria,19.35595,-99.00072,05,6258
0501661-REVPERAS,Av. Revolución - Peras,19.33626,-98.99505,05,6251
0501661-REVPINA,Av. Revolución - PiNa,19.33753,-98.99514,05,6252
0501661-REVPANUCO,Av. Revolución - Panuco,19.33867,-98.99498,05,6253
0501661-REVZAPATA,Av. Revolución - Zapata,19.33946,-98.99495,05,6254
0501661-REVGUERRERO,Av. Revolución - Vicente Guerrero,19.34101,-98.99493,05,6259
0501661-REVCDAREVO,Av. Revolución - Cerrada Revolución,19.34174,-98.99458,05,6260
0501661-AVMXPIRULS,Av. México - Pirules,19.34551,-98.99799,05,6261
0501661-AVMXEUCALIPT,Av. México - Eucalipto,19.34584,-98.9998,05,6262
0501661-AVMXLIMAS,Av. México - Limas,19.34589,-99.00043,05,6263
0501661-AVMXPUEBLA,Av. México - Puebla,19.3466,-99.00125,05,6264
0501661-AVMXOAXACA,Av. México - Oaxaca,19.34744,-99.00232,05,6265
0501661-AVMXCUNION,Av. México - Congreso de la Unión,19.34827,-99.00298,05,6266
0501660-REVGUERRERO,Av. Revolución - Vicente Guerrero,19.34094,-98.9949,05,6259
0501660-PALMREVOLU,Palmitas - Revolución,19.34129,-98.99461,05,6259
0501660-REVCDAREVOLU,Av. Revolución - Cerrada Revolución,19.34238,-98.99478,05,6267
0501660-REVASTER,Av. Revolución - Aster,19.34256,-98.99558,05,6247
0501660-REV20NOVIEMB,Av. Revolución - 20 de Noviembre,19.34283,-98.99573,05,6247
0501660-REVLCARDENAS,Av. Revolución - Lázaro Cardenas,19.34378,-98.99629,05,6248
0501660-REVLCARDAVMX,Av. Revolución y Lázaro Cardenas - Av. México,19.34521,-98.99607,05,6268
0501660-AVMXMAGUEY,Av. México - Maguey,19.34557,-98.99804,05,6261
0501660-AVMXEUCALIPT,Av. México - Eucalipto,19.34584,-98.99948,05,6262
0501660-AVMXLIMAS,Av. México - Limas,19.34593,-99.00017,05,6262
0501660-AVMXPUEBLA,Av. México - Puebla,19.34683,-99.00141,05,6264
0501660-AVMXOAXACA,Av. México - Oaxaca,19.347520000000006,-99.00237,05,6265
0501660-AVMXCUNION,Av. México - Congreso de la Unión,19.34934,-99.00368,05,6269
0501660-AVMXEJ6STORR,Av. México - Eje 6 Sur Av. de las Torres y Cuauhtémoc,19.34958,-99.00378,05,6269
05165A1-FTELCPACHECO,Fuente de Loreto - Carlos Pacheco,19.36564,-99.02823,05,6270
05165A1-FTELCHAUTLA,Fuente de Loreto - Batallon Chautla,19.36642,-99.02955,05,6271
05165A1-FTELAGARCES,Fuente de Loreto - Antonio Garces,19.36707,-99.03066,05,6272
05165A1-FTELSALDANA,Fuente de Loreto - Sebastian SaldaNa,19.36776,-99.03174,05,6273
05165A1-FTELFGARCILAZ,Fuente de Loreto - Fernando Garcilazo,19.36864,-99.03318,05,6274
05165A1-FTELBAT5MAYO,Fuente de Loreto - Batalla de 5 de Mayo,19.36963,-99.03493,05,6275
05165A1-FTELSTAROSA,Fuente de Loreto - Batalla de Santa Rosa,19.37069,-99.03672,05,6276
05165A1-FTELRCRUZ,Fuente de Loreto - R. Cruz,19.3724,-99.03959,05,6277
05165A1-PECGUELATAO,Plutarco Elias Calles - Av. Guelatao,19.37309,-99.04051,05,6278
05165A1-PECFPFV2,Plutarco Elias Calles - F. P. F. V. 2,19.37328,-99.0408,05,6278
05165A1-PECFPFV,Plutarco Elias Calles - F. P. F. V. ,19.37491,-99.04328,05,6279
05165A1-PECPARQUETAM,Plutarco Elias Calles - Humberto G. Tamayo y Parque,19.37631,-99.04533,05,6280
05165A1-PECALLES,Plutarco Elias Calles,19.37801,-99.04796,05,6281
05165A1-PECHUMBERTO,Plutarco Elias Calles - Humberto G. Tamayo,19.37954,-99.05021,05,6282
05165A1-TELECDAZUL,Telecomunicaciones - Cerrada Cadena Azul,19.38004,-99.05231,05,6283
05165A1-TELECHUMBERT,Telecomunicaciones - Humberto González Tamayo,19.3783,-99.05369,05,6284
05165A1-AZULTOMASAH,Cadena Azul - Tomas Ahoyama,19.3761,-99.0534,05,6285
05165A1-EJ5SROSARIO,Eje 5 Sur Prol. Marcelino Buen Dia - Rosario Castellanos,19.373520000000006,-99.05222,05,6286
05165A1-APOTEPRICESH,Anillo Periférico Oriente - Price Shoes,19.37283,-99.05814,05,6287
05165A1-APOTEMICHOAC,Anillo Periférico Oriente - Michoacan,19.37122,-99.05761,05,6288
05165A1-APOTETELECOM,Anillo Periférico Oriente - Av. Telecomunicaciones,19.36568,-99.05601,05,6289
05165A1-APOTEJ6SMEN,Anillo Periférico Oriente - Eje 6 Sur Luis Mendez,19.36272,-99.05684,05,6290
05165A1-APOTEDIAZSOT,Anillo Periférico Oriente - Díaz Soto y Gama,19.35898,-99.05771,05,6291
05165A1-APOTECALLE3,Anillo Periférico Oriente - Calle 3,19.35588,-99.05842,05,6292
05165A1-APOTEREVSOCI,Anillo Periférico Oriente - Revolución Social,19.35291,-99.05911,05,6293
05165A1-APOTECANDIDO,Anillo Periférico Oriente - Candido Aguilar,19.34877,-99.06011,05,6294
05165A0-FTELCPACHECO,Fuente de Loreto - Carlos Pacheco,19.36575,-99.02831,05,6270
05165A0-FTELCHAUTLA,Fuente de Loreto - Batallon Chautla,19.36645,-99.02947,05,6271
05165A0-FTELAGARCES,Fuente de Loreto - Antonio Garces,19.36717,-99.0307,05,6272
05165A0-FTELRSALDANA,Fuente de Loreto - Rafael SaldaNa,19.3681,-99.03219,05,6295
05165A0-FTELFGARCILAZ,Fuente de Loreto - Fernando Garcilazo,19.36865,-99.03309,05,6274
05165A0-FTELBAT5MAYO,Fuente de Loreto - Batalla de 5 de Mayo,19.36923,-99.03409,05,6296
05165A0-FTELCELAYA,Fuente de Loreto - Batalla de Celaya,19.36993,-99.03531,05,6297
05165A0-FTELSTAROSA,Fuente de Loreto - Batalla de Santa Rosa,19.37073,-99.03668,05,6276
05165A0-FTELGUELATAO,Fuente de Loreto - Av. Guelatao,19.37281,-99.04,05,6298
05165A0-PECFPFV2,Plutarco Elias Calles - F. P. F. V. 2,19.37384,-99.04156,05,6299
05165A0-PECFPFV,Plutarco Elias Calles - F. P. F. V.,19.37454,-99.0426,05,6300
05165A0-PECA,Plutarco Elias Calles 2,19.37532,-99.04379,05,6301
05165A0-HUMBERGLEZ,Humberto González Tamayo,19.37637,-99.04532,05,6280
05165A0-PECALLES,Plutarco Elias Calles,19.37813,-99.04783,05,6281
05165A0-PECHUMBERTO,Plutarco Elias Calles - Humberto González Tamayo,19.37967,-99.04995,05,6282
05165A0-TELECELIASCAL,Telecomunicaciones - Plutarco Elias Calles,19.38062,-99.05143,05,6302
05165A0-TELECAZUL,Telecomunicaciones - Cadena Azul,19.38009,-99.05237,05,6283
05165A0-AZULCTRSALUD,Cadena Azul - Centro de Salud,19.37695,-99.05376,05,6303
05165A0-AZULEJ5SMARC,Cadena Azul - Eje 5 Sur Prol. Marcelino Buen Dia,19.37418,-99.05275,05,5591
05165A0-APOTEPRICES,Anillo Periférico Oriente - Price Shoes,19.37243,-99.05888,05,6304
05165A0-APOTECONTEL,Anillo Periférico Oriente - Price Shoes y Contel,19.36666,-99.05696,05,6305
05165A0-APOTELMENDEZ,Anillo Periférico Oriente - Luis Mendez,19.36344,-99.05739,05,5538
05165A0-APOTESOTOGA,Anillo Periférico Oriente - Soto y Gama,19.35994,-99.05821,05,6306
05165A0-APOTERCIVIL,Anillo Periférico Oriente - Registro Civil,19.35574,-99.05914,05,6307
05165A0-APOTEREVSOCI,Anillo Periférico Oriente - Revolución Social,19.35339,-99.05969,05,6308
05165A0-APOTEHILARIO,Anillo Periférico Oriente - Hilario Medina,19.35124,-99.06018,05,6309
05165A0-APOTEPORFIRI,Anillo Periférico Oriente - Porfirio Castillo,19.34906,-99.06068,05,6310
05165A0-C1917CEIZTAPA,C. C. Constitución de 1917 - Calz. Ermita Iztapalapa Entre Hortencia y Periferico,19.34587,-99.06434,05,6311
0501641-OAXLISBOACAM,Oaxaca - Lisboa y Campeche,19.33882,-98.99991,05,6312
0501641-OAXLORENZO,Oaxaca - San Antonio y San Lorenzo,19.33963,-99.00146,05,6313
0501641-OAXARBOLEDA,Oaxaca - Arboledas y Avellano,19.3403,-99.00148,05,6314
0501641-OAXDCACAPUL,Oaxaca - Cerrada de Caputitla,19.34074,-99.00164,05,6315
0501641-OAXCAPULTI,Oaxaca - Primera Capultitla,19.34125,-99.00206,05,6316
0501641-TLAOAXACA,Tlahuitla - Oaxaca,19.34151,-99.00223,05,6316
0501641-TLAOLA,Tlahuitla - Tlaola,19.34272,-99.00194,05,6317
0501641-TLAHUITLACUI,Tlahuitla - Tlacuitlapa,19.34445,-99.00196,05,6318
0501641-NARANTLACUI,Naranjo - Tlacuitlapa,19.34445,-99.00284,05,6319
0501641-ZAPZARAGOZA,Zapata - Zaragoza,19.34472,-99.00514,05,6320
0501641-FCOIZAPATA,Francisco I. Madero - Zapata,19.3459,-99.00532,05,6321
0501641-PAROSINALOA,Parotas - Sinaloa,19.34681,-99.00592,05,6322
0501641-PAROZTOLOAP,Parotas - Oztoloapan,19.34888,-99.00578,05,6323
0501641-EJ6STEPOTZT,Eje 6 Sur Av. de las Torres - Tepotzotlan,19.34994,-99.00674,05,6324
0501641-EJ6SAYALA,Eje 6 Sur Av. de las Torres - Ayala,19.35,-99.00761,05,5559
0501641-SENTIMARAVILL,Octavio Senties - Maravillas,19.352870000000006,-99.01243,05,6325
0501640-OAXACA,Oaxaca,19.33884,-98.99981,05,6312
0501640-OAXLORENZO,Oaxaca - San Antonio y San Lorenzo,19.33963,-99.00142,05,6313
0501640-OAXAVELLANO,Oaxaca - Avellano,19.34038,-99.00144,05,6314
0501640-OAXIALLENDE,Oaxaca - Ignacio Allende y Caputitla,19.34125,-99.00201,05,6316
0501640-OAXARBOLAD,Oaxaca - Arboladas,19.34224,-99.00197,05,6326
0501640-OAXCEDRO,Oaxaca -Cedro y Tlaola,19.34271,-99.00187,05,6317
0501640-TLAHUTLAC,Tlahuitla - Tlacuitlapa,19.34448,-99.00196,05,6318
0501640-TLACUINARANJ,Tlacuitlapa - Naranjo y Zaragoza,19.34443,-99.0027,05,6319
0501640-ZARAGOZAPATA,Zaragoza - Zapata,19.34473,-99.00511,05,6320
0501640-ZAPAFCOMADE,Zapata - Francisco I. Madero,19.34575,-99.00528,05,6321
0501640-SASAPAROTAS,Sasatra - Parotas,19.34604,-99.00573,05,6321
0501640-PAROIXTEPEC,Parotas - Ixtepec y Sinaloa,19.34672,-99.00587,05,6322
0501640-PAROACOXOL,Parotas - Acoxoloapan,19.34876,-99.00576,05,6323
0501640-EJ6SCUAUHTE,Eje 6 Sur Av. de las Torres - Cuauhtémoc,19.34947,-99.00536,05,6327
0501640-EJ6STACRUZ,Eje 6 Sur Av. de las Torres - Santa Cruz,19.35032,-99.00735,05,5559
0501640-EJ6SOSENTIES,Eje 6 Sur  Av. de las Torres - Octavio Senties,19.35112,-99.01176,05,5560
0501640-EJ6SEJ8S,Eje 6 Sur Av. de las Torres - Eje 8 Sur Calz. Ermita Iztapalapa,19.35221,-99.01427,05,6328
0501640-EJ8SPENITENCI,Eje 8 Sur Calz. Ermita Iztapalapa - Penitenciaria,19.35373,-99.01146,05,6329
0501640-EJ8S12MTRS,Eje 8 Sur Calz. Ermita Iztapalapa - 12 Metros,19.35442,-99.00976,05,6330
0501640-EJ8SBJUAREZ,Eje 8 Sur Calz. Ermita Iztapalapa - Benito Juárez,19.35464,-99.00946,05,6330
0501640-EJ8SMOCTEZUM,Eje 8 Sur Calz. Ermita Iztapalapa - Moctezuma,19.35659,-99.00456,05,6331
05163B0-FCOVILLANGELE,Felipe Ángeles - Francisco Villa,19.35656,-98.99728,05,6256
05163A0-BJUAREZ,Benito Juárez,19.34723,-98.99123,05,6332
0501631-ORQUIMNOESC,Orquidea - Mariano Escobedo,19.33968,-98.98431,05,6333
0501631-GASTONSAN,Gaston Santos,19.34179,-98.98561,05,6334
0501631-FESPIGASTONS,Fermin Espinoza - Gaston Santos,19.34212,-98.98649,05,6335
0501631-HUERFESPINO,Joselito Huerta - Fermín Espinoza,19.34147,-98.9868,05,6336
0501631-HUERCAVAZOS,Joselito Huerta - Eloy Cavazos,19.34172,-98.98755,05,6337
0501631-HUERFRESNO,Joselito Huerta - Fresno,19.34214,-98.98913,05,6338
0501631-HUEROSALES,Joselito Huerta - Rosales,19.34221,-98.98945,05,6338
0501631-NICAARRAYAN,Nicaragua - Arrayan,19.34265,-98.99155,05,6339
0501631-NICAPALMITAS,Nicaragua - Palmitas,19.34281,-98.99316,05,6340
0501631-ZAPONICARAGU,Zapotitos - Nicaragua,19.34313,-98.99395,05,6341
0501631-AVMXPEDREGA,Av. México - Pedregal,19.34493,-98.99444,05,6342
0501631-CALENAVMX,Calendula - Av. México,19.34514,-98.99588,05,6268
0501631-PPLAEJ5STORR,Pipila - Eje 5 Sur Av. de las Torres,19.34759,-98.99545,05,5584
0501631-JBARREPIPILA,Juan de la Barrera - Pipila,19.35005,-98.99508,05,6343
0501631-15SEPJBARRER,15 de Septiembre - Juan de la Barrera,19.35022,-98.99644,05,6249
0501631-15SEPCJONMOR,15 de Septiembre - Callejón de Morelos,19.35186,-98.9962,05,6250
0501631-15SEPMATAMOR,15 de Septiembre - Matamoros,19.35258,-98.9961,05,6250
0501631-15SEPLCARDEN,15 de Septiembre - Lázaro Cardenas,19.35365,-98.99591,05,6344
0501631-15SEPIZARAGOZ,15 de Septiembre - Calz. Ignacio Zaragoza,19.35502,-98.99567,05,6345
0501631-FPE15SEPT,Felipe Ángeles - 15 de Septiembre,19.3562,-98.99551,05,6346
0501631-EZAPMELGAR,Emiliano Zapata - Agustín Melgar,19.35641,-98.99915,05,6347
0501631-FPEFCOVILLA,Felipe Ángeles - Francisco Villa,19.35649,-98.99739,05,6256
0501631-IZTACUAUHTEM,Calz. Ermita Iztapalapa - Cuauhtémoc,19.35694,-99.00364,05,6348
0501631-IZARACATITLA,Calz. Ignacio Zaragoza - Metro Acatitla,19.36388,-99.00524,05,6349
05162B1-IZARROSALIOB,Calz. Ignacio Zaragoza - Rosalio Bustamante,19.37755,-99.02347,05,6350
0501631-IZARMZARAGOZ,Calz. Ignacio Zaragoza - Metro Zaragoza,19.41175,-99.08301,05,6351
0501630-CORDOBA,Cordoba,19.33912,-98.98309,05,6352
0501630-MNOESCORQUI,Mariano Escobedo - Orquidea,19.33962,-98.98426,05,6333
0501630-GASTONSANT,Gaston Santos,19.34186,-98.9856,05,6334
0501630-GASTONFERMIN,Gaston Santos - Fermin Espinoza,19.34217,-98.98648,05,6335
0501630-ESPIJHUERTA,Fermín Espinoza - Joselito Huerta,19.34153,-98.98676,05,6336
0501630-HUERTELOYC,Joselito Huerta - Eloy Cavazos,19.34178,-98.98753,05,6337
0501630-HUERFRESNO,Joselito Huerta - Fresno,19.34216,-98.989,05,6338
0501630-JHUEROSALES,Joselito Huerta - Rosales,19.34233,-98.9897,05,6353
0501630-NICAARRAYAN,Nicaragua - Arrayan,19.34273,-98.99144,05,6339
0501630-NICAROSALES,Nicaragua - Rosales,19.34279,-98.99213,05,6354
0501630-NICATULE,Nicaragua - Tule ,19.34283,-98.99293,05,6340
0501630-NICAZAPOTIT,Nicaragua - Zapotitos,19.34318,-98.99394,05,6341
0501630-ZAPOREVOLU,Zapotitos - Obrero Revolucionario,19.34489,-98.99369,05,6355
0501630-AVMXCALENDUL,Av. México - Calendula,19.34519,-98.99587,05,6268
0501630-CALENARMERIA,Calendula - Armeria,19.346770000000006,-98.99548,05,6356
0501630-PPLAEJ6STORR,Pipila - Eje 6 Sur Av. de las Torres,19.34802,-98.99529,05,5584
0501630-PPLASIQUEIRO,Pipila - David Alfaro Siqueiros,19.34906,-98.99508,05,6255
0501630-PIPILAJBARRE,Pipila - Juan de la Barrera,19.35003,-98.99497,05,6343
0501630-JBARRE15SEP,Juan de la Barrera - 15 de Septiembre,19.35031,-98.99642,05,6249
0501630-15SEPTJMM,15 de Septiembre - José María Morelos,19.35161,-98.99615,05,6357
0501630-15SEPMNOMATA,15 de Septiembre - Mariano Matamoros,19.35248,-98.99602,05,6250
0501630-15SEPLCARDEN,15 Septiembre - Lázaro Cardenas,19.35357,-98.99582,05,6344
0501630-15SEPTZARAGO,15 de Septiembre - Zaragoza,19.35485,-98.9956,05,6345
0501630-15SEPTFPEANG,15 de Septiembre - Felipe Ángeles,19.35618,-98.99535,05,6346
0501630-FPEREALMNTE,Felipe Ángeles - Real del Monte,19.35642,-98.9962,05,6358
0501630-FPEVLLEBRAVO,Felipe Ángeles - Valle de Bravo,19.35646,-98.99659,05,6358
0501630-MELGAREZAPAT,Agustín Melgar - Emiliano Zapata,19.3565,-98.99914,05,6347
0501630-MELGARSANTI,Agustín Melgar. Av. Santiago,19.35537,-99.00254,05,6359
0501630-IZARVCARRANZA,Calz. Ignacio Zaragoza - Venustiano Carranza,19.36905,-99.0102,05,6360
0501630-IZAREULOGIO,Calz. Ignacio Zaragoza - Eulogio Parra,19.39604,-99.05401,05,6361
0501630-IZARREYES,Calz. Ignacio Zaragoza - Julian de los Reyes,19.39733,-99.05626,05,6362
0501630-CETRAMZARAG,Cetram Metro Zaragoza y Metro Tepalcates,19.41179,-99.08129,05,6363
05162D1-EJ10SGPEPOSA,Eje 10 Sur - Pipila y José Guadalupe Posada,19.31208,-98.96372,05,6364
05162D1-EJ10SALDAMA,Eje 10 Sur - Antonio Aldama,19.30986,-98.96404,05,6365
05162D1-TLAPUMABARR,Av. Tláhuac - Bodega Puma Abarrotero,19.2979,-99.02582,05,6366
05162D1-TLARUPERTO,Av. Tláhuac - Ruperto Pérez de León,19.297220000000006,-99.02944,05,6367
05162D1-TLACASTULO,Av. Tláhuac - Castulo García,19.29706,-99.0306,05,6368
05162D1-GPRIETEOFILO,Guillermo Prieto - Teofilo Norte,19.2933,-99.04123,05,6369
05162D1-GPRIEDELEON,Guillermo Prieto - Bartolomé Díaz de León,19.29234,-99.0411,05,6370
05162D1-GPRIEMELLADO,Guillermo Prieto - Andres Mellado,19.29052,-99.04083,05,6371
05162D1-GPRIEROMERO,Guillermo Prieto - Agustín Romero,19.2871,-99.04032,05,6372
05162D1-TURBGPRIETO,La Turba - Guillermo Prieto,19.28509,-99.04013,05,6373
05162D1-TURBTEPOZAN,La Turba - Unidad Habitacional Tepozanes,19.28537,-99.04118,05,6374
05162D1-TURBQUELITE,La Turba - Unidad Habitacional Quelite,19.28578,-99.043,05,6375
05162D1-TURBUHDRAGA,La Turba - Unidad Habitacional La Draga,19.28591,-99.04368,05,6376
05162D1-TURBTLAHUAC,La Turba - Bosque Tláhuac,19.28701,-99.04849,05,6377
05162D1-TURBUHAMERI,La Turba - Unidad Habitacional La Villa Centro Americana,19.28757,-99.05144,05,6378
05162D1-TURBLANGOST,La Turba - Langosta,19.28804,-99.05334,05,6379
05162D1-TURBABULON,La Turba - Abulon,19.28935,-99.05546,05,6380
05162D1-TURBHUACHINA,La Turba - Huachinango,19.2916,-99.05831,05,6381
05162D1-TURBGITANA,La Turba - Gitana,19.2925,-99.05949,05,6382
05162D1-PIRANTURBA,Piraña - La Turba,19.29385,-99.06153,05,6383
05162D1-PIRANCASAHO,Piraña - Casa Hogar de las niñas de Tláhuac,19.29258,-99.06159,05,6384
05162D1-PIRANOCEANO,Piraña - Oceano,19.29119,-99.06285,05,6385
05162D1-PIRANSIRENA,Piraña - Sirena,19.2898,-99.06422,05,6386
05162D1-PIRANHIPOCAM,Piraña - Hipocampo,19.28865,-99.06535,05,6387
05162D1-PIRANTINTORER,Piraña - Tintorera,19.28731,-99.06668,05,6388
05162D1-CHALCOPIRANA,Canal de Chalco - Piraña,19.28482,-99.06896,05,6389
05162D1-CHALCOFCOVIL,Canal de Chalco - Frente a Popular Francisco Villa y Aldama,19.29008,-99.07525,05,6390
05162D1-CHALCOEZAPAT,Canal de Chalco - Emiliano Zapata,19.29269,-99.07739,05,6391
05162D1-CHALCOFUERTE,Canal de Chalco - Río Fuerte,19.29488,-99.07934,05,6392
05162D1-CHALCOBALSA,Canal de Chalco - Río Balsas,19.29735,-99.0813,05,6393
05162D1-CHALCOTORRE,Canal de Chalco - Av. de las Torres,19.29968,-99.08332,05,6394
05162D1-CHALCO8,Canal de Chalco - Calle 8,19.30231,-99.08523,05,6395
05162D1-GARAYECOX2,Anillo Periférico Canal de Garay - Parque Ecológico Xochimilco II,19.30168,-99.08911,05,6396
05162D1-GARAYECOLXO,Anillo Periférico Canal de Garay - Parque Ecológico Xochimilco I,19.2977,-99.09388,05,6397
05162D1-GARAYNACIONA,Anillo Periférico Canal de Garay - Canal Nacional,19.29445,-99.10253,05,6398
05162D1-GARAYCUEMAN,Anillo Periférico Canal de Garay - Canal de Cuemanco,19.29284,-99.10623,05,6399
05162D1-GARAYCAFETAL,Anillo Periférico Canal de Garay - Cafetales,19.28865,-99.11654,05,6400
05162D1-GARAYVCOAPA,Anillo Periférico Canal de Garay - Glorieta Villa Coapa,19.28651,-99.12639,05,6401
05162D1-ACOXMIRAMONT,Acoxpa - Miramontes,19.29297,-99.12642,05,6402
05162D1-ACOXDVSNTE,Acoxpa - División del Norte,19.29499,-99.13125,05,6403
05162D1-ACOXTOLUCA,Acoxpa - Club Toluca,19.2976,-99.13785,05,6404
05162D1-ACOXTORRES,Acoxpa - Las Torres,19.29796,-99.13872,05,6405
05162D1-ACOXPARNO2,Acoxpa - Retorno 2 Acoxpa,19.29919,-99.14187,05,6406
05162D1-TLALACOXPA,Calz. de Tlalpan - Acoxpa,19.30088,-99.14713,05,6407
05162D1-TLALHUIPULCO,Calz. de Tlalpan - Glorieta Huipulco,19.29858,-99.15056,05,6408
05162D1-TLALEAZTECA,Calz. de Tlalpan - Estadio Azteca,19.30154,-99.14756,05,6409
05162D1-EAZTFLORES,Estadio Azteca - Las Flores,19.30439,-99.14869,05,6410
05162D1-URSCASTULO,Santa Ursula - San Castulo,19.30832,-99.15187,05,6411
05162D1-URSTOMAS,Santa Ursula - Santo Tomas,19.30907,-99.15414,05,6412
05162D1-URSFEDERICO,Santa Ursula - San Federico,19.30961,-99.15585,05,6413
05162D1-URSRICARDO,Santa Ursula - San Ricardo,19.31004,-99.15732,05,6414
05162D1-URSPASCACIO,Santa Ursula - San Pascacio,19.3106,-99.15895,05,6415
05162D1-URSGABINO,Santa Ursula - San Gabino,19.31115,-99.16072,05,6416
05162D1-URSGUILLERM,Santa Ursula - San Guillermo,19.31181,-99.16221,05,6417
05162D1-CORAS,Nezahualpilli - Coras,19.31301,-99.16289,05,6418
05162D1-NEZCHICHIMEC,Nezahualpilli - Chichimecas,19.3141,-99.16429,05,6419
05162D1-NEZMIXTECAS,Nezahualpilli - Mixtecas,19.31466,-99.16497,05,6420
05162D1-AZTPAPATZIN,Aztecas - Papatzin,19.31423,-99.16759,05,6421
05162D1-AZTLATECUTLI,Aztecas - Cuauhtémoc y Tlatecutli,19.31272,-99.16906,05,6422
05162D0-EJ10SCOCUHT,Eje 10 Sur - Primer Semaforo Cocuhatla,19.3195,-98.96087,05,6423
05162D0-TLAHMGDITA,Av. Tláhuac - Magdaleno Ita,19.29629,-99.03775,05,6424
05162D0-RVALDEZ,Rodrigo Valdez,19.29645,-99.03973,05,6425
05162D0-NOREGPRIE,Teofilo Norte - Guillermo Prieto,19.29328,-99.0413,05,6369
05162D0-GPRIEBARTOL,Guillermo Prieto - Bartolomé Díaz de León,19.2922,-99.04114,05,6370
05162D0-GPRIENELLADO,Guillermo Prieto - Andrés Nellado y Deodato,19.29052,-99.04089,05,6371
05162D0-GPRIESALOMON,Guillermo Prieto - Elias Salomoni,19.28889,-99.04065,05,6426
05162D0-GPRIETARTINI,Guillermo Prieto - José Tartini y Agustín Romero,19.287,-99.04038,05,6372
05162D0-PRIETURBA,Guillermo Prieto - La Turba,19.28525,-99.04013,05,6373
05162D0-TURBLOMBARD,La Turba - Lombardos,19.2855,-99.04123,05,6374
05162D0-TURBWALKIRIA,La Turba - Walkirias,19.28584,-99.04279,05,6375
05162D0-TURBHEBREA,La Turba - Hebrea,19.2862,-99.04433,05,6427
05162D0-TURBCENICIEN,La Turba - Cenicienta,19.28674,-99.04663,05,6428
05162D0-TURBCAPA,La Turba - La Capa,19.28706,-99.048,05,6429
05162D0-TURBFIDELIO,La Turba - Fidelio,19.28753,-99.05011,05,6430
05162D0-TURBPASCUAL,La Turba - Don Pascuale,19.28813,-99.05328,05,6379
05162D0-TURBCARMEN,La Turba - Carmen,19.28891,-99.05452,05,6431
05162D0-TURBAIDA,La Turba - Aida,19.28978,-99.05568,05,6432
05162D0-TURBTIBURON,La Turba - Tiburon,19.29058,-99.05673,05,6433
05162D0-TURBDELFIN,La Turba - Delfín,19.29116,-99.0575,05,6434
05162D0-TURBHUACHINA,La Turba - Huachinango,19.29174,-99.05825,05,6381
05162D0-TURBGITANA,La Turba - Gitana,19.29264,-99.05944,05,6382
05162D0-TURBPIRANA,La Turba - Piraña,19.29375,-99.06091,05,6435
05162D0-PIRANDEMOCR,Piraña - Derechos Democráticos,19.29257,-99.06166,05,6384
05162D0-PIRANOCEANO,Piraña - Oceano,19.29125,-99.0629,05,6385
05162D0-PIRANSIRENA,Piraña - Sirena,19.28987,-99.06427,05,6386
05162D0-PIRANGUACEP,Piraña - Hipocampo y Guacepil,19.2887,-99.06541,05,6387
05162D0-PIRANTINTORE,Piraña - Tintorera,19.28738,-99.06679,05,6388
05162D0-PIRANCHALCO,Piraña - Canal de Chalco,19.28506,-99.06896,05,6389
05162D0-CHALCOFCOVI,Canal de Chalco - Frente Popular Francisco Villa,19.28702,-99.07122,05,6436
05162D0-CHALCOALDAM,Canal de Chalco - Aldama,19.29016,-99.07512,05,6390
05162D0-CHALCOEZAPA,Canal de Chalco - Deportivo Gallegos y Emiliano Zapata,19.29289,-99.07709,05,6391
05162D0-CHALCOBALSA,Canal de Chalco - Río Balsas,19.29637,-99.08032,05,6437
05162D0-CHALCOTORRE,Canal de Chalco - An. Las Torres,19.2997,-99.08308,05,6394
05162D0-CHALCO9,Canal de Chalco - Calle 9,19.30205,-99.08481,05,6438
05162D0-CHALCO2,Canal de Chalco - Calle 2,19.30347,-99.086,05,6439
05162D0-CHALCGARAY,Canal de Chalco - Anillo Periférico Canal de Garay,19.30413,-99.08693,05,5501
05162D0-GARAYDVOXOC,Anillo Periférico Canal de Garay - Deportivo Xochimilco,19.29859,-99.09381,05,6440
05162D0-GARAYCROJAC,Anillo Periférico Canal de Garay - Cruz Roja Cuemanco,19.29409,-99.10459,05,6441
05162D0-GARAYSAUZAL,Anillo Periférico Canal de Garay - Sauzales,19.29166,-99.11034,05,6442
05162D0-GARAYCAFETAL,Anillo Periférico Canal de Garay - Cafetales,19.28972000000001,-99.11541,05,6443
05162D0-ACOXPOTRERO,Acoxpa - El Potrero,19.29066,-99.11968,05,6444
05162D0-ACOXTEJA,Acoxpa - La Teja,19.2916,-99.12218,05,6445
05162D0-ACOXMIRAMON,Acoxpa - Miramontes,19.29287,-99.12547,05,6446
05162D0-ACOXPLZCOAP,Acoxpa - Plaza Coapa,19.29362,-99.12728,05,6447
05162D0-ACOXDVSNTE,Acoxpa - División del Norte,19.29522,-99.13119,05,6403
05162D0-ACOXCALZGPE,Acoxpa - Calz. de Guadalupe,19.29657000000001,-99.13451,05,6448
05162D0-ACOXTORRES,Acoxpa - Las Torres,19.298,-99.13817,05,6449
05162D0-ACOXBORDO,Acoxpa - El Bordo,19.29967000000001,-99.14235,05,6450
05162D0-ACOXTLALPAN,Acoxpa - Tlalpan,19.30114,-99.14698,05,6407
05162D0-EAZTFLORES,Estadio Azteca - Las Flores,19.30447,-99.14864,05,6410
05162D0-EAZTSLEON,Estadio Azteca - San León,19.30669,-99.15169,05,6451
05162D0-EAZTCASTULO,Estadio Azteca - San Castulo,19.30861,-99.15169,05,6411
05162D0-URSTOMAS,Av. Santa Ursula - Santo Tomas,19.30932,-99.15397,05,6412
05162D0-URSRICARDO,Av. Santa Ursula - San Ricardo,19.31032,-99.15709,05,6414
05162D0-URSPASCACIO,Av. Santa Ursula - San Pascacio,19.31087,-99.15883,05,6415
05162D0-URSNEZAHUALP,Av. Santa Ursula - Nezahualpilli,19.31263,-99.16225,05,6452
05162D0-NEZCORAS,Nezahualpilli - Coras,19.31301,-99.16273,05,6418
05162D0-NEZCHICHIMEC,Nezahualpilli - Chichimecas,19.3141,-99.16413,05,6419
05162D0-NEZMIXTECAS,Nezahualpilli - Mixtecas,19.31466,-99.16484,05,6420
05162D0-NEZAZTECAS,Nezahualpilli - Aztecas,19.31578,-99.16625,05,6453
05162D0-AZTPAPATZIN,Aztecas - Papatzin,19.31453,-99.168,05,6454
05162D0-AZTREYTLALT,Aztecas - Rey Tlaltecuhtli,19.31314,-99.16925,05,6455
05162B1-IZARCUAUH,Calz. Ignacio Zaragoza - Cuauhtémoc,19.39395,-99.05209,05,6456
05162B1-ALAMOSCEDRO,Alamos - Cedro,19.32917,-98.97512,05,6457
05162B1-CEDROROSAL,Cedro - Rosal,19.32756,-98.97565,05,6458
05162B1-CEDROJORTIZ,Cedro - Josefa Ortiz de Domínguez,19.32593,-98.97649,05,6459
05162B1-POTREFCOIMAD,C. C. Campestre Potrero - Francisco I. Madero,19.32615,-98.97691,05,6460
05162B1-ALAMOSLAUREL,Alamos - Laurel,19.32959,-98.97649,05,6461
05162B1-LIRIOTORRES,Lirio - de las Torres,19.33071,-98.97719,05,6462
05162B1-LIRIOGAVILLER,Lirio - Gavilleros,19.33174,-98.97689,05,6463
05162B1-TORRESLIRIO,De las Torres - Lirio,19.333070000000006,-98.97668,05,6464
05162B1-AMXPUEVIRGEN,Autopista México-Puebla - La Virgen,19.34252,-98.97838,05,6465
05162B1-EJ6SMINAS,Eje 6 Sur - Minas,19.34546,-98.98362,05,6466
05162B1-EJ6SUCOLONO,Eje 6 Sur - Unión de Colonos,19.34673,-98.99033,05,6467
05162B1-EJ6SROSA,Eje 6 Sur - Rosa,19.34727,-98.99311,05,6468
05162B1-EJ6SFCOMOCA,Eje 6 Sur - Francisco Montes de Oca y Pipila,19.3477,-98.99546,05,5584
05162B1-EJ6S12OCT,Eje 6 Sur - 12 de Octubre,19.34821,-98.99794,05,6469
05162B1-EJ6SVENUS,Eje 6 Sur - Venus,19.34915,-99.00265,05,5558
05162B1-EJ6SMX,Eje 6 Sur - México,19.34937,-99.0038,05,6269
05162B1-EJ6SPAROTAS,Eje 6 Sur - Parotas,19.3497,-99.00541,05,6327
05162B1-EJ6SPIRULI,Eje 6 Sur - Piruli,19.350620000000006,-99.01026,05,6470
05162B1-EIZTSANTIAGO,Calz. Ermita Iztapalapa - Santiago,19.35444,-99.01039,05,6471
05162B1-EIZT5FEBRE,Calz. Ermita Iztapalapa - 5 de Febrero,19.35529,-99.0083,05,6472
05162B1-EIZTNHEROES,Calz. Ermita Iztapalapa - Niños Héroes,19.35627,-99.00585,05,6473
05162B1-REYESEJ8S,Rafael Reyes - Eje 8 Sur Calz. Ermita Iztapalapa,19.35739,-99.00342,05,6474
05162B1-REYESARABIA,Rafael Reyes - Francisco Sarabia,19.36031,-99.00282,05,6475
05162B1-IZARACATITLA,Calz. Ignacio Zaragoza- Metro Acatitla y Amador Salazar,19.3644,-99.00583,05,6476
05162B1-IZAREVERARD,Calz. Ignacio Zaragoza - Everardo González,19.36568,-99.00764,05,6477
05162B1-IZARTITOFERRE,Calz. Ignacio Zaragoza - Tito Ferrer,19.36799,-99.01044,05,6478
05162B1-IZARREPFEDSUR,Calz. Ignacio Zaragoza - República Federal Sur,19.37188,-99.01585,05,6479
05162B1-IZARELPIDIO,Calz. Ignacio Zaragoza - Cesar Elpidio Canales,19.37563,-99.02091,05,6480
05162B1-IZARELBA,Calz. Ignacio Zaragoza - Elba,19.37924,-99.02616,05,6481
05162B1-IZARVARTA,Calz. Ignacio Zaragoza - Varta,19.3808,-99.02881,05,6482
05162B1-IZARJMMORA,Calz. Ignacio Zaragoza - José María Mora,19.3835,-99.03353,05,6483
05162B1-IZARGUELATAO,Calz. Ignacio Zaragoza - Guelatao ,19.38484,-99.03588,05,6484
05162B1-IZARAZCARRAG,Calz. Ignacio Zaragoza - Azcarraga,19.3873,-99.04024,05,6485
05162B1-IZARISSSTE,Calz. Ignacio Zaragoza - ISSSTE Zaragoza,19.38953,-99.04409,05,6486
05162B1-IZARTEPALCATE,Calz. Ignacio Zaragoza - Metro Tepalcates,19.39081,-99.04647,05,6487
05162B1-IZARGRALALEON,Calz. Ignacio Zaragoza - Av. General Antonio de León,19.39171,-99.04802,05,6488
05162B1-IZARFRAYJALMA,Calz. Ignacio Zaragoza - Fray Jesús Almanza,19.39196,-99.04856,05,6489
05162B1-IZARCUAUHTE,Calz. Ignacio Zaragoza - Cuauhtémoc,19.36187,-99.00261,05,6490
05162B1-IZARPRIMAVERA,Calz. Ignacio Zaragoza - Primavera,19.39494,-99.05375,05,6491
05162B1-IZARCNLSJUAN,Calz. Ignacio Zaragoza - Canal de San Juan,19.39813,-99.05932,05,6492
05162B1-IZAROTE259,Calz. Ignacio Zaragoza - Oriente 259,19.39871,-99.06041,05,6493
05162B1-IZAROTE253,Calz. Ignacio Zaragoza - Oriente 253,19.40075,-99.06392,05,6494
05162B1-IZAROTE245A,Calz. Ignacio Zaragoza - Oriente 245A,19.40193,-99.06601,05,6495
05162B1-IZAROTE247,Calz. Ignacio Zaragoza - Oriente 247,19.40281,-99.06744,05,6496
05162B1-IZAROTE245,Calz. Ignacio Zaragoza - Oriente 245,19.40349,-99.06869,05,6497
05162B1-IZARGOMEZ,Calz. Ignacio Zaragoza - Rojo Gómez,19.40492,-99.0711,05,6498
05162B1-IZAROTE237,Calz. Ignacio Zaragoza - Oriente 237,19.4062,-99.07332,05,6499
05162B1-IZAREJ4OTE,Calz. Ignacio Zaragoza - Eje 4 Oriente Av. Río Churubusco,19.40854,-99.07759,05,6500
05162B0-POTRFCOIMAD,C. C. Campestre Potrero - Francisco I. Madero,19.32589,-98.9764,05,6459
05162B0-JMMNHEROES,José María Morelos - Niños Héroes,19.32699,-98.97585,05,6501
05162B0-CEDROSTREM,Cedros - Trementino,19.32814,-98.97543,05,6502
05162B0-CEDROSALAMO,Cedros - Alamos,19.32912,-98.97509,05,6457
05162B0-ALAMOSAMAPO,Alamos - Amapola,19.32876,-98.97378,05,6503
05162B0-TORRESROSAL,De las Torres - Av. del Rosal,19.32866,-98.97248,05,6504
05162B0-ROSALDONALDO,Av. del Rosal - Av. Luis Donaldo Colosio,19.32841,-98.97039,05,6505
05162B0-ROSALYECA,Av. del Rosal - Av. Yecahuitzotl,19.32822,-98.96929,05,6506
05162B0-YECAPRIMAVER,Av. Yecahuizotl - Primavera,19.32978,-98.96918,05,6507
05162B0-YECAMXPUEB,Av. Yecahuizotl - Autopista México-Puebla,19.33191,-98.96854,05,6508
05162B0-AMXPUEVIRGEN,Autopista México-Puebla - La Virgen,19.34293,-98.97874,05,6509
05162B0-EJ6SJESCUTIA,Eje 6 Sur Av. de las Torres - Juan Escutia,19.34581,-98.98417,05,6510
05162B0-EJ6SLCARDENA,Eje 6 Sur Av. de las Torres - Lázaro Cardenas,19.34637,-98.98716,05,5553
05162B0-EJ6SUCOLONO,Eje 6 Sur Av. de las Torres - Unión de Colonos,19.34693,-98.98995,05,6467
05162B0-COLO18MARZO,Union de Colonos - 18 de Marzo,19.347620000000006,-98.99347,05,6511
05162B0-SANTIEJ8SEIZT,Av. Santiago - Eje 8 Sur Av. Calz. Ermita Iztapalapa,19.35737,-99.00248,05,5476
05162B0-EIZTEZAPATA,Calz. Ermita Iztapalapa - Emiliano Zapata,19.35859,-98.999,05,6512
05162B0-IZGZMACATITL,Calz. Ignacio Zaragoza - Metro Acatitla,19.36517000000001,-99.00501,05,6513
05162B0-IZGZOYAMELES,Calz. Ignacio Zaragoza - Oyameles,19.3664,-99.00694,05,6514
05162B0-IZGZREPFEDNTE,Calz. Ignacio Zaragoza - República Federal Norte,19.37236,-99.01478,05,6515
05162B0-IZGZMPEREZR,Calz. Ignacio Zaragoza - Manuel Pérez Romero,19.37429,-99.0173,05,6516
05162B0-IZGZCIRILOARE,Calz. Ignacio Zaragoza - Cirilo Arenas,19.37701,-99.02098,05,6517
05162B0-IZGZENACOSTA,Calz. Ignacio Zaragoza - Emilio N. Acosta,19.37825,-99.02261,05,6518
05162B0-IZGZJUSTINA,Calz. Ignacio Zaragoza - Justina,19.38184,-99.02925,05,6519
05162B0-IZGZJMPATONI,Calz. Ignacio Zaragoza - José María Patoni,19.384120000000006,-99.03317,05,6520
05162B0-IZGZJUANBONI,Calz. Ignacio Zaragoza  - Juan C. Bonilla,19.38602,-99.03657,05,6521
05162B0-IZGZFCOLEYVA,Calz. Ignacio Zaragoza - Francisco Leyva,19.38764,-99.0394,05,6522
05162B0-IZGZINGPASTOR,Calz. Ignacio Zaragoza - Ingeniero Pastor Rouaix,19.3907,-99.04471,05,6523
05162B0-IZGZFCOGSALI,Calz. Ignacio Zaragoza - Francisco García Salinas,19.39227,-99.04745,05,6524
05162B0-IZGZTRINIDADS,Calz. Ignacio Zaragoza - Trinidad Salgado,19.39417000000001,-99.05079,05,6525
05162B0-IZGZEULOGIO,Calz. Ignacio Zaragoza - Eulogio Parra,19.39828,-99.05796,05,6526
05162B0-IZGZCALLE6,Calz. Ignacio Zaragoza - Calle 6,19.39949,-99.06008,05,6527
05162B0-IZGZCALLEA,Calz. Ignacio Zaragoza - Calle A,19.40131,-99.06314,05,6528
05162B0-IZGZCONAIZTA,Calz. Ignacio Zaragoza - Conalep Iztacalco,19.40297,-99.06606,05,6529
05162B0-IZGZEJ5OTECT,Calz. Ignacio Zaragoza - Eje 5 Oriente Central,19.40551,-99.07041,05,6530
05162B0-IZGZAGUACALI,Calz. Ignacio Zaragoza - Agua Caliente,19.40782,-99.07444,05,6531
05162B0-IZGZCHURUBUS,Calz. Ignacion Zaragoza - Eje 4 Oriente Av. Río Churubusco,19.40878,-99.07637,05,6532
05162B0-IZGZSIMONAUD,Calz. Ignacio Zaragoza - Simon Audenard,19.40992,-99.07816,05,6533
05162B0-MZARATEPAL,C. C. Metro Zaragoza - Metro Tepalcates Anden A,19.41364,-99.0823,05,6534
0501621-TLAHLTORRES,Av. Tláhuac - Las Torres,19.31478,-99.07153,05,6535
0501621-EJ10SHPSIQUIA,Santa Catarina y Eje 10 Sur - Hospital Psiquiatrico,19.32173,-98.9589,05,5581
0501621-EJ10SCHICHILA,Eje 10 Sur - Semaforo y Chichilaula,19.31798,-98.96172,05,6536
0501621-EJ10SFTUBOS,Eje 10 Sur - Fabrica de Tubos,19.31546,-98.96309,05,6537
0501621-EJ10SVIAS,Eje 10 Sur - Las Vias,19.31375,-98.96335,05,6538
0501621-EJ10STACATAR,Eje 10 Sur - Santa Catarina,19.30779,-98.96432,05,6539
0501621-EJ10SIMARTINE,Eje 10 Sur - Ignacio Martínez,19.30586,-98.96731,05,6540
0501621-EJ10SNARCISO,Eje 10 Sur - Narciso María Loreto,19.30626,-98.97002,05,6541
0501621-EJ10SECUN95,Eje 10 Sur - Secundaria No. 95,19.30645,-98.97218,05,6542
0501621-EJ10STACATARI,Eje 10 Sur - Panteón Santa Catarina,19.30551,-98.97457,05,6543
0501621-EJ10SZECOLOG,Eje 10 Sur - Zona Ecológica,19.29806,-98.98497,05,6544
0501621-EJ10SESTANIS,Eje 10 Sur - Estanislao Ramírez,19.29412,-98.99808,05,6545
0501621-EJ10STYCHO,Eje 10 Sur - Crater  Tycho,19.29454,-99.0008,05,6546
0501621-EJ10SCAUCAS,Eje 10 Sur - Montes Caucaso,19.29496,-99.00334,05,6547
0501621-EJ10SMCARPAT,Eje 10 Sur - Montes Carpatos,19.29536,-99.00594,05,6548
0501621-EJ10SPIRINEOS,Eje 10 Sur - Montes Pirineos,19.29547,-99.00717,05,6549
0501621-VGUEPMANAYA,Vicente Guerrero - Pedro María Anaya,19.29364,-99.0092,05,6550
0501621-VGUEFCOVILLA,Vicente Guerrero - Francisco Villa,19.29368,-99.01004,05,6551
0501621-VGUEJUANULU,Vicente Guerrero - San Juan de Ulua,19.29367,-99.01068,05,6552
0501621-VGUEPABLGLZ,Vicente Guerrero - Pablo González,19.29374,-99.01188,05,6553
0501621-VGUEVERARDO,Vicente Guerrero - Everardo González,19.29374,-99.0125,05,6554
0501621-VGUEAOBREGN,Vicente Guerrero - Álvaro Obregón,19.29379,-99.01312,05,6555
0501621-VGUEAQROO,Vicente Guerrero - Andrés Quintana Roo,19.29379,-99.01422,05,6556
0501621-JMCADENATLAH,José Mariano Cadena - Av. Tláhuac,19.28939,-99.0151,05,6557
0501621-TLAHINDEPEN,Av. Tláhuac y Ferrocarril San Rafael Atlixco - Independencia,19.29141,-99.01785,05,6558
0501621-TLAHEJIDO,Av. Tláhuac - Ejido,19.29501,-99.02082,05,6559
0501621-TLAHZACATEN,Av. Tláhuac - Zacatenco,19.29622,-99.02193,05,6560
0501621-TLAHPCONEJO,Av. Tláhuac - Paso Conejo,19.29802,-99.0244,05,6561
0501621-TLAHLDELGADO,Av. Tláhuac - Luis Delgado,19.29774,-99.0271,05,6562
0501621-TLAHGRALF,Av. Tláhuac - General F. Mendoza,19.29748,-99.02851,05,6563
0501621-TLAHASIERRA,Av. Tláhuac - Antonio Sierra,19.29675,-99.03254,05,6564
0501621-TLAHFCOJIMEN,Av. Tláhuac - Francisco Jiménez,19.29613,-99.03619,05,6565
0501621-TLAHMAGDAITA,Av. Tláhuac - Magdaleno Ita,19.29603,-99.03785,05,6424
0501621-TLAHFCOLAZO,Av. Tláhuac - Francisco Lazo,19.29629,-99.04029,05,6566
0501621-TLAHGPRIETO,Av. Tláhuac - Guillermo Prieto,19.29914,-99.04186,05,6567
0501621-TLAHARABELLA,Av. Tláhuac - Arabella,19.2998,-99.04659,05,6568
0501621-TLAHGALLORO,Av. Tláhuac - Gallo de Oro y Amado Nervo,19.30069,-99.05069,05,6569
0501621-TLAHGITANA,Av. Tláhuac - Gitana,19.30151,-99.05236,05,6570
0501621-TLAHTURANDOT,Av. Tláhuac - Turandot,19.30202,-99.05369,05,6571
0501621-TLAHCISNE,Av. Tláhuac - Cisne,19.3023,-99.05435,05,6572
0501621-TLAHCOCVENA,Av. Tláhuac - Cocodrilo y Venado,19.30296,-99.05633,05,6573
0501621-TLAHOLIVOS,Av. Tláhuac - Los Olivos,19.30372,-99.05845,05,6574
0501621-TLAHEVAZQU,Av. Tláhuac - Eduardo Vázquez,19.30533,-99.06294,05,6575
0501621-TLAHTURBA,Av. Tláhuac - Turba,19.30556,-99.06349,05,6576
0501621-TLAHJPATRICI,Av. Tláhuac - Juan Patricio,19.30645,-99.0662,05,6577
0501621-TLAHOGORMAN,Av. Tláhuac - Cecil O Gorman,19.30768,-99.06805,05,6578
0501621-TLAHIALDAMA,Av. Tláhuac - Ignacio Aldama,19.3084,-99.06874,05,6579
0501621-TLAHCANDELAB,Av. Tláhuac - Candelabro,19.31071,-99.06988,05,6580
0501621-TLAHTORRES,Av. Tláhuac - Las Torres,19.29803,-99.02395,05,6561
0501621-TLAHTULYEHU,Av. Tláhuac - Plaza Tulyehualco y Zaragoza,19.31648,-99.07349,05,6581
0501621-AVTLAHUAC,Av. Tláhuac,19.31948,-99.07513,05,6582
0501621-GARAYRECLUO,Anillo Periférico Canal de Garay - Reclusorio Oriente,19.32277,-99.07249,05,5212
0501621-GARAYESPANA,Anillo Periférico Canal de Garay - EspaNa ,19.32372,-99.07173,05,6583
0501621-GARAYBILBAO,Anillo Periférico Canal de Garay - Bilbao,19.3272,-99.06901,05,6584
0501621-GARAYSABADE,Anillo Periférico Canal de Garay - Sabadel,19.32871,-99.06782,05,5505
0501621-GARAYBELLAVIS,Anillo Periférico Canal de Garay - Mercado Bella Vista,19.33046,-99.06643,05,6585
0501621-GARAYIZTACIHU,Anillo Periférico Canal de Garay - Iztacihuatl,19.33437,-99.06459,05,6586
0501621-GARAYEGIRON,Anillo Periférico Canal de Garay - Eugenio Giron,19.33919,-99.0645,05,5506
0501621-GARAYBETABEL,Anillo Periférico Canal de Garay - Betabel,19.34209,-99.06249,05,6587
0501621-GARAYROSAL,Anillo Periférico Canal de Garay - Av. del Rosal,19.34268,-99.06201,05,6588
0501620-EJ10SIXCHEL,Eje 10 Sur - Ixchel,19.32374,-98.95671,05,6589
0501620-EJ10SMXPUE,Eje 10 Sur - Entronque Autopista Puebla - México,19.32182,-98.95907,05,5581
0501620-EJ10STEMOAY,Eje 10 Sur - Temoaya,19.32144,-98.95944,05,5581
0501620-EJ10SCHICHILA,Eje 10 Sur Chichilaula,19.31891,-98.96129,05,6590
0501620-EJ10S1SEMAFO,Eje 10 Sur - Primer Semaforo,19.31815,-98.96185,05,6536
0501620-EJ10STECAMA,Eje 10 Sur - Tecamazuchitl,19.31665,-98.96304,05,6591
0501620-EJ10SFTUBOS,Eje 10 Sur - Fábrica de Tubos,19.31549,-98.96334,05,6537
0501620-EJ10SVIAS,Eje 10 Sur - Las Vias,19.31377,-98.96357,05,6538
0501620-EJ10SPIPILA,Eje 10 Sur - El Pipila y José Guadalupe Posada,19.31209,-98.96385,05,6364
0501620-EJ10SALDAMA,Eje 10 Sur - Antonio Aldama,19.30988,-98.96416,05,6365
0501620-EJ10STACAT8,Eje 10 Sur - Santa Catarina (Calle 8),19.30783,-98.96445,05,6539
0501620-EJ10SIMARINEZ,Eje 10 Sur - Ignacio Martínez,19.30601,-98.9672,05,6540
0501620-EJ10SMLORETO,Eje 10 Sur - Narciso María Loreto,19.30635,-98.96994,05,6541
0501620-EJ10STECNI95,Eje 10 Sur - Técnica 95,19.30666,-98.97215,05,6542
0501620-EJ10STACATARI,Eje 10 Sur - Panteón Santa Catarina,19.305670000000006,-98.9747,05,6543
0501620-EJ10SESTANISL,Eje 10 Sur - Estanislao Ramírez,19.29423,-98.99792,05,6545
0501620-EJ10STYCHO,Eje 10 Sur -  Crater Tycho,19.29473,-99.00078,05,6546
0501620-EJ10SMTCAUCA,Eje 10 Sur - Montes Caucaso,19.29512,-99.00329,05,6547
0501620-EJ10SGUADAL,Eje 10 Sur - Cerro de la Guadalupana (Monte de las Cruces),19.29565,-99.00704,05,6549
0501620-AVIDALFCOVILL,Carlos A. Vidal - Francisco Villa,19.29511,-99.00981,05,6592
0501620-AVIDALEVERAR,Carlos A. Vidal - Everardo González,19.29535,-99.01229,05,6593
0501620-AVIDALCTRSAL,Carlos A. Vidal - Andrés Quintana y Centro de Salud,19.29547,-99.01405,05,6594
0501620-QROOVGUERR,Andrés Quintana Roo - Vicente Guerrero,19.29388,-99.01433,05,6556
0501620-PNVOJOAGUA,Paseo Nuevo - Ojo de Agua,19.29211,-99.01518,05,6595
0501620-OJOAGUATLAH,Eje 10 Sur Ojo de Agua - Av. Tláhuac,19.29217,-99.01657,05,6596
0501620-TLAHBJUAREZ,Av. Tláhuac - Benito Juárez,19.29552,-99.02026,05,6597
0501620-TLAHCJONHGO,Av. Tláhuac - Callejón Hidalgo y Camino Real,19.29786,-99.02174,05,6598
0501620-TLAHAUREX,Av. Tláhuac - Aurex,19.29831,-99.02406,05,6561
0501620-TLAHGRALNARC,Av. Tláhuac - General Narciso Mendoza,19.29765,-99.02841,05,6563
0501620-TLAHFPEANGEL,Av. Tláhuac - Felipe Ángeles,19.29734,-99.03023,05,6368
0501620-TLAH16SEPT,Av. Tláhuac - 16 de Septiembre,19.29696,-99.03277,05,6564
0501620-TLAHRGMAGON,Av. Tláhuac - Ricardo Flores Magón,19.29644,-99.03607,05,6565
0501620-TLAHCORTES,Av. Tláhuac - Hernan Cortes,19.29652,-99.04012,05,6425
0501620-TLAHJUANDIOS,Av. Tláhuac - Juan de Dios Peza,19.2991,-99.0416,05,6567
0501620-TLAHGRALMFLO,Av. Tláhuac - General Manuel Flores,19.29998,-99.04596,05,6599
0501620-TLAHAMADON,Av. Tláhuac - Amado Nervo,19.30081,-99.05026,05,6569
0501620-TLAHGITANA,Av. Tláhuac - Gitana,19.30166,-99.05217,05,6570
0501620-TLAHSTACRUZ,Av. Tláhuac - Santa Cruz,19.30237,-99.05389,05,6571
0501620-TLAHPORVENI,Av. Tláhuac - Porvenir,19.30309,-99.0558,05,6600
0501620-TLAHBUENASRT,Av. Tláhuac - Buena Suerte,19.30376,-99.05768,05,6601
0501620-TLAHCDAPROV,Av. Tláhuac - Cerrada Providencia ,19.30485,-99.06087,05,6602
0501620-TLAHZACATLA,Av. Tláhuac - Zacatlan,19.30653,-99.06601,05,6577
0501620-TLAHIALDAMA,Av. Tláhuac - Ignacio Aldama,19.30841,-99.06846,05,6579
0501620-TLAHLORENZO,Av. Tláhuac - San Lorenzo,19.31022,-99.06969,05,6603
0501620-TLAHSTACATA,Av. Tláhuac - Santa Catarina,19.31466,-99.07096,05,6604
0501620-TLAHZARAGOZA,Av. Tláhuac - Zaragoza,19.31657,-99.07324,05,6581
0501620-TLAHUACGARAY,Av. Tláhuac - Anillo Periférico Canal de Garay,19.31809,-99.07496,05,6605
0501620-GARAYREFORM,Anillo Periférico Canal de Garay - Reforma,19.32238,-99.0724,05,5212
0501620-GARAYBILBAO,Anillo Periférico Canal de Garay - Bilbao,19.32638,-99.06905,05,6606
0501620-GARAYRBRAVO,Anillo Periférico Canal de Garay - Río Bravo,19.32865,-99.06737,05,5505
0501620-GARAYUMACITA,Anillo Periférico Canal de Garay - Río Umacita y Río Panuco,19.33097,-99.06549,05,6607
0501620-GARAYIZTACIH,Anillo Periférico Canal de Garay - Iztacihuatl y San Nicolas,19.33375,-99.06418,05,6608
0501620-GARAY5MAYO,Anillo Periférico Canal de Garay - 5 de Mayo,19.3388,-99.06415,05,5506
0501620-GARAYLLUVIA,Anillo Periférico Canal de Garay - Lluvia,19.34158,-99.06256,05,5507
0501620-GARAYNBUENA,Anillo Periférico Canal de Garay - Noche Buena,19.34244,-99.06194,05,6588
05161F1-CNOMINANINA,Camino a Minas - La Niña,19.32793,-99.0242,05,6609
05161F1-URBSTAMARIA,Consejo Urbano - Santa María,19.32813,-99.02436,05,6609
05161F1-URB3CDAMINA,Consejo Urbano - Tercera Cerrada Camino a Minas,19.32925,-99.0254,05,6610
05161F1-URBAMANZA,Consejo Urbano - Manzanal de MontaNa,19.33005,-99.02607,05,6611
05161F1-CJOURBAGLAD,Consejo Urbano - Gladiolas,19.33031,-99.02628,05,6611
05161F1-CNOMINABUEN,Camino a Minas - Buenavista,19.33122,-99.02717,05,6612
05161F1-MINASCAMPE,Camino a Minas - Muralla de Campeche,19.3315,-99.02744,05,6612
05161F1-CNOMINPLUNA,Camino  a Minas - Piramide de la Luna,19.3318,-99.02797,05,6613
05161F1-CNOMINASPIRS,Camino a Minas - Piramide del Sol,19.33225,-99.02878,05,6614
05161F1-CNOMINA1ENER,Camino a Minas - Primero de Enero,19.333,-99.02906,05,6615
05161F1-CNOMINA12DIC,Camino a Minas - 12 de Diciembre,19.33381,-99.02933,05,6616
05161F1-CNOMINASEVER,Camino a las Minas - Monte Everest,19.334670000000006,-99.0304,05,6617
05161F1-TORRESMINAS,Av. de las Torres - Camino a Minas,19.3349,-99.03112,05,6618
05161F1-REFAGRARIA,Av. de las Torres - Reforma Agraria,19.33638,-99.03153,05,6619
05161F0-BARRGPE,C. C. Barranca de Guadalupe,19.32831,-99.02334,05,6620
05161F0-BARGPEPROL,Barranca de Guadalupe - Prolongación Consejo Urbano,19.3283,-99.0241,05,6609
05161F0-PROLURBANO,Prolongación Consejo Urbano - Camino a Minas,19.32941,-99.02533,05,6610
05161F0-CNOMINAS5CDA,Camino a las Minas - Quinta Cerrada a Minas (Gladiolas),19.33071,-99.02633,05,6621
05161F0-CNOMINABUENA,Camino a las Minas - Priv. Buenavista,19.33113,-99.02696,05,6612
05161F0-CNOMINSOL,Camino a las Minas - Piramide del Sol,19.33213,-99.02852,05,6614
05161F0-CNOMINAS12O,Camino a las Minas - 12 de Octubre,19.33278,-99.02893,05,6615
05161F0-MINASEVEREST,Camino a las Minas - Monte Everest (Zapote),19.33458,-99.02991,05,6622
05161F0-MINASTORRES,Camino a las minas - Av. de las Torres,19.33493,-99.03073,05,6617
05161F0-TORRESCIENTI,Av. de las Torres - Reforma Científica,19.33578,-99.03097,05,6623
05161F0-TORRESAGRIC,Av. de las Torres - Reforma Agrícola,19.33659,-99.03116,05,6619
05161F0-TORRESLIBER,Av. de las Torres - Calle Reforma Liberal,19.33848,-99.03162,05,6624
05161F0-CALZIZTACAMA,Calz. Ermita Iztapalapa - Cerrada Camarillo,19.3426,-99.05595,05,5185
05161E1-CIDJUANESCU,Villa Cid y Juan Escutia,19.32515,-99.03522,05,6625
05161E1-CIDJUANESC,Villa Cid - Juan Escutia y José Buenavista,19.32601,-99.035,05,6626
05161E1-CIDJUANBARR,Villa Cid - Juan de la Barrera,19.32602,-99.03567,05,6627
05161E1-FRANQGONZA,Villa Franqueza - Villa Gonzalo,19.32602,-99.03646,05,6628
05161E1-FRANQFABELA,Villa Franqueza - Villa Fabela,19.32589,-99.03765,05,6629
05161E1-FRANQFUFRE,Villa Franqueza - Villa Fufre,19.32559,-99.03894,05,6630
05161E1-FRANQFRECHO,Villa Franqueza - Villa Frechos,19.3254,-99.03992,05,6631
05161E1-FRANQVILLAC,Villa Franqueza - Villa C,19.3248,-99.04271,05,6632
05161E1-MCANFRANQ,Manuel CaNas - Villa Franqueza,19.32558,-99.0446,05,6633
05161E1-MCANFEDERA,Manuel CaNas - Villa Federal,19.32673,-99.04427,05,6634
05161E1-MCANELOISA,Manuel CaNas - Villa Eloisa,19.32831,-99.04379,05,6635
05161E1-MCANDIEGO,Manuel CaNas - Villa Diego,19.32949,-99.04344,05,6636
05161E1-MCANASVILL,Manuel CaNas - Villa CaNas,19.332,-99.04285,05,6637
05161E1-MCANJACARAN,Manuel CaNas - Jacarandas,19.33321,-99.04281,05,6638
05161E1-MCANASCASU,Manuel CaNas - Villa Ascasuri,19.33478,-99.04286,05,6639
05161E0-JBUENAVISTA,C. C. San José Buenavista  - C. C. Juan Escutia y  Ignacio Allende,19.32514,-99.03519,05,6625
05161E0-JUANESCFRAN,Juan Escutia - Villa de la Franqueza,19.3259,-99.03488,05,6626
05161E0-CIDJUANBARRE,Villa Cid - Juan de la Barrera,19.32606,-99.03533,05,6626
05161E0-CIDPOZOS,Villa Cid - Pozos,19.32608,-99.0362,05,6628
05161E0-FRANQGATON,Villa Franqueza - Villa Gaton,19.32599,-99.03749,05,6629
05161E0-FRANQCID,Villa Franqueza - Villa Cid,19.32565,-99.03929,05,6630
05161E0-FRANQUFRECH,Villa Franqueza - Villa Frecho,19.32548,-99.04014,05,6631
05161E0-FRANQUEZAC,Villa Franqueza - Villa C,19.32491,-99.04275,05,6632
05161E0-FRANQMCAN,Villa Franqueza - Manuel CaNas,19.32549,-99.04436,05,6633
05161E0-MCANFIGUERO,Manuel CaNas - Villa Figueroa,19.32619,-99.04424,05,6640
05161E0-MCANELOISA,Manuel CaNas - Villa Eloisa,19.32851,-99.04359,05,6635
05161E0-MCANFELICHE,Manuel CaNas - Villa Feliche,19.32936,-99.04325,05,6636
05161E0-MCANVILLAREY,Manuel CaNas - Villa del Rey,19.33218,-99.04268,05,6637
05161E0-MCANPUSUAL,Manuel CaNas - Villa Pusual,19.33361,-99.04267,05,6638
05161E0-MCANVALLES,Manuel CaNas - Villa Vallester,19.33437,-99.04279,05,6639
05161E0-MCANASCASU,Manuel CaNas - Villa Ascasuri,19.33468,-99.04281,05,6639
05161E0-MCANASINSUR,Manuel CaNas - Insurgentes,19.33711,-99.04277,05,6641
05161E0-CALZITAHGO,Calz. Ermita Iztapalapa - Hidalgo,19.34251,-99.04992,05,6642
05161E0-CALZIZTACAMA,Calz. Ermita Iztapalapa - González Camarena,19.34235,-99.05152,05,5161
05161D1-POZOMILTENCO,Pozos - Miltenco,19.33587,-99.03269,05,6643
05161D1-NVOLEONTORR,Nuevo León  y  Las Torres,19.32749,-99.02907,05,6644
05161D1-CNOREALNVOL,Camino Real - Nuevo León,19.32821,-99.03144,05,6645
05161D1-CNOREALTLAX,Camino Real -Tlaxcala,19.32976,-99.03249,05,6646
05161D1-CNOREALTRIGA,Camino Real - Trigal,19.33018,-99.03322,05,6647
05161D1-POZOCNOREAL,Pozos - Camino Real,19.33104,-99.03433,05,6648
05161D1-POZOVIOLET,Pozos - Violeta,19.33299,-99.0337,05,6649
05161D1-POZONBUENA,Pozos - Noche Buena,19.33373,-99.03341,05,6650
05161D1-POZOMOCAMP,Pozos - Melchor Ocampo,19.33486,-99.03302,05,6651
05161D1-POZOTORRES,Pozos - De las Torres,19.33789,-99.03209,05,6652
05161D1-TORRESPOZOS,De las Torres - Pozos,19.33823,-99.03199,05,6624
05161D1-INSURTORRES,Av. Insurgentes - Av. de las Torres,19.33986,-99.03233,05,6653
05161D1-INSURCDAMEYE,Av. Insurgentes - Cerrada Meyehualco ,19.3395,-99.03345,05,6654
05161D1-INSURJSIERRA,Av. Insurgentes - Justo Sierra,19.33864,-99.03575,05,6655
05161D1-INSURCDACUAU,Av. Insurgentes - Cerrada Cuauhtémoc,19.33847,-99.03612,05,6655
05161D1-INSURMNOMAT,Av. Insurgentes - Mariano Matamoros,19.33825,-99.03667,05,6656
05161D1-INSURZAPATA,Av. Insurgentes - Zapata,19.337670000000006,-99.03824,05,6657
05161D1-INSURMCANAS,Av. Insurgentes - Manuel CaNas,19.3373,-99.04287,05,6641
05161D1-INSURGPEVICT,Av. Insurgentes - Guadalupe Victoria,19.33757,-99.04425,05,6658
05161D1-INSURMAUMEJ,Av. Insurgentes - Maurilio Mejia,19.33774,-99.04503,05,6659
05161D1-INSRURSULO,Av. Insurgentes - Ursulo Galván,19.33796,-99.04663,05,6660
05161D1-IMAINSURG,Ignacio Manuel Altamirano - Insurgentes,19.33839,-99.04775,05,6661
05161D1-IMALUCIOBLC,Ignacio Manuel Altamirano - Lucio Blanco,19.34064,-99.04765,05,6662
05161D1-IMAVERGEL,Ignacio Manuel Altamirano - Vergel,19.34159,-99.04764,05,6663
05161D1-HGOALTAMIRA,Hidalgo - Altamirano,19.34186,-99.04809,05,6664
05161D1-CALZIZTAHORT,Calz. Ermita Iztapalapa - Hortensias,19.34698,-99.06614,05,6665
05161D1-CALZIZTAMARG,Calz. Ermita Iztapalapa - Margaritas,19.34779,-99.06796,05,6666
05161D1-CALZIZTACAMP,Calz. Ermita Iztapalapa - Campánula,19.35017,-99.07323,05,6667
05161D1-CALZIZTALORE,Calz. Ermita Iztapalapa - Av. San Lorenzo,19.35097,-99.075,05,5481
05161D1-CALZIZTAFUND,Calz. Ermita Iztapalapa - Fundición,19.35259,-99.07856,05,6668
05161D1-EJE5LORENZO,Eje 5 Oriente Av. Javier Rojo Gómez - Camino Real a San Lorenzo,19.3559,-99.0858,05,5482
05161D1-EJE5EJE8IZTA,Eje 5 Oriente Av. Javier Rojo Gómez - Eje 8 Sur Calz. Ermita Iztapalapa,19.35688,-99.08651,05,6669
05161D1-EJE5HGO,Eje 5 Oriente Av. Javier Rojo Gómez - Hidalgo,19.35838,-99.08571,05,6670
05161D1-EJE5ALLENDE,Eje 5 Oriente Av. Javier Rojo Gómez - Allende,19.36046,-99.08456,05,6671
05161D1-EJE5GAVILANE,Eje 5 Oriente Av. Javier Rojo Gómez - Gavilanes,19.36476,-99.08292,05,6672
05161D1-EJE5RGOMEZ,Eje 5 Oriente Av. Javier Rojo Gómez,19.36827000000001,-99.08163,05,6673
05161D1-EJE6SRGOMEZ,Eje 6 Sur - Rojo Gómez,19.37172,-99.08071,05,6674
05161D1-FRTLEGUMVIVE,Frutas y Legumbres - Abarrotes y Viveres,19.37435,-99.08181,05,6675
05161D1-FRTLEGUMBSU,Frutas y Legumbres - Subasta Hortalizas,19.37446,-99.088,05,6676
05161D1-CTRALABASTV,Central de Abasto Av. Principal - Verduras,19.37459,-99.0916,05,6677
05161D1-CTRALABASTO,Central de Abasto Av. Principal - Abarrotes,19.3746,-99.09359,05,5598
05161D1-HUALCHURUBU,Hualquila - Canal de Churubusco,19.37421,-99.09873,05,5579
05161D1-PESCADHUALQ,Pescaderias - Hualquila,19.37237,-99.09923,05,5599
05161D0-BUENATORRES,C. C. Colonia Buenavista - Av. de las Torres y Nuevo León ,19.32766,-99.02893,05,6644
05161D0-NVOLEONCNO,Nuevo León - Camino Real,19.32753,-99.02907,05,6644
05161D0-CNOREALMORE,Camino Real - Morelos,19.32826,-99.03127,05,6645
05161D0-CNOREALHGO,Camino Real - Hidalgo,19.33,-99.03287,05,6646
05161D0-CNOREALPOZO,Camino Real - Pozos,19.33098,-99.03428,05,6648
05161D0-POZOVIOLETAS,Pozos - Violetas,19.33292,-99.03364,05,6649
05161D0-POZOSMINAS,Pozos - de las Minas,19.33504,-99.03285,05,6651
05161D0-POZOSMILTEC,Pozos - Milteco,19.33584,-99.03261,05,6643
05161D0-POZOSAVTORR,Pozos - Av. de las Torres,19.33788,-99.03201,05,6652
05161D0-TORRESINSUR,Av. de las Torres - Insurgentes,19.33985,-99.03222,05,6653
05161D0-INSURMEYEHU,Av. Insurgentes - Meyehualco,19.33892,-99.03536,05,6678
05161D0-INSURZAPATA,Av. Insurgentes - Zapata,19.33785,-99.03802,05,6657
05161D0-INSURMCANAS,Av. Insurgentes - Manuel CaNas,19.33734,-99.04264,05,6641
05161D0-INSURGPEVICT,Insurgentes - Guadalupe Victoria,19.33763,-99.044,05,6658
05161D0-INSURURSULA,Av. Insurgentes - Ursula Galván,19.33807,-99.04635,05,6660
05161D0-INSURPROLMO,Av. Insurgentes - Prol. Morelos,19.3382,-99.04716,05,6679
05161D0-AVINSURGALTA,Av. Insurgentes - Altamirano,19.33834,-99.04763,05,6661
05161D0-IMALUCIOBLC,Ignacio Manuel Altamirano - Lucio Blanco ,19.34054,-99.04748,05,6662
05161D0-IMACUAUHTE,Ignacio Manuel Altamirano - Cuauhtémoc,19.34166,-99.04744,05,6663
05161D0-IMAEJE8SUR,Ignacio Manuel Altamirano - Eje 8 Sur  Calz. Ermita Iztapalapa,19.34226,-99.04752,05,6680
05161D0-CALZIZTAROJA,Calz. Ermita Iztapalapa - Manuel Rojas,19.34657,-99.06462,05,6681
05161D0-CALZIZTAMATI,Calz. Ermita Iztapalapa - Matias Rodríguez,19.34795,-99.06782,05,6666
05161D0-CAZLIZTAFPE,Calz. Ermita Iztapalapa - San Felipe de Jesús,19.3505,-99.07357,05,5453
05161D0-CALZIZTAUAM,Calz. Ermita Iztapalapa - Metro UAM,19.35112,-99.07491,05,5481
05161D0-CALZIZTAJUAN,Calz. Ermita Iztapalapa - Juan Alvarez,19.35398,-99.08127,05,6682
05161D0-CALZIZTAFCO,Calz. Ermita Iztapalapa - Francisco Javier Mina,19.35455,-99.0826,05,6683
05161D0-CALZIZTAESTR,Calz. Ermita Iztapalapa - Metro Cerro de la Estrella,19.35656,-99.08637,05,5454
05161D0-RGOMEZHGO,Av. Rojo Gómez - Av. Hidalgo,19.35803,-99.0857,05,6670
05161D0-RGOMEZTORR,Av. Rojo Gómez - Torres Quintano,19.36072,-99.08426,05,6671
05161D0-RGOMEZGAVIL,Av. Rojo Gómez - Gavilan,19.36412,-99.08297,05,6684
05161D0-RGOMEZJALISC,Av. Rojo Gómez - Av. Jalisco,19.37143,-99.08023,05,6685
05161D0-RGOMEZEJE6S,Av. Rojo Gómez - Eje 6 Sur,19.37216,-99.07999,05,6686
05161D0-CAZUELABAST,Cazuela - Central de Abasto,19.37456,-99.08081,05,6687
05161D0-EJE5SABASTO,Eje 5 Sur - Entrada Central de Abastos,19.38005,-99.08648,05,6688
05161D0-EJE5SUBASTA,Eje 5 Sur - Subasta,19.37523,-99.08699,05,6689
05161D0-ABASTOVERDU,Central de Abasto Av. Principal - Verduras,19.37481,-99.09128,05,6677
05161D0-ABASTOABARR,C. C. Central de Abasto - Abarrotes,19.37186,-99.09617,05,6690
05161D0-PESCADHUALQ,Pescaderias - Hualquila,19.37226,-99.0993,05,5599
0501611-SANTIGIRASOL,C. C. Ampl. Santiago-Girasol y Gladiolas,19.34199,-99.00772,05,6691
0501611-HANKTULIPAN,Av. Carlos Hank González - Tulipan,19.34283,-99.0084,05,6692
0501611-HANKTEMAZCAL,Av. Carlos Hank González - Temazcal,19.34395,-99.00917,05,6693
0501611-HANKCDACANA,Av. Carlos Hank González - Cerrada de la CaNada,19.34494,-99.00969,05,6694
0501611-HANKJARRITO,Av. Carlos Hank González - Jarrito,19.34539,-99.01082,05,6695
0501611-HANKPLANET,Av. Carlos Hank González - Planeta,19.34565,-99.0116,05,6696
0501611-CANPRIMAVE,CaNada - Primavera,19.34613,-99.01149,05,6697
0501611-CANGLADIOLA,CaNada - Gladiolas,19.34658,-99.01139,05,6698
0501611-CANCEDRO,CaNada - Cedro,19.34704,-99.01117,05,6699
0501611-CANENCINO,CaNada - Encino (Alcanfor),19.34767,-99.01118,05,6700
0501611-OSENTFRESNO,Octavio Senties - Fresno (Sauces),19.34826,-99.01128,05,6701
0501611-OSENTRETAMA,Octavio Senties - Retama (Reforma),19.34873,-99.01152,05,6702
0501611-OSENTALDAMA,Octavio Senties - Aldama,19.349120000000006,-99.01158,05,6702
0501611-OSENTONATICO,Octavio Senties - Tonatico Calle 6,19.34959,-99.01171,05,6703
0501611-OSENTEJE5S,Octavio Senties - Eje 5 Sur Av. de las Torres,19.35023,-99.0117,05,6704
0501611-CALZIZTAOSENT,Calz. Ermita Iztapalapa - Octavio Senties,19.35322,-99.01272,05,5477
0501611-CALZIZTAEJE6S,Calz. Ermita Iztapalapa - Eje 6 Sur Av. de las Torres,19.35205,-99.01531,05,6705
0501611-CALZIZTAPRIMA,Calz. Ermita Iztapalapa - Primavera,19.35003,-99.01773,05,6706
0501611-CALZIZTAMINAS,Calz. Ermita Iztapalapa - Camino a Minas,19.34515,-99.0211,05,4879
0501611-CALZIZTAPEGA,Calz. Ermita Iztapalapa - Hotel Pegaso (Hidalgo),19.34228,-99.04907,05,6707
0501611-CALZIZTACAMAR,Calz. Ermita Iztapalapa - Enrique Camarillo,19.34234,-99.056,05,6708
0501611-CALZIZTAPERIF,Calz. Ermita Iztapalapa - Periférico,19.34444,-99.06014,05,6709
0501610-GLADIOLAS,C. C. Amp. Santiago-Girasol - Gladiolas,19.34201,-99.00768,05,6691
0501610-HANKTULIPAN,Tulipan - CaNada (Hank González),19.34287,-99.00837,05,6692
0501610-HANKTEMAZCA,Av. Carlos Hank González - Temazcal,19.34374,-99.00901,05,6693
0501610-HANKCANADA,Av. Carlos Hank González - Cerrada de CaNada (Chiquihuite) ,19.34482,-99.00958,05,6694
0501610-HANKCORRALE,Av. Carlos Hank González - Hacienda Corralejo,19.34538,-99.01068,05,6695
0501610-HANKCELESTES,Av. Carlos Hank González - Celestes (Jacarandas),19.34557,-99.01147,05,6696
0501610-CANAPRIMAV,CaNada - Primavera,19.34625,-99.0114,05,6697
0501610-CANAQUEBRA,CaNada - Quebracho (Iturbide),19.34672,-99.01117,05,6698
0501610-CANADACEDRO,CaNada - Cedro,19.34738,-99.01112,05,6699
0501610-CANAENCINO,CaNada - Encino (Caoba),19.34794,-99.01117,05,6700
0501610-CANAFRESNO,CaNada - Fresno (Sauces),19.34846,-99.01139,05,6701
0501610-OSENTRETAMA,Octavio Senties - Retama (Reforma),19.34904,-99.01152,05,6702
0501610-OSENTALDAMA,Octavio Senties - Aldama,19.34951,-99.01162,05,6703
0501610-OSENTCALLE8,Octavio Senties - Carril Calle 8,19.35009,-99.01162,05,6704
0501610-OSENTEJE6SUR,Octavio Senties - Eje 6 Sur Av. de las Torres,19.35067,-99.01161,05,6704
0501610-CALZIZTAEJE6S,Calz. Ermita Iztapalapa - Eje 6 Sur,19.35251,-99.01483,05,5478
0501610-CALZIZTAPRIMA,Calz. Ermita Iztapalapa - Primavera,19.35021,-99.0179,05,6706
0501610-CALZIZTAMIGU,Calz. Ermita Iztapalapa - San Miguel,19.34732,-99.0193,05,6710
0501610-CALZIZTAPALM,Calz. Ermita Iztapalapa - Las Palmas (Quebradora),19.34596,-99.02032,05,6711
0501591-CALZIZTAMANT,Calz. Ermita Iztapalapa - Manto,19.34344,-99.05881,05,6712
0501591-CALZIZTAMACU,Calz. Ermita Iztapalapa - Manuel Acuña,19.34187,-99.05414,05,6713
0501591-CALZIZTALTAM,Calz. Ermita Iztapalapa - Altamirano,19.3424,-99.04774,05,6680
0501591-CALZIZTAGPEVI,Calz. Ermita Iztapalapa - Guadalupe Victoria,19.34279,-99.044,05,6714
0501591-CALZIZTACUIT,Calz. Ermita Iztapalapa - Cuitlahuac,19.34314,-99.04071,05,6715
0501591-CALZIZTAMATA,Calz. Ermita Iztapalapa - Matamoros,19.34355,-99.03628,05,6716
0501591-CALZIZTAPOZO,Calz. Ermita Iztapalapa - Pozos,19.34376,-99.03424,05,6717
0501591-CALZIZTAZACA,Calz. Ermita Iztapalapa - Zacapexco,19.34405,-99.03105,05,6718
0501591-CALZIZTAVOC7,Calz. Ermita Iztapalapa - Vocacional No. 7,19.34442,-99.0273,05,6719
0501591-CALZIZTAPALMI,Calz. Ermita Iztapalapa - Palmitas,19.34458,-99.02564,05,6720
0501591-PALMSALLENDE,Palmitas - Salvador Allende,19.34334,-99.0258,05,6721
0501591-PALMIJOTHON,Palmitas - José Othon,19.34068,-99.02655,05,6722
0501591-MACUNA,Manuel Acuña,19.33775,-99.02633,05,6723
0501591-MACUNASORJU,Manuel Acuña - Sor Juana,19.33691,-99.0264,05,6724
0501591-MACUNATEPATL,Manuel Acuña - Tepatlaxco,19.3362,-99.02636,05,6725
0501591-MACUNATIRUTZI,Manuel Acuña - Turitzio,19.3354,-99.0264,05,6726
0501591-MACUNALAHOS,Manuel Acuña - Alahos,19.33499,-99.02615,05,6727
0501591-MACUNAJACARA,C. C. Palmitas - Manuel Acuña y Jacarandas,19.33461,-99.02564,05,6728
0501590-MACUNANUECE,C. C. Palmitas - Manuel Acuña y Nueces,19.33463,-99.02558,05,6728
0501590-MACUNALAHOS,Manuel Acuña - Alahos ,19.33498,-99.02611,05,6727
0501590-TURITZIOPLATA,Calle Turitzio - Plata,19.33539,-99.02634,05,6726
0501590-PALMSTAMJESU,Palmitas - Santa María de Jesús,19.33613,-99.0263,05,6725
0501590-PALMILDAVINCI,Palmitas - Leonardo Da Vinci,19.33704,-99.02636,05,6724
0501590-PALMIMACUNA,Palmitas - Manuel Acuña,19.33759,-99.02629,05,6723
0501590-PALMITASJOTHO,Palmitas - José Othon,19.34045,-99.02658,05,6722
0501590-PALMITASERMIT,Palmitas - Ermita Iztapalapa,19.34442,-99.02544,05,6720
0501590-CALZIZTAJALIS,Calz. Ermita Iztapalapa - Jalisco,19.34475,-99.02571,05,6720
0501590-CALZIZTALLANO,Calz. Ermita Iztapalapa - El Llano,19.34448,-99.02863,05,6729
0501590-CALZIZTATINAC,Calz. Ermita Iztapalapa - Tinacos,19.34413,-99.03256,05,6730
0501590-CALZIZTA17,Calz. Ermita Iztapalapa - Calle 17,19.34374,-99.0358,05,6731
0501590-CALZIZTA39,Calz. Ermita Iztapalapa - Calle 39,19.34332,-99.04044,05,6715
0501590-CALZIZTA55,Calz. Ermita Iztapalapa - Calle 55,19.343,-99.04384,05,6714
0501590-CALZIZTA71,Calz. Ermita Iztapalapa - Calle 71,19.34271,-99.04748,05,6732
0501590-CALZIZTAMARIL,Calz. Ermita Iztapalapa - Profesor Mariles (2 de Abril),19.34224,-99.05228,05,6733
0501590-CALZIZTATULIP,Calz. Ermita Iztapalapa - Tulipan,19.34276,-99.05645,05,5185
0501590-CALZIZTACIROB,Calz. Ermita Iztapalapa - Ciro B. Ceballos,19.34355,-99.05821,05,6734
0501590-CALZIZTAPERIF,Calz. Ermita Iztapalapa - Periférico,19.34447,-99.06013,05,6709
0501590-CONST1917AND,C. C. Metro Constitución de 1917 - Cetram Constitución de 1917 Anden B,19.34565,-99.06425,05,6311
0501491-ELIASCALLPOSA,Plutarco Elias Calles - José Guadalupe Posadas,19.22542,-98.95728,05,6735
0501491-CNLSECOELIASC,Canal Seco - Plutarco Elias Calles,19.22506,-98.96173,05,6736
0501491-CNLSECOALHEL,Canal Seco - Alheli,19.22351,-98.96239,05,6737
0501491-AVROSASNARCI,Av. de las Rosas - Narciso Mendoza,19.22317,-98.96328,05,6738
0501491-AVROSASECO,Av. de las Rosas - Canal Seco,19.22203,-98.96403,05,6739
0501491-EZAPATROSAS,Emiliano Zapata - Av. de las Rosas,19.22263,-98.96603,05,6740
0501491-EZAPACNTE,Emiliano Zapata - Canal del Norte,19.2188,-98.97088,05,6741
0501491-EZAPATABELTRA,Emiliano Zapata - Antonio Beltran,19.21732,-98.97245,05,6742
0501490-EZAPATEBELTRA,Emiliano Zapata - Antonio Beltran,19.21753,-98.97252,05,6742
0501490-EZAPATACNTE,Emiliano Zapata - Canal del Norte,19.219,-98.97094,05,6741
0501490-INDROSAS,Independencia - Las Rosas,19.22066,-98.96794,05,6743
0501490-ELIASCALSECO,Plutarco Elias Calles - Canal Seco,19.2253,-98.96178,05,6736
0501490-ELIASCALJGPE,Plutarco Elias Calles - José Guadalupe Posadas,19.22558,-98.95723,05,6735
0501490-ELIASCALSEC34,Plutarco Elias Calles - Frente a Secundaria Técnica No. 34,19.226,-98.95379,05,6744
0501490-MIXQELIASCALL,C. C. Mixquic - Plutarco Elias Calles y Río Ameca,19.22628,-98.95259,05,6745
0501481-RAFAELOMBARD,Ferrocarril San Rafael Atlixco - Enrique Lombardo,19.27934,-99.01113,05,6746
0501481-RAFAELTRECE,Ferrocarril San Rafael  Atlixco - Sonido Trece,19.2775,-99.00981,05,6747
0501481-RAFAELEZAPATA,Ferrocarril San Rafael Atlixco - Emiliano Zapata,19.2755,-99.0086,05,6748
0501481-RAFAELBLASCO,Ferrocarril San Rafael Atlixco - Blas Corral,19.27387,-99.00775,05,6749
0501481-SANRAFAELMHG,Ferrocarril San Rafael Atlixco - Miguel Hidalgo,19.269820000000006,-99.0056,05,6750
0501481-TLAHUACGARZA,Av. Tláhuac Tulyehualco - Calle de las Garzas,19.25735,-99.01091,05,6751
0501481-AVDVNTEMONER,Av. División del Norte - Calz. La Monera,19.25101,-99.00773,05,6752
0501481-MORELOSPALM,Morelos - Palma,19.21781,-98.99397,05,6753
0501481-5MAYVGUERRE,5 de Mayo - Vicente Guerrero,19.21694,-98.99128,05,6754
0501481-5MAYIALLENDE,5 de Mayo - Ignacio Allende,19.21575,-98.98216,05,6755
0501481-5MAYECOLOGIA,5 de Mayo - Secretaría de Ecología,19.21564,-98.98153,05,6756
0501481-5MAYO,5 de Mayo,19.21549,-98.98066,05,6757
0501481-5MAYFRNTE375,5 de Mayo - Frente a 375,19.21535,-98.97973,05,6758
0501481-5MAYARBOLAD,5 de Mayo - Arboladas,19.21517,-98.97893,05,6759
0501481-5MAYEZAPATA,5 de Mayo - Emiliano Zapata,19.21437,-98.97434,05,6760
0501481-20NOVCARRAN,20 de Noviembre - Venustiano Carranza,19.21262,-98.97232,05,6761
0501481-20NOVPUEBLA,C. C. San Nicolas Tetelco - 20 de Noviembre y Puebla,19.21051,-98.96864,05,6762
0501480-TLAHUACETRAM,C. C. Metro Tláhuac - CETRAM Tláhuac,19.28584,-99.01472,05,6763
0501480-DRPALOMEZAPA,Dr. Juan Palomo - Emiliano Zapata,19.26612,-99.0051,05,6764
0501480-AVSURTECNOLO,Av. Sur del Comercio - Educación Tecnológica,19.23205,-98.99445,05,6765
0501480-BLVDJPORTILLO,Blvd. José López Portillo- Caltenco,19.22536,-98.99319,05,6766
0501480-MHGONARCISOM,Miguel Hidalgo - Narciso Méndoza,19.22367,-98.99292,05,6767
0501480-BJUAREZMHGO,Benito Juárez - Miguel Hidalgo,19.21711,-98.99301,05,6768
0501480-5MAYTECOMITL,5 de Mayo - Mercado de Tecomitl,19.21699,-98.98947,05,6769
0501480-5MAYECOLOGI,5 de Mayo - Secretaría de Ecología,19.21574,-98.98151,05,6756
0501480-5MAYO,5 de Mayo,19.21557,-98.98063,05,6757
0501480-5MAYFRNTE375,5 de Mayo - Frente a No. 375,19.21539,-98.97971,05,6758
0501480-5MAYARBOLEDA,5 de Mayo - Arboladas,19.21526,-98.97891,05,6759
0501480-EZAPATA,20 de Noviembre - Emiliano Zapata,19.21456,-98.97429,05,6760
0501480-VCARRANZA,20 de Noviembre - Venustiano Carranza,19.21268,-98.97226,05,6761
0501480-PUEBLA20NOV,C. C. San Nicolas Tetelco - Puebla y 20 de Noviembre,19.21067,-98.96849,05,6762
0501471-HILUSVGUERR,Hombres Ilustres - Vicente Guerrero,19.22202,-99.09917,05,6770
0501471-HILUSF387,Hombres Ilustres - Frente a No. 387 ,19.21748,-99.09647,05,6771
0501471-5MAYOAITURBID,5 de Mayo - Agustín Iturbide,19.20527,-99.06729,05,6772
0501471-5MAYOHGO,5 de Mayo - Hidalgo,19.20571,-99.06883,05,6773
0501471-5MAYONINOSHE,5 de Mayo - Niños Héroes,19.20686,-99.07144,05,6774
0501471-BARTRABEJAS,Carretera San Bartolomé Xicomulco - Rancho Las Abejas,19.20704,-99.07347,05,6775
0501471-BARTPIEDRBLC,Carretera San Bartolomé Xicomulco - Piedra Blanca,19.20937,-99.0784,05,6776
0501471-BARTELMURO,Carretera San Bartolomé Xicomulco - El Muro,19.21375,-99.08527,05,6777
0501471-BARTTEOCA,Carretera San Bartolomé Xicomulco - El Teoca,19.21112,-99.08977,05,6778
0501471-HILUSCSANPAB,Hombres Ilustres - Carretera San Pablo,19.20916,-99.0957,05,6779
0501470-AVMORELNBRA,Av. Morelos - Nicolas Bravo,19.23407000000001,-99.1188,05,6780
0501470-AVMOREL12OCT,Av. Morelos - 12 de Octubre,19.23292,-99.11856,05,6781
0501470-AVMOREL5MAY,Av. Morelos - 5 de Mayo,19.2312,-99.11821,05,6782
0501470-AVMORELOS,Av. Morelos,19.2288,-99.11831,05,6783
0501470-AVMORELCAMP,Av. Morelos - Campo,19.22847,-99.1187,05,6784
0501470-XOCHCAMPO,Carretera Xochimilco-San Pablo - Campo,19.22794,-99.11899,05,6785
0501470-IALLENPARDA,Ignacio Allende - Parda,19.22161,-99.11176,05,6786
0501470-BARTHILUSTRES,Carretera San Bartolomé Xicolulco - Hombres Ilustres,19.20924,-99.09564,05,6779
0501470-BARTF90,Carretera San Bartolomé Xicomulco - Frente a No. 90,19.21096,-99.0913,05,6787
0501470-BARTEOCA,Carretera San Bartolomé Xicomulco - El Teoca,19.21118,-99.08979,05,6778
0501470-BARTMATERIALE,Carretera San Bartolomé Xicomulco - Casa de Materiales,19.21379,-99.08526,05,6777
0501470-BARTPIEDRABLC,Carretera San Bartolomé Xicomulco - Piedra Blanca,19.20946,-99.07831,05,6776
0501470-BARTABEJAS,Carretera San Bartolomé Xicomulco - Rancho las Abejas,19.20712,-99.07354,05,6775
0501470-AVJUAREZ5MAYO,Av. Juárez - 5 de Mayo,19.20677,-99.07077,05,6788
0501470-AVJUAREZINDEP,Av. Juárez - Independencia,19.20742000000001,-99.06929,05,6789
0501470-JUAREZFCOIMAD,San Bartolomé Xicomulco - Av. Juárez y Francisco I. Madero,19.20667000000001,-99.06735,05,6790
0501461-CRUZBLCEZAPA,Cruz Blanca - Emiliano Zapata,19.20036,-99.14378,05,6791
0501461-MORELOSABASO,Morelos - Abasolo,19.20026,-99.1422,05,6792
0501461-MORELOSVGUE,Morelos - Vicente Guerrero,19.20117,-99.14208,05,6793
0501461-BJUAREZMOREL,Benito Juárez - Morelos,19.20168,-99.14142,05,6794
0501461-AVMCPOFLORIDA,Av. Morelos - Campo Florida,19.20257,-99.14039,05,6795
0501461-PROLMORELOS,Prol. Morelos - Av. Morelos,19.20349,-99.13898,05,6796
0501461-TOPIRASTRO,Carretera a Topilejo - Calz. del Rastro,19.20326,-99.13639,05,6797
0501461-TOPILEJOPANTE,Carretera a Topilejo - Panteón Topilejo,19.2065,-99.1352,05,6798
0501461-TOPILMONTESUR,Carretera a Topilejo - Monte Sur,19.2129,-99.12837,05,6799
0501461-TOPILCEDRAL,Carretera a Topilejo - Cedral,19.21875,-99.12476,05,6800
0501461-TOPIPNXALPA,Carretera a Topilejo - Camino Panteon Xalpa,19.22093,-99.12348,05,6801
0501461-TOPILEJOPEDRE,Carretera a Topilejo - Pedregal,19.22448,-99.12167,05,6802
0501461-CARRFEDCUERN,Carretera Federal a Cuernavaca,19.21182,-99.15465,05,6803
0501460-CRZBLCTEZONTI,Cruz Blanca - Tezontitla,19.20654,-99.14975,05,6804
0501460-CRZBLCCHAPUL,Cruz Blanca - Mirador Chapultepec,19.20443,-99.14917,05,6805
0501460-MORETOPILEJO,Morelos - Carretera a Topilejo,19.2272,-99.11959,05,6806
0501460-MORELOSJMM,Morelos - José María Morelos,19.22842,-99.11899,05,6784
0501460-PROLHGOMONO,Prol. Hidalgo - Privada Monoxola,19.2357,-99.11735,05,6807
0501460-TOPIXOCHPABLO,Carretera a Topilejo - Carretera a Xochimilco-San Pablo,19.22808,-99.11914,05,6785
0501460-TOPILEJOPINO,Carretera a Topilejo - Pino,19.224120000000006,-99.12182,05,6802
0501460-TOPIPANTXALPA,Carretera a Topilejo - Camino Panteón Xalpa,19.22093,-99.12333,05,6801
0501460-TOPICEDRAL,Carretera a Topilejo - Cedral,19.21866,-99.12465,05,6800
0501460-TOPIMONTESUR,Carretera a Topilejo - Monte Sur,19.21283,-99.12828,05,6799
0501460-TOPICDALUCA,Carretera a Topilejo - Cerrada I Luca,19.20973,-99.13048,05,6808
0501460-TOPILEJORASTR,Carretera a Topilejo - Av. del Rastro,19.20321,-99.13637,05,6797
0501460-MORELOSPROL,Av. Morelos - Prol. Morelos,19.20334,-99.1391,05,6796
0501460-MORELOSALLEN,Av. Morelos - Allende,19.20217,-99.1406,05,6795
0501460-MORELOSVGUE,Morelos - Vicente Guerrero,19.20118,-99.14167,05,6793
0501460-CRUZBLCAVMOR,Cruz Blanca - Av. Morelos,19.19996,-99.14649,05,6809
0501460-CRUZBLCPROL,Cruz Blanca - Prol. Cruz Blanca,19.19961,-99.1483,05,6810
0501460-CRZBLCTEJOCO,Cruz Blanca - Tejocotes,19.19998,-99.14885,05,6811
0501460-LASMARGARITA,Las Margaritas,19.20096,-99.14899,05,6812
0501460-CIMA3CDAPTE,Camino a la Cima - Tercera Cerrada Poniente,19.21169,-99.15461,05,6803
0501460-CIMACUERNAVA,Camino a la Cima - Carretera Federal a Cuernavaca,19.21225,-99.15602,05,6813
05145A1-EZCUAUHTEM,Emiliano Zapata - Cuauhtémoc,19.24929,-99.12366,05,6814
05145A1-EZCONSTITUC,Emiliano Zapata - Constitución,19.24929,-99.12187,05,6815
05145A1-EZCALLENVA,Emiliano Zapata - Calle Nueva,19.24925,-99.12007,05,6816
05145A1-XOCHEZAPATA,Carretera San Pablo-Xochimilco - Emiliano Zapata,19.24937000000001,-99.11894,05,6817
05145A1-XOCHCONSTITU,Carretera San Pablo-Xochimilco - Constitución,19.25183,-99.12013,05,6818
05145A1-XOCHRINCONAD,Carretera San Pablo Xochimilco - Unidad Habitacional Rinconada San Pablo,19.25429,-99.12138,05,6819
05145A1-XOCHAVXOCH,Carretera San Pablo-Xochimilco - Av. Xochimilco,19.25638,-99.12246,05,6820
05145A1-XOCHJACARAN,Carretera San Pablo-Xochimilco - Jacarandas,19.25701,-99.1228,05,6821
05145A1-ACUETOPILEJO,Acueducto - Carretera San Pablo-Topilejo,19.25918,-99.1239,05,6822
05145A1-ACUECNOSANTI,Acueducto - Camino viejo a Santiago,19.26059,-99.12574,05,6823
05145A1-ACUEFCETIS49,Acueducto - Frente a CETIS No. 49,19.26212,-99.12763,05,6824
05145A1-ACUEUHENCANT,Acueducto - Unidad Habitacional el Encanto,19.26545,-99.12784,05,6825
05145A1-ACUENORIA,Acueducto - La Noria,19.269070000000006,-99.1285,05,6826
05145A1-16SEPHIDALGO,16 de Septiembre - Hidalgo,19.27263,-99.13184,05,6827
05145A1-16SEPALDAMA,16 de Septiembre - Aldama,19.27621,-99.13297,05,6828
05145A1-16SEPNHEROES,16 de Septiembre - Niños Héroes,19.27935,-99.13527,05,6829
05145A1-16SEPASEOVIRG,16 de Septiembre - Paseo de la Virgen,19.28097,-99.13783,05,6830
05145A1-MXOCHPERIFERI,Calz. México Xochimilco - Periférico,19.28271,-99.13986,05,5382
05145A1-MXOCHSTACRUZ,Calz. México Xochimilco - Santa Cruz,19.28517,-99.14284,05,6831
05145A1-MXOCHKIOTO,Calz. México Xochimilco - Kioto,19.28749,-99.14557,05,6832
05145A1-MXOCHFOREST,Calz. México Xochimilco - Forestal,19.28923,-99.14769,05,6833
05145A1-MXOCHXOMALLI,Calz. México Xochimilco - Xomalli,19.29089,-99.14952,05,5078
05145A1-MXOCHENFERM,Calz. México-Xochimilco - Escuela de Enfermería UNAM,19.29217,-99.15102,05,6834
05145A1-MXOCHCNOREA,Calz. México-Xochimilco - Camino Real,19.29434,-99.15316,05,6835
05145A1-CMXOCHCTLAL,Calz. México-Xochimilco - Calz. de Tlalpan,19.29728,-99.15179,05,5074
05145A1-CTLALGTAHUIPU,Calz. de Tlalpan - Glorieta de Huipulco,19.29871,-99.15111,05,6836
05145A1-CTLALALEJAND,Calz. de Tlalpan - San Alejandro,19.30313,-99.14637,05,6837
05145A1-CTLALTLALMAN,Calz. de Tlalpan - Tlalmanalco,19.30558,-99.14458,05,6838
05145A1-CTLALVERGEL,Calz. de Tlalpan - Vergel,19.30746,-99.1432,05,6839
05145A1-CTLALPBJUARE,Calz. de Tlalpan - Plazuela Benito Juárez,19.30877000000001,-99.14226,05,6840
05145A1-CTLALESFUERZ,Calz. de Tlalpan - Esfuerzo,19.31081,-99.14143,05,6841
05145A1-CTLALTEXTITLA,Calz. de Tlalpan - Textitlan,19.31288,-99.14071,05,6842
05145A1-CTLALCALIZ,Calz. de Tlalpan - Caliz,19.31816,-99.1391,05,5090
05145A1-CTLALBJUAREZ,Calz. de Tlalpan - Benito Juárez,19.32154,-99.13799,05,6843
05145A1-CTLALNEZAHUA,Calz. de Tlalpan - Nezahualpilli,19.32382,-99.13831,05,6844
05145A1-CTLALMUSEO,Calz. de Tlalpan - Museo,19.32809,-99.13973,05,6845
05145A1-CTLALLANTEN,Calz. de Tlalpan - Llanten,19.33123,-99.14071,05,5080
05145A1-CTLALXOTEPIN,Calz. de Tlalpan - Xotepingo,19.33611,-99.1422,05,6846
05145A1-CTLALJACARAN,Calz. de Tlalpan - Jacarandas,19.33759,-99.14268,05,6847
05145A1-CTLALROSAS,Calz. de Tlalpan - Av. de las Rosas,19.3391,-99.14316,05,6848
05145A1-CTLALCANDELA,Calz. de Tlalpan - Candelaria,19.34128,-99.14379,05,6849
05145A1-CTLALPQANDRE,Calz. de Tlalpan - Parque San Andres,19.34591,-99.14497,05,5081
05145A1-CTLALIRLANDE,Calz. de Tlalpan - Mártires Irlandeses,19.34922000000001,-99.14572,05,6850
05145A1-CTLALPOPOCAT,Calz. de Tlalpan - Popocatepetl,19.35826,-99.14389,05,5102
05145A1-CTLALPIRINEOS,Calz. de Tlalpan - Pirineos,19.36165,-99.14317,05,6851
05145A1-CTLALEZAPATA,Calz. de Tlalpan - Emiliano Zapata,19.36456,-99.14268,05,6852
05145A1-CTLALMPOLIBR,Calz. de Tlalpan - Municipio Libre,19.36821,-99.1421,05,6853
05145A1-CTLALSTACRUZ,Calz. de Tlalpan - Santa Cruz,19.37033,-99.14176,05,6854
05145A1-CTLALSANSIMON,Calz. de Tlalpan - San Simon,19.37379,-99.14119,05,6855
05145A1-CTLALMALTRAT,Calz. de Tlalpan - Cumbres de Maltrata,19.37764,-99.14069,05,5100
05145A1-CTLALMNATIVIT,Calz. de Tlalpan - Metro Nativitas,19.37984,-99.14035,05,6856
05145A1-CTLALRMILLAN,Calz. de Tlalpan - Ramos Millan,19.38301,-99.13985,05,6857
05145A1-CTLALCLINIC10,Calz. de Tlalpan - Clínica 10,19.38667,-99.13927,05,6858
05145A1-CTLALAPOSTAL,Calz. de Tlalpan - Ahorro Postal,19.38843,-99.13904,05,6859
05145A1-CTLALUPOSTAL,Calz. de Tlalpan - Unión Postal,19.39092,-99.13867,05,6860
05145A1-CTLALXOLA,Calz. de Tlalpan - Xola,19.39515,-99.13804,05,6861
05145A1-CTLALCADIZ,Calz. de Tlalpan - Cadiz,19.39857,-99.13746,05,6862
05145A1-CTLALSEGOVIA,Calz. de Tlalpan - Segovia,19.40006,-99.1372,05,6863
05145A1-CABADTORIBIO,Calz. San Antonio Abad - Toribio Medina,19.40468,-99.13647,05,6864
05145A1-CABADHDEZDAV,Calz. San Antonio Abad - Hernández Davalos,19.40601,-99.13625,05,5083
05145A1-CABADTORQUE,Calz. San Antonio Abad -Torquemada,19.40843,-99.13592,05,6865
05145A1-CABADCUELLAR,Calz. San Antonio Abad - José Tomas Cuellar,19.41353,-99.13513,05,5082
05145A1-CABADMFLORE,Calz. San Antonio Abad - Manuel María Flores,19.41629,-99.13478,05,6866
05145A1-CABADLBOTURI,Calz. San Antonio Abad - Lorenzo Boturini,19.41815,-99.13441,05,6867
05145A1-CABADFLAMENC,Calz. San Antonio Abad - Flamencos,19.42465,-99.13328,05,6868
05145A1-SANJERONIMO,José María Pino Suarez - San Jerónimo,19.42659,-99.13303,05,6869
05145A0-EZ2ABRIL,C. C. Santiago Tepalcatlalpan - Emiliano Zapata y 2 de Abril,19.24921,-99.12485,05,6870
05145A0-EZCUAUHTEM,Emiliano Zapata - Cuauhtémoc,19.24919,-99.12365,05,6814
05145A0-EZCONSTITUCI,Emiliano Zapata - Constitución,19.24916,-99.12185,05,6815
05145A0-EZAPATACALLE,Emiliano Zapata - Calle Nueva,19.24913,-99.12008,05,6816
05145A0-PABLOTOPILEJO,Emiliano Zapata - Carretera San Pablo-Topilejo,19.24941,-99.11882,05,6817
05145A0-TOPILEJOREDEN,Carretera San Pablo-Topilejo - Rerención,19.25167,-99.11993,05,6818
05145A0-RIOTITLA,Antiguo Camino a Xochimilco - Rio Titla,19.25418,-99.1212,05,6819
05145A0-AVXOCHIMILCO,Antiguo Camino a Xochimilco - Av. Xochimilco,19.25878,-99.12346,05,6871
05145A0-ACUEDUCTO,Antiguo Camino a Xochimilco - Acueducto,19.25949,-99.12388,05,6822
05145A0-DVOCRUZAZUL,Antiguo Camino a Xochimilco - Deportivo Cruz Azul,19.26211,-99.12519,05,6872
05145A0-AVMEXICO,Antiguo Camino a Xochimilco - Av. México,19.26611,-99.1263,05,6873
05145A0-20NOVIEMBRE,Antiguo Camino a Xochimilco - 20 de Noviembre,19.26836,-99.1273,05,6874
05145A0-HIDALGO,Guadalupe Inclan Ramírez - Hidalgo,19.27237,-99.13122,05,6875
05145A0-RETANA,Guadalupe Inclan Ramírez - Retana,19.27647,-99.13248,05,6876
05145A0-NINOSHEROES,Guadalupe Inclan Ramírez - Niños Héroes,19.2805,-99.13484,05,6877
05145A0-PERIFERICO,Guadalupe Inclan Ramírez - Periférico,19.28195,-99.13854,05,6878
05145A0-TRANSMISIONES,Calz. México-Xochimilco - Transmisiones,19.28362000000001,-99.14037,05,6879
05145A0-FCOLIERE,Calz. México-Xochimilco - Frente a Coliere,19.28696,-99.14434,05,6880
05145A0-XOMALLI,Calz. México Xochimilco - Xomalli,19.28915,-99.14692,05,5086
05145A0-ARENAL,Acueducto - Arenal,19.29402,-99.15053,05,6881
05145A0-SANJUANDIOS,Acueducto - San Juan de Dios,19.29687,-99.15048,05,6882
05145A0-CALZTLALBOSC,Calz. de Tlalpan - Don Juan Bosco,19.29818,-99.15036,05,6408
05145A0-CALZTLALACOX,Calz. de Tlalpan - Calz. Acoxpa,19.30104,-99.14719,05,6407
05145A0-CALZTLALTLAL,Calz. de Tlalpan - Tlalmanalco,19.30504,-99.14422,05,6883
05145A0-CALZTLALVIAT,Calz. de Tlalpan - Viaducto Tlalpan,19.30711,-99.14274,05,6884
05145A0-CALZTLALHUES,Calz. de Tlalpan - Calz. del Hueso,19.30928,-99.1413,05,6885
05145A0-CALZTLALTEXTI,Calz. de Tlalpan - Textitlan,19.31255,-99.14022,05,6886
05145A0-CALZTLAL3000,Calz. de Tlalpan - Tlalpan 3000 Televisa Radio,19.31582,-99.13906,05,6887
05145A0-CALZTLALDNTE,Calz. de Tlalpan - División del Norte,19.318,-99.13839,05,6888
05145A0-CALZTLALTEZOZ,Calz. de Tlalpan - Tezozomoc,19.32305,-99.13772,05,6194
05145A0-CALZTLALXOTE,Calz. de Tlalpan - Xotepingo,19.327720000000006,-99.13919,05,6889
05145A0-CALZTLALVIRGE,Calz. de Tlalpan - La Virgen,19.33207,-99.14054,05,6890
05145A0-CALZTLALR814,Calz. de Tlalpan - Retorno 814,19.33557,-99.14159,05,6197
05145A0-CALZTLALGALVE,Calz. de Tlalpan - Dr. Galvez y Fuentes,19.33742,-99.14215,05,6891
05145A0-CALZTLALTORRE,Calz. de Tlalpan - Las Torres,19.34057,-99.14312,05,6892
05145A0-CALZTLALPATIN,Calz. de Tlalpan - Patinadores,19.34825,-99.14501,05,6893
05145A0-CALZTLALANAYA,Calz. de Tlalpan - Metro General Anaya,19.35276,-99.14494,05,6894
05145A0-CALZTLALCHURU,Calz. de Tlalpan - Av. Río Churubusco,19.35596,-99.14399,05,6895
05145A0-CALZTLALEJE8S,Calz. de Tlalpan - Eje 8 Sur Calz. Ermita - Iztapalapa,19.35978,-99.14306,05,6896
05145A0-CALZTLALERMIT,Calz. de Tlalpan - Metro Ermita,19.36112,-99.14286,05,6897
05145A0-CALZTLALZAPAT,Calz. de Tlalpan - Zapata,19.36406,-99.14232,05,6898
05145A0-CALZTLALMPOL,Calz. de Tlalpan - Municipio Libre,19.36785,-99.14167,05,6899
05145A0-CALZTLALPORTA,Calz. de Tlalpan - Metro Portales,19.36979,-99.14136,05,6900
05145A0-CALZTLALNORM,Calz. de Tlalpan - Normandia,19.37467,-99.14066,05,6901
05145A0-CALZTLALMORE,Calz. de Tlalpan - Morelos,19.37695,-99.14032,05,6902
05145A0-CALZTLALNATIV,Calz. de Tlalpan - Metro Nativitas,19.37952,-99.14002,05,6856
05145A0-CALZTLALREFUG,Calz. de Tlalpan - Refugio,19.38624,-99.13898,05,6903
05145A0-CALZTLALCORT,Calz. de Tlalpan - Metro Villa de Cortes,19.3876,-99.13882,05,6904
05145A0-CALZTLALSANTI,Calz. de Tlalpan - Santiago,19.39159,-99.13816,05,6905
05145A0-CALZTLALXOLA,Calz. de Tlalpan - Metro Xola,19.39498,-99.13769,05,6861
05145A0-CALZTLALVIADU,Calz. de Tlalpan - Viaducto,19.40084,-99.13675,05,5071
05145A0-CALZABADCHAB,Calz. San Antonio Abad - Calz. Chabacano,19.40863,-99.13547,05,6906
05145A0-CALZABADCUELL,Calz. San Antonio Abad - José Tomas Cuellar,19.41297,-99.13484,05,5082
05145A0-CALZABAD,Calz. San Antonio Abad - Metro San Antonio Abad,19.41595,-99.13441,05,6907
05145A0-20NOVJMIZAZAG,20 de Noviembre - José María Izazaga,19.42589,-99.13425,05,6908
05145A0-CCREPSALVAD,C. C. República del Salvador - José María Pino Suarez y Mesones,19.42905,-99.13267,05,6909
0501451-ELCONEJO,El Conejo,19.21755,-99.11896,05,6910
0501451-TLALNECEDRAL,Carretera San Fco. Tlalnepantla - Cedral,19.20853,-99.12131,05,6911
0501451-TLALNMTESUR,Carretera San Fco. Tlalnepantla - Monte Sur,19.20462,-99.12247,05,6912
0501451-TLALAYUNTA,Carretera San Fco. Tlalneplanta - Ayuntamiento,19.20192,-99.12244,05,6913
0501451-AYUNTA16SEP,Ayuntamiento - 16 de Septiembre,19.19836,-99.1229,05,6914
0501451-16SEPHUEXTLA,16 de Septiembre - Cerrada Huextlalpan,19.19929,-99.12726,05,6915
0501451-16SEPTORRES,16 de Septiembre - Las Torres,19.20081,-99.12946,05,6916
0501451-PROL16SEPEZAP,Prol. 16 de Septiembre - Emiliano Zapata,19.20191,-99.12942,05,6917
0501450-XOCHCONEJO,Carretera Xochimilco-San Pablo - El Conejo,19.21755,-99.11891,05,6910
0501450-CONSTCEDRAL,Constitución - Cedral,19.20852,-99.12128,05,6911
0501450-CONSTLACRUZ,Constitución - La Cruz,19.20423,-99.12242,05,6912
0501450-CONSTPRIV,Constitución - Priv. Constitución,19.20205,-99.12238,05,6913
0501450-CONSTPROGRE,Constitución -Progreso,19.20057000000001,-99.12267,05,6918
0501450-16SEPCONSTITU,16 de Septiembre - Constitución,19.19832,-99.12233,05,6919
0501450-16SEPAYUNTAM,16 de Septiembre - Ayuntamiento,19.19832,-99.12302,05,6914
0501450-16SEP3CDACUAU,16 de Septiembre - Tercera Cerrada de Cuauhtémoc,19.19849,-99.12532,05,6920
0501450-16SEP1CDAPROL,16 de Septiembre - Primera Cerrada Prol. 16 de Septiembre,19.19932,-99.12755,05,6915
0501450-16SEPTORRES,16 de Septiembre - Las Torres,19.20078,-99.12957,05,6916
0501450-PROL16SEPEZAP,Prolongación 16 de Septiembre - Emiliano Zapata,19.20193,-99.12957,05,6917
05144C1-JMMNHEROES,José María Morelos - Niños Héroes,19.19006,-99.08184,05,6921
05144C1-JMMCDABA,José María Morelos - Cerrada Abasolo,19.18947,-99.08012,05,6922
05144C1-AVFABFLCDABA,Av. Fabián Flores - Cerrada Abasolo,19.18938,-99.08018,05,6922
05144C1-AVFABFLPRIVFF,Av. Fabián Flores - Priv. Fabián Flores,19.18897,-99.07876,05,6923
05144C1-AVFABFLPROGR,Av. Fabián Flores - Progreso,19.1845,-99.06885,05,6924
05144C1-AVFABFLAZIMBR,Av. Fabián Flores - Ángel Zimbron,19.18465,-99.06651,05,6925
05144C1-AVFABFLVCARRA,Av. Fabián Flores - Venustiano Carranza,19.18416,-99.06435,05,6926
05144C1-AVFABFLPROLIZ,Av. Fabián Flores - Prol. Ignacio Zaragoza,19.18539,-99.06246,05,6927
05144C1-CUAUCBPABLO,Cuauhtémoc - C. B. San Pablo,19.1905,-99.05223,05,6928
05144C1-CUAUPROLNH2,Cuauhtémoc - Prol. Niños Héroes 2,19.19056,-99.05091,05,6929
05144C1-CUAUHPROLNH,Cuauhtémoc - Prol. Niños Héroes,19.19182,-99.05042,05,6930
05144C1-CUAUHCIRUELO,Cuauhtémoc - Calle Ciruelos,19.19384,-99.0514,05,6931
05144C1-CUAUHF319,Cuauhtémoc - Frente a No. 319,19.19517,-99.05103,05,6932
05144C1-CUAUHAPROLNH,Cuauhtémoc - Antes de Prol. Niños Héroes,19.19542,-99.04929,05,6933
05144C1-CUAUHEZAPAT,Cuauhtémoc - Emiliano Zapata,19.1966,-99.04958,05,6934
05144C1-CUAUHCJONCU,Cuauhtémoc - Callejón Cuauhtémoc,19.19801,-99.04982,05,6935
05144C1-JSIERRACUAUH,Justo Sierra - Cuauhtémoc,19.20052,-99.04968,05,6936
05144C1-JSIERRAMOCTE,Justo Sierra - Moctezuma,19.20055,-99.05139,05,6937
05144C1-ATZACJSIERRA,Atzacayatl - Justo Sierra,19.20077,-99.05298,05,6938
05144C1-ZARAGOATZACA,Zaragoza - Atzacayatl,19.2035,-99.05144,05,6939
05144C1-AVMHGOCUAUH,Av. Miguel Hidalgo - Cuauhtémoc,19.20342,-99.0494,05,6940
05144C0-JMMGUATEMA,José María Morelos - Guatemala,19.19262,-99.09158,05,6941
05144C0-JMMORELOSCJO,José María Morelos - Callejon Morelos,19.19204,-99.0881,05,6942
05144C0-CUAUTENTEPE,C. C. San Salvador Cuauhtenco - José María Morelos-Tepecuentech,19.18999,-99.0819,05,6921
05144C0-AVFABFLJORTIZ,Av. Fabián Flores - Josefa Ortiz de Domínguez,19.18784,-99.07682,05,6943
05144C0-AVFABFLEZAPAT,Av. Fabián Flores - Emiliano Zapata,19.18642,-99.07364,05,6944
05144C0-AVFABFLPROGR,Av. Fabián Flores - Progreso,19.18433,-99.06908,05,6924
05144C0-AVFABFLAZIMBR,Av. Fabián Flores - Ángel Zimbron,19.18465,-99.06702,05,6945
05144C0-AVFABFLVCARRA,Av. Fabián Flores - Venustiano Carranza,19.18394,-99.06524,05,6946
05144C0-AVFABFLIZARAG,Av. Fabián Flores - Prol. Ignacio Zaragoza,19.18534,-99.06249,05,6927
05144C0-CUAUPVILLPABL,Cuauhtémoc - Pasando Villa San Pablo,19.18428,-99.05283,05,6947
05144C0-CUAUSANPABL,Cuauhtémoc - San Pablo,19.18691,-99.05138,05,6948
05144C0-CUAUHTEMOC,Cuauhtémoc,19.18737,-99.05143,05,6949
05144C0-CUAUVILLACANE,Cuauhtémoc - Villa Canelin,19.19088,-99.05262,05,6950
05144C0-CUAUCIRUELO,Cuauhtémoc - Calle Ciruelos,19.19400000000001,-99.05169,05,6931
05144C0-CUAUPPROLNH,Cuauhtémoc - Pasando Prol. Niños Héroes,19.19502,-99.05022,05,6951
05144C0-CUAUPROLNHE,Cuauhtémoc - Prol. Niños Héroes,19.19652,-99.04949,05,6934
05144C0-CUAUCJONNHER,Cuauhtémoc - Callejón Niños Héroes,19.19746,-99.04959,05,6952
05144C0-CUAUEZAPATA,Cuauhtémoc - Emiliano Zapata,19.1981,-99.04973,05,6935
05144C0-CUAUJSIERRA,Cuauhtémoc - Justo Sierra,19.20037,-99.04957,05,6936
05144C0-JSIERRAQUETZ,Justo Sierra - Quetzalcoatl,19.20046,-99.04885,05,6953
05144C0-QUETZALMOREL,Quetzalcoatl - Morelos,19.20177,-99.04851,05,6954
05144C0-CUAUAVHGO,Cuauhtémoc - Av. Hidalgo,19.20338,-99.04934,05,6940
05144C0-AVMHGOHEROE,Av. Miguel Hidalgo - Niños Héroes,19.20338,-99.04787,05,6955
0501440-HILUSNECAXA,Hombres Ilustres - Necaxa,19.218020000000006,-99.09735,05,6956
0501440-GPEINFONAVIT,Guadalupe Inclan Ramírez - Unidad Infonavit,19.24633,-99.10733,05,6957
0501440-GPEIRIOSANLU,Guadalupe Inclan Ramírez - Río San Lucas,19.24418,-99.10821,05,6958
0501440-GPEIMTEMOTE,Guadalupe Inclan Ramírez - Monte Morelos Oriente,19.24279,-99.11137,05,6959
0501440-GPEIMONTECAL,Guadalupe Inclan Ramírez - Monte Calvario,19.24119,-99.11254,05,6960
0501440-XOCHINCLAN,Carretera Xochimilco-San Pablo - Guadalupe Inclan Ramírez,19.23976,-99.11402,05,6961
0501440-PROLHGODURZ,Prol. Hidalgo - Duraznos,19.23648,-99.11619,05,6962
0501440-PROLHGOMOR,Prol. Hidalgo - Morelos,19.23515,-99.11902,05,6963
0501440-AVMHGOPINAPA,Av. Miguel Hidalgo - PiNa y Palacios,19.23476,-99.11988,05,6964
0501440-AVMHGONICOBR,Av. Miguel Hidalgo - Nicolas Bravo,19.23392,-99.11972,05,6965
0501440-AVMHGOHEROE,Av. Miguel Hidalgo - Niños Héroes,19.23219,-99.11935,05,6966
0501440-AVMHGOIZARAG,Av. Miguel Hidalgo - Ignacio Zaragoza,19.22997,-99.11891,05,6967
0501440-XOCHTOPILEJO,Carretera Xochimilco-San Pablo - Carretera a Topilejo,19.22803,-99.11907,05,6785
0501440-XOCHVEREDA,Carretera Xochimilco-San Pablo - La Vereda,19.22539,-99.11913,05,6968
0501440-XOCHFRESNO,Carretera Xochimilco-San Pablo - Fresno,19.22178,-99.11901,05,6969
0501440-XOCHPROLCED,Carretera Xochimilco-San Pablo - Prol. Cedro,19.22077,-99.11896,05,6970
0501440-XOCHCONEJO,Carretera Xochimilco-San Pablo - El Conejo,19.21755,-99.11886,05,6910
0501440-XOCHCEDRO,Carretera Xochimilco-San Pablo - Cedro,19.21708,-99.11511,05,6971
0501440-XOCHAHUACA,Carretera Xochimilco-San Pablo - Ahuacayucan,19.21903,-99.1128,05,6972
0501440-XOCHPROGRES,Carretera Xochimilco-San Pablo - Progreso,19.2216,-99.11172,05,6786
0501440-XOCHCUAUHTE,Carretera Xochimilco-San Pablo - Cuauhtémoc,19.22369,-99.11065,05,6973
0501440-IALLBJUAREZ,Ignacio Allende - Benito Juárez,19.22416,-99.10864,05,6974
0501440-IALLENVGUER,Ignacio Allende - Vicente Guerrero,19.22423,-99.10651,05,6975
0501440-VGUERTLACOM,Vicente Guerrero - Tlacomulco,19.22362,-99.10516,05,6976
0501440-HILUSROSAS,Hombres Ilustres - Las Rosas,19.21979,-99.10272,05,6977
0501440-HILUSPOZO,Hombres Ilustres - El Pozo,19.21968,-99.10065,05,6978
0501440-HILUSCDAHILUS,Hombres Ilustres - Cerrada de Hombres Ilustres,19.2205,-99.1003,05,6979
0501440-HILUSFCOSARAB,Hombres Ilustres - Francisco Sarabia,19.22106,-99.10009,05,6980
0501440-HILUSCNOSTACE,Hombres Ilustres - Camino a Santa Cecilia,19.22085,-99.09778,05,6981
0501440-HILUSILUSTRE2,Hombres Ilustres - Lucerna 2 ,19.20982,-99.09711,05,6982
0501440-HILUSLUSTR,Hombres Ilustres - Lucerna ,19.20855,-99.09715,05,6983
0501440-XOCHTANQUE,Carretera Xochimilco-San Pablo - El Tanque,19.20681,-99.10001,05,6984
0501440-XOCHCNOREAL,Carretera Xochimilco-San Pablo - Camino Real  ,19.20458,-99.10184,05,6985
0501440-XOCHCAJON,Carretera Xochimilco-San Pablo - El Cajon,19.20159,-99.1021,05,6986
0501440-JMMF350,José María Morelos - Frente a No. 350,19.19936,-99.10428,05,6987
0501440-JMMACACHINA,José María Morelos - Acachinamic,19.19788,-99.10064,05,6988
0501440-JMMF300,José María Morelos - Frente a No. 300,19.19992,-99.09774,05,6989
0501440-JMMTEPECUENT,José María Morelos - Tepecuentech,19.19458,-99.09573,05,6990
0501440-JMMGUATEMAL,José María Morelos - Guatemala,19.19396,-99.09331,05,6991
0501440-JMMJALAPA,José María Morelos - Jalapa,19.19226,-99.08892,05,6992
0501440-JMMCJONMORE,José María Morelos - Cjon. Morelos,19.191370000000006,-99.08589,05,6993
0501440-JMMABASOLO,José María Morelos - Abasolo,19.19072,-99.08419,05,6994
0501440-AVFABFPRIV,Av. Fabián Flores - Priv. Fabián Flores,19.18994,-99.08183,05,6921
0501440-AVFABFBJUARE,Av. Fabián Flores - Benito Juárez,19.18935,-99.08008,05,6922
0501440-AVFABFJORTIZD,Av. Fabián Flores - Josefa Ortiz de Domínguez,19.18832,-99.07762,05,6995
0501440-AVFABFABASOLO,Av. Fabián Flores - Abasolo,19.187520000000006,-99.07615,05,6996
0501440-AVFABFZAPATA,Av. Fabián Flores - Emiliano Zapata,19.18701,-99.07512,05,6997
0501440-AVFABFGUERRE,Av. Fabián Flores - Guerrero,19.18522,-99.07087,05,6998
0501441-16SEPTIMADERO,16 de Septiembre - Francisco I. Madero,19.26149,-99.10373,05,6999
0501441-16SEPTLOVELIA,16 de Septiembre - Lobelia,19.25166,-99.10583,05,4865
0501441-PROL16CNONATI,Prolongación 16 de Septiembre - Camino a Nativitas,19.25557,-99.10504,05,7000
0501441-GPEIPROL16SEP,Guadalupe Inclan Ramírez - Prol. 16 de Septiembre,19.2497,-99.10634,05,7001
0501441-GPEINFONAVIT,Guadalupe Inclan Ramírez - Unidad Infonavit,19.24631,-99.10728,05,6957
0501441-GPEIMTEMOTE,Guadalupe Inclan Ramírez - Monte Morelos Oriente,19.24275,-99.11133,05,6959
0501441-GPEIRIOSANLUC,Guadalupe Inclan Ramírez - Río San Lucas,19.24413,-99.10818,05,6958
0501441-GPEIMONTECAL,Guadalupe Inclan Ramírez - Monte Calvario,19.2409,-99.11246,05,6960
0501441-XOCHINCLAN,Carretera Xochimilco-San Pablo - Guadalupe Inclan Ramírez,19.23984,-99.114,05,6961
0501441-PROLHGODURAZ,Prol. Hidalgo - Duraznos,19.23486,-99.11983,05,6964
0501441-JMMPROLHGO,José María Morelos - Prol. Hidalgo,19.23504,-99.11897,05,6963
0501441-JMMCDAMOREL,José María Morelos - Cerrada Morelos,19.22924,-99.1179,05,7002
0501441-JMMIZARAGOZA,José María Morelos - Ignacio Zaragoza,19.22995,-99.11795,05,7003
0501441-JMMHEROES,José María Morelos - Niños Héroes,19.23224,-99.11842,05,7004
0501441-JMMORELOS,José María Morelos - Av. Morelos,19.22824,-99.11898,05,6784
0501441-JMMVEREDA,José María Morelos - La Vereda,19.22538,-99.11901,05,6968
0501441-XOCHFRESNO,Carretera Xochimilco-San Pablo - Fresno,19.22178,-99.11891,05,6969
0501441-XOCHCONEJO,Carretera Xochimilco-San Pablo - El Conejo,19.21755,-99.1188,05,6910
0501441-XOCHPROLCEDR,Carretera Xochimilco-San Pablo - Prol. Cedro,19.22076,-99.11887,05,6970
0501441-XOCHCEDRO,Carretera Xochimilco-San Pablo - Cedro,19.21717,-99.11512,05,6971
0501441-XOCHPROGRES,Carretera Xochimilco-San Pablo - Progreso,19.22291,-99.1113,05,7005
0501441-IALLCUAUHTEM,Ignacio Allende - Cuauhtémoc,19.22407,-99.11015,05,7006
0501441-IALLTLACOMULC,Ignacio Allende - Tlacomulco,19.22375,-99.10516,05,6976
0501441-IALLBJUAREZ,Ignacio Allende - Benito Juárez,19.22441,-99.1083,05,6974
0501441-VGUERRERO,Vicente Guerrero - Prol. Vicente Guerrero,19.21986,-99.10263,05,6977
0501441-HILUSGRANJAS,Hombres Ilustres - Las Granjas,19.21979,-99.10084,05,6978
0501441-HILUSFCOSARAB,Hobres Ilustres - Francisco Sarabia,19.22106,-99.10023,05,6980
0501441-HILUSJAGUEY,Hombres Ilustres - EL Jaguey,19.21804,-99.09738,05,6956
0501441-HILUSAGUASPO,Hombres Ilustres - Aguas Potables,19.22033,-99.09753,05,7007
0501441-HILUSVGUERRE,Hombres Ilustres - Vicente Guerrero,19.22206,-99.09916,05,6770
0501441-HILUS387,Hombres Ilustres - Frente a No. 387,19.21747,-99.09635,05,6771
0501441-HILUSLUCERN2,Hombres Ilustres - Lucerna 2,19.20851,-99.09713,05,6983
0501441-HILUSLUCERNSU,Hombres Ilustres - Lucerna Sur,19.2099,-99.09696,05,6982
0501441-HILUSLUCERNA,Hombres Ilustres - Lucerna,19.20672,-99.09794,05,7008
0501441-XOCHTANQUE,Carretera Xochimilco-San Pablo - El Tanque,19.20681,-99.09997,05,6984
0501441-XOCHCNOREAL,Carretera Xochimilco-San Pablo - Camino Real,19.20455,-99.10173,05,6985
0501441-XOCHCAJON,Carretera Xochimilco-San Pablo - El Cajon,19.20159,-99.102,05,6986
0501441-PROLJMM350,Prol. José María Morelos-Frente a No. 350,19.19932,-99.10425,05,6987
0501441-PROLJMMACACH,Prol. José María Morelos-Acachinamic,19.19806,-99.10064,05,6988
0501441-PROLJMM300,Prol. José María Morelos-Frente a No. 300,19.20007,-99.09771,05,6989
0501441-AVJMMOTRIQU,Av. José María Morelos-Otriquisco,19.19396,-99.09324,05,6991
0501441-AVJMMTEPECU,Av. José María Morelos-Tepecuentech,19.19464,-99.09566,05,6990
0501441-AVJMMEZAPATA,Av. José María Morelos-Emiliano Zapata,19.19272,-99.09157,05,6941
0501441-AVJMMCUAUTE,Av. José María Morelos-Cuautepec,19.18991,-99.08137,05,7009
0501441-AVJMMFRONTE,Av. José María Morelos-Frontera,19.19027,-99.08261,05,7010
0501441-AVJMMVCARRAN,Av. José María Morelos-Venustiano Carranza,19.19098,-99.08473,05,7011
0501441-AVJMMFMOCA,Av. José María Morelos-Fernando Montes de Oca,19.19165,-99.08664,05,7012
0501441-AVJMMJALAPA,Av. José María Morelos-Jalapa,19.1923,-99.08894,05,6992
0501441-AVFABFBJUAREZ,Av. Fabián Flores-Benito Juárez,19.18945,-99.08008,05,6922
0501441-AVFABFMONTEA,Av. Fabián Flores-Monte Alegre,19.189,-99.0789,05,6923
0501441-AVFABFGUERRE,Av. Fabián Flores-Guerrero,19.18525,-99.07082,05,6998
0501441-AVFABFGALEAN,Av. Fabián Flores y Galeana,19.18573,-99.07173,05,7013
0501441-AVFABFEZAPAT,Av. Fabián Flores-Emiliano Zapata,19.18712,-99.07504,05,6997
0501441-AVFABFABASOL,Av. Fabián Flores-Abasolo,19.18757,-99.07611,05,6996
0501441-AVFABFJORTIZ,Av. Fabián Flores y Josefa Ortiz de Domínguez,19.18835,-99.07757,05,6995
0501441-CJONFABFLORE,Av. Fabián Flores y Callejón Fabián Flores,19.1844,-99.06987,05,7014
0501431-CALZTASQUEN,Calz. Tasqueña,19.341,-99.13758,05,7015
0501431-TEPONAXTLE,Teponaxtle,19.34011,-99.13749,05,7016
0501431-GALVEZFTES,Galvez y Fuentes,19.33666,-99.13715,05,7017
0501431-CASTELLANOS,Castellanos Quinto,19.33468,-99.13712,05,7018
0501431-CALZVIRGEN,Calz. La Virgen,19.33058,-99.13706,05,7019
0501431-XOTEPINGO,Xotepingo,19.32865,-99.13712,05,7020
0501431-RNO69,Retorno 69,19.32572,-99.13662,05,7021
0501431-CALLE9,Calle 9,19.32321,-99.13467,05,7022
0501431-ALDEBARAN,Aldebaran,19.3214,-99.13335,05,7023
0501431-MARTRANQUILI,Mar de la Tranquilidad,19.31846,-99.13071,05,7024
0501431-TZINNIAS,Tzinnias,19.31613,-99.12582,05,7025
0501431-CALZBOMBAS,Calz. de las Bombas,19.31138,-99.12412,05,5113
0501431-RANCHOMANT,Rancho Mante,19.30788,-99.12439,05,7026
0501431-CALZHUESO,Calz. del Hueso,19.30431,-99.12472,05,7027
0501431-MONZA,Monza,19.30035,-99.1251,05,5115
0501431-CANNES,Cannes,19.29734,-99.12537,05,7028
0501431-COAPLAZA,Coaplaza,19.29591,-99.12549,05,7029
0501431-CALZACOXPA,Calz. Acoxpa,19.29307,-99.12574,05,6446
0501431-CANTARO,El Cantaro,19.2903,-99.126,05,5117
0501431-CARRETA,La Carreta,19.28882,-99.12619,05,7030
0501431-DIVISIONTE,División del Norte,19.28703,-99.12706,05,7031
0501431-VAQUERITOS,Plaza Vaqueritos y San Lorenzo,19.28467,-99.12818,05,7032
0501431-FPEANGELES,Felipe Ángeles,19.27915,-99.12309,05,7033
0501431-PLANORIA,Plan de la Noria,19.27687,-99.12182,05,5498
0501431-AVNORIA,Av. de la Noria y Preparatoria 1,19.27406,-99.12018,05,5140
0501431-ALCANFORES,Alcanfores,19.2695,-99.11756,05,7034
0501431-GPEINCLANRZ,Guadalupe Inclan Ramirez,19.26642,-99.1158,05,4856
0501431-AVMX,Av. México,19.26455,-99.11472,05,5529
0501431-20NOVIEMBRE,20 de Noviembre,19.26183,-99.11312,05,5528
0501431-REDENCION,Redención,19.25763,-99.11069,05,5527
0501431-DVOXOCHIMIL,Deportivo Xochimilco,19.25667,-99.1097,05,7035
0501431-PROL16SEPTIEM,Prolongación 16 de Septiembre,19.25539,-99.10541,05,7000
0501431-ACUEDUCTO,Acueducto,19.24905,-99.05793,05,7036
0501431-CARROAXTE2,Carretera a Oaxtepec 2,19.24697,-99.05663,05,7037
0501431-FRENTE39,Frente a No. 39,19.24144,-99.05451,05,7038
0501431-HERRADURA,Herradura,19.23595,-99.05429,05,7039
0501431-KM175,Km 17.5,19.21649,-99.05026,05,7040
0501431-CUITLAHUAC,Cuitlahuac,19.21325,-99.04876,05,7041
0501431-AVHIDALGO,Av. Hidalgo,19.20352,-99.04785,05,6955
0501431-TLALOC,Tlaloc,19.20333,-99.04721,05,7042
0501431-CARROAXTE,Carretera a Oaxtepec,19.203470000000006,-99.0404,05,7043
0501431-AVNVOLEONPTE,Av. Nuevo León Poniente,19.19703,-99.02962,05,7044
0501431-TLAXCALA,Tlaxcala,19.19694,-99.02777,05,7045
0501431-MXNTE,México Norte,19.19654,-99.02358,05,7046
0501430-CETRAMTASQUE,Cetram Tasqueña Anden B,19.34462000000001,-99.1389,05,7047
0501430-CALZTASQUENA,Calz. Tasqueña,19.34091,-99.13727,05,7015
0501430-AV3,Av. 3,19.33583,-99.1368,05,7048
0501430-MARCOSHPUL,Marcos H. Pulido,19.33325,-99.13676,05,7049
0501430-CALZVIRGEN,Calz. de la Virgen,19.32954,-99.13671,05,7050
0501430-RETORNO50,Retorno 50,19.32552,-99.13604,05,7051
0501430-TENOCH,Tenoch,19.32312,-99.13424,05,7022
0501430-ALDEBARAN,Aldebaran,19.32119,-99.13273,05,7052
0501430-CIRUELOS,Ciruelos,19.31871,-99.13028,05,7053
0501430-RAMONARRIAG,Ramón Arriaga,19.31695,-99.12671,05,7054
0501430-ENAVALMILITAR,Escuela Naval Militar,19.315,-99.12427,05,4863
0501430-CALZBOMBAS,Claz. de las Bombas,19.31107,-99.12382,05,5113
0501430-ALAMEDASUR,Alameda Sur,19.30953,-99.12398,05,7055
0501430-RANCHOVISTA,Rancho Vista Hermosa,19.30685,-99.12422,05,7056
0501430-CALZHUESO,Calz. del Hueso,19.3037,-99.12451,05,7057
0501430-PARMA,Parma,19.3023,-99.12461,05,7058
0501430-SIENA,Siena,19.30012,-99.12484,05,5115
0501430-ABREVADERO,Abrevadero,19.29665,-99.12513,05,7059
0501430-COAPLAZA,Coaplaza,19.29556,-99.1252,05,4858
0501430-LAVEREDA,La Vereda,19.29108,-99.12562,05,7060
0501430-ELFAROL,El Farol,19.28821,-99.12593,05,7061
0501430-VAQUERITOS,Plaza Vaqueritos,19.28513,-99.12405,05,7062
0501430-VILLAYALA,Villa de Ayala,19.27925,-99.12287,05,7033
0501430-PLANORIA,Plan de la Noria y  Preparatoria 1,19.27689,-99.1215,05,5498
0501430-AVNORIA,Av. de la Noria,19.27386,-99.11977,05,5140
0501430-UINFO5234,Unidad Infonavit frente a No. 5234,19.27068,-99.11792,05,7063
0501430-GPEINLCANRAM,Guadalupe Inclan Ramírez,19.26577,-99.1151,05,5122
0501430-AVMX,Av. México,19.26442,-99.11432,05,7064
0501430-CUAUHTEMOC,Cuauhtémoc,19.2611,-99.11241,05,7065
0501430-GLADIOLAS,Gladiolas,19.25664,-99.10852,05,5526
0501430-RCASTILLO,Ramírez Castillo,19.25622000000001,-99.10717,05,4864
0501430-LOPEZMATEOS,Lopez Mateos,19.25529,-99.0653,05,5135
0501430-AVMXPTE,Av. México Poniente,19.25332,-99.06182,05,5133
0501430-LCARDENAS,Lazaro Cardenas,19.24999,-99.05849,05,7066
0501430-ACUEDUCTO,Acueducto,19.24929,-99.05666,05,5134
0501430-CARROAX3,Carretera a Oaxtepec 3,19.24878,-99.05678,05,5134
0501430-SANTUARIO,Santuario,19.24332,-99.05371,05,7067
0501430-LAHERRADURA,La Herradura,19.24138,-99.05439,05,7038
0501430-KM175,Km 17.5,19.2167,-99.0502,05,7040
0501430-HERRADURA,Herradura,19.21107,-99.048,05,7068
0501430-CARROAXT2,Carretera a Oaxtepec 2,19.20904,-99.04731,05,7069
0501430-FRAYBCASAS,Fray Bartolome de las Casas,19.20411,-99.04763,05,7070
0501430-NINOSHEROES,Niños Héroes,19.20346,-99.04763,05,6955
0501430-TLALOC,Tlaloc,19.20341,-99.04661,05,7071
0501430-CDAHGO,Cerrada Hidalgo,19.20339,-99.04325,05,7072
0501430-CARROAXTEPEC,Carretera a Oaxtepec,19.2038,-99.03998,05,7073
0501430-JALISCO,Jalisco,19.19824,-99.03426,05,7074
0501430-NVOLEONPUEB,Av. Nuevo León y Av. Puebla Poniente,19.19718,-99.02979,05,7044
0501430-TLAXCALA,Tlaxcala,19.19711,-99.02771,05,7045
0501430-AGUASCALIEN,Aguascalientes,19.19678,-99.02498,05,7075
0501420-MIGUELHGO,Miguel Hidalgo,19.25616,-99.01418,05,7076
0501420-ALVAROBREGO,Álvaro Obregon,19.25699,-99.01731,05,7077
0501420-MAISABELALE,María Isable Alegría,19.25828,-99.02265,05,7078
0501420-QUIRINOMEND,Quirino Mendoza,19.25979,-99.02873,05,7079
0501420-ACUEXCOMATL2,Acuexcomatl 2,19.25974,-99.03129,05,7080
0501420-ACUEXCOMATL,Acuexcomatl,19.25868,-99.03471,05,7081
0501420-HORTICULTOR,Horticultor,19.25842,-99.03559,05,7082
0501420-FLORICULTOR,Floricultor,19.25795,-99.03716,05,7083
0501420-LCARDENAS,Lazaro Cardenas,19.25702,-99.04035,05,7084
0501420-CUACONTLE,Cuacontle,19.2563,-99.04276,05,7085
0501420-ATLAPULCO,Atlapulco,19.25532,-99.04608,05,7086
0501420-CALVARIO,Calvario,19.25464,-99.04973,05,7087
0501420-AVCUAUHTEMO,Av. Cuauhtémoc,19.25533,-99.05584,05,7088
0501420-AMELGAR,Agustín Melgar,19.25591,-99.06099,05,7089
0501420-GVODIAZORDAZ,Gustavo Díaz Ordaz,19.25566,-99.06485,05,7090
0501420-LAGALLERA,La Gallera,19.25225,-99.06994,05,7091
0501420-CUAUHTEMOC2,Cuauhtémoc 2,19.25014,-99.07117,05,7092
0501420-IZARAGOZA,Ignacio Zaragoza,19.2478,-99.07311,05,7093
0501420-PEDROBENAVI,Pedro Benavides,19.24658,-99.07557,05,7094
0501420-LAPLANTA,La Planta,19.24641,-99.07888,05,7095
0501420-CDABJUAREZ,Cerrada Benito Juárez,19.24686,-99.0825,05,7096
0501420-AHUEHUETITLA,Ahuehuetitla,19.24696,-99.08343,05,7097
0501420-MGTAMAZAJUA,Margarita Maza de Juárez,19.24719,-99.08514,05,7098
0501420-COCOXOCHITL,Cocoxochitl,19.24741,-99.08686,05,7099
0501420-DESIDERIOPE,Desiderio Peña,19.2477,-99.08908,05,7100
0501420-PROLCUAUHTE,Prolongación Cuauhtémoc,19.24796,-99.0913,05,7101
0501420-ZACAPA,Zacapa,19.24873,-99.09382,05,4868
0501420-MERCADO,Mercado,19.25011,-99.09457,05,7102
0501420-CICLAMEN,Ciclamen,19.25062,-99.09641,05,7103
0501420-MADRESELVA,Madre Selva,19.25134,-99.09939,05,7104
0501420-LIRIOACUATIC,Lirio Acuatico,19.25256,-99.10124,05,7105
0501420-5MAYO,5 de Mayo,19.25472,-99.10403,05,5495
0501420-CUITLAHUAC,Cuitlahuac,19.25721,-99.10466,05,7106
0501420-CUAUHTEMOC,Cuauhtémoc,19.25861,-99.10433,05,7107
0501420-NEZAHUALCOY,Nezahualcoyotl,19.26,-99.10406,05,7108
0501421-JOSEFAQUILES,Josefa Ortíz de Domíngez y Aquiles Serdán,19.25568,-99.01258,05,7109
0501421-JOSEFAODGUEZ,Josefa Ortiz de Domínguez,19.25392,-99.01325,05,7110
0501421-MIGUELHGO,Miguel Hidalgo,19.25463,-99.01497,05,7111
0501421-LASANIMAS,Las Animas,19.25552,-99.01854,05,7112
0501421-IALLENDE,Ignacio Allende,19.25584,-99.0198,05,7113
0501421-MANTONLANZ,Marco Antonio Lanz Galera,19.25728,-99.02408,05,7114
0501421-FRENTE34,Frente a No. 34,19.25766,-99.0263,05,7115
0501421-TIZOC,Tizoc,19.25823,-99.03109,05,7116
0501421-CALVARIO,Calvario,19.25747,-99.03582,05,7117
0501421-FLORICULTOR,Floricultor,19.25628,-99.0391,05,7118
0501421-CUACONTLE,Cuacontle,19.25521,-99.04315,05,7119
0501421-JACARANDAS,Jacarandas,19.25397,-99.04698,05,7120
0501421-SANANDRES,San Andrés,19.25271,-99.05086,05,7121
0501421-AVCUAUHTEM,Av. Cuauhtémoc,19.25311,-99.05632,05,7122
0501421-VGUERRERO2,Vicente Guerrero,19.2534,-99.05932,05,7123
0501421-AVACTOPAN,Av. Actopan,19.25352,-99.06236,05,7124
0501421-3CDAMINAS,Tercera Cerrada de Minas,19.25489,-99.0654,05,5135
0501421-SANJUANMINAS,San Juan Minas,19.25441,-99.06663,05,7125
0501421-OJODEAGUA,Ojo de Agua,19.24778,-99.07264,05,7093
0501421-ALCOCATITLA,Alcocatitla,19.24947,-99.07133,05,7126
0501421-PEDROBENAVID,Pedro Benavides,19.24613,-99.07544,05,7127
0501421-LAPLANTA,La Planta,19.24549,-99.07927,05,7128
0501421-LIBERTAD,Libertad,19.24272,-99.08264,05,7129
0501421-FRENTE7353,Frente a No. 7353,19.24299,-99.08565,05,7130
0501421-SANJERONIMO,San Jerónimo,19.24688,-99.08957,05,7131
0501421-FCOIMADERO2,Francisco I. Madero,19.24595,-99.09133,05,7132
0501421-BJUAREZ,Benito Juárez,19.24595,-99.0936,05,7133
0501421-ZACAPA,Zacapa,19.24718,-99.09463,05,7134
0501421-MADRESELVA,Madre Selva,19.24724,-99.10379,05,5683
0501421-CAPULINES,Capulines,19.25161,-99.10609,05,7135
0501421-FCOGOITIA,Francisco Goitia,19.25575,-99.10549,05,5525
0501421-CUITLAHUAC,Cuitlahuac,19.25757,-99.10568,05,7136
0501421-CUAUHTEMOC,Cuauhtémoc,19.25897,-99.10539,05,7137
0501421-NEZAHUALCO,Nezahualcoyotl,19.26042,-99.10513,05,7138
0501421-FCOIMADERO,Francisco I. Madero,19.26189,-99.10476,05,7139
0501421-VGUERRERO,Vicente Guerrero y José María Morelos,19.26294,-99.10417,05,7140
0501411-JBERNAL,José Bernal,19.28425,-99.01314,05,7141
0501411-CALLE1,Calle 1,19.28249,-99.01266,05,7142
0501411-EZAPATA,Emiliano Zapata,19.27761,-99.00995,05,6747
0501411-BLASCORRAL,Blas Corral,19.27202,-99.00694,05,7143
0501411-MIGUELHGO,Miguel Hidalgo,19.26923,-99.0054,05,7144
0501411-DRJUANPALOM,Dr. Juan Palomo,19.26657,-99.00648,05,7145
0501411-FCOVILLA,Francisco Villa,19.26047,-99.00948,05,7146
0501411-CNALCHALCO,Canal Nacional Chalco-Amecameca,19.25574,-99.01133,05,7147
0501411-NICOBRAVO,Nicolas Bravo,19.25417,-99.01023,05,7148
0501411-MIXCALCO,Mixcalco,19.25243,-99.00886,05,7149
0501411-CALZMONERA,Calz. La Monera,19.25049,-99.00723,05,7150
0501411-MELCHOROCAM,Melchor Ocampo,19.24793,-99.00539,05,7151
0501411-BARRANCA,La Barranca,19.2441,-99.00207,05,7152
0501411-VCARRANZA,Venustiano Carranza,19.24162,-98.99987,05,7153
0501411-JUANBARRERA,Juan de la Barrera,19.23935,-98.99812,05,7154
0501411-AVSURCOMER,Av. Sur del Comercio,19.23577,-98.99483,05,7155
0501411-ETECNOLOGIC,Educación Tecnológica,19.23203,-98.99475,05,6765
0501411-PEDROHDEZSIL,Pedro Hernández Silva,19.23033,-98.99449,05,7156
0501411-CDAHGO,Cerrada Hidalgo,19.228,-98.99394,05,7157
0501411-NARCISOMZA,Narciso Mendoza,19.22552,-98.9934,05,6766
0501411-JMMORELOS,José María Morelos,19.22178,-98.99372,05,7158
0501411-CUAUHTEMOC,Cuauhtémoc,19.21974,-98.99392,05,7159
0501411-PALMA,Palma,19.21784,-98.99398,05,6753
0501411-IALLENDEPTE,Ignacio Allende Poniente,19.21507,-98.99408,05,7160
0501411-GPEVICTORIA,Guadalupe Victoria,19.2143,-98.99426,05,7161
0501411-16SEPTIEMBRE,16 de Septiembre,19.21329,-98.99534,05,7162
0501411-SANFCO,San Francisco,19.20953,-98.99815,05,7163
0501411-AVTRABAJO,Av. del Trabajo,19.20361,-99.00318,05,7164
0501411-TECOXPA,Tecoxpa,19.20052,-99.00838,05,7165
0501411-FFACODONTO,Frente a Facultad de Odontología,19.19786,-99.01528,05,7166
0501411-ORIZABA,Orizaba,19.19647,-99.02091,05,7167
0501411-CAMPECHE,Campeche,19.19666,-99.02331,05,7046
0501411-PUEBLAPTE,Puebla Poniente,19.19476,-99.02358,05,7168
0501410-ANTONBEJAR,Antonio Bejar,19.28686,-99.01374,05,7169
0501410-MARTRANQUIL,Mar de la Tranquilidad,19.28418,-99.01301,05,7141
0501410-RIACHUELOSER,Riachuelo Serpentino,19.28171,-99.00962,05,7170
0501410-AVTLAHUAC,Av. Tláhuac,19.27641,-99.00603,05,7171
0501410-TIERRALIBERT,Tierra y Libertad,19.27544,-99.00192,05,7172
0501410-SEVERINOCENI,Severino Ceniceros,19.26675,-98.99912,05,7173
0501410-REFOAGRARIA,Reforma Agraria,19.27194,-98.99771,05,7174
0501410-EZAPATA,Emiliano Zapata,19.27862,-99.00756,05,7175
0501410-20NOVIEMBRE,20 de Noviembre,19.26602,-99.00139,05,7176
0501410-DRJUANPALOM,Dr. Juan Palomo,19.26583,-99.00667,05,7177
0501410-FCOVILLA,Francisco Villa,19.25984,-99.00968,05,7178
0501410-LASGARZAS,Las Garzas,19.26075,-99.00928,05,7146
0501410-DESIERTO,Desierto,19.2632,-99.00822,05,7179
0501410-DCAYETANOZAP,Diego Cayetano Zapata,19.2561,-99.00986,05,7180
0501410-MELCHOROCAM,Melchor Ocampo,19.248,-99.00531,05,7151
0501410-LALOMA,La Loma,19.25052,-99.00714,05,7150
0501410-ISIDROTAPIA,Isidro Tapia,19.25372,-99.00579,05,7181
0501410-CUAUHTEMOC,Cuauhtémoc,19.23856,-98.99522,05,7182
0501410-AVMAESTRO,Av. del Maestro,19.24153,-98.9959,05,7183
0501410-GRAMOSMILLAN,Gabriel Ramos Millan,19.24351,-98.997,05,7184
0501410-NTECOMERCIO,Sobre Norte del Comercio y G. Ramos Millan,19.24471,-98.9982,05,7185
0501410-BARRANCA,La Barranca,19.24595,-99.00081,05,7186
0501410-NARCISOMZA,Narciso Mendoza,19.22558,-98.99319,05,6766
0501410-CALTENCO,Caltenco,19.22629,-98.99331,05,7187
0501410-CDAHGO,Cerrada Hidalgo,19.22797000000001,-98.99369,05,7157
0501410-ETECNOLOGIC,Educación Tecnológica,19.23313,-98.99452,05,7188
0501410-CNOREAL,Camino Real,19.23574,-98.9947,05,7155
0501410-16SEPTIEMBRE,16 de Septiembre,19.21332,-98.99538,05,7162
0501410-IALLENDE,Ignacio Allende,19.21508,-98.99397,05,7160
0501410-MIGUELHGO,Miguel Hidalgo,19.21763,-98.9933,05,7189
0501410-GASTONMELO,Gastón Melo,19.22154,-98.99293,05,7190
0501410-NVOLEON,Nuevo León,19.19637,-99.02254,05,7191
0501410-YUCATAN,Yucatán,19.19633,-99.02102,05,7167
0501410-FFACODONTOL,Frente a Facultad de Odontología,19.19765,-99.01524,05,7166
0501410-TECOXPA,Tecoxpa,19.20058,-99.00834,05,7165
0501410-SANFCO,San Francisco,19.20109,-99.00458,05,7192
0501410-AVTRABAJO,Av. del Trabajo,19.20339,-99.00318,05,7164
0501410-MICHOACANOTE,Michoacan Oriente y Sonora Norte,19.1928,-99.02287,05,7193
05134D1-16SEPTIEMBRE,16 de Septiembre,19.24935,-99.17352,05,7194
05134D1-KM21,Km 21,19.24898,-99.1728,05,7195
05134D1-KM235,Km 23.5,19.24839,-99.17244,05,5059
05134D1-SANANDRES,San Andres,19.2464,-99.17096,05,7196
05134D1-CLAVELITOS,Clavelitos,19.24358,-99.16889,05,7197
05134D0-CHICARA,Chicara,19.30834,-99.16402,05,7198
05134D0-KM21,Kilometro 21,19.24842,-99.17225,05,5059
05134D0-KM23,Kilometro 23,19.24558,-99.17063,05,7199
05134D0-CLAVELITO,Clavelito,19.24175,-99.16567,05,5057
05134D0-POSSENTI,Possenti,19.241,-99.16247,05,7200
05134C0-AVAZTECAS,Av. Aztecas,19.31219,-99.17015,05,7201
05134C0-TOTONACAS,Totonacas,19.31135,-99.16889,05,7202
05134C0-PLANTASFALTO,Planta de Asfalto No. 263,19.30932,-99.16586,05,7203
05134C0-SANGUILLERM,San Guillermo,19.30802000000001,-99.16353,05,7204
05134C0-4CDAIMAN,Cuarta Cerrada del Iman,19.30556,-99.16117,05,7205
05134C0-5CDAIMAN,Quinta Cerrada del Iman,19.3061,-99.16165,05,7206
05134C0-3CDAIMAN,Tercera Cerrada del Iman,19.30508,-99.16066,05,7207
05134C0-DIAMENTE,Diamante,19.30385,-99.15941,05,7208
05134C0-HSHRINERS,Hospital Shriners,19.30176,-99.15665,05,7209
05134C0-SANALEJANDRO,San Alejandro,19.30532,-99.15379,05,7210
05134C0-SANCELSO,San Celso,19.30573,-99.15176,05,7211
05134C0-LASFLORES,Las Flores,19.30438,-99.14843,05,6410
05134C1-ANTONDELFINM,Antonio Delfin Madrigal,19.32809,-99.17333,05,7212
05134C1-AVPANAMERICA,Av. Panamericana,19.31085,-99.1691,05,7213
05134C1-AVLIBERTAD,Av. de la Libertad,19.30926,-99.16589,05,7203
05134C1-BLVDGRANSUR,Blvd. Gran Sur,19.30821,-99.16416,05,7198
05134C1-COMPORIS,Comporis,19.30609,-99.16184,05,7206
05134C1-CHICARA,Chicara,19.30573,-99.16152,05,7205
05134C1-CTOAZTECA,Circuito Azteca,19.30369,-99.15957,05,7208
05134C1-HSHRINERS,Hospital Shriners,19.30154,-99.15666,05,7209
05134C1-SANBENITO,San Benito,19.30504,-99.15394,05,7210
05134C1-SANCELSO,San Celso,19.30561,-99.15269,05,7214
05134C1-SANBENJAMIN,San Benjamín,19.30561,-99.15184,05,7211
05134C1-LASFLORES,Las Flores,19.30448,-99.14893,05,6410
05134B1-EAZTECA2,Estadio Azteca 2,19.30132,-99.14703,05,7215
05134B1-ACOXPA,Acoxpa,19.30278,-99.14664,05,6837
05134B1-INESPECIALID,Instituto Nacional de Especialidades,19.29077,-99.16162,05,7216
05134B1-TEPEHUANOS,Tepehuanos La Joya,19.2744,-99.16806,05,5148
05134B1-LAUREL,Laurel,19.26835,-99.17077,05,7217
05134B1-FHIPOCAMPO,Frente a Hipocampo,19.24155,-99.16557,05,5057
05134B1-AVMXAJUSCO,Av. México Ajusco,19.24058,-99.16202,05,5056
05134B1-COLIBRI,Colibri,19.23947,-99.16058,05,7218
05134B1-KM275,Km 27.5,19.2242,-99.15119,05,7219
05134B1-AVCANTIL,Av. El Cantil,19.21392,-99.1519,05,5054
05134B1-AVCRUZBLANC,Av. Cruz Blanca,19.21193,-99.15468,05,6803
05134B1-FACMEDZOO,Facultad de Medicina y Zootecnia,19.20818,-99.15104,05,7220
05134B1-TEZONTITLA,Tezontitla,19.20637,-99.14974,05,6804
05134B1-LASROSAS,Las Rosas,19.20271,-99.14903,05,7221
05134B1-MARGARITAS,Las Margaritas,19.20097,-99.14889,05,6812
05134B1-TEJOCOTES,Tejocotes,19.19969,-99.14761,05,7222
05134B1-JMMORELOS,José María Morelos,19.20007,-99.14649,05,6809
05134B1-ANTICNOCUERN,Antiguo Camino a Cuernavaca,19.19948,-99.14597,05,7223
05134B1-DELPUENTE,Del Puente,19.19815,-99.14477,05,7224
05134B1-CDAAYOCATITL,Cerrada Ayocatitla,19.19455,-99.14716,05,7225
05134B1-STACRUZ,Santa Cruz,19.19295,-99.14575,05,7226
05134B1-ARENAL,Arenal,19.19272,-99.14509,05,7227
05134B0-ELKAR,Elkar,19.29738,-99.1522,05,5074
05134B0-KM27,Km 27,19.22519,-99.1529,05,7228
05134B0-KM275,Km 27.5,19.22385,-99.15109,05,7219
05134B0-KM28CRUZBLCA,Km 28 Cruz Blanca,19.2118,-99.15452,05,6803
05134B0-ESCVETERINARI,Esc. Veterinaria,19.20815,-99.15115,05,7220
05134B0-MORELOS,Morelos,19.20004,-99.1465,05,6809
05134B0-CRUZBLANCA,Cruz Blanca,19.19964,-99.14759,05,7222
05134B0-BUENAVISTA,Buenavista,19.19981,-99.14858,05,6810
05134B0-CUAUHTEMOC,Cuauhtémoc,19.20099,-99.14892,05,6812
05134B0-ROSAS,Rosas,19.2027,-99.14914,05,7221
05134B0-MDORCHAPULT,Mirador de Chapultepec,19.20442,-99.14928,05,6805
05134B0-CDAYOCATITLA,Cerrada Ayocatitla,19.19453,-99.14701,05,7225
05134B0-PUENTE,Del Puente,19.19807,-99.14469,05,7224
05134B0-STACRUZ,Santa Cruz,19.19265,-99.14479,05,7227
0501341-APATLACO,Apatlaco,19.29724,-99.15292,05,7229
0501341-CHIMALCOYO,Chimalcoyoc,19.27443,-99.16809,05,5148
0501341-SANPEDROMAR,San Pedro Mártir,19.26694,-99.17094,05,5154
0501341-KM215TORRES,Kilometro 21.5 Las Torres,19.25939,-99.17362,05,5146
0501341-TLALPUENTE,Tlalpuente,19.25631,-99.17845,05,5145
0501341-SANANDRES,San Andres,19.25415,-99.1772,05,5061
0501341-CLAVELITO,Clavelito,19.25027,-99.17467,05,5064
0501341-COLEGIOPETER,Colegio Peterson,19.24188,-99.16733,05,7230
0501341-KM25,Kilometro 25,19.23694,-99.15933,05,7231
0501341-KM255AVMX,Kilometro 25.5 Av. México,19.23531,-99.15752,05,5055
0501341-2ABRIL,2 de Abril,19.23407000000001,-99.16007,05,7232
0501341-MORELOS,Morelos,19.23516,-99.16281,05,7233
0501341-REFORMA,Reforma,19.23534,-99.16482,05,7234
0501341-DELRIO,Del Río,19.23439,-99.16662,05,7235
0501341-GALEANA,Galeana,19.23451,-99.16805,05,7236
0501341-302,No. 302,19.23463,-99.17016,05,7237
0501341-DILIGENCIAS,Diligencias,19.23425,-99.17399,05,7238
0501341-CHABACANO,Chabacano,19.23302,-99.17778,05,7239
0501341-EZAPATA2,Emiliano Zapata 2,19.23334,-99.18145,05,7240
0501341-ARENAL,Arenal,19.23463,-99.18441,05,7241
0501341-SEC151,Secundaria 151,19.23386,-99.18656,05,7242
0501341-HACIENDA,Hacienda,19.23493,-99.18731,05,7243
0501341-ARBOLADA,Arbolada,19.23418,-99.19113,05,7244
0501341-DILIGENCIA,Diligencia,19.230970000000006,-99.19381,05,7245
0501341-MNOABASOLO,Mariano Abasolo,19.23005,-99.19498,05,7246
0501341-BIENESTAR,Bienestar,19.22886,-99.19757,05,7247
0501341-MNOMATAMORO,Mariano Matamoros,19.227120000000006,-99.19861,05,7248
0501341-ABASOLO,Abasolo,19.2259,-99.19923,05,7249
0501341-GRALPEDROM,General Pedro María Maya,19.2254,-99.20065,05,7250
0501341-EZAPATA,Emiliano Zapata,19.22245,-99.20094,05,7251
0501341-IALLENDE,Ignacio Allende,19.22057,-99.20104,05,7252
0501341-RAMONCORONA,Ramón Corona,19.21929,-99.20327,05,7253
0501341-JMORELOSMA,José María Morelos y Mariano Matamoros,19.21775,-99.20378,05,7254
0501340-ACOXPA,Acoxpa,19.30029,-99.14808,05,7255
0501340-AUMXCUERNA,Autopista México-Cuernavaca,19.27255,-99.16364,05,7256
0501340-LAUREL,Laurel,19.26775,-99.17069,05,7257
0501340-PRIVCHIMALCO,Privada del Chimalcoyotl,19.27272,-99.16679,05,5153
0501340-INPEDROMART,5 de Mayo Entrada a San Pedro Mártir,19.26676,-99.17085,05,5154
0501340-CJONTORRES21,Callejón Las Torres y Kilometro 21,19.25897,-99.17351,05,5146
0501340-INXITLE,Tlalpuente Entrada al Xitle,19.25583,-99.17837,05,5145
0501340-XICHITLA,Xochitla,19.25394,-99.17661,05,5061
0501340-CLAVELITO,El Clavelito,19.25,-99.17412,05,5064
0501340-KM23,Kilometro 23,19.24198,-99.16697,05,7230
0501340-KM235,Kilometro 23.5,19.24158,-99.16493,05,5057
0501340-KM245,Kilometro 24.5,19.24067,-99.16147,05,5056
0501340-KM255,Kilometro 25.5,19.23548,-99.15742,05,5055
0501340-KM25,Kilometro 25,19.23651,-99.15895,05,7258
0501340-AXOXCOTLE,Axoxcotle,19.23407000000001,-99.16031,05,7232
0501340-5MAYO,5 de Mayo,19.23511,-99.16312,05,7233
0501340-16SEPTIEMBR,16 de Septiembre,19.23429,-99.16688,05,7235
0501340-CDAOLVIDO,Cerrada del Olvido,19.23452,-99.16935,05,7259
0501340-DILIGENCIAS,Diligencias,19.23409,-99.17466,05,7260
0501340-CHABACANO,Chabacano,19.23287,-99.17786,05,7239
0501340-TRABAJO,Trabajo,19.23272,-99.17992,05,7261
0501340-MARAVILLAS,Las Maravillas,19.23331,-99.18165,05,7240
0501340-ELARENAL,El Arenal,19.23454,-99.18448,05,7241
0501340-EZAPATA,Emiliano Zapata,19.23399,-99.18585,05,7262
0501340-ARENALQROO,Arenal Sección Estado de Quintana Roo,19.23388,-99.18685,05,7242
0501340-ESCFUTCHIVAS,Escuela de Futbol Chivas,19.233970000000006,-99.19106,05,7244
0501340-MNOABASOLO2,Mariano Abasolo 2,19.22987,-99.195,05,7246
0501340-LASVIAS,Las Vías,19.22869,-99.1976,05,7247
0501340-MNOMATAMOR,Mariano Matamoros,19.22696,-99.19857,05,7248
0501340-AVHGO,Av. Hidalgo,19.22572000000001,-99.19928,05,7249
0501340-MNOABASOLO,Mariano Abasolo,19.22516,-99.20065,05,7250
0501340-IALLENDE,Ignacio Allende,19.22026,-99.20307,05,7263
0501340-MNOESCOBEDO,Mariano Escobedo,19.22035,-99.20117,05,7252
0501340-RAMONCORON,Ramón Corona,19.21932,-99.20327,05,7253
0501340-JUANALDAMA,Juan Aldama,19.21928,-99.20414,05,7264
0501340-JMMORELOSMA,José María Morelos y Mariano Matamoros,19.21777,-99.20408,05,7254
0501310-HUIPULCO,Huipulco,19.29856,-99.15044,05,5085
0501310-ANILLOBLVDCO,Anillo Periférico y Blvd. Adolfo Ruíz Cortines,19.29488,-99.15562,05,7265
0501310-FRAYPEDROGAN,Fray Pedro de Gante,19.2935,-99.15748,05,7266
0501310-HMGGLEZ,Hospital Manuel Gea González.,19.29076,-99.16112,05,7267
0501310-URGENRESPIR,Unidad de Urgencias Respiratorias,19.29212,-99.15933,05,7268
0501310-SANFERNANDO,San Fernando,19.29009,-99.16206,05,6193
0501310-MORELOS,Morelos,19.28665,-99.16342,05,7269
0501310-TEZOQUIPA,Tezoquipa,19.28176,-99.1651,05,7270
0501310-MICHOACAN,Michoacan,19.27932,-99.16701,05,7271
0501310-PTEPVIOLETA,Puente Peatonal Violeta,19.2668,-99.16474,05,7272
0501310-TUNELPEDROVR,Tunel de San Pedro Puente Verde,19.26397,-99.1656,05,7273
0501310-PTEPANTMILIT,Puente Peatonal Panteón Militar,19.25807,-99.16164,05,7274
0501310-PTEVCOLMILITA,Puente Vehícular Colegio Militar,19.25582,-99.15886,05,7275
0501310-PTELAPALMA,Puente Peatonal La Palma,19.24833,-99.1548,05,7276
0501310-PTEXOCHIPIL,Puente Peatonal Caseta Xochipilli,19.24279,-99.14808,05,7277
0501311-CETRAMEAZTEC,Cetram Estadio Azteca Anden A,19.30046,-99.14745,05,5150
0501311-SANALEJANDRO,San Alejandro,19.30355,-99.14613,05,7278
0501311-ESTAZTECA,Estadio Azteca,19.30222,-99.14707,05,7279
0501311-RENATOLEDUC,Renato Leduc,19.29848,-99.15131,05,6836
0501311-LUISMURILLO,Luis Murillo,19.29909,-99.15056,05,7280
0501311-ANILLOBLVDCOR,Anillo Periférico y Blvd. Adolfo Ruiz Cortines,19.29557,-99.15515,05,7281
0501311-COAPA,Coapa,19.2912,-99.16101,05,7282
0501311-CHIMALCOYOTL,Chimalcoyotl,19.292720000000006,-99.15902,05,7283
0501311-SILLONMENDOZ,Sillón de Mendoza,19.29419,-99.15708,05,7284
0501311-FERNANDO,San Fernando,19.29051,-99.16205,05,6193
0501311-MORELOS,Morelos,19.28686,-99.16359,05,7269
0501311-TEZOQUIPA,Tezoquipa,19.28251,-99.16495,05,5151
0501311-LAJOYA,La Joya y Insurgentes,19.27988,-99.16674,05,7285
0501311-PTEVEHICUCHIM,Puente Vehicular Chimalcoyotl,19.27333,-99.16494,05,7286
0501311-PTEVIOLETA,Puente Peatonal Violeta,19.26689,-99.16487,05,7272
0501311-TUNELPEDROVR,Tunel de San Pedro Puente Verde,19.26471,-99.16576,05,7287
0501311-CUERNAVA60,Cuernavaca 60,19.26032,-99.16479,05,7288
0501311-PTEPANTMILITA,Puente Peatonal Panteón Militar,19.25809,-99.16203,05,5109
0501311-PTECOLMILITAR,Puente Peatonal Colegio Militar,19.25562,-99.15896,05,7275
0501311-PTEPALMA,Puente Peatonal la Palma,19.2481,-99.155,05,7276
0501311-PTEPNALCASETA,Puente peatonal Caseta,19.24495,-99.15021,05,7289
0501311-PLANAYALA,Plan de Ayala,19.24143,-99.14876,05,7290
0501311-MXCUERNAVACA,Autopista México-Cuernavaca,19.24104,-99.14738,05,7291
05013A1-VERACRUZ,Veracruz,19.42019,-99.17675,05,7292
05013A1-JUANESCUTIA,Juan Escutia,19.41663,-99.17867,05,7293
05013A1-VSUAREZ,Vicente Suarez,19.41377,-99.18028,05,7294
05013A1-AREYES,Alfonso Reyes,19.41047,-99.18048,05,7295
05013A1-MAZATLAN,Mazatlán,19.40905,-99.17965,05,7296
05013A1-DIAGOPATRIO,Diagonal Patriotismo,19.4067,-99.17842,05,7297
05013A1-BARRAMUERTO,Barranca del Muerto,19.36147,-99.18914,05,5032
05013A1-JUANPABLOII,Juan Pablo II,19.36006,-99.18932,05,7298
05013A1-JUVENTINOROS,Juventino Rosas,19.35711,-99.18965,05,7299
05013A1-MALUISA,María Luisa (ISSSTE),19.35102,-99.1903,05,7300
05013A1-LAPAZ,La Paz,19.34601,-99.18985,05,7301
05013A1-DRGALVEZ,Dr. Galvez,19.3436,-99.19029,05,7302
05013A1-REYCUAUHTE,Rey Cuauhtémoc,19.34221,-99.19066,05,7303
05013A1-ALTAMIRANO,Altamirano,19.33994,-99.19148,05,7304
05013A1-RIOMAGDALENA,Río Magdalena,19.33867,-99.19202,05,7305
05013A1-SANJERONIMO,San Jerónimo,19.33701,-99.19311,05,7306
05013A1-AVCU,Av. Ciudad Universitaria,19.33597,-99.19564,05,7307
05013A1-AVPLEUDERON,Av. Pleuderon,19.33501,-99.19861,05,7308
05013A1-IGLESIA,Iglesia,19.33399,-99.19935,05,7309
05013A1-FUEGO,Fuego,19.33292,-99.19978,05,7310
05013A1-HOMUN,Homun,19.28496,-99.22312,05,7311
05013A1-IZMAL,Izmal,19.28396,-99.22222,05,7312
05013A1-IZAMAL,Izamal,19.28251,-99.2225,05,7313
05013A1-YOBAIN,Yobain,19.28333,-99.22376,05,7314
05013A1-BECAL,Becal,19.28326,-99.22498,05,7315
05013A1-TEKAX,Tekax,19.28315,-99.22624,05,7316
05013A1-SACALUM,Sacalum,19.28305,-99.22748,05,7317
05013A1-SEYE,Seye,19.28308,-99.22878,05,7318
05013A1-CHICOASEN,Chicoasen,19.28291,-99.22954,05,7319
05013A1-SUDZAL,Sudzal,19.28275,-99.23152,05,7320
05013A1-TEKAL,Tekal,19.28268,-99.23259,05,7321
05013A1-HOCABA,Hocaba,19.28144,-99.23247,05,7322
05013A1-CONKAL,Conkal,19.28007,-99.23235,05,7323
05013A1-TETIZ,Tetiz,19.27846,-99.23237,05,7324
05013A1-TIXMEHUAC,Tixmehuac,19.27833,-99.23413,05,7325
05013A0-AVSONORAMEX,Av. Sonora y Av. México,19.41358,-99.16843,05,7326
05013A0-JVASCONCELOS,José Vasconcelos,19.41685,-99.17865,05,7293
05013A0-CNODTOLEONE,Camino al Desierto de los Leones,19.34888,-99.19075,05,5031
05013A0-DRGALVEZ,Dr. Galvez,19.34396,-99.19046,05,7302
05013A0-REYCUAUHTEM,Rey Cuauhtémoc,19.34229,-99.19088,05,7303
05013A0-ALTAMIRANO,Altamirano,19.34004,-99.19172,05,7304
05013A0-EJE10RIOMAGD,Eje 10 Río de la Magdalena,19.33878,-99.19227,05,7305
05013A0-EJE10SURJERO,Eje 10 Sur Av. San Jerónimo,19.33399,-99.19994,05,7327
05013A0-BECAL,Becal,19.28337,-99.22483,05,7315
05013A0-TEKAX,Tekax,19.28324,-99.22611,05,7316
05013A0-SEYE,Seye,19.28316,-99.22882,05,7318
05013A0-CHICOASEN,Chicoasen,19.28306,-99.22949,05,7319
05013A0-SUDSAL,Sudsal,19.28285,-99.23151,05,7320
05013A0-TETIZ,Tetiz,19.28261,-99.23269,05,7321
05013A0-HOCABA,Hocaba,19.28143,-99.23259,05,7322
05013A0-CONKAL,Con Kal,19.28003,-99.23249,05,7323
05013A0-TIXMEHUAC,Tixmehuac,19.27856,-99.23236,05,7324
05013A0-TINUM,Tinum,19.2784,-99.23413,05,7325
0501250-JILOTZINGO,Jilotzingo,19.32959,-99.1736,05,7328
0501250-ESCUINAPA,Escuinapa,19.33253,-99.17397,05,7329
0501250-ODONTOLOGI,Odontología,19.33626,-99.18124,05,7330
0501250-CLINICAS,clinicas,19.33623,-99.19491,05,7331
0501250-CRATER,Crater,19.33052,-99.19995,05,7332
0501250-CASCADA,Cascada,19.32615,-99.19876,05,7333
0501250-CANADA,CaNada,19.32275,-99.20049,05,7334
0501250-GRIETA,Grieta y Farallon,19.32051,-99.20134,05,7335
0501250-DELRISCO,Del Risco,19.31836,-99.20178,05,7336
0501250-LAVA,Lava,19.31655,-99.20211,05,7337
0501250-LLUVIA,Lluvia,19.31469,-99.20238,05,7338
0501250-FUEGO,Fuego,19.31282,-99.2026,05,7339
0501250-VALLE,Valle y CCH,19.31123,-99.20296,05,7340
0501250-COLEGIO,Colegio,19.30962,-99.20379,05,7341
0501250-CNOSTATERES,Camino a Santa Teresa,19.30889,-99.2043,05,7342
0501250-BLVDLUZ,Bolvd. de la Luz,19.30722,-99.20539,05,7343
0501250-PERIFERICO,Periférico,19.30455,-99.20594,05,7344
0501250-COLEGIOMEX,Colegio de México,19.30305,-99.20684,05,7345
0501250-SUPERAMA,Superama,19.30279,-99.20717,05,7345
0501250-PICOTURQUINO,Pico de Turquino,19.300320000000006,-99.20884,05,7346
0501250-CHEDRAUI,Chedraui,19.2967,-99.21329,05,7347
0501250-SIXFLAGS,Six Flags,19.295,-99.21486,05,7348
0501250-SINANCHE,Sinanche,19.29227,-99.21656,05,7349
0501250-ACANCEH,Acanceh,19.29085,-99.21701,05,7350
0501250-BLVDPICACHO,Blvd. Picacho Ajusco,19.28964,-99.21742,05,7351
0501250-HUEHUETAN,Huehuetan,19.28942,-99.21796,05,7352
0501250-CANCUN,Cancun,19.28924,-99.2203,05,7353
0501250-YUCALPETEN,yucalpeten,19.28917,-99.22154,05,7354
0501250-TIZIMIN,tizimin,19.28884,-99.22346,05,7355
0501250-HALACHO,Halacho,19.28752,-99.22335,05,7356
0501250-TENOZIQUE,Tenozique,19.28609,-99.22322,05,7357
0501250-HOPELCHEN2,Hopelchen 2,19.28424,-99.22302,05,7358
0501250-IZMAL,Izmal,19.28904,-99.22296,05,7359
0501250-HOCABA,Hocaba,19.28203,-99.22354,05,7360
0501250-TIXKOKOB,Tixkokob,19.28015,-99.22266,05,7361
0501250-DZIBALCHEN,Dzibalchen,19.2783,-99.22253,05,7362
0501250-YOBAIN,Yobain,19.274420000000006,-99.22305,05,7363
0501250-BECAL,Becal,19.27466,-99.22419,05,7364
0501250-FERROCUERNA,Ferrocarril a Cuernavaca,19.27469,-99.22506,05,7365
0501250-TEKAK,Tekak,19.27358,-99.22546,05,7366
0501250-JILGUERO,Jilguero,19.26807,-99.22555,05,7367
0501250-HOPELCHEN,Hopelchen,19.26727,-99.22577,05,7368
0501250-ANSAR,Ansar,19.26672,-99.22476,05,7369
0501250-VENUSIA,Venusia,19.266070000000006,-99.22818,05,7370
0501250-JAZMIN,Jazmin,19.267570000000006,-99.22959,05,7371
0501250-PIEDRATRONAD,Piedra Tronada,19.26807,-99.23003,05,7372
0501250-TOTOLAPA,Totolapa,19.2687,-99.23137,05,7373
0501250-PARAJE,Paraje,19.26895,-99.2323,05,7374
0501250-CUILOTEPEC,Vista de Cuilotepec,19.2694,-99.23411,05,7375
0501250-CERROPALOMAS,Cerro de las Palomas,19.26993,-99.23596,05,7376
0501250-PLANMAQUINA,Plan de la Máquina,19.27039,-99.23821,05,7377
0501250-ESCONDIDA,La Escondida,19.27008,-99.24034,05,7378
0501251-JILOTZINGO,Jilotzingo,19.3295,-99.17328,05,7328
0501251-SUPERAMA,Superama y Puente Peatonal,19.33799,-99.1861,05,7379
0501251-PLAZALORETO,Plaza Loreto,19.33873,-99.19226,05,7305
0501251-CLINICAS,Clinicas,19.33703,-99.19839,05,7380
0501251-IGLESIA2,Iglesia,19.33681,-99.1992,05,7381
0501251-PASEOSPEDRE,Paseos del Pedregal,19.33392000000001,-99.19984,05,7327
0501251-CRATER,Crater,19.33043,-99.20028,05,7332
0501251-CASCADA,Cascada,19.32624,-99.19905,05,7333
0501251-CANADA,CaNada,19.32293,-99.20076,05,7334
0501251-IGLESIA,Iglesia,19.32053,-99.20164,05,7335
0501251-FARALLON,Farallon,19.31898,-99.20202,05,7382
0501251-RISCO,Risco,19.31695,-99.20238,05,7383
0501251-LAVA,Lava,19.31503,-99.20267,05,7338
0501251-LLUVIA,Lluvia,19.31314,-99.20293,05,7339
0501251-AGUA,Agua,19.31173,-99.20313,05,7384
0501251-VALLE,Valle,19.30912,-99.20452,05,7342
0501251-CNOSTATERESA,Camino a Santa Teresa,19.30709,-99.20577,05,7343
0501251-BLVDLUZ,Boulevard de la Luz,19.30451,-99.20624,05,7344
0501251-ANILLOPEROBL,Anillo Periferico Boulevard Adolfo Ruiz Cortines,19.303320000000006,-99.207,05,7345
0501251-COLEGIOMEX,Colegio de México,19.30019,-99.20933,05,7385
0501251-PICOTURQUINO,Pico de Turquino,19.29705,-99.21372,05,7386
0501251-CHEDRAUI,Chedraui,19.29521,-99.21499,05,7348
0501251-SIXFLAGS,Six Flags,19.2938,-99.21598,05,7387
0501251-SINANCHE,Sinanche,19.29111,-99.2172,05,7350
0501251-ACACHEN,Acachen,19.28982,-99.21762,05,7351
0501251-TIZIMIN,Tizimin,19.28946,-99.21816,05,7352
0501251-HUEHUETAN,Huehuetan,19.28941,-99.22019,05,7353
0501251-CANCUN,Cancun,19.28926,-99.2215,05,7354
0501251-IZMAL,Izmal,19.28915,-99.22276,05,7359
0501251-TENOZIQUE,Tenozique,19.28634,-99.22334,05,7357
0501251-HOMUN,Homun,19.28498,-99.22323,05,7311
0501251-PISTE,Piste,19.28403,-99.22381,05,7388
0501251-TIXKOKOB,Tixkokob,19.2835,-99.22377,05,7314
0501251-DZIBALCHEN,Dzibalchen,19.2783,-99.22265,05,7362
0501251-HECELCHAKAN,Hecelchakan,19.27672,-99.22254,05,7389
0501251-PETO,Peto,19.27451,-99.22293,05,7363
0501251-TEKIT2,Tekit 2,19.27487,-99.2247,05,7365
0501251-MAYAHUEL,Mayahuel,19.27351,-99.22552,05,7366
0501251-TEKIT,Tekit,19.27338,-99.22523,05,7366
0501251-XITLE,Xitle,19.27221,-99.22525,05,7390
0501251-TROYA,Troya,19.27111,-99.22582,05,7391
0501251-ESPARTA,Esparta,19.27006,-99.22638,05,7392
0501251-PROLHOPELCHE,Prolongación Hopelchen,19.26828,-99.22559,05,7367
0501251-ANSAR,Ansar,19.26719,-99.22584,05,7368
0501251-CARRPICACHOA,Carretera Picacho Ajusco,19.26661,-99.22504,05,7369
0501251-VENUSIA,Venusia,19.26601,-99.22792,05,7370
0501251-JAZMIN,Jazmin,19.2676,-99.22943,05,7371
0501251-PIEDRATRONAD,Piedra Tronada,19.26804,-99.22983,05,7372
0501251-TOTOLAPAN,Totolapan,19.26879,-99.23125,05,7373
0501251-PARAJE,Paraje,19.26938,-99.23348,05,7393
0501251-CUILOTEPEC,Vistas de Cuilotepec,19.26967,-99.23459,05,7394
0501251-FRESNOS,Fresnos,19.26998,-99.23605,05,7376
0501251-CERROPALMITA,Cerro de las Palmitas,19.27024,-99.23706,05,7395
0501251-ESCONDIDA,La Escondida,19.27023,-99.24015,05,7378
0501251-REGADEBOSQ,Regadera y Bosques,19.27002,-99.24085,05,7396
05124A1-FPLAZACENTEN,Frente a Plaza Centenario,19.36664,-99.20942,05,7397
05124A1-FPEMEX,Frente a Pemex,19.36669,-99.21301,05,7398
05124A1-LOMANVA,Loma Nueva,19.36617,-99.21546,05,7399
05124A1-CDACENTENA,Cerrada de Centenario,19.36509,-99.2178,05,7400
05124A1-COLINAMONTEC,Colina de Montecarlo,19.36496,-99.22021,05,7401
05124A1-FTELMEX,Frente a Telmex,19.36395,-99.22296,05,7402
05124A1-5MAYO,5 de Mayo,19.3622,-99.22465,05,7403
05124A1-JALISCO,Jalisco,19.35926,-99.23212,05,7404
05124A1-LIRIO,Lirio,19.35808,-99.23919,05,7405
05124A1-URRACA,Urraca,19.35968,-99.2372,05,7406
05124A1-MILANO,Milano,19.3604,-99.23541,05,7407
05124A1-CURUCU,Curucu,19.36133,-99.23335,05,7408
05124A1-CDAPERDIZ,Cerrada de Perdiz,19.36279,-99.23357,05,7409
05124A0-GPEHGO,Guadalupe Hidalgo,19.36526,-99.20487,05,7410
05124A0-FTELMEX,Frente a Telmex,19.36366,-99.22312,05,7402
05124A0-TUKURUTAI,Tukurutai Acatl,19.35883,-99.23864,05,7411
05124A0-URRACA,Urraca,19.36001,-99.23731,05,7406
05124A0-MILANO,Milano,19.36058,-99.23521,05,7407
05124A0-CURUCU,Curucu,19.36141,-99.23335,05,7408
05124A0-CDAPERDIZ,Cerrada de Perdiz,19.3627,-99.23364,05,7409
05124A0-HERRADERO,Herradero y Frente a Presa Mixcoac,19.36272,-99.23649,05,7412
0501240-MIXCOAC,Metro Mixcoac,19.37615,-99.188,05,5203
0501240-LOSJUAREZ,Los Juárez,19.37069,-99.1881,05,7413
0501240-AVLOMASPLAT,Av. Lomas de Plateros,19.36475,-99.19587,05,7414
0501240-GRALANAYA,General Anaya,19.36496,-99.19816,05,7415
0501240-TACUBA,Tacuba,19.36506,-99.19899,05,7416
0501240-IZTAPALAPA,Iztapalapa,19.36522,-99.2023,05,7417
0501240-AVLUZFUERZA,Av. Luz y Fuerza,19.36532,-99.20665,05,7418
0501240-FRENTE492,Frente a 492,19.36535,-99.20775,05,7419
0501240-CDA5MAYO,Cerrada 5 de Mayo,19.36522,-99.20877,05,7420
0501240-LOMAESCONDI,Loma Escondida,19.36413,-99.21113,05,7421
0501240-INPRESATARAN,Entrada Presa Tarango,19.36209,-99.21259,05,7422
0501240-FUHTARANGO,Frente a Unidad Habitacional Tarango,19.36169,-99.21362,05,7423
0501240-CONALEP,Conalep,19.359820000000006,-99.21692,05,7424
0501240-PASEOLMOS,Paseo de los Olmos,19.35891,-99.21868,05,7425
0501240-MADERO,Madero,19.35859,-99.22046,05,7426
0501240-CALLE6,Calle 6,19.35899,-99.22383,05,7427
0501240-FRENTE3050,Frente a No. 3050,19.36108,-99.22241,05,7428
0501240-5MAYO,5 de Mayo,19.36162,-99.22568,05,7429
0501240-JGALVEZMOYA,José Galvez Moya,19.36011,-99.22848,05,7430
0501240-FUHPERA,Frente a Unidad Habitacional la Pera,19.3598,-99.22949,05,7431
0501240-PRINCIPAL,Principal,19.35941,-99.23108,05,7432
0501240-ANDQRO,Andador Querétaro,19.35761,-99.23487,05,7433
0501240-BELENFLORES,Belen de las Flores,19.35694,-99.23595,05,7434
0501240-CHARRUAS,Charruas,19.35606,-99.23738,05,7435
0501240-CNOPTACEHUA,Camino Punta Cehuayo,19.35602,-99.23944,05,7436
0501240-RNOPALMAS,Retorno de las Palmas,19.35604,-99.24031,05,7437
0501240-MIXTECA,Mixteca,19.35504,-99.24103,05,7438
0501240-TEOTIHUACAN,Teotihuacan,19.35472,-99.24157,05,7439
0501241-TIBURCIOS,Tiburcio Sanchez de la Barquera,19.3633,-99.19011,05,7440
0501241-MIXCOAC,Mixcoac,19.36417,-99.19407,05,7441
0501241-AVLOMASPLATE,Av. Lomas de Platero,19.36416,-99.19536,05,7442
0501241-AVCENTENARIO,Av. Centenario,19.3656,-99.19549,05,7443
0501241-GRALANAYA,General Anaya,19.36608,-99.19727,05,7444
0501241-AZCAPOTZALCO,Azcapotzalco,19.36631,-99.19975,05,7445
0501241-CUAJIMALPA,Cuajimalpa,19.36635,-99.2008,05,7446
0501241-XOCHIMILCO,Xochimilco,19.36642,-99.20303,05,7447
0501241-GPEHGO,Guadalupe Hidalgo,19.36641,-99.20413,05,7448
0501241-ALTATENSION,Alta Tensión,19.36645,-99.20497,05,7449
0501241-5MAYO,5 de Mayo,19.36639,-99.20758,05,7450
0501241-CENTENARIO,Centenario,19.36218,-99.22445,05,7403
0501241-CDACHABACANO,Cerrada de Chabacano,19.36128,-99.22683,05,7451
0501241-JGALVEZMOYA,José Galvez Moya,19.36034,-99.22834,05,7430
0501241-FUHPERA,Frente a Unidad Habitacional la Pera,19.35989,-99.22909,05,7431
0501241-PRINCIPAL,Principal,19.35992,-99.23107,05,7452
0501241-ANDCHIAPAS,Andador Chiapas,19.3585,-99.23356,05,7453
0501241-ANDQRO,Andador Querétaro,19.35787,-99.23467,05,7433
0501241-BELEMFLORES,Belem de las Flores,19.35718,-99.23582,05,7434
0501241-CHARRUAS,Charruas,19.35626,-99.23724,05,7435
0501241-CNOPTACEGUAY,Camino a Punta de Ceguayo,19.35607000000001,-99.23915,05,7436
0501241-AZTECAS,Aztecas,19.35554,-99.24064,05,7454
0501241-MIXTECAS,Mixtecas,19.35508,-99.24132,05,7438
0501241-BLVDURAZNO,Boulevard del Durazno y Av. Centenario,19.35374,-99.24496,05,7455
05123A1-ESCUINAPA,Escuinapa,19.33252,-99.17365,05,7329
05123A1-EJE10SUR,Eje 10 Sur,19.3353,-99.17285,05,7456
05123A1-METROCOPILCO,Metro Copilco,19.33628,-99.17564,05,7457
05123A1-ODONTOLOGIA,Odontología,19.33657,-99.18101,05,7330
05123A1-AVUNIVERSIDAD,Av. Universidad,19.3374,-99.1833,05,5795
05123A1-UNIDADHABITA,Unidad Habitacional,19.33808,-99.18684,05,7458
05123A1-AVREVOLUCION,Av. Revolución,19.3388,-99.19137,05,7459
05123A1-AVINSURGENTE,Av. Insurgentes,19.33857,-99.18987,05,7460
05123A1-IGLESIA,Iglesia,19.33708,-99.19829,05,7380
05123A1-PUENTE,Puente,19.33392000000001,-99.20351,05,7461
05123A1-FRATERNIDAD,Fraternidad,19.33578,-99.20144,05,7462
05123A1-SANJERONIMO,San Jerónimo,19.33294,-99.20535,05,7463
05123A1-TERASQUILLO,Terasquillo,19.32883,-99.21191,05,5425
05123A1-CDAREDENCION,Cerrada Redención,19.32702,-99.21293,05,7464
05123A1-LUISCABRERA,Luis Cabrera,19.32252,-99.21892,05,7465
05123A1-OAXACA,Oaxaca,19.31622,-99.22135,05,7466
05123A1-HANGELES,Hospital Ángeles,19.31223,-99.22031,05,7467
05123A1-RNOFTEMOLINO,Retorno Fuente de los Molinos,19.31126,-99.22083,05,7468
05123A1-MICHOACAN,Michoacan,19.31083,-99.22472,05,7469
05123A1-PACHUCA,Pachuca,19.31029,-99.22857,05,7470
05123A1-TOLUCA,Toluca,19.30988,-99.23066,05,7471
05123A1-FLORESMAGON,Flores Magón,19.30848,-99.23194,05,7472
05123A1-CHABACANO,Chabacano,19.30733,-99.23354,05,7473
05123A1-FPEANGELES,Felipe Ángeles,19.30607,-99.23405,05,7474
05123A1-PRIVFERROCUE,Privada Ferrocarril a Cuernavaca,19.30539,-99.2344,05,7475
05123A1-MORELOS,Morelos,19.30379,-99.23464,05,7476
05123A1-VGUERRERO,Vicente Guerrero,19.30113,-99.2336,05,7477
05123A1-BALANCAN,Balancan,19.2998,-99.23263,05,7478
05123A1-CALCALCHEN,Calcalchen,19.29695,-99.23203,05,7479
05123A1-OPICHEN,Opichen,19.29551,-99.23235,05,7480
05123A1-TETIZ,Tetiz,19.29426,-99.23272,05,7481
05123A1-TINUM,Tinum,19.29245,-99.23542,05,7482
05123A1-ZINANCHE,Zinanche,19.29225,-99.23774,05,7483
05123A1-MANI,Mani,19.29207,-99.23806,05,7483
05123A1-CHEMAX,Chemax,19.29093,-99.23796,05,7484
05123A1-ACANCEH,Acanceh,19.28958,-99.23789,05,7485
05123A1-TIZIMIN,Tizimin,19.28822000000001,-99.23772,05,7486
05123A1-HOPELCHEN,Hopelchen,19.28689,-99.23768,05,7487
05123A1-TENOZIQUE,Tenozique,19.28533,-99.23755,05,7488
05123A1-HOMUN,Homun,19.28383,-99.2374,05,7489
05123A1-TEKAL,Tekal,19.28249,-99.23719,05,7490
05123A1-HOCABA,Hocaba,19.2811,-99.23717,05,7491
05123A1-TIXMEHUAC,Tixmehuac,19.278170000000006,-99.23689,05,7492
05123A1-DZEMUL,Dzemul,19.27685,-99.2354,05,7493
05123A0-CETRAMCU,Cetram Universidad anden B,19.32333,-99.17364,05,7494
05123A0-PARADEROCU,Paradero Metro Universidad lado poniente,19.32478,-99.17421,05,7495
05123A0-PRIVEZEQUIEL,Privada Ezequiel OrdoNez,19.33011,-99.17369,05,7496
05123A0-ROSAS,Rosas,19.33275,-99.17405,05,7329
05123A0-ADELFINMADR,Antonio Delfín Madrigal,19.33586,-99.1737,05,7497
05123A0-COPILCO,Copilco,19.33596,-99.17643,05,7498
05123A0-INUNAM,Entrada UNAM,19.33716,-99.18439,05,7499
05123A0-PSICOLOGIA,Psicología,19.33679,-99.18724,05,5798
05123A0-AVREVOLUCION,Av. Revolución,19.33656,-99.19346,05,7500
05123A0-IGLESIA,Iglesia,19.33411,-99.19935,05,7309
05123A0-PASEOSPEDRE,Paseos del Pedregal,19.33348,-99.20035,05,4972
05123A0-SISMO,Sismo,19.33304,-99.20285,05,7501
05123A0-AVSANJERONIM,Av. San Jerónimo,19.33092000000001,-99.21016,05,7502
05123A0-SUBURBIA,Suburbia,19.32954,-99.21091,05,7503
05123A0-SAMSCLUB,Sam's Club,19.32813,-99.21173,05,7504
05123A0-BLVDLUZ,Boulevard de la Luz,19.32516,-99.21418,05,7505
05123A0-LCABRERA,Luis Cabrera,19.32092,-99.22033,05,7506
05123A0-OAXACA,Oaxaca,19.31654,-99.22086,05,7507
05123A0-HANGELES,Hospital Ángeles,19.31291,-99.21992,05,7508
05123A0-RNOFTEMOLI,Retorno Fuente de los Molinos,19.31096,-99.22082,05,7468
05123A0-MICHOACAN,Michoacan,19.31065,-99.22468,05,7469
05123A0-CHIHUAHUA,Chihuahua,19.30964,-99.22868,05,7509
05123A0-PACHUCA,Pachuca,19.30874,-99.22853,05,7510
05123A0-TOLUCA,Toluca,19.30826,-99.22931,05,7511
05123A0-MORELIA,Morelia,19.30775,-99.23019,05,7512
05123A0-PPRIVFERRCUE,Privada Ferrocarril a Cuernavaca,19.30523,-99.23429,05,7475
05123A0-ALFOPRIANI,Alfonso Priani,19.30578,-99.2336,05,7513
05123A0-MCASTREJON,Manuel Castrejon,19.30622,-99.23288,05,7514
05123A0-FCOVILLA,Francisco Villa,19.30668,-99.23212,05,7515
05123A0-FLORESMAGON,Flores Magón,19.30725,-99.23111,05,7516
05123A0-RIOMAGDALENA,Río Magdalena,19.30377,-99.23464,05,7476
05123A0-BALANCAN,Balancan,19.29984,-99.23262,05,7478
05123A0-PIXOYAL,Pixoyal,19.29697,-99.23199,05,7479
05123A0-SOTUTA,Sotuta,19.29245,-99.23403,05,7517
05123A0-OPICHEN,Opichen,19.29524,-99.23424,05,7518
05123A0-HAMPOLOL,Hampolol,19.29541,-99.23241,05,7480
05123A0-SINANCHE,Sinanche,19.29208,-99.23778,05,7483
05123A0-CAPOMA,Capoma,19.29231,-99.23604,05,7519
05123A0-TINUM,Tinum,19.29235,-99.23543,05,7482
05123A0-POPOLNA,Popolna,19.29249,-99.23467,05,7520
05123A0-CHEMAX,Chemax,19.29091,-99.23769,05,7484
05123A0-TENOZIQUE,Tenozique,19.28532,-99.23722,05,7488
05123A0-ALACHON,Alachon,19.28676,-99.23734,05,7487
05123A0-TIZIMIN,Tizimin,19.28814,-99.23744,05,7486
05123A0-ACANCEH,Acanceh,19.28955,-99.23756,05,7485
05123A0-TIXMEHUAC,Tixmehuac,19.27818,-99.23658,05,7492
05123A0-HOCABA,Hocaba,19.28107,-99.2369,05,7491
05123A0-TEKAL,Tekal,19.28246,-99.23696,05,7490
05123A0-MANI,Mani,19.28387,-99.23709,05,7489
05123A0-TINUMDZEMUL,Tinum y Dzemul,19.27699,-99.23442,05,7521
0501200-PARROQUIA,Parroquia,19.36811,-99.1663,05,5198
0501200-GMANCERA,Gabriel Mancera,19.366670000000006,-99.16941,05,5199
0501200-AVCOYOACAN,Av. Coyoacan,19.36726,-99.17232,05,7522
0501200-MORAS,Moras,19.36798,-99.17536,05,7523
0501200-SANFCO,San Francisco,19.36834,-99.17694,05,5200
0501200-OSO,Oso,19.36828,-99.1798,05,5033
0501200-AVINSURGENTE,Av. Insurgentes,19.3682,-99.18175,05,7524
0501200-CHARCOAZUL,Charco Azul,19.37249,-99.1895,05,7525
0501200-LOMASPLATERO,Lomas de Plateros,19.372020000000006,-99.19296,05,7526
0501200-SASSOFERRATO,Sassoferrato,19.37211,-99.19392,05,7527
0501200-ROSABLANCA,Rosa Blanca,19.37262,-99.19972,05,7528
0501200-CALLE7,Calle 7,19.37282,-99.20581,05,7529
0501200-CALLE26,Calle 26,19.37013,-99.21712,05,7530
0501200-PESEBRE,Pesebre,19.36938,-99.21932,05,7531
0501200-PASEOCORCELE,Paseo de los Corceles,19.3684,-99.22303,05,7532
0501200-TROVADOR,Trovador,19.3672,-99.22937,05,7533
0501200-ESTRIBO,Estribo,19.36662,-99.23273,05,7534
0501200-EUCALIPTO,Eucalipto,19.36735,-99.23593,05,7535
0501200-SAUCES,Sauces,19.36731,-99.2374,05,7536
0501200-ARRAYAN,Arrayan,19.36619,-99.23969,05,7537
0501200-PRIVCANTERA,Privada Cantera,19.36553,-99.24343,05,7538
0501200-SANMIGUEL,San Miguel,19.36448,-99.24543,05,7539
0501200-ISIDROLERMA,Isidro Lerma,19.36331,-99.24769,05,7540
0501200-SANLUIS,San Luis,19.36164,-99.25025,05,7541
0501200-MOCTEZUMA,Moctezuma,19.36117,-99.25117,05,7542
0501200-18JULIO,18 de Julio,19.36033,-99.25224,05,7543
0501200-ILOPEZRAYON,Ignacio López Rayón,19.35957,-99.25414,05,7544
0501200-IZARAGOZA,Ignacio Zaragoza,19.35836,-99.25619,05,7545
0501200-FRENTE112,Frente a No. 112,19.35689,-99.25825,05,7546
0501200-CORAL,Coral,19.35608,-99.26164,05,7547
0501200-PRADOSMONTA,Prados de la MontaNa,19.3558,-99.26454,05,7548
0501200-ALTAVISTA,Altavista,19.35549,-99.2673,05,7549
0501200-AVTAMPS,Av. Tamaulipas,19.35189,-99.27728,05,7550
0501200-AVARTEAGASAL,Av. Arteaga y Salazar,19.35167,-99.27792,05,7551
0501200-PORTALSUR,Portal del Sur,19.34819,-99.28101,05,7552
0501200-5TANALUISA,Quinta Ana Luisa,19.34637,-99.28452,05,7553
0501200-CORREGIDORA,Corregidora,19.34512,-99.28498,05,7554
0501200-DELRIO,Del Río,19.34382,-99.28593,05,7555
0501200-VALLEMONJAS,Valle de las Monjas,19.34281,-99.28567,05,7556
0501200-FRESNOS,Fresnos,19.34426,-99.28,05,7557
0501200-MINALLENDE,Mina y Allende,19.34226,-99.28163,05,7558
0501201-AVUNIVERSIDAD,Av. Universidad,19.37179,-99.16402,05,7559
0501201-EJE8SURJMRICO,Eje 8 Sur José María Rico,19.36706,-99.16731,05,7560
0501201-COYOACAN,Coyoacan,19.36746,-99.17228,05,7522
0501201-ADOLFPRIETO,Adolfo Prieto,19.36776,-99.17358,05,5037
0501201-MORAS,Moras,19.36816,-99.17544,05,7523
0501201-AVINSURGENTES,Av. Insurgentes,19.36821,-99.1805,05,5033
0501201-AVREVOLUCION,Av. Revolución,19.37267,-99.1877,05,7561
0501201-GUILLAIN,Guillain,19.37278,-99.18986,05,7525
0501201-JUANCOUSIN,Juan Cousin,19.37391,-99.19711,05,7562
0501201-AVROSAL,Av. del Rosal,19.37328,-99.20628,05,7563
0501201-CALLE10,Calle 10,19.37306,-99.20779,05,7564
0501201-CALLE22,Calle 22,19.37247,-99.21506,05,7565
0501201-CALLE36,Calle 36,19.3703,-99.22335,05,7566
0501201-JARIPEO,Jaripeo,19.36844,-99.22673,05,7567
0501201-EUCALIPTO,Eucalipto,19.36747,-99.23588,05,7535
0501201-PRIVCANTERA,Privada Cantera,19.36573,-99.24331,05,7538
0501201-SANMIGUEL,San Miguel,19.36468,-99.24536,05,7539
0501201-SANLUIS,San Luis,19.36184,-99.25014,05,7541
0501201-ISIDROLERMA,Isidro Lerma,19.36348,-99.24761,05,7540
0501201-MOCTEZUMA,Moctezuma,19.36128,-99.25122,05,7542
0501201-18JULIO,18 de Julio,19.36045,-99.25229,05,7543
0501201-ILOEZRAYON,Ignacio López Rayón,19.35978,-99.2541,05,7544
0501201-IZARAGOZA,Ignacio Zaragoza,19.35855,-99.25612,05,7545
0501201-AVCARLOSLAZO,Av. Carlos Lazo,19.35664,-99.25994,05,7568
0501201-FCOJSERRANO,Francisco José Serrano,19.35625,-99.2632,05,7569
0501201-ALTAVISTA,Altavista,19.3555,-99.26868,05,7570
0501201-CORREGIDORA,Corregidora,19.34515,-99.28519,05,7554
0501201-PACHUQUILLA,Pachiquilla,19.34479,-99.28536,05,7571
0501201-VALLEMONJAS,Valle de las Monjas,19.34378,-99.28619,05,7555
0501201-FRESNOS,Fresnos,19.34432,-99.28044,05,7557
0501201-MINA,mina,19.34273,-99.28118,05,7572
0501201-MINALLENDE,Mina y Allende,19.3424,-99.28172,05,7558
0500121-AV699ESQ606,Av. 699 Esquina 606,19.45884,-99.05527,05,7573
0500121-TAXIMETROS,Taxímetros,19.46147,-99.05642,05,7574
0500121-VILLARAGON,Villa de Aragon,19.46141,-99.06142,05,7575
0500121-AV661,Av. 661,19.46088,-99.06329,05,7576
0500121-BOSQUESARAG,Bosques de Aragon,19.46018,-99.06598,05,7577
0500121-AV613,Av. 613,19.45772,-99.06948,05,7578
0500121-AV597,Av. 597,19.45573,-99.07223,05,7579
0500121-AV583,Av. 583,19.45334,-99.07553,05,7580
0500121-AV573,Av. 573,19.45183,-99.07763,05,7581
0500121-CUITLAHUAC,Cuitláhuac,19.46841,-99.17661,05,5329
0500121-SANLUCAS,San Lucas,19.47089,-99.17913,05,7582
0500121-NUBIA,Nubia,19.47426,-99.18197,05,5330
0500121-22FEBRERO,22 de Febrero,19.47772,-99.18471,05,7583
0500121-AVASERDAN,Av. Aquiles Serdán,19.47883,-99.18849,05,5340
0500121-ASERDAN,Aquiles Serdán,19.47897,-99.18895,05,5359
0500121-REYMAXTLA,Rey Maxtla,19.47831,-99.19293,05,7584
0500121-CENTEOTL,Centeotl,19.47924,-99.19598,05,7585
0500121-TEZOZOMOC,Tezozomoc,19.48038,-99.19889,05,7586
0500121-RENACIMIENTO,Renacimiento,19.48369,-99.20348,05,7587
0500121-MORELOS,Morelos,19.48657,-99.20832,05,7588
0500120-AVTAXIMETROS,Av. Taxímetros,19.45808,-99.05721,05,7589
0500120-AV606,Av. 606,19.45674,-99.06081,05,7590
0500120-AV661,Av. 661,19.45771,-99.06153,05,7591
0500120-AV608,Av. 608,19.46141,-99.06134,05,7575
0500120-Av631,Av. 631,19.45966,-99.06676,05,7592
0500120-AV603,Av. 603,19.45788,-99.06936,05,7578
0500120-calle593,Calle 593,19.45489,-99.07341,05,7593
0500120-CALLE573,Calle 573,19.45186,-99.07762,05,7581
0500120-VOCA10,Vocacional 10,19.45527,-99.07948,05,7594
0500120-LORETOFAVELA,Loreto Favela,19.45691,-99.08081,05,7595
0500120-CALLE549,Calle 549,19.45897,-99.08437,05,7596
0500120-CALLE519,CAlle 519,19.46214,-99.09088,05,7597
0500120-AV503,Av. 503,19.46313,-99.09447,05,7598
0500120-ANGELALBINO,Ángel Albino Corzo,19.45879,-99.09645,05,7599
0500120-NTE62A,Norte 62A,19.46354,-99.11171,05,7600
0500120-NTE58,Norte 58,19.46448,-99.11441,05,7601
0500120-BUENTONO,Buen Tono,19.46902,-99.1285,05,7602
0500120-NTEH1,Norte H1,19.47214,-99.14192,05,7603
0500120-VALLEJONTE,Vallejo Norte,19.47297,-99.14612,05,7604
0500120-CALLE28,Calle 28,19.4731,-99.14735,05,7605
0500120-JARDIN,Jardín,19.47357,-99.15915,05,7606
0500120-AVNUECES,Av. de las Nueces,19.47032,-99.1694,05,6033
0500120-SALONICA,Salonica,19.47072,-99.17897,05,7582
0500120-PRIVTULA,Privada de Tula,19.47519,-99.18246,05,7607
0500120-AZCAPOTZALC,Azcapotzalco y 22 de Febrero,19.4778,-99.18488,05,7583
0500120-CAMARONES,Camarones,19.47871,-99.18815,05,4893
0500120-STODOMINGO,Santo Domingo,19.48136,-99.19348,05,7608
0500120-PETROMEX,Petroleos Mexicanos,19.48177,-99.19591,05,7609
0500120-AVTEZOZOMOC,Av. Tezozomoc,19.48234,-99.19788,05,7610
0500120-FRANCITA,Francita,19.48298,-99.20059,05,7611
0500120-RENACIMIENTO,Renacimiento,19.48369,-99.20342,05,7587
0500120-AVMORELOS2,Av. Morelos 2,19.48512,-99.20874,05,7612
0500120-CALZARMAS,Calz. de las Armas,19.48751,-99.2171,05,7613
0500120-AVMORELOS,Av. Morelos,19.48745,-99.20861,05,7614
0500120-LUCIOBLANCO,Lucio Blanco,19.48942000000001,-99.21639,05,7615
0500120-CALZSANISIDR,Calz. San Isidro,19.48656,-99.20836,05,7588
05119B0-AVREVOLICION,Av. Revolución,19.37246,-99.18864,05,7616
05119B0-SANTIAGOREB,Santiago Rebull,19.37253,-99.19035,05,7617
05119B0-ROSABENGALA,Rosa Bengala,19.3725,-99.19656,05,7618
05119B0-ROSAEMERALDA,Rosa Esmeralda,19.372770000000006,-99.19773,05,7619
05119B0-ROSAVERDE,Rosa Verde,19.37278,-99.20177,05,7620
05119B0-ALTATENSION,Alta Tensión,19.37291,-99.20389,05,7621
05119B0-CALLE11,Calle 11,19.37273,-99.20858,05,7622
05119B0-CALLE14,Calle 14,19.37264,-99.2102,05,7623
05119B0-JCAMARILLO,José Camarillo,19.37144,-99.21281,05,7624
05119B0-DOLORESRIO,Dolores del Río,19.37067,-99.21497,05,7625
05119B0-CALLE25,Calle 25,19.37032,-99.21635,05,7626
05119B0-PESEBRE,Pesebre,19.36933,-99.2193,05,7531
05119B0-ESTUDIANTINA,Estudiantina,19.36862,-99.22349,05,7627
05119B0-2CDASTALUCIA,Segunda Cerrada de Santa Lucia,19.368170000000006,-99.22658,05,7567
05119B0-TROVADOR,Trovador,19.36723,-99.22946,05,7533
05119B0-ESTRIBO,Estribo,19.36668,-99.23278,05,7534
05119B0-AVSTALUCIA,Av. Santa Lucia,19.36715,-99.23431,05,7628
05119B0-PTOVERACRUZ,Puerto de Veracruz,19.3699,-99.2336,05,7629
05119B0-HGUADALUPE,Hacienda de Guadalupe,19.37132,-99.22769,05,7630
05119B0-THOMASJEFFER,Thomas Jefferson,19.3735,-99.22479,05,7631
05119B0-ALVAROBREGON,Álvaro Obregón,19.37775,-99.22328,05,7632
05119B0-MANUELGLEZ,Manuel González,19.37827,-99.22275,05,7633
05119B0-ADOLFLOPEZMA,Adolfo López Mateos,19.37872,-99.2209,05,7634
05119B1-MIGUELANGEL,Miguel Ángel,19.37275,-99.18928,05,7525
05119B1-SASSOFERRA,Sassoferrato,19.37251,-99.19358,05,7635
05119B1-CARLOSDOLCI,Carlos Dolci,19.37356,-99.19476,05,7636
05119B1-ROSABLANCA,Rosa Blanca,19.37422,-99.19914,05,7637
05119B1-ALTATENSION,Alta Tensión,19.37463,-99.20205,05,7638
05119B1-CALLE20,Calle 20,19.37485,-99.20333,05,7639
05119B1-CALLE11,Calle 11,19.37296,-99.20759,05,7564
05119B1-CALLE14,Calle 14,19.37366,-99.20933,05,7640
05119B1-URUCHURTU,Ernesto Peralta Uruchurtu,19.37283,-99.21365,05,7641
05119B1-CALLE25,Calle 25,19.37201,-99.2168,05,7642
05119B1-CALLE28,Calle 28,19.37159,-99.21848,05,7643
05119B1-CALLE32,Calle 32,19.37097,-99.22081,05,7644
05119B1-CALLE35,Calle 35,19.37053,-99.22252,05,7645
05119B1-AVSTALUCIA,Av. Santa Lucia,19.36924,-99.22451,05,7646
05119B1-JARIPEO,Jaripeo,19.36745,-99.2297,05,7533
05119B1-PTOMAZATLAN,Puerto Mazatlán,19.36675,-99.23277,05,7534
05119B1-PTOVERACRUZ,Puerto Veracruz,19.36976,-99.23263,05,7647
05119B1-PTOPENASCO,Puerto Peñasco,19.37088,-99.23261,05,7648
05119B1-GVODIAZORDAZ,Gustavo Díaz Ordaz,19.3712,-99.23176,05,7649
05119B1-PTOFCOVILLA,Puerto Francisco Villa,19.37168,-99.2307,05,7650
05119B1-PTOESCONDIDO,Puerto Escondido,19.37188,-99.2292,05,7651
05119B1-THOMASJEFFER,Thomas Jefferson,19.37338,-99.22469,05,7631
05119B1-BJUAREZ,Benito Juárez,19.37518,-99.22276,05,7652
05119B1-PTOTECOLUTLA,Puerto Tecolutla,19.37605,-99.22174,05,7653
05119B1-MAVILACAMACH,Manuel Avila Camacho,19.37682,-99.2194,05,7654
05119B1-ADOLFLOPEZMA,Adolfo López Mateos,19.37849,-99.21846,05,7655
0501191-MATAGALPINOS,Matagalpinos,19.38314,-99.20542,05,7656
0501191-MERCURIO,Mercurio,19.3841,-99.20799,05,7657
0501191-CHICAGO,Chicago,19.38342,-99.21089,05,7658
0501191-BATUECAS,Batuecas,19.38111,-99.20891,05,7659
0501191-CDAMINAS,Cerrada de Minas,19.38047000000001,-99.20973,05,7660
0501191-GOLONDRINACE,Golondrina Acerada,19.38033,-99.21039,05,7661
0501191-RNOGOLONMAR,Retorno Golondrina de Mar,19.37964,-99.21221,05,7662
0501191-JAMESCOOK,James Cook,19.37896,-99.21386,05,7663
0501191-REYLOPEZVILLA,Rey López Villalobos,19.37886,-99.21562,05,7664
0501191-PEDROMENDOZ,Pedro Mendoza,19.37885,-99.21722,05,7665
0501191-MAVILACAMACH,Manuel Avila Camacho,19.37891,-99.21983,05,7666
0501191-HVIVALDI,Hermanos Vivaldi,19.37889,-99.21855,05,7655
0501191-MANUELGLEZ,Manuel González,19.37873,-99.22085,05,7634
0501191-BJUAREZ,Benito Juárez,19.37777,-99.22329,05,7632
0501191-PORFIRIODIAZ,Porfirio Díaz,19.37648,-99.22302,05,7667
0501191-GDIAZORDAZ,Gustavo Díaz Ordaz,19.37558,-99.22271,05,7652
0501191-AVPRESIDENTES,Av. Presidentes,19.37521,-99.22293,05,7652
0501191-ROSSEVELT,Rossevelt,19.37485,-99.22331,05,7668
0501191-ABRHALINCOL,Abraham Lincoln,19.3729,-99.22535,05,7669
0501191-HGUADALAJARA,Hacienda Guadalajara,19.37163,-99.22692,05,7670
0501191-VCARRANZA,Venustiano Carranza,19.3713,-99.22763,05,7630
0501191-HACIHIGUERAS,Hacienda de Higueras,19.37156,-99.23122,05,7671
0501191-PTOMAZATLAN,Puerto Mazatán,19.37101,-99.23241,05,7648
0501191-PTOVALLARTA,Puerto Vallarta,19.37269,-99.23199,05,7672
0501190-CALLE2,Calle 2,19.3923,-99.18854,05,7673
0501190-CALLE8,Calle 8,19.39,-99.18912,05,7674
0501190-CALLE16,Calle 16,19.38808,-99.18963,05,7675
0501190-2CDAMINA,Segunda Cerrada de Mina,19.38213,-99.20315,05,7676
0501190-AVCHICAGO,Av. Chicago,19.38088,-99.20782,05,7677
0501190-AMERICOVESPU,Americo Vespucio,19.37817,-99.21836,05,7655
0501190-PEDROMENDO,Pedro Mendoza,19.37828,-99.21686,05,7678
0501190-CAPULA,Capula,19.37868,-99.21542,05,7664
0501190-JAMESCOOK,James Cook,19.37889,-99.21387,05,7663
0501190-GOLONDRINARU,Golondrina Rustica,19.37954,-99.21219,05,7662
0501190-GOLONDRINACE,Golondrina Acerada,19.38023,-99.21017,05,7661
0501190-LCARDENAS,Lázaro Cardenas,19.3766,-99.21996,05,7679
0501190-PTOSANJUANCA,Puerto San Juan del Cabo,19.37421,-99.22387,05,7680
0501190-BENIJUAREZ,Benito Juárez,19.3752,-99.22273,05,7652
0501190-COMONFORT,Comonfort,19.37629,-99.22133,05,7681
0501190-ABRAHLINCOL,Abraham Lincoln,19.37266,-99.22539,05,7669
0501190-PTOMARQUEZ,Puerto Marquez,19.37147,-99.22682,05,7670
0501190-PTOLORETO,Puerto Loreto,19.37187,-99.2301,05,7682
0501190-PTOZAPATA,Puerto Zapata,19.37148,-99.23113,05,7671
0501190-PTOMADERO,Puerto Madero,19.37124,-99.23167,05,7649
0501190-PTOMAZATLAN,Puerto Mazatlán,19.37089,-99.23258,05,7648
0501181-PORTALSOL,Portal del Sol,19.34846,-99.28109,05,7552
0501181-QUINTANALUISA,Quinta Ana Luisa,19.34646,-99.2847,05,7553
0501180-AVARTEAGASAL,Av. Arteaga y Salazar,19.35172,-99.2781,05,7551
0501180-PORTALSOL,Portal del Sol,19.34827,-99.28116,05,7552
0501180-QUINTANALUISA,Quinta Ana Luisa,19.34628,-99.28472,05,7553
0501180-CORREGIDORA,Corregidora,19.34497,-99.28514,05,7554
0501180-DELRIO,Del Río,19.34375,-99.28608,05,7555
0501180-VALLEMONJAS,Valle de las Monjas,19.34271,-99.28561,05,7556
0501180-FRESNOS,Fresnos,19.34422,-99.28014,05,7557
0501180-HIDALGO,Hidalgo,19.34272,-99.2809,05,7572
0501180-PORFIRIODIAZ,Porfirio Díaz,19.34189,-99.28147,05,7558
0501180-FRENTE43,Frente a No. 43,19.3409,-99.28145,05,7683
0501180-GUERRERO,Guerrero,19.33929,-99.28095,05,7684
0501180-MUITELS,Muitles,19.33768,-99.28103,05,7685
0501180-PANTSTAROSA,Panteón Santa Rosa,19.33569,-99.27999,05,7686
0501180-ESCONDIDA,La Escondida,19.33112,-99.28744,05,7687
0501180-CDACARRMATEO,Cerrada Carretera Santa Mateo-Santa Rosa,19.32966,-99.28663,05,7688
0501180-SEC105,Secundaria No. 105,19.32993,-99.28741,05,7689
05116A1-BATALLONPATRI,Batallon de San Patricio,19.35084,-99.14724,05,7690
05116A1-AVCONVENTO,Av. del Convento,19.3512,-99.14915,05,7691
05116A1-DIVISIONTE,División del Norte,19.35162,-99.15102,05,7692
05116A1-CRUZBLANCA,Cruz Blanca,19.35126,-99.15316,05,7693
05116A1-SANPEDRO,San Pedro,19.35067,-99.15588,05,7694
05116A1-MORELOS,Morelos,19.35042,-99.1573,05,7695
05116A1-ABASOLO,Abasolo,19.34986,-99.15988,05,7696
05116A1-CUAUHTEMOC,Cuauhtémoc,19.35142,-99.1603,05,7697
05116A1-ALLENDE,Allende,19.35232,-99.16174,05,7698
05116A1-BELISARIODGZ,Belisario Domínguez,19.3508,-99.16412,05,7699
05116A1-AYUNTAMIENT,Ayuntamiento,19.35168,-99.16768,05,7700
05116A1-PEREZVALENZU,Perez Valenzuela,19.35119,-99.16984,05,7701
05116A1-PROGRESO,Progreso,19.35124,-99.17114,05,7702
05116A1-RETAMA,Retama,19.3512,-99.17272,05,7703
05116A1-SEMARNAT,Semarnat,19.35136,-99.17501,05,7704
05116A1-AVUNIVERSIDA,Av. Universidad,19.35188,-99.17721,05,7705
05116A1-MARGARITA,Margarita,19.3518,-99.1799,05,7706
05116A1-TECOYOTITLA,Tecoyotitla,19.35119,-99.18394,05,7707
05116A1-INSURGENTESU,Insurgentes Sur,19.35057,-99.1863,05,7708
05116A1-REVOLUCION,Revolución,19.34901,-99.19041,05,7709
05116A1-REFORMA,Reforma,19.34855,-99.19331,05,5041
05116A1-DIEGORIVERA,Diego Rivera,19.34897,-99.19783,05,5040
05116A1-ANILPERIBLVD,Anillo Periférico y Blvd. Adolfo López Mateos,19.347620000000006,-99.20215,05,5428
05116A1-CENTENARIO,Centenario,19.35195,-99.16348,05,7710
05116A1-DSTLEONES,Desierto de los Leones,19.34601,-99.21202,05,7711
05116A1-EDIGALAXIA,Edificios Galaxia,19.34623,-99.21272,05,7712
05116A1-PRESA,Presa,19.34648,-99.2131,05,7712
05116A1-CAMPOFUTBOL,Campo de Futbol,19.34735,-99.21507,05,7713
05116A1-RIOAJUSCO,Río Ajusco,19.3473,-99.21815,05,7714
05116A1-BORBONESA,Borbonesa,19.34588,-99.22406,05,7715
05116A1-RIOBALSAMINA,Río Balsamina,19.34626,-99.22452,05,7716
05116A1-RIOBALSAS,Río Balsas,19.34562,-99.22702,05,7717
05116A1-RIOGRIJALVA,Río Grijalva,19.34535,-99.22785,05,7718
05116A0-20AGOSTCALZTL,20 de Agosto y Calz. de Tlalpan,19.35339,-99.14517,05,5091
05116A0-CALZTLALPAN,Calz. de Tlalpan,19.3538,-99.14625,05,7719
05116A0-AVCONVENTO,Av. del Convento,19.35412,-99.14887,05,7720
05116A0-GRALPEDROANA,General Pedro Anaya,19.35472,-99.14952,05,7721
05116A0-DIVISIONTE,División del Norte,19.35497,-99.15253,05,7722
05116A0-CORINA,Corina,19.35419,-99.15637,05,7723
05116A0-SANPEDRO,San Pedro,19.35403,-99.15735,05,7724
05116A0-MORELOS,Morelos,19.35384,-99.15818,05,7725
05116A0-GOMEZFARIAS,Gómez Farias,19.35354,-99.15962,05,7726
05116A0-ABASOLO,Abasolo,19.35331,-99.16088,05,7727
05116A0-ALLENDE,Allende,19.35305,-99.16222,05,7728
05116A0-CENTENARIO,Centenario,19.35276,-99.16348,05,7729
05116A0-GUERRERO,Guerrero,19.35251,-99.16493,05,7730
05116A0-AVMEXICO,Av. México,19.35343,-99.16637,05,7731
05116A0-SLERDOTEJADA,Sebastian Lerdo de Tejada,19.35332,-99.16738,05,7732
05116A0-BELISARIODGZ,Belisario Domínguez,19.35156,-99.16784,05,7700
05116A0-AYUNTAMIENTO,Ayuntamiento,19.35088,-99.16819,05,7733
05116A0-MELCHOROCAM,Melchor Ocampo,19.35098,-99.16993,05,7701
05116A0-TORRESEMARN,Torres SEMARNAT,19.35099,-99.17206,05,7734
05116A0-CJONRETANA,Callejón Retana,19.35099,-99.17444,05,7735
05116A0-SALVADORNOVO,Salvador Novo,19.35162,-99.17692,05,7705
05116A0-UNIVERSIDAD,Universidad,19.35173,-99.17746,05,7705
05116A0-MARGARITAS,Margaritas,19.3516,-99.17999,05,7706
05116A0-TECOYOTITLA,Tecoyotitla,19.35102,-99.18386,05,7707
05116A0-AVINSURGEN,Av. Insurgentes,19.35037,-99.18632,05,7708
05116A0-CRACOVIASU,Cracovia Sumesa,19.34831,-99.19038,05,5031
05116A0-FERROCARRIL,Ferrocarril,19.34559,-99.21009,05,7736
05116A0-DTOLEONES,Desierto de los Leones,19.34584,-99.21147,05,4853
05116A0-PRESAGALAXIA,La Presa y Edificios Galaxia,19.34642,-99.21316,05,7737
05116A0-CANCHAFUTB,Cancha de Futbol,19.3473,-99.21521,05,7713
05116A0-AJUSCO,Ajusco,19.34614,-99.22226,05,7738
05116A0-BARBONESA1PT,Barbonesa Primer Puente,19.3458,-99.2238,05,7715
05116A0-ALMOREJOS,Almorejos,19.34589,-99.22421,05,7715
05116A0-RIOBALSAMINA,Río Balsamina,19.34629,-99.22476,05,7716
05116A0-RIOBALSAS,Río Balsas,19.34553,-99.22717,05,7717
05116A0-RIOGRIJALVA,Río Grijalva,19.3452,-99.22789,05,7718
05116A0-RIOGPERIOCOL,Río Guadalupe y Río Colorado,19.34514,-99.22877,05,7739
0501161-CNODSTLEOTLA,Camino al Desierto de los Leones y Tlaloc,19.32398,-99.2918,05,7740
0501161-CENTENARIO,Centenario,19.32678,-99.29084,05,7741
0501161-MAXIMOSILVA,Maximo Silva,19.32911,-99.29136,05,7742
0501161-PROGRESO,Progreso,19.33161,-99.28989,05,7743
0501161-1ABRIL,1 de Abril,19.33323,-99.28849,05,7744
0501161-STSCASTILLO,Santos Castillo,19.33248,-99.28782,05,7745
0501161-ESCONDIDA,La Escondida,19.33062,-99.28816,05,7746
0501161-CARRSTAROSA,Carretera Santa Rosa - San Mateo,19.32992,-99.28715,05,7689
0501161-JLUISCUEVAS,José Luis Cuevas,19.32845,-99.28226,05,7747
0501161-OJOAGUA,Ojo de Agua,19.32538,-99.28276,05,7748
0501161-GRANJAS,Las Granjas,19.32591,-99.28037,05,7749
0501161-COMUNAL,Comunal,19.32577,-99.27919,05,7750
0501161-CJONENCINOS,Callejon de los Encinos,19.32685,-99.27729,05,7751
0501161-MNTALEGRE,Monte Alegre,19.32704,-99.27316,05,7752
0501161-CEDROS,Cedros,19.32696,-99.26932,05,7753
0501161-ESPEJO,El Espejo,19.32685,-99.26484,05,7754
0501161-CDALIMBO,Cerrada Limbo,19.32461,-99.26306,05,7755
0501161-HIGUERA,Higuera,19.32691,-99.26171,05,7756
0501161-LECHEVERRIA,Luis Echeverria,19.33026,-99.25767,05,7757
0501161-FACADEPOLICI,Frente a Academia de Policia,19.33536,-99.25242,05,7758
0501161-FCOLEGELEC,Frente a Colegio de Electricistas,19.33782,-99.24647,05,7759
0501161-CALZOLIVAR,Calz. Olivar de los Padres,19.33881,-99.24133,05,7760
0501161-OCOTILLO,Ocotillo,19.33969,-99.23738,05,7761
0501161-ENCINOGDE,Encino Grande,19.33922,-99.23299,05,7762
0501161-CDAFLORES,Cerrada de las Flores,19.34114,-99.23304,05,7763
0501161-BARRANQUIL,Barranquilla,19.34161,-99.23026,05,7764
0501161-MORAL,Moral,19.34199,-99.22764,05,7765
0501161-CDASANAGUSTI,Cerrada San Agustín,19.34246,-99.22552,05,7766
0501161-TIZAMPAPANO,Tizampapano,19.3428,-99.22314,05,7767
0501161-CALLE8,Calle 8,19.34311,-99.21706,05,7768
0501161-CALLE6,Calle 6,19.34364,-99.21303,05,7769
0501161-ROMULOFARR,Romulo O'Farril,19.34564,-99.21005,05,7736
0501161-FLORMARIA,Flor de María,19.34693,-99.207,05,7770
0501161-CNODSTLEON,Camino al Desierto de los Leones,19.3479,-99.20203,05,7771
0501161-ANILLOPERIFE,Anillo Periférico,19.34941,-99.20069,05,7772
0501161-MAGNOLIA,Magnolia,19.34886,-99.19833,05,7773
0501161-REYNA,Reyna,19.34881,-99.19454,05,7774
0501161-AVALTAVISTA,Av. Altavista,19.34849,-99.19088,05,5031
0501161-MALUISA,María Luisa,19.35143,-99.19053,05,7775
0501161-TLACOPAC,Tlacopac,19.35414,-99.19025,05,7776
0501161-SOFIA,Sofia,19.35775,-99.18987,05,7777
0501161-ALFOCASO,Alfonso Caso,19.3595,-99.18964,05,7778
0501160-CNODSTLETALO,Camino al Desierto de los Leones y Tlaloc,19.32376,-99.29161,05,7740
0501160-CENTENARIO,Centenario,19.32675,-99.29075,05,7741
0501160-MAXIMOSILVA,Maximo Silva,19.32887,-99.29129,05,7742
0501160-PROGRESO,Progreso,19.33133,-99.28987,05,7743
0501160-1ABRIL,1 de Abril,19.333,-99.28858,05,7744
0501160-STOSCASTILLO,Santos Castillo,19.33267,-99.28788,05,7745
0501160-ESCONDIDA,La Escondida,19.3308,-99.28841,05,7746
0501160-CARRSTAROSA,Carretera Santa Rosa - San Mateo,19.32991,-99.28739,05,7689
0501160-JLUISCUEVAS,José Luis Cuevas,19.32835,-99.28228,05,7747
0501160-OJOAGUA,Ojo de Agua,19.32557000000001,-99.28273,05,7748
0501160-LASGRANJAS,Las Granjas,19.32573,-99.28037,05,7749
0501160-COMUNAL,Comunal,19.32589,-99.27929,05,7750
0501160-CJONENCINOS,Callejon de los Encinos,19.32682,-99.27724,05,7751
0501160-MONTEALEGRE,Monte Alegre,19.32712,-99.27334,05,7752
0501160-CEDROS,Cedros,19.32688,-99.26921,05,7753
0501160-ESPEJO,El Espejo,19.32674,-99.26498,05,7754
0501160-CDALIMBO,Cerrada del Limbo,19.32452,-99.26301,05,7755
0501160-HIGUERA,Higuera,19.32685,-99.26165,05,7756
0501160-LECHEVERRIA,Luis Echeverría,19.33008,-99.25769,05,7757
0501160-FACADEMIAPOL,Frente a Academia de Policia No. 5715,19.33521,-99.25242,05,7758
0501160-FCOLEGELECT,Frente a Colegio de Electricistas,19.33769,-99.24648,05,7759
0501160-CALZOLIVAR,Calz. Olivar de los Padres,19.33874,-99.24128,05,7760
0501160-OCOTILLO,Ocotillo,19.33959,-99.23734,05,7761
0501160-ENCINOGDE,Encino Grande,19.33909,-99.23304,05,7762
0501160-CDAFLORES,Cerrada de las Flores,19.3411,-99.23301,05,7763
0501160-BARRANQUILLA,Barranquilla,19.34154,-99.23025,05,7764
0501160-MORAL,Moral,19.34189,-99.2276,05,7765
0501160-CDASANAGUST,Cerrada San Agustín,19.34239,-99.2255,05,7766
0501160-TIZAMPAPANO,Tizampapano,19.34271,-99.22325,05,7767
0501160-CALLE8,Calle 8,19.34303,-99.2171,05,7768
0501160-CALLE6,Calle 6,19.34355,-99.21311,05,7769
0501160-ROMULOFARR,Romulo O'Farril,19.34564,-99.21027,05,7736
0501160-FLORDEMARIA,Flor de María,19.34676,-99.20723,05,7770
0501160-ANILLOPERIFER,Anillo Periférico,19.34705,-99.20323,05,7779
0501160-AVALTAVISTA,Av. Altavista,19.3481,-99.20137,05,7780
0501160-MAGNOLIA,Magnolia,19.34875,-99.19848,05,7773
0501160-REYNA,Reyna,19.34874,-99.19482,05,7774
0501160-AVREVOLUCION,Av. Revolución,19.34706,-99.19052,05,5039
0501160-CNODSTLEON,Camino al Desierto de los Leones,19.34833,-99.19038,05,5031
0501160-FERVILLAPAN,Fernando Villalpando,19.35317,-99.19008,05,7781
0501160-FPEVILLANV,Felipe Villanueva,19.3603,-99.18931,05,7298
0501160-BARRMURT,Barranca del Muerto,19.36277,-99.18908,05,7782
0501160-JCASTILLO,José del Castillo,19.37177,-99.188,05,7783
0501160-BENVECEL,Benvenuto Cellini y Av. Revolución,19.37585,-99.18798,05,5203
0501160-EJE7SUREXTRE,Eje 7 Sur Extremadura,19.37551,-99.18673,05,7784
05115A1-PTEMETLAC,Puente Metlac,19.34831,-99.23051,05,7785
05115A1-JACARANDAS,Jacarandas,19.34863,-99.22869,05,7786
05115A1-FRESNOS,Fresnos,19.34922000000001,-99.22568,05,7787
05115A1-3CDABAHIA,Tercera Cerrada de Bahía,19.34971,-99.22344,05,7788
05115A1-MARISOL,Marisol,19.35005,-99.22226,05,7789
05115A1-LLANURA,Llanura,19.35033,-99.22143,05,7790
05115A1-MESETA,Meseta,19.35086,-99.21967,05,7791
05115A1-CERRO,Cerro,19.35141,-99.21824,05,7792
05115A1-4CDAGUILASWL,Cuarta Cerrada de las Aguilas y Walmart,19.35307,-99.21629,05,7793
05115A1-ROMULOFARR,Romulo O'Farril,19.35506,-99.21588,05,7794
05115A1-MAR,Mar,19.35836,-99.21218,05,7795
05115A1-TORRENTE,Torrente,19.35847,-99.20918,05,7796
05115A1-ALFOCASOLYF,Alfonso Caso y Luz y Fuerza,19.35835,-99.20642,05,7797
05115A1-ESPIGONES,Espigones,19.35815,-99.20306,05,7798
05115A1-GUTIZAMORA,Gutiérrez Zamora,19.35768,-99.19876,05,7799
05115A1-CALZAGUILAS,Calz. Aguilas,19.36002,-99.19755,05,7800
05115A1-CONDOR,Condor,19.36099,-99.19705,05,7801
05115A1-FUGIYAMA,Fugiyama,19.36285,-99.19614,05,7802
05115A1-CNODTOLEON,Camino al Desierto de los Leones y Liga Maya,19.36376,-99.19583,05,7803
05115A1-MIGUELOCARA,Miguel Ocaranza,19.36395,-99.19222,05,7804
05115A1-BARRANCMRT,Barranca del Muerto,19.36319,-99.18924,05,7782
05115A1-JUANTINOCO,Juan Tinoco,19.36485,-99.18908,05,7805
05115A1-MERCEDGOMEZ,Merced Gómez,19.36676,-99.18879,05,7806
05115A1-MIGUELCABRE,Miguel Cabrera,19.36948,-99.18853,05,7807
05115A1-CASTANEDA,Castañeda,19.37108,-99.18837,05,7808
05115A1-TIZIANO,Tiziano,19.37372,-99.18809,05,7809
05115A1-GIOTTO,Giotto,19.37477,-99.18792,05,7810
05115A1-ANDREASART,Andrea del Sarto,19.37684,-99.18767,05,7811
05115A1-MURILLO,Murillo,19.37904,-99.18734,05,7812
05115A1-REMBRANDT,Rembrandt,19.38129,-99.18715,05,7813
05115A1-MSANANTONIO,Metro San Antonio,19.38535,-99.1867,05,7814
05115A1-JMVIGIL,José María Vigil,19.4015,-99.18486,05,7815
05115A1-PROGRESO,Progreso,19.40648,-99.18449,05,7816
05115A1-GOBVICENEGUI,Gobernador Vicente Eguia,19.40815,-99.18434,05,6001
05115A1-GOBJMTORNEL,Gobernador José María Tornel,19.41195,-99.18252,05,7817
05115A1-MJUANACATL,Metro Juanacatlán,19.41283,-99.1821,05,7818
05115A1-JUANESCUTIA,Juan Escutia,19.4159,-99.17996,05,7819
05115A0-CETRAMCHAP,CETRAM Chapultepec,19.42068,-99.17651,05,7820
05115A0-VERACRUZ,Veracruz,19.42024,-99.17676,05,7292
05115A0-JUANESCUTI,Juan Escutia,19.41674,-99.17883,05,7293
05115A0-VICENTSUARE,Vicente Suárez,19.41384,-99.18043,05,7294
05115A0-ALFONSOREYE,Alfonso Reyes,19.4104,-99.18058,05,7295
05115A0-MAZATLAN,Mazatlán,19.40899,-99.17971,05,7296
05115A0-BENJAFRANK,Benjamín Franklin,19.40609,-99.1781,05,7821
05115A0-JOSEMARTI,José Martí,19.40253,-99.17902,05,7822
05115A0-13SEPTIEM,13 de Septiembre,19.39906,-99.18027,05,7823
05115A0-11ABRIL,11 de Abril,19.39704,-99.18091,05,7824
05115A0-PTEMORENA,Puente de la Morena,19.39518,-99.18136,05,7825
05115A0-CALLE9,Calle 9,19.3911,-99.18203,05,7826
05115A0-CALLE17,Calle 17,19.3886,-99.18238,05,7827
05115A0-TINTORETO,Tintoreto,19.38361,-99.18361,05,5985
05115A0-HOLBEIN,Holbein,19.38071,-99.18481,05,7828
05115A0-INEGI,INEGI,19.37971,-99.18517,05,7829
05115A0-IRINEOPAZ,Irineo Paz,19.37817,-99.18581,05,7830
05115A0-EMPRESA,Empresa,19.37594,-99.18661,05,7784
05115A0-GOYA,Goya,19.37418,-99.18703,05,5202
05115A0-RIOMIXCOAC,Río Mixcoac,19.37235,-99.18728,05,7831
05115A0-ANDRESCONC,Andrés de la Concha,19.36853,-99.18838,05,7832
05115A0-DIEGOBECER,Diego Becerra,19.36664,-99.18859,05,7806
05115A0-JMVELAZCO,José María Velazco,19.36423,-99.18884,05,7833
05115A0-AVREVOLUCI,Av. Revolución,19.36286,-99.18951,05,7782
05115A0-PERIFERICO,Periférico,19.36352,-99.1919,05,7834
05115A0-ETNA,Etna,19.36343,-99.1951,05,7835
05115A0-CALZAGUI,Calzada de las Aguilas,19.36162,-99.19658,05,7836
05115A0-CONDOR,Condor,19.36079,-99.19699,05,7801
05115A0-CNODSTLEON,Camino al Desierto de los Leones,19.35983,-99.19774,05,7800
05115A0-ESPIGONES,Espigones,19.35814,-99.20323,05,7798
05115A0-ALFONSOCASO,Alfonso Caso,19.35829,-99.20678,05,7797
05115A0-RIVERA,Rivera,19.35809,-99.20978,05,7837
05115A0-MARISMA,Marisma,19.35781,-99.21163,05,7838
05115A0-ISLA,Isla,19.35753,-99.21351,05,7839
05115A0-ROMULOFARR,Romulo O'Farril,19.35473,-99.21577,05,7794
05115A0-4CDAGUILWALM,Cuarta Cerrada de las Aguilas y Walmart,19.35296,-99.21609,05,7793
05115A0-CERRO,Cerro,19.35128,-99.21822,05,7792
05115A0-MESETA,Meseta,19.35068,-99.21983,05,7791
05115A0-LLANURA,Llanura,19.35018,-99.22144,05,7790
05115A0-3CDABAHIA,Tercera Cerrada de Bahía,19.34961,-99.22345,05,7788
05115A0-FRESNOS,Fresnos,19.3491,-99.22573,05,7787
05115A0-ALCANFORES,Alcanfores,19.3485,-99.22862,05,7786
05115A0-PTEMETLAC,Puente Metlac,19.34822,-99.23047,05,7785
05115A0-RIONAUTLA,Río Nautla,19.34784,-99.2315,05,7840
05115A0-CALZAGUILAS,Calz. de las Aguilas y Río Naza,19.34737,-99.2339,05,7841
0501151-TINAJAS,Tinajas,19.34984,-99.28613,05,7842
0501151-FRENTE1160,Frente a No. 1160,19.35034,-99.28298,05,7843
0501151-AVARTEAGASAL,Av. Arteaga Salazar,19.35232,-99.27699,05,7844
0501151-AVTAMPS2,Av. Tamaulipas 2,19.35284,-99.27213,05,7845
0501151-ALTAVISTA,Altavista,19.35573,-99.26732,05,7549
0501151-COLMONTEVRDE,Colegio Monte Verde,19.35603,-99.26485,05,7548
0501151-AVTAMPS,Av. Tamaulipas,19.3563,-99.26305,05,7569
0501151-FCOLEWEST,Frente a Colegio Westhill,19.35866,-99.26512,05,7846
0501151-AVSTAFE2,Av. Santa Fe,19.36183,-99.26611,05,7847
0501151-SANBORNS,Sanborns,19.36271,-99.2751,05,7848
0501151-FLIVERPOOL,Frente a Liverpool,19.3631,-99.27389,05,7849
0501151-SAKS,Saks Fifth Avenue,19.36356,-99.27267,05,5275
0501151-PALACIOHIERR,Palacio de Hierro,19.36424,-99.27061,05,7850
0501151-ANTIGUA,Antigua,19.36484,-99.27009,05,7851
0501151-AVCARLOSLAZ,Av. Carlos Lazo,19.36329,-99.26498,05,7852
0501151-FHOTELFINN,Frente a Hotel Fiesta Inn,19.36569,-99.26276,05,7853
0501151-PTEMXTOL,Puente Autopista México Toluca 2,19.36559,-99.26705,05,7854
0501151-PTEAUTOMXTOL,Puente Autopista México-Toluca,19.36625,-99.26583,05,7855
0501151-ERNDGUEZ2,Ernesto Domínguez 2,19.3667,-99.26445,05,7856
0501151-ERNEDGUEZ,Ernesto Domínguez,19.36771,-99.26401,05,5231
0501151-INUIBERO,Entrada Universidad Ibero,19.36837,-99.26328,05,7857
0501151-GLEZCAMARENA,González Camarena,19.36858,-99.26254,05,7858
0501151-ESTUIBERO,Estacionamiento Universidad Ibero,19.36885,-99.26282,05,7858
0501151-AVSTAFE,Av. Santa Fe,19.36825,-99.26072,05,7859
0501151-JOAGALLO,Joaquin Gallo,19.37215,-99.26011,05,7860
0501151-ROBERMEDELL,Roberto Medellin,19.37294,-99.25937,05,7861
0501151-MEMOHARO,Guillermo Haro,19.37489,-99.25736,05,7862
0501151-MANUSANDOVAL,Manuel Sandoval,19.3759,-99.25558,05,7863
0501151-ISAACOSTERO,Isaac Costero,19.37726,-99.25296,05,7864
0501151-COLMADRAZO,Colonia Madrazo,19.37847,-99.24944,05,7865
0501151-GLORIETA,Glorieta Vasco de Quiroga,19.37909,-99.24832,05,7866
0501151-CNOVERDE,Camino Verde,19.37908,-99.24698,05,7867
0501151-GOMEZFARIAS,Gómez Farias,19.37988,-99.24475,05,7868
0501151-PORFIRIODIAZ,Porfirio Díaz,19.38042,-99.24307,05,7869
0501151-MAGNOLIA,Magnolia,19.38092,-99.24179,05,7870
0501151-MATAMOROS,Matamoros,19.38096,-99.24169,05,7870
0501151-HIDALGO,Hidalgo,19.38126,-99.24116,05,7871
0501151-CORREGIDORA,Corregidora,19.38191,-99.2397,05,7872
0501151-PROGRESO,Progreso,19.38209,-99.23936,05,7872
0501151-POLVORAS,Polvoras,19.38275,-99.2374,05,7873
0501151-DIEGORDAZ,Diego de Ordaz,19.38339,-99.23493,05,7874
0501151-CHACUBO,Chacubo,19.38392,-99.23161,05,7875
0501151-PALMILLA,Palmilla,19.38437,-99.22965,05,7876
0501151-FRENTE133,Frente a No. 133,19.38494,-99.22792,05,7877
0501151-STAISABEL,Santa Isabel,19.38525,-99.22687,05,7878
0501151-RAULZARATE,Raul Zarate,19.38609,-99.22459,05,7879
0501151-BODEGAURRE,Bodega Aurrera,19.38687,-99.22265,05,7880
0501151-TLAXCALTECA,Tlaxcaltecas,19.38673,-99.21821,05,7881
0501151-CHINAMECAS,Chinamecas,19.38828,-99.21396,05,7882
0501151-ITALIANOS,Italianos,19.38903,-99.21215,05,7883
0501151-ALEMANES,Alemanes,19.38967,-99.21052,05,7884
0501151-15NOVIEMBRE,15 de Noviembre,19.38982,-99.20377,05,7885
0501151-CRISTOREY,Cristo Rey,19.39018,-99.20299,05,7886
0501151-SUR122,Sur 122,19.39082,-99.20175,05,7887
0501151-PARALELA3,Paralela 3,19.39315,-99.19769,05,7888
0501151-JARDIN,Jardín,19.39463,-99.19534,05,7889
0501151-CANARIO,Canario,19.39638,-99.19257,05,7890
0501151-BARZA,Barza,19.39665,-99.1918,05,7891
0501151-ANILLOPERSUR,Anillo Periférico Sur,19.39732,-99.19044,05,7892
0501151-VIADUCTOMA,Viaducto Miguel Aleman,19.40003,-99.18873,05,7893
0501151-TORDO,Tordo,19.40062,-99.18836,05,7894
0501151-ITURBEAVJALI,Iturbe y Av. Jalisco,19.40165,-99.1878,05,7895
0501150-ESC201,Escuadrón 201,19.39032000000001,-99.20225,05,7896
0501150-1RONOVIEMBRE,Primero de Noviembre,19.39017,-99.20563,05,7897
0501150-TURINESES,Turineses,19.39053,-99.20746,05,7898
0501150-CRISTOREY,Cristo Rey,19.39018,-99.2089,05,7899
0501150-COSTARRICEN,Costarricenses,19.38892,-99.21156,05,7900
0501150-URUGUAYOS,Uruguayos,19.38849,-99.21271,05,7901
0501150-CHILENOS,Chilenos,19.38807000000001,-99.21369,05,7882
0501150-QUERETANOS,Queretanos,19.38739,-99.21592,05,7902
0501150-TLAXCALTECAS,Tlaxcaltecas,19.38657000000001,-99.21833,05,7881
0501150-UHBELEN,Unidad Habitacional Belen,19.38646,-99.22336,05,7903
0501150-STAISABEL,Santa Isabel,19.38511,-99.22695,05,7878
0501150-PASODEMONO,Paso de Mono,19.38458,-99.22855,05,7904
0501150-MIGUELALEMA,Miguel Aleman,19.38416,-99.22996,05,7876
0501150-DELALAJA,De La Laja,19.38379,-99.23145,05,7875
0501150-AMADONERVO,Amado Nervo,19.38367,-99.23223,05,7905
0501150-PASOCHABACAN,Paso Chabacano,19.38346,-99.23335,05,7906
0501150-RUBENDARIO,Ruben Dario,19.38339,-99.23384,05,7907
0501150-CEBADA,Cebada,19.38305,-99.23561,05,7908
0501150-VIOLETA,Violeta,19.38291,-99.23622,05,7909
0501150-PUEBLONVO,Pueblo Nuevo,19.38202,-99.23919,05,7910
0501150-PRIVJOYA,Privada La Joya,19.38154,-99.2402,05,7911
0501150-TEJOCOTES,Tejocotes,19.38116,-99.24098,05,7871
0501150-MATAMOROS,Matamoros,19.3809,-99.24155,05,7870
0501150-TLAPECHICO,Tlapechico,19.38059,-99.24224,05,7912
0501150-GOMEZFARIAS,Gómez Farias,19.38016,-99.24343,05,7869
0501150-GRALANTOROS,General Antonio Rosales,19.37919,-99.24634,05,7913
0501150-PTASTAFE,Puerta Santa Fe,19.37899,-99.24685,05,7867
0501150-COLMADRAZO,Colonia Madrazo,19.37805,-99.24975,05,7914
0501150-ACCTELEVISA,Acceso a Televisa,19.37743,-99.25166,05,5846
0501150-ESPINGUTIERR,Espinoza Gutiérrez,19.37627,-99.25419,05,7915
0501150-MANUSANDOVA,Manuel Sandoval,19.37576,-99.25538,05,7863
0501150-MEMOHARO,Guillermo Haro,19.37439,-99.2575,05,7916
0501150-ROBERMEDELLI,Roberto Medellin,19.37249,-99.25934,05,7917
0501150-AVASCOQUIRO,Av. Vasco de Quiroga,19.3704,-99.26098,05,7918
0501150-ANTDOVALIJAI2,Antonio Dovali Jaime 2,19.36823,-99.26012,05,7919
0501150-ANTDOVALIJAI,Antonio Dovali Jaime,19.36624,-99.25866,05,7920
0501150-CALLE2,Calle 2,19.36476,-99.25994,05,7921
0501150-CALLE3,Calle 3,19.36355,-99.2608,05,5785
0501150-AVSTAFE,Av. Santa Fe,19.36175,-99.26589,05,7847
0501150-FCOLEGWEST,Frente a Colegio Westhill,19.3585,-99.2649,05,7846
0501150-AVTAMAULIPS2,Av. Tamaulipas 2,19.35639,-99.26301,05,7569
0501150-ALTAVISTA,Altavista,19.35552,-99.26726,05,7549
0501150-AVTAMAULIPAS,Av. Tamaulipas,19.35202,-99.27747,05,7550
0501150-CARRSANMASTA,Carretera San Mateo - Santa Rosa,19.35237,-99.27756,05,7922
0501150-FRENTE1160,Frente a No. 1160,19.35018,-99.28322,05,7843
0501150-CNOSANMATEO,Camino a San Mateo,19.34981,-99.28583,05,7842
0501150-CUARTEL,Cuartel,19.34868,-99.28831,05,7923
0501150-FRENTE783,Frente a No. 783,19.34784,-99.29001,05,7924
0501150-AVARTEAGASAL,Av. Arteaga y Salazar,19.34688,-99.29786,05,7925
0501150-FSEC211,Frente a la Secundaria 211,19.34736,-99.30107,05,7926
0501150-MESCOBEDO,Mariano Escobedo,19.34768,-99.30243,05,7927
0501150-AV16SEPT,Av. 16 de Septiembre,19.34859,-99.30348,05,7928
0501150-OCAMPO,Ocampo,19.3561,-99.29948,05,7929
0501150-AVJUAREZ,Av. Juárez,19.35576,-99.29622,05,7930
0501150-AVJMCASTOREN,Av. José María Castorena,19.35921,-99.29379,05,7931
0501150-TELMEX,Telmex,19.36153,-99.29353,05,7932
0501150-ALOPEZMATEOS,Adolfo López Mateos,19.36226,-99.29328,05,7933
0501150-MTEALTO,Monte Alto,19.36621,-99.29271,05,7934
0501150-AVJMONTEOCOT,Av. Jesús del Monte y Ocote,19.36971,-99.29198,05,7935
05113B1-FTORRELALTA,Frente a Torre Lomas Altas,19.39386,-99.23954,05,5268
05113B1-RIVERACUPIA,Rivera de Cupia,19.39658,-99.23725,05,7936
05113B1-CASTMIRAMAR,Castillo de Miramar,19.39845,-99.23485,05,7937
05113B1-CASTCHAPU,Castillo de Chapultepec,19.40443,-99.22952,05,7938
05113B1-SIERRABRENA,Sierra de la BreNa,19.40544,-99.22869,05,7939
05113B1-AVPASREFORM,Av. Paseo de la Reforma,19.40637000000001,-99.22762,05,7940
05113B1-SIERRAVERT,Sierra Vertientes,19.40582,-99.22882,05,7939
05113B1-BOSQEBANOS,Bosques de Ebanos,19.41025,-99.23648,05,7941
05113B1-BOSQDURAZ,Bosques de Duraznos,19.40818,-99.24021,05,7942
05113B1-BOSQCHOPOS,Bosques de Chopos,19.40614,-99.24216,05,7943
05113B1-BOSQMAPLES,Bosques de Maples,19.40183,-99.24633,05,7944
05113B1-BOSQAILES,Bosques de Ailes,19.39801,-99.25012,05,7945
05113B1-MAGNOLIA,Magnolia,19.39718,-99.25224,05,7946
05113B1-BOSQGUANA,Bosques Guanacastes,19.3961,-99.25583,05,7947
05113B1-BOSQPIRULE,Bosque de Pirules,19.39524,-99.25692,05,7948
05113B1-GARDENIAS,Gardenias,19.39311,-99.25901,05,7949
05113B1-FABARMAS,Fabrica de Armas,19.39034,-99.25985,05,7950
05113B1-ANDENMISILES,Anden de Misiles,19.38962,-99.26084,05,7951
05113B1-FABCARTUCH,Fabrica de Cartuchos,19.38863,-99.26275,05,7952
05113B1-ROYALREFORMA,Royal Reforma,19.38561,-99.26374,05,7953
05113B1-SECRMARINA,Secretaría de Marina,19.38442,-99.26566,05,7954
05113B1-PROLPASEOLA,Prolongación Paseo de los Laureles,19.38227,-99.26734,05,7955
05113B1-2RNOLORECUE,2do Retorno Lomas del Recuerdo,19.38033,-99.26892,05,7956
05113B1-LOMACHICA,Loma Chica,19.37786,-99.27065,05,7957
05113B1-LOMAREY,Loma del Rey,19.37668,-99.27461,05,7958
05113B1-CNOLIVO,Camino al Olivo,19.37331,-99.27645,05,7959
05113B1-CNOHUIZACH,Camino al Huizachito,19.37326,-99.27858,05,7960
05113B1-POSADAS,Posadas,19.37437000000001,-99.28144,05,7961
05113B1-25DIC,25 de Diciembre,19.37384,-99.28393,05,7962
05113B1-AVHECVICTO,Av. Hector Victoria,19.37387,-99.28497,05,7963
05113B1-BALTAZAR,Baltazar,19.37569,-99.28495,05,7964
05113B1-MELCHOR,Melchor,19.37653,-99.28493,05,7965
05113B0-RIVERACUPIA,Rivera de Cupia,19.39696,-99.23727,05,7936
05113B0-CASTMIRAMAR,Castillo de Miramar,19.39995,-99.23385,05,7966
05113B0-CASTCHAPULT,Castillo de Chapultepec,19.40098,-99.23288,05,7967
05113B0-CASTWINDSOR,Castillo de Windsor,19.40255,-99.2316,05,7968
05113B0-PASEOREFOR,Paseo de la Reforma,19.40543,-99.23036,05,7969
05113B0-AHUEHUETES,Ahuehuetes,19.40706,-99.23375,05,7970
05113B0-BOSQCHIHUA,Bosques de Chihuahua,19.41021,-99.23573,05,7971
05113B0-BOSQCIRUEL,Bosques de Ciruelos,19.40906,-99.23838,05,7972
05113B0-BOSQSANDAL,Bosques de Sandalos,19.40708,-99.24077,05,7973
05113B0-BOSQMANGO,Bosques de Mangos,19.40481,-99.24295,05,7974
05113B0-BOSQNARANJ,Bosques de Naranjo,19.40207,-99.2456,05,7975
05113B0-BOSQMAPLE,Bosques de Maples,19.39939,-99.24813,05,7976
05113B0-BOSQABEDUL,Bosques de Abedules,19.39729,-99.2508,05,7977
05113B0-BOSQCOLIBR,Bosques de Colibries,19.39623,-99.25455,05,7978
05113B0-BOSQCASTILL,Bosques de Castillas,19.39498,-99.25669,05,7948
05113B0-BOSQOLIVOS,Bosques de Olivos,19.3931,-99.25861,05,7949
05113B0-BOSQREFOR,Bosques de la Reforma,19.39215,-99.25941,05,7979
05113B0-FABARMAS,Fabrica de Armas,19.39002,-99.25963,05,7950
05113B0-ANDENMISILES,Anden de Misiles,19.38945,-99.26024,05,7980
05113B0-FABCARTUCH,Fabrica de Cartuchos,19.38835,-99.26256,05,7952
05113B0-ROYALREFORMA,Royal Reforma,19.38555,-99.26341,05,7953
05113B0-PROLAURE2,Prolongación Paseo de los Laureles 2,19.38379,-99.26607,05,7981
05113B0-PROLAUREL,Prolongación Paseo de los Laureles,19.3828,-99.26657,05,7982
05113B0-INTORREALTU,Entrada Torre Altus,19.3812,-99.26761,05,7983
05113B0-2RNOLOMASREC,2do Retorno Lomas del Recuerdo,19.38017,-99.26895,05,7956
05113B0-LOMARECUERD,Loma del Recuerdo,19.37791,-99.26846,05,7984
05113B0-LOMACHICA,Loma Chica,19.37764,-99.2707,05,7957
05113B0-LOMAFLORIDA,Loma Florida,19.37728,-99.27308,05,7985
05113B0-LOMAREY,Loma del Rey,19.37645,-99.27478,05,7958
05113B0-CECHANOVE,Carlos Echanove,19.37261,-99.27756,05,7986
05113B0-CNOLIVO,Camino al Olivo,19.37308,-99.27848,05,7960
05113B0-CNOHUIZACHIT,Camino al Huizachito,19.37344,-99.27924,05,7987
05113B0-16DIC,16 de Diciembre,19.37385,-99.27972,05,7988
05113B0-POSADAS,Posadas,19.37428,-99.28153,05,7961
05113B0-25DIC,25 de Diciembre,19.37379,-99.28406,05,7962
05113B0-GASPAR,Gaspar,19.37392,-99.2851,05,7963
05113B0-BALTAZAR,Baltazar,19.37582,-99.28505,05,7964
05113B0-MELCHOR,Melchor,19.37661,-99.28504,05,7965
05113B0-PROL25DIC,Prolongación 25 de Diciembre y  Av. San Fernando,19.37929,-99.28478,05,7989
0501121-ANTONMACEO,Antonio Maceo,19.40508,-99.18565,05,7990
0501121-AVREVOLUCI,Av. Revolución,19.40631,-99.18454,05,7816
0501121-JMARTI,José Martí,19.40362,-99.18472,05,7991
0501121-MTACUBAYA,Metro Tacubaya,19.40272,-99.18671,05,7992
0501121-VIADUCTOMALE,Viaducto Miguel Aleman,19.39947,-99.18878,05,7993
0501121-AVJALISCO,Av. Jalisco,19.39902,-99.18905,05,7994
0501121-JMVIGIL,José María Vigil,19.40176,-99.18484,05,7815
0501121-HEROESPADIER,Héroes de Padierna,19.39874,-99.18508,05,7995
0501121-11ABRIL,11 de Abril,19.39599,-99.1854,05,7996
0501121-CALLE2,Calle 2,19.39545,-99.18548,05,7997
0501121-CALLE4,Calle 4,19.39435,-99.18557,05,7998
0501121-CALLE10,Calle 10,19.39091,-99.18597,05,7999
0501121-CALLE22,Calle 22,19.38763,-99.18636,05,8000
0501121-LOSPINOS,Los Pinos,19.38539,-99.18851,05,8001
0501121-LIBRERIADELTI,Librería Delti,19.38393,-99.19544,05,8002
0501121-DEMET,Demet,19.38336,-99.19719,05,8003
0501121-ALTATENSION2,Alta Tension 2,19.38275,-99.19901,05,8004
0501121-ALTATENSION,Alta Tension,19.38254,-99.19974,05,8005
0501121-1CDAMINAS,Primera Cerrada de Minas,19.38281,-99.20211,05,8006
0501121-3CDAMINA,Tercera Cerrada de Mina,19.38193,-99.20438,05,8007
0501121-MATAGALPINOS,Matagalpinos,19.38147,-99.20539,05,8008
0501121-MERCURIO,Mercurio,19.38116,-99.20662,05,8009
0501121-AVCHICAGO,Av. Chicago,19.38094,-99.20817,05,7677
0501121-ACATLAN,Acatlan,19.38145,-99.20836,05,8010
0501121-MITUENSES,Mituenses,19.38356,-99.21129,05,7658
0501121-OMICRON,Omicron,19.38377,-99.21204,05,8011
0501121-TAPEOJUMA,Tapeojuma,19.38393,-99.21338,05,8012
0501121-CDACHICAGO,Cerrada Chicago,19.38358,-99.21449,05,8013
0501121-LGONZAURBINA,Luis Gonzaga Urbina,19.38332,-99.21566,05,8014
0501121-ABELRGEZ,Abelardo Rodríguez,19.38383,-99.21744,05,8015
0501121-JALVARADOVILL,J. Alvarado y Francisco Villa,19.38431,-99.2184,05,8016
0501121-GPEVICTORIA,Guadalupe Victoria,19.38459,-99.21933,05,8017
0501121-GVODIAZORDAZ,Gustavo Díaz Ordaz,19.3845,-99.22037,05,8018
0501121-HERMEGALEANA,Hermenegildo Galeana,19.38415,-99.22144,05,8019
0501121-MATAMOROS,Matamoros,19.38377,-99.22152,05,8019
0501121-AND2,Andador 2,19.38311,-99.22171,05,8020
0501121-CALLE5,Calle 5,19.38285,-99.22246,05,8021
0501121-CALLE1,Calle 1,19.38263,-99.22317,05,8022
0501121-VILLAZUETA,Villa Azueta,19.38186,-99.22408,05,8023
0501121-MTEOSCURO,Monte Oscuro,19.38099,-99.22493,05,8024
0501121-FORTIN,Fortin,19.38048,-99.22533,05,8025
0501121-NISPERO,Nispero,19.37995,-99.22587,05,8026
0501121-GOBSANCHDEZ,Gobernador Sanchez Hernández,19.37929,-99.22619,05,8027
0501121-RNO2NTE,Retorno 2 Norte,19.37837,-99.22644,05,8028
0501121-4ACOLIPA,4A de Colipa,19.36789,-99.24467,05,8029
0501121-3ACHAVARRILLO,3A Chavarrillo,19.3664,-99.24775,05,8030
0501121-LAGUNA,La Laguna,19.36551,-99.24846,05,8031
0501120-AVJALISCVIADU,Av. Jalisco y Viaducto Miguel Alemán,19.40005,-99.18873,05,7893
0501120-11ABRIL,11 de Abril,19.39547,-99.18877,05,8032
0501120-CALLE4,Calle 4,19.3911,-99.18887,05,5437
0501120-CALLE10,Calle 10,19.38927,-99.18932,05,8033
0501120-PERIFERIPTE,"Periférico, Puente hacia Periférico Norte",19.38474,-99.19127,05,5395
0501120-LIBRERIADELTI,Librería Delti,19.38361,-99.19549,05,8002
0501120-DEMET,Demet,19.38313,-99.19708,05,8003
0501120-PROLSANANTON,Prolongación San Antonio,19.38244,-99.19909,05,8004
0501120-ALTATENSION,Alta Tension,19.38152,-99.20016,05,8034
0501120-1CDAMINAS,Primera Cerrada de Minas,19.38256,-99.20204,05,8006
0501120-3CDAMINAS,Tercera Cerrada de Minas,19.38182,-99.20424,05,8007
0501120-CDAMERCURIO,Cerrada Mercurio,19.38099,-99.20815,05,7677
0501120-MINAS,Minas,19.38143,-99.20854,05,8010
0501120-URANO,Urano,19.38226,-99.20922,05,8035
0501120-MARTE,Marte,19.38275,-99.21007,05,8036
0501120-ACATLAN,Acatlan,19.38298,-99.21063,05,8037
0501120-MARACEIBERO,Maraceiberos,19.38335,-99.21103,05,7658
0501120-PUEBLA,Puebla,19.38357,-99.21176,05,8011
0501120-LASPRESAS,Las Presas,19.38383,-99.21244,05,8011
0501120-CDACHICAGO,Cerrada Chicago,19.38384,-99.21321,05,8012
0501120-CHICAGO,Chicago,19.38335,-99.21478,05,8013
0501120-FCOVILLA,Francisco Villa,19.38325,-99.21611,05,8014
0501120-GPEVICTORIA,Guadalupe Victoria,19.38356,-99.21735,05,8015
0501120-PCARLOSAPERE,Primaria Carlos A. Pereira,19.38417,-99.21823,05,8016
0501120-NICOBRAVO,Nicolas Bravo,19.38438,-99.21926,05,8017
0501120-LEOBRAVO,Leonardo Bravo,19.38438,-99.22027,05,8018
0501120-AND2,Andador 2,19.37755,-99.2324,05,8038
0501120-CALLE3,Calle 3,19.37525,-99.23419,05,8039
0501120-CALLE1,Calle 1,19.37451,-99.23471,05,8040
0501120-MTEOSCURO,Monte Oscuro,19.37269,-99.23719,05,8041
0501120-ALMENDRO,Almendro,19.37194,-99.23879,05,8042
0501120-PERAL,Peral,19.37066,-99.24085,05,8043
0501120-2CDACASITAS,Segunda Cerrada de Casitas,19.36886,-99.24278,05,8044
0501120-PALTATENSION,Pasando Alta Tension,19.37003,-99.24183,05,8045
0501120-4ACAXAPA,4A Caxapa,19.36841,-99.24347,05,8046
0501120-2CDACUATOLAPA,Segunda Cerrada de Cuatolapa,19.36811,-99.24394,05,8047
0501120-3CDAPOPOTLA,Tercera Cerrada de Popotla,19.36649,-99.24752,05,8030
0501120-2CDAARRAYAN,Segunda Cerrada de Arrayan,19.36554,-99.24831,05,8031
0501120-CALZJALAPAPOR,Calz. Jalapa - Portland,19.36437,-99.24927,05,8048
05110C1-HILA,Hila,19.32076,-99.33139,05,8049
05110C1-SANMIGUEL,San Miguel,19.31981,-99.33285,05,8050
05110C1-CDACEDROS,Cerrada de los Cedros,19.31668,-99.33507,05,8051
05110C1-FRENTE888,Frente a No. 888,19.31399,-99.33522,05,8052
05110C1-LAJAS,Lajas,19.31143,-99.33535,05,8053
05110C0-SUR144,Sur 144,19.40118,-99.20446,05,8054
05110C0-SEDESOL,Sedesol,19.39671,-99.22063,05,8055
05110C0-IZARAGOZA,Ignacio Zaragoza,19.39579,-99.22346,05,8056
05110C0-PALOSANTO,Palo Santo,19.39556,-99.22543,05,8057
05110C0-FRENTE1111BIS,Frente a No. 1111 BIS,19.3937,-99.23525,05,8058
05110C0-PTECONTADERO,Puente Contadero,19.33878,-99.31109,05,8059
05110C0-LASFRESAS,Las Fresas,19.33805,-99.31122,05,8060
05110C0-LAPALMA,La Palma,19.32479,-99.32335,05,8061
05110C0-LEANDROVALLE,Leandro Valle,19.32357,-99.3289,05,8062
05110C0-SANMIGUEL,San Miguel,19.32127,-99.33036,05,8063
05110C0-PTEMXTOLUCA,Puente Autopista México-Toluca,19.31973,-99.33277,05,8050
05110C0-CNOLAJAS,Camino a las Lajas,19.31865,-99.33387,05,8064
05110C0-CDACEDROS,Cerrada de los Cedros,19.31652,-99.335,05,8051
05110C0-FRENTE888,Frente a No. 888,19.31384,-99.33506,05,8052
05110C0-LAJAS,Lajas,19.31124,-99.33528,05,8053
05110C0-AVMTECRUCES,AV. Monte de las Cruces y Cerrada Monte de las Cruces,19.30896,-99.33581,05,8065
05110B1-STARITA,Santa Rita,19.33941,-99.31126,05,8066
05110B1-AUTOCONSTI,Autopista Constituyentes  y La Venta,19.33546,-99.3124,05,8067
05110B1-1CDAMNTCRUCE,Primera Cerrada Monte de las Cruces,19.32677,-99.31839,05,8068
05110B1-CDAPALMA,Cerrada de la Palma,19.32507,-99.3232,05,8061
05110B1-AVFLORES,Av. de las Flores,19.32339,-99.32551,05,8069
05110B1-FRENTE463,Frente a No. 463,19.3251,-99.32734,05,8070
05110B1-AVLEANDRVALL,Av. Leandro Valle,19.32387,-99.32863,05,8062
05110B1-CNOHILA,Camino de Hila,19.32727,-99.32838,05,8071
05110B1-CJONJUAREZ,Callejon Juárez,19.32945,-99.32663,05,8072
05110B1-1CDAFLORES,Primera Cerrada de las Flores,19.3302,-99.32624,05,8073
05110B0-PROL16SEPT,Prolongación 16 de Septiembre,19.33878,-99.31114,05,8059
05110B0-CNODTOLEONE,Camino al Desierto de los Leones,19.33357,-99.31305,05,8074
05110B0-1CDAMNTCRUCE,Primera Cerrada Monte de las Cruces,19.32654,-99.31861,05,8068
05110B0-CDAPALMA,Cerrada de la Palma,19.32476,-99.32338,05,8061
05110B0-CRUZBLANCA,Cruz Blanca,19.32353,-99.32657,05,8075
05110B0-FRENTE480,Frente a No. 480,19.32489,-99.32769,05,8070
05110B0-AVMNTCRUCES,Av. Monte de las Cruces,19.32423,-99.32912,05,8076
05110B0-CNOHILA,Camino de Hila,19.32746,-99.32847,05,8071
05110B0-CAMPESINOS,Campesinos,19.32965,-99.32664,05,8072
05110B0-2CDAMINA,Segunda Cerrada de Mina,19.33035,-99.32627,05,8073
05110B0-AVLEANDROMIN,Av. Leandro Valle y Mina,19.33073,-99.32616,05,8077
0501100-EXARZOBISPA,Ex-Arzobispado,19.40305,-99.19709,05,8078
0501100-SOSTENROCHA,Sostenes Rocha,19.40233,-99.19947,05,8079
0501100-SUR122,Sur 122,19.40179,-99.20082,05,8080
0501100-SUR128,Sur 128,19.40148,-99.20172,05,8081
0501100-SUR136,Sur 136,19.40133,-99.20272,05,8082
0501100-FLORMIRANDA,Florencio Miranda,19.40062,-99.20857,05,8083
0501100-HENEQUEN,Henequen,19.40028,-99.2107,05,8084
0501100-VOCA4,Vocacional 4,19.3985,-99.21497,05,8085
0501100-SECRHACIENDA,Secretaría de Hacienda,19.39786,-99.21697,05,5843
0501100-EDOMAYORPRE,Estado Mayor Presidencial,19.39581,-99.22346,05,8056
0501100-CDACONSTITU,Cerrada Constituyentes,19.39563,-99.22747,05,8086
0501100-FGPORADIOCTR,Frente a Grupo Radio Centro,19.39347,-99.23741,05,8087
0501100-PTECONAFRUT,Puente Conafrut,19.387,-99.2425,05,8088
0501100-KM14,Kilométro 14,19.38591,-99.24734,05,8089
0501100-FTRESLOMITAS,Frente a tres Lomitas,19.38348,-99.25061,05,8090
0501100-FNISSAN,Frente a Nissan,19.37929,-99.25711,05,8091
0501100-CIDE,Cide,19.3748,-99.26364,05,8092
0501100-VOLCANES,Volcanes,19.37118,-99.26963,05,8093
0501100-FASILOPERROS,Frente a Asilo de Perros,19.36871,-99.26992,05,8094
0501100-ANTIGUA,Antigua,19.36666,-99.272,05,8095
0501100-CARLOSECHANO,Carlos Echanove,19.36321,-99.2826,05,8096
0501100-PTEYAQUI,Puente El Yaqui,19.36218,-99.28726,05,8097
0501100-CANDIDOAVILE,Constituyentes Candido Aviles,19.35954,-99.28929,05,8098
0501100-PROLJUAREZ,Prolongación Juárez,19.35419,-99.29316,05,8099
0501100-AVERACRUZ,Av. Veracruz,19.35574,-99.29965,05,7929
0501100-ESCPRIMPICHA,Escuela Primaria Pichardo,19.3499,-99.30163,05,8100
0501100-CARRMXTOLUC,Carretera México Toluca,19.35038,-99.30197,05,8101
0501100-LERDO,Lerdo,19.35361,-99.30067,05,8102
0501100-AVMEXICO,Av. México,19.35609,-99.3008,05,8103
0501100-MORELOS,Morelos,19.35393,-99.3049,05,8104
0501100-SANANTONIO,San Antonio,19.35395,-99.30716,05,8105
0501100-LOMAPADRE,Loma del Padre,19.35375,-99.30879,05,8106
0501100-ANTCNOCHIMAL,Antiguo Camino a Chimalpa,19.35338,-99.31014,05,8107
0501100-3CDALOMABONI,Tercera Cerrada Loma Bonita,19.35001,-99.31461,05,8108
0501100-CNOTECNOLOG,Camino al Tecnológico,19.34619,-99.31802,05,8109
0501100-CONCORDIA,Concordia,19.3518,-99.31843,05,8110
0501100-REFORMA,Reforma,19.35261,-99.3184,05,8111
0501100-INDEPENDENCIA,Independencia,19.3534,-99.31856,05,8112
0501101-LUISRUIZLAZO,Luis Ruiz y  Carlos Lazo,19.40236,-99.18937,05,8113
0501101-EXARZOBISPA,Ex-Arzobispado,19.40331,-99.19665,05,8114
0501101-EJE5PTE,Eje 5 Poniente,19.4022,-99.20034,05,8115
0501101-SUR128,Sur 128,19.40164,-99.2021,05,8081
0501101-SUR138,Sur 138,19.40138,-99.20431,05,8054
0501101-FLORMIRANDA,Florencio Miranda,19.40099,-99.20765,05,8116
0501101-HENEQUEN,Henequen,19.40054,-99.21014,05,8117
0501101-LIENCHARRO,Lienzo Charro,19.39849,-99.2158,05,8118
0501101-SECRHACIENDA,Secretaría de Hacienda,19.39787,-99.21778,05,8119
0501101-COLARQUITEC,Colegio de Arquitectos,19.39634,-99.22252,05,8120
0501101-PALOSNTO,Palo Santo,19.39595,-99.22726,05,8086
0501101-CDACONSTITU,Cerrada Constituyentes,19.39544,-99.2297,05,8121
0501101-PASEOLOMAS,Paseo de las Lomas,19.39496,-99.23285,05,8122
0501101-PASEOREFORMA,Paseo de la Reforma,19.39338,-99.23841,05,8123
0501101-KM14,Kilometro 14,19.38596,-99.24783,05,8124
0501101-GALERIAREFOR,Galería Reforma,19.38108,-99.25498,05,8125
0501101-SEAMS,Seams,19.37985,-99.25678,05,8126
0501101-LOMATLALPEX,Loma Tlalpexco,19.37857,-99.25833,05,8127
0501101-CIDE,Cide,19.37503,-99.26368,05,8092
0501101-ASILOPERROS,Asilo de Perros,19.36903,-99.26999,05,8094
0501101-FCONFE,Frente a Confe,19.3649,-99.2759,05,8128
0501101-CARLOSECHAN,Carlos Echanove,19.36392,-99.28071,05,8129
0501101-PTEYAQUI,Puente El Yaqui,19.36241,-99.28728,05,8097
0501101-AVJUAREZ,Av. Juárez,19.35459,-99.2932,05,8099
0501101-AVJMCASTOREN,Av. José María Castorena,19.35574,-99.29621,05,7930
0501101-CASTILLOLEDON,Castillo Ledon,19.35661,-99.298,05,8130
0501101-AVERACRUZ,Av. Veracruz,19.35686,-99.29891,05,8131
0501101-OCAMPO,Ocampo,19.35636,-99.30053,05,8103
0501101-TRUENO,Trueno,19.35542,-99.30339,05,8132
0501101-SANANTONIO,San Antonio,19.35405,-99.30667,05,8133
0501101-PTOANGEL,Puerto Ángel,19.35392,-99.30833,05,8134
0501101-ANTCNOCHIMAL,Antiguo Camino a Chimalpa,19.35353,-99.31004,05,8107
0501101-3CDALOMABONIT,Tercera Cerrada Loma Bonita,19.35028,-99.31429,05,8108
0501101-CNOTECNOLOG,Camino al Tecnológico,19.34628,-99.31787,05,8109
0501101-CONCORDIA,Concordia,19.35172,-99.31834,05,8110
0501101-REFORMA,Reforma,19.35244,-99.31824,05,8111
0501101-INDEPENDENC,Independencia,19.35341,-99.31845,05,8112
0501101-PROLAVCONSTI,Prolongación Constitución y Av. Constitución ,19.35404,-99.32037,05,8135
0501100-MANANTIALES,Manantiales,19.35459,-99.31944,05,8136
05011A1-LORETOFABELA,Loreto Fabela,19.45334,-99.08205,05,5668
05011A1-AV553,Av. 553,19.4544,-99.08508,05,8137
05011A1-AV543,Av. 543,19.45516,-99.08733,05,8138
05011A1-AV535,Av. 535,19.45586,-99.08936,05,8139
05011A1-AV519,Av. 519,19.45707,-99.09294,05,8140
05011A1-AV509,Av. 509,19.45782,-99.09512,05,8141
05011A1-AV503,Av. 503,19.45837,-99.09685,05,8142
05011A1-NTE92,Norte 92,19.45926,-99.0995,05,8143
05011A1-NTE84,Norte 84,19.46037,-99.10268,05,8144
05011A1-AVINGEDOMOLI,Av. Ingeniero Eduardo Molina,19.46143,-99.10574,05,8145
05011A1-NTE72A,Norte 72 A,19.4622,-99.10781,05,8146
05011A1-NTE70,Norte 70,19.46271,-99.10926,05,8147
05011A1-CONGREUNION,Congreso de la Unión,19.46385,-99.1125,05,5696
05011A1-NTE54A,Norte 54 A,19.46498,-99.11567,05,8148
05011A1-FERROHGO,Ferrocarril Hidalgo,19.46593,-99.11845,05,8149
05011A1-GRACIELA,Graciela,19.46669,-99.12073,05,8150
05011A1-CALZGPE,Calzada de Guadalupe,19.46786,-99.12408,05,8151
05011A1-MISTERIOS,Misterios,19.46828,-99.12528,05,8152
05011A1-REALMTE,Real del Monte,19.4698,-99.13169,05,8153
05011A1-LEOPOLAUBER,Leopoldo Auber,19.47217,-99.14198,05,7603
05011A1-VALLEJO,Vallejo,19.4731,-99.14653,05,7604
05011A1-CENTRALSUR,Central Sur,19.47303,-99.15108,05,8154
05011A1-CALLE12,Calle 12,19.47329,-99.15463,05,8155
05011A1-CALLE8,Calle 8,19.47354,-99.15816,05,8156
05011A1-ALDAMA,Aldama,19.47348,-99.1595,05,7606
05011A1-CEYLAN,Ceylan,19.47288,-99.16145,05,8157
05011A1-FERROCENTRAL,Ferrocarril Central,19.47211,-99.16386,05,8158
05011A1-PSL,Plan de San Luis,19.47136,-99.16618,05,6032
05011A1-PINA,PiNa,19.47017,-99.16996,05,8159
05011A1-PLATANALES,Platanales,19.46983,-99.17105,05,8160
05011A1-CAMARONES,Camarones,19.46832,-99.17588,05,8161
05011A1-PTE62,Poniente 62,19.46661,-99.17714,05,8162
05011A1-PTE58,Poniente 58,19.46465,-99.17738,05,8163
05011A1-PTE48,Poniente 48,19.46152,-99.17762,05,8164
05011A1-PTE44,Poniente 44,19.46055,-99.17776,05,8165
05011A1-CALZMXTACUBA,Calz. México Tacuba,19.45609,-99.18062,05,6173
05011A1-MARNEGRO,Mar Negro,19.45516,-99.18111,05,8166
05011A1-CARRILLOPTO,Carrilo Puerto,19.45101,-99.18186,05,8167
05011A1-GARDA,Garda,19.44921,-99.18215,05,8168
05011A1-MARINANAL,Marina Nacional,19.44781,-99.18237,05,8169
05011A1-LAGOBOLSENA,Lago Bolsena,19.44539,-99.18271,05,8170
05011A1-LAGUNATERMIN,Laguna de Términos,19.44355,-99.18298,05,8171
05011A1-LAGUNAMAYRAN,Laguna de Mayran,19.441270000000006,-99.18329,05,8172
05011A1-LAGOALBERTO,Lago Alberto,19.4395,-99.18354,05,8173
05011A1-THIERS,Thiers,19.43704,-99.18334,05,8174
05011A1-EUCLIDES,Euclides,19.43497,-99.18246,05,8175
05011A1-HORACIO,Horacio,19.43276,-99.18156,05,8176
05011A1-GUTEMBERG,Gutemberg,19.43114,-99.18088,05,8177
05011A0-AVTAXIMETROS,Av. Taxímetros,19.45907,-99.05529,05,7573
05011A0-AV606,Av. 606,19.4584,-99.05622,05,8178
05011A0-AV604,Av. 604,19.45568,-99.05386,05,8179
05011A0-CALLE687,Calle 687,19.45478,-99.05585,05,8180
05011A0-AV661,Avenida 661,19.45326,-99.05999,05,8181
05011A0-AND645,Andador 645,19.45247,-99.06272,05,8182
05011A0-CALLE615,Calle 615,19.45081,-99.06656,05,8183
05011A0-CALLE589,Calle 589,19.44949,-99.07299,05,8184
05011A0-FVOCA10,Frente a Vocacional 10,19.45506,-99.07874,05,8185
05011A0-LORETOFAVELA,Loreto Favela,19.45704,-99.08046,05,5626
05011A0-CALLE549,Calle 549,19.45923,-99.08422,05,7596
05011A0-CALLE535,Calle 535,19.46067,-99.08704,05,8186
05011A0-CALLE529,Calle 529,19.46119,-99.08862,05,8187
05011A0-CALLE 519,Calle 519,19.46194,-99.09028,05,8188
05011A0-CALLE503,Calle 503,19.46318,-99.09436,05,7598
05011A0-ANGELALBINOC,Ángel Albino Corzo,19.45888,-99.09645,05,7599
05011A0-NTE84,Norte 84,19.46044,-99.1023,05,8144
05011A0-EDOMOLINA,Eduardo Molina,19.46135,-99.105,05,8189
05011A0-NTE72A,Norte 72 A,19.46229,-99.10756,05,8146
05011A0-NTE70,Norte 70,19.46277000000001,-99.10883,05,8147
05011A0-NTE62A,Norte 62 A,19.46368,-99.11142,05,7600
05011A0-NTE58,Norte 58,19.46461,-99.11409,05,7601
05011A0-FERROHGO,Ferrocarril Hidalgo,19.46591,-99.11783,05,5876
05011A0-GRACIELA,Graciela,19.46676,-99.12026,05,8150
05011A0-CALZGPE,Calz. Guadalupe,19.46783,-99.12329,05,8190
05011A0-BUENTONO,Buen Tono,19.46916,-99.12817,05,7602
05011A0-REALMONTE,Real del Monte,19.47004,-99.13171,05,8153
05011A0-NTE1H,Norte 1 H,19.47239,-99.14185,05,7603
05011A0-VALLEJO,Vallejo,19.47312,-99.1451,05,8191
05011A0-CALLE28,Calle 28,19.47339,-99.14711,05,7605
05011A0-CENTRALSUR,Central Sur,19.47324,-99.15076,05,8154
05011A0-CALLE12,Calle 12,19.4735,-99.15432,05,8155
05011A0-AVJARDIN,Av. Jardín,19.4738,-99.15878,05,7606
05011A0-CEYLAN,Ceylan,19.47324,-99.161,05,8192
05011A0-PSL,Plan de San Luis,19.471770000000006,-99.16567,05,8193
05011A0-NUECES,Nueces,19.47061,-99.1693,05,6033
05011A0-PLATANALES,Platanales,19.47007,-99.1711,05,8160
05011A0-AVGRANJAS,Av. de las Granjas,19.46856,-99.17583,05,8161
05011A0-BEGONIAS,Begonias,19.46353,-99.17771,05,8194
05011A0-CLAVERIA,Clavería,19.46499,-99.17758,05,8163
05011A0-NILO,Nilo,19.46702,-99.17717,05,8162
05011A0-FPECARRPTO,Felipe Carrillo Puerto,19.45132000000001,-99.18195,05,8167
05011A0-MARCANTABRI,Mar Cantábrico,19.45335,-99.18163,05,8195
05011A0-CALZMXTACUBA,Calz. México Tacuba,19.45619,-99.18078,05,6139
05011A0-SANCHEZTRUJI,Sánchez Trujillo,19.45905,-99.17893,05,6061
05011A0-LAGOALBERTO,Lago Alberto,19.44002,-99.18367,05,8196
05011A0-LAGUNAMAYRAN,Laguna de Mayran,19.4419,-99.18339,05,8197
05011A0-LNATERMINOS,Laguna de Términos,19.44391,-99.18312,05,8171
05011A0-LAGOBOLSENA,Lago Bolsena,19.44576,-99.18286,05,8170
05011A0-MARINANAL,Marina Nacional,19.448970000000006,-99.18235,05,8168
05011A0-PDTEMASARIK,Presidente Masaryk,19.4317,-99.18132,05,8198
05011A0-HORACIO,Horacio,19.43324,-99.18186,05,8199
05011A0-HOMERO,Homero,19.43557,-99.18289,05,8200
05011A0-NEWTON,Newton,19.43734,-99.18359,05,8174
05011A0-CPOSELISEOS,Campos Eliseos,19.42863,-99.18012,05,5334
05011A0-LEONTOLSTOI,Leon Tolstoi,19.42514,-99.17865,05,8201
0501081-AVIPN,Av. Instituto Politécnico Nacional,19.50574,-99.12949,05,5957
0501081-BAJOPASTORA,Bajo Puente La Pastora,19.52119,-99.14107,05,8202
0501081-JFKENNEDY,John Fitzgerald Kennedy,19.52961,-99.1426,05,8203
0501081-ANTOROANOVA,Antonio Roanova,19.53999,-99.15222,05,8204
0501081-GABINOBARRED,Gabino Barreda,19.54148,-99.15067,05,8205
0501081-JAIMENUNO,Jaime Nuno,19.5434,-99.14866,05,5976
0501081-CUAUTEPEC,Cuautepec,19.54489,-99.15106,05,8206
0501081-MORELOS,Morelos,19.5458,-99.15274,05,8207
0501081-QRO,Querétaro,19.5487,-99.15105,05,8208
0501081-FRECLUFEMENI,Frente a Reclusorio Femenil,19.55097,-99.14969,05,8209
0501081-EDOMEX,Estado de México,19.5512,-99.14952,05,8209
0501081-FDVOCSERDAN,Frente a Deportivo Carmen Serdan,19.5505,-99.14799,05,8210
0501081-18MARZO,18 de Marzo,19.54938,-99.14516,05,5978
0501081-FCOGRANADOS,Francisco Granados,19.55148,-99.14531,05,8211
0501081-OAXACA,Oaxaca,19.55412,-99.14325,05,8212
0501081-PTOVALLARTA,Puerto Vallarta,19.55613,-99.14147,05,8213
0501081-LECHEVERRIA,Luis Echeverria,19.55747,-99.14045,05,8214
0501081-DELOSALTOS,De Los Altos,19.55826,-99.14041,05,8215
0501081-COMETA,Cometa,19.56057,-99.14029,05,8216
0501081-PARDAVEROLON,Joaquin Pardave y  José Rolon,19.56121,-99.13941,05,5979
0501080-PTORICOSALAVE,Puerto Rico y  Salaverry,19.50559,-99.12709,05,8217
0501080-TICOMAN,Ticoman,19.52116,-99.14108,05,8202
0501080-AVCUAUTEPEC,Av. Cuautepec,19.52891,-99.14215,05,8218
0501080-AVIPN,Instituto Politécnico Nacional,19.53556,-99.14943,05,8219
0501080-CHALMAVILLA,Chalma La Villa,19.53952,-99.15289,05,8220
0501080-VGUERRERO,Vicente Guerrero,19.54327,-99.15207,05,8221
0501080-CUAUTEPEC,Cuautepec,19.5448,-99.15119,05,8206
0501080-JAIMENUNO,Jaime Nuno,19.54583,-99.15279,05,8207
0501080-ZACATECAS,Zacatecas,19.54639,-99.15249,05,8222
0501080-GPE,Guadalupe,19.5479,-99.15158,05,5969
0501080-QRO,Querétaro,19.54877,-99.15106,05,8208
0501080-PUEBLA,Puebla,19.54964,-99.15053,05,8223
0501080-MORELOS,Morelos,19.55123,-99.14959,05,8209
0501080-DVOCARMENSE,Deportivo Carmen Serdan,19.55055,-99.14798,05,8210
0501080-18MARZO,18 de Marzo,19.54911,-99.14549,05,5978
0501080-FCOGRANADOS,Francisco Granados,19.55151,-99.14535,05,8211
0501080-GPEVICTORIA,Guadalupe Victoria,19.55326,-99.14424,05,5968
0501080-PTOACAPULCO,Puerto Acapulco,19.5547,-99.14277,05,5967
0501080-PTOVALLARTA,Puerto Vallarta,19.55634,-99.14138,05,8213
0501080-LECHEVERRIA,Luis Echeverria,19.55756,-99.1405,05,8214
0501080-CDAPTOMARFIL,Cerrada Puerto Marfil,19.55833,-99.14047,05,8215
0501080-DIAMANTE,Diamante,19.5606,-99.14032,05,8216
0501080-PARDAVEROLON,Joaquin Pardave y José Rolon,19.56122,-99.13941,05,5979
0501041-PARDAVEROLON,Joaquin Pardave y José Rolon,19.56101,-99.1393,05,8224
0501041-LUISARCARAZ,Luis Arcaraz,19.56229,-99.13744,05,8225
0501041-LERDOTEJADA,Lerdo de Tejada,19.56153,-99.13594,05,8226
0501041-LUCIOBCO,Lucio Blanco,19.56089,-99.13618,05,8227
0501041-FCOAGUILAR,Francisco Aguilar,19.55773,-99.13613,05,8228
0501041-FCOIMADERO,Francisco Ignacio Madero,19.55611,-99.13691,05,8229
0501041-CNONAL,Camino Nacional,19.553,-99.13868,05,8230
0501041-EZAPATA,Emiliano Zapata,19.55211,-99.13961,05,8231
0501041-SEC160,Secundaria 160,19.55097,-99.14083,05,8232
0501041-5MAYO,5 de Mayo,19.54926,-99.14245,05,8233
0501041-SORJUANA,Sor Juana Ines de la Cruz,19.54771,-99.14337,05,5946
0501041-CIPRES,Cipres,19.54538,-99.14514,05,8234
0501041-MLARROYO,Maestro Larroyo,19.54287,-99.1469,05,8235
0501041-RAMONSAPENA,Ramón Sopena,19.54074,-99.14827,05,8236
0501041-LUCIOTAPIA,Lucio Tapia,19.53872,-99.14963,05,8237
0501041-MSANMOLINA,Maestro Sanchez Molina,19.53734,-99.15058,05,8238
0501041-DESARRPROFE,Desarrollo profesional,19.5335,-99.15529,05,8239
0501041-AVENTISCA,Av. de la Ventisca,19.52805,-99.15596,05,8240
0501041-AND45,Andador 45,19.52727,-99.15422,05,8241
0501041-AND21,Andador 21,19.52527000000001,-99.14962,05,8242
0501041-AVINSULA,Av. Insula,19.52628,-99.15196,05,8243
0501041-AVDESEMBOCA,Av. Desembocadura,19.52451,-99.14787,05,8244
0501041-CNOCUAUTEPEC,Antiguo Camino a Cuautepec,19.52394,-99.14209,05,8245
0501041-AVCIMA,Av. Cima,19.5238,-99.1462,05,8246
0501041-AND1,Andador 1,19.5226,-99.14341,05,8247
0501041-AVMIGBERNARD,Av. Miguel Bernard,19.50344,-99.13338,05,4932
0501041-SIERRAVISTA,Sierra Vista,19.50147,-99.13136,05,8248
0501041-FCENAC,Frente a Escuela CENAC,19.49769,-99.1321,05,8249
0501041-LINDAVISTA,Lindavista,19.49849,-99.13195,05,8250
0501041-FDOMINOS,Frente a Dominos,19.49662,-99.13231,05,8251
0501041-BUENAVISTA,Buenavista,19.49416,-99.13278,05,8252
0501041-AVMONTEVIDEO,Av. Montevideo,19.49099,-99.13335,05,8253
0501041-COLEC13,Colector 13,19.4876,-99.13401,05,8254
0501041-FORTUNA,Fortuna,19.48452,-99.1346,05,5958
0501041-PTE112,Poniente 112,19.47573,-99.13415,05,8255
0501041-AVIPN,Av. Instituto Politécnico Nacional,19.47612,-99.13656,05,8256
0501041-PTE116,Poniente 116,19.47764,-99.13617,05,8257
0501041-FTELMEX,Frente a TELMEX,19.47926,-99.13575,05,8258
0501041-JURBANFONSE,José Urbano Fonseca,19.48069,-99.13535,05,8259
0501040-AVINSURNTE2,Av. Insurgentes Norte 2,19.4775,-99.13274,05,8260
0501040-AVINSURNTE,Av. Insurgentes Norte,19.48188,-99.1291,05,8261
0501040-RIOBAMBA,Río Bamba,19.48364,-99.1314,05,8262
0501040-FIMSS,Frente a IMSS,19.4853,-99.13465,05,8263
0501040-COLECTOR13,Colector 13,19.48785,-99.13417,05,8254
0501040-RICARTE,Ricarte,19.48844,-99.13405,05,8264
0501040-AVMONTEVIDEO,Av. Montevideo,19.49097,-99.13355,05,8253
0501040-OTAVALO,Otavalo,19.49296,-99.13315,05,8265
0501040-WMASSIEU,Wilfrido Massieu,19.49432,-99.13292,05,8252
0501040-FCENAC,Frente a Escuela CENAC,19.49767,-99.13238,05,8249
0501040-FESEM,Frente a Escuela ESEM,19.49869,-99.13219,05,8250
0501040-AVIPN,Av. Instituto Politécnico Nacional,19.50139,-99.13168,05,8248
0501040-PLANSL,Plan de San Luis,19.51179,-99.14032,05,8266
0501040-PROLRIOSANJOA,Prolongación Río San Joaquin,19.51797,-99.1431,05,8267
0501040-BLVRTEMOLUCO,Boulevard Temoluco,19.52177,-99.14277,05,8268
0501040-AND01TEMOLUC,Andador 01 del Temoluco,19.52246,-99.14303,05,8247
0501040-AVCIMA,Av. de la Cima,19.52516,-99.14559,05,8269
0501040-DESEMBOCA,Desembocadura,19.52629,-99.14715,05,8270
0501040-AND18TEMOLUC,Andador 18 del Temoluco,19.52716,-99.14827,05,8271
0501040-AND23TEMOLUC,Andador 23 del Temoluco,19.52783,-99.1492,05,8272
0501040-AND28,Andador 28,19.52846,-99.1501,05,8273
0501040-MAREJADA,Marejada,19.5293,-99.1513,05,8274
0501040-AND43,Andador 43,19.52993,-99.15274,05,8275
0501040-AND49TEMOLU,Andador 49 del Temoluco,19.53001,-99.15398,05,8276
0501040-BRISAS,Brisas,19.52897,-99.15555,05,5933
0501040-DESAPROFESIO,Desarrollo Profesional,19.53346,-99.1555,05,8239
0501040-FCETIS7,Frente a CETIS No. 7,19.53449,-99.15675,05,8277
0501040-FCOVILLA,Francisco Villa,19.53954,-99.15266,05,8220
0501040-ANTONIOMOLINA,Maestro Antonio Molina,19.53824,-99.15147,05,8278
0501040-LUCIOTAPIA,Maestro Lucio Tapia,19.53966,-99.15054,05,8279
0501040-ANTONIOCASO,Maestro Antonio Caso,19.54056,-99.14995,05,8280
0501040-RAMONSOPENA,Ramón Sopena,19.54144,-99.14934,05,8281
0501040-EVASAMANO,Eva Samano de López Mateos,19.54368,-99.14651,05,5977
0501040-CIPRES,Cipres,19.54554,-99.14507,05,8234
0501040-SORJUANA,Sor Juana Ines de la Cruz,19.54773,-99.1434,05,5946
0501040-5MAYO,5 de Mayo,19.54926,-99.14249,05,8233
0501040-EZAPATA,Emiliano Zapata,19.55213,-99.13964,05,8231
0501040-CNONAL,Camino Nacional,19.55372,-99.13812,05,8282
0501040-FCOIMADERO,Francisco Ignacio Madero,19.55612,-99.13694,05,8229
0501040-FCOAGUILAR,Francisco Aguilar,19.55771,-99.13614,05,8228
0501040-LUCIOBLANCO,Lucio Blanco,19.55999,-99.13654,05,8283
0501040-PARDAVEROLON,Joaquin Pardave y José Rolon,19.56122,-99.13967,05,5979
0501040-GENARONUNEZ,Genaro NuNez,19.56174,-99.13962,05,5979
0501040-LERDOTEJADA,Lerdo de Tejada,19.56234,-99.1377,05,8225
0501031-SANPEDRO,San Pedro,19.57439,-99.13106,05,8284
0501031-HERNANFRANCO,Hernando Franco,19.56721,-99.13239,05,8285
0501031-ALFREDCARRAS,Alfredo Carrasco,19.56481,-99.13281,05,8286
0501031-JORGENEGRET,Jorge Negrete,19.56383,-99.13275,05,8287
0501031-BCAESTEPAVON,Blanca Estela Pavón,19.5626,-99.13235,05,8288
0501031-FANNYSCHILL,Fanny Schiller,19.56144,-99.13292,05,8289
0501031-VIRGIFABREGAS,Virginia Fabregas,19.53085,-99.1443,05,8290
0501031-RIOSANPEDRO,Río San Pedro,19.53149,-99.14548,05,8291
0501031-UHMATIASROME,Unidad Habitacional Matias Romero,19.532770000000006,-99.14755,05,8292
0501031-IPN,Instituto Politécnico Nacional,19.53555,-99.14941,05,8219
0501031-TECNOLOGICO,Tecnológico,19.53695,-99.15079,05,8238
0501031-FCTROESCBA,Frente a Centro Escuela B. A.,19.53814,-99.15172,05,8278
0501031-CHALMAVILLA,Chalma La Villa,19.53997,-99.15404,05,5945
0501031-PEDROFERRIZ,Pedro Ferriz,19.53799,-99.15574,05,8293
0501031-AVBJUAREZ,Av. Benito Juárez,19.53542,-99.15767,05,8294
0501031-FCETIS7,Frente a CETIS No. 7,19.53461,-99.15664,05,8277
0501031-FCHEDRAUI,Frente a Chedraui,19.53095,-99.15488,05,8295
0501031-FWALMART,Frente a Wal-mart,19.52877,-99.15551,05,5933
0501031-GTAGPE,Glorieta Guadalupe,19.52161,-99.15755,05,8296
0501031-CALLE28,Calle 28,19.52002,-99.15681,05,8297
0501031-AVPROGRENAL,Av. Progreso Nacional,19.51785,-99.15596,05,8298
0501031-FDISCOGAS,Frente a Discos Gas,19.5131,-99.15368,05,8299
0501031-JUPITER,Jupiter,19.51139,-99.15299,05,8300
0501031-MTAMAZAJUAR,Margarita Maza de Juárez,19.5083,-99.15175,05,8301
0501031-OTHONMENDI,Othon de Mendizabal,19.50473,-99.15035,05,8302
0501031-FMETROPOLI,Frente a Metro Politécnico,19.50079,-99.1488,05,8303
0501031-GUANAJUATO,Guanajuato,19.49414,-99.14614,05,5934
0501031-JGPELOPEZVEL,José Guadalupe López Velarde,19.48139,-99.14118,05,5935
0501030-BARRANCACHIC,Barranca Chica,19.57102,-99.13168,05,8304
0501030-HERNANFRANCO,Hernando Franco,19.56665,-99.13255,05,8305
0501030-ALFRECARRASC,Alfredo Carrasco,19.56479,-99.13286,05,8286
0501030-JORGENEGRETE,Jorge Negrete,19.56373,-99.13273,05,8287
0501030-BLANCAPAVON,Blanca Estela Pavón,19.56259,-99.13238,05,8288
0501030-FANNYSCHILL,Fanny Schiller,19.5616,-99.13288,05,8289
0501030-LERDOTEJADA,Lerdo de Tejada,19.56045,-99.13348,05,8306
0501030-VIRGIFABREGA,Virginia Fabregas,19.53086,-99.14406,05,8290
0501030-RIOSANPEDRO,Río San Pedro,19.53152,-99.14532,05,8291
0501030-UHMATIASROME,Unidad Habitacional Matias Romero,19.53283,-99.14741,05,8292
0501030-IPN,Instituto Politécnico Nacional,19.53555,-99.14925,05,8219
0501030-TECNOLOGICO,Tecnológico,19.53701,-99.15069,05,8238
0501030-CTROESCOLAR,Centro Escolar,19.53809,-99.15155,05,8278
0501030-FCHEDRAUI,Frente a Chedraui,19.52891,-99.15561,05,5933
0501030-FWALMART,Frente a Wal-mart,19.53102,-99.15504,05,8295
0501030-AVLESPINOZA,Av. Luis Espinoza,19.53549,-99.15789,05,8294
0501030-EJTRABAJO,Ejercito del Trabajo,19.53664,-99.15694,05,8307
0501030-EZAPATA,Emiliano Zapata,19.53861,-99.15529,05,8308
0501030-AVCUAUTEPEC,Av. Cuautepec,19.53974,-99.15427,05,8309
0501030-AVPROGRESNAL,Av. Progreso Nacional,19.51783,-99.15603,05,8298
0501030-CALLE16,Calle 16,19.52052,-99.15711,05,5970
0501030-GTAGPE,Glorieta Guadalupe,19.52232,-99.15793,05,8310
0501030-PERIFERNTE,Periférico Norte,19.52746,-99.1585,05,8311
0501030-AVMONTEVIDEO,Av. Montevideo,19.49376,-99.14689,05,8312
0501030-FMETROPOLI,Frente a Metro Politécnico,19.50054,-99.14956,05,8313
0501030-OTHONMENDI,Othon de Mendizabal,19.50519,-99.15142,05,8314
0501030-MTAMAZAJUARE,Margarita Maza de Juárez,19.508,-99.15253,05,8315
0501030-JUPITER,Jupiter,19.51118,-99.1538,05,8316
0501030-FMETROINSTP,Frente a Metro Instituto del Petróleo,19.48989,-99.14535,05,8317
0501030-FTESORERIA,Frente a Tesorería,19.48561,-99.14365,05,8318
0501030-PTE112,Poniente 112,19.47698,-99.14023,05,8319
0501030-FMETRORAZA,Frente a Metro La Raza,19.46884,-99.13995,05,8320
0501021-COCOS,Cocos,19.54742,-99.12352,05,8321
0501021-POCITOS,Pocitos,19.544,-99.12435,05,8322
0501020-COCOS,Cocos,19.54742,-99.12348,05,8321
0501020-SALAVERRY,Salaverry,19.50536,-99.12599,05,8323
0501020-MATAGALPA,Matagalpa,19.50507,-99.12439,05,8324
0501020-ACUEDUCTO,Acueducto,19.50456,-99.12241,05,5949
0501020-CIENFUEGOS,Cienfuegos,19.50245,-99.12148,05,8325
0501020-INSURGENTES,Insurgentes,19.50165,-99.11797,05,8326
05101D1-FELIPEANGELE,Felipe Ángeles,19.55851,-99.12973,05,8327
05101D0-FELIPEANGELE,Felipe Ángeles,19.55866,-99.12964,05,8327
05101D1-CIERRECTO,Cierre de Circuito,19.54249,-99.12553,05,8328
05101D1-DELICIAS,Delicias,19.54764,-99.12583,05,8329
05101D1-GOLONDRINAS,Golondrinas,19.54838,-99.12761,05,8330
05101D1-COCOYOTES,Cocoyotes,19.5495,-99.12785,05,8331
05101D1-CNOBREPSL,Camino a la Brecha y Plan de San Luis,19.54914,-99.12438,05,8332
05101D1-PLANAYALA,Plan de Ayala,19.54861,-99.12497,05,8333
05101D1-CERRO,Cerro,19.54662,-99.12682,05,8334
05101D1-HALCONES,Halcones,19.54725,-99.12772,05,8335
05101D1-SANJUAN,San Juan,19.5516,-99.12884,05,8336
05101D1-2DACDABRECHA,Segunda Cerrada la Brecha,19.55236,-99.12677,05,8337
05101D1-CASILDA,Casilda,19.55344,-99.12585,05,8338
05101D1-ATLACOMULCO,Atlacomulco,19.55415,-99.12534,05,8339
05101D1-LINDAVISTA,Lindavista,19.55553,-99.12581,05,8340
05101D1-ADOLOMATEOS,Adolfo López Mateos,19.55641,-99.12682,05,8341
05101D1-AVCASTILLO,Av. del Castillo,19.557170000000006,-99.12841,05,8342
05101D1-CORONAROSAL,Corona del Rosal,19.55742,-99.13036,05,8343
05101D1-CUAUHTEMOC,Cuauhtémoc,19.48048,-99.11514,05,8344
05101D0-CIERRECTO,Cierre de Circuito,19.54253,-99.12556,05,8328
05101D0-POPOCITOS,Popocitos,19.54382,-99.12447,05,8322
05101D0-NARANJOS,Naranjos,19.54458,-99.12383,05,8345
05101D0-PSL,Plan de San Luis,19.54917,-99.1244,05,8332
05101D0-PLANAYALA,Plan de Ayala,19.54864,-99.12499,05,8333
05101D0-DELICIAS,Delicias,19.54766,-99.12587,05,8329
05101D0-CEDROS,Cedros,19.54665,-99.12686,05,8334
05101D0-HALCONES,Halcones,19.54725,-99.12769,05,8335
05101D0-GOLONDRINAS,Golondrinas,19.54838,-99.12756,05,8330
05101D0-COCOYOTES,Cocoyotes,19.54953,-99.12782,05,8331
05101D0-SANJUAN,San Juan,19.55159,-99.1288,05,8336
05101D0-2DACDABRECHA,Segunda Cerrada la Brecha,19.55234,-99.12674,05,8337
05101D0-CASILDA,Casilda,19.553420000000006,-99.12583,05,8338
05101D0-ATLACOMULCO,Atlacomulco,19.55413,-99.1253,05,8339
05101D0-LINDAVISTA,Lindavista,19.55555,-99.12575,05,8340
05101D0-ADOLOPEZMATE,Adolfo López Mateos,19.55643,-99.1268,05,8341
05101D0-AVIPN,Av. Instituto Politécnico Nacional,19.50284,-99.13131,05,5959
05101D0-BETOHERRERA,Alberto Herrera,19.48125,-99.11478,05,8346
05101D0-CALZGPE,Calzada de Guadalupe,19.48153,-99.11824,05,8347
05101B0-LERDO,Lerdo de Tejada,19.55933,-99.13109,05,8348
05101B1-FANNYSCHILL,Fanny Schiller,19.56106,-99.12975,05,8349
05101B1-BLANAESTEPAV,Blanca Estela Pavon,19.56218,-99.12894,05,8350
05101B1-JAVISOLIS,Javier Solis,19.56394,-99.12762,05,8351
05101B1-CNOAGUILAS,Camino a las Aguilas,19.56442,-99.12734,05,8352
05101B1-EUCALIPTO,Eucalipto,19.56578,-99.12653,05,8353
05101B1-VIVEROSOLIVO,Viveros de la Paz y Los Olivos,19.56625,-99.12626,05,8354
05101B0-VIVEROSPAZ,Viveros de la Paz,19.56626,-99.12629,05,8354
05101B0-EUCALIPTO,Aucalipto,19.56579,-99.12657,05,8353
05101B0-AGUSTINANDA,Agustín de Anda,19.56464,-99.12726,05,8352
05101B0-MINERVA,Minerva,19.56297,-99.12829,05,8355
05101B0-LUCHAREYES,Lucha Reyes,19.56218,-99.12898,05,8350
05101B0-FANNYSCHIL,Fanny Schiller,19.56113,-99.12976,05,8349
05101A1-GARRIDO,Garrido,19.48161,-99.11466,05,8346
05101A1-FRENTEGAM,Frente a Delegación Gustavo A. Madero,19.48283,-99.11418,05,8356
05101A1-CANTERA,Cantera,19.48732,-99.11274,05,5156
05101A1-MMIRAMON,Miguel Miramon,19.48787,-99.1141,05,8357
05101A1-MORELOS,Morelos,19.48901,-99.11711,05,8358
05101A1-AVINSURNTE,Av. Insurgentes Norte,19.49137,-99.11967,05,8359
05101A1-COQUIMBO,Coquimbo,19.49458,-99.12196,05,8360
05101A1-TICOMAN,Ticoman,19.50221,-99.1274,05,8361
05101A1-AVIPN,Av. Instituto Politécnico Nacional,19.50297,-99.13096,05,5959
05101A1-PALMAS,Palmas,19.5045,-99.13442,05,8362
05101A1-FRENTE473,Frente a No. 473,19.50564,-99.13554,05,4931
05101A1-ARRSAUCES,Arroyo de los Sauces,19.5082,-99.13805,05,8363
05101A1-ARRMENDIZA,Arroyo de Mendizabal,19.50927,-99.13908,05,8364
05101A1-PSL,Plan de San Luis,19.512220000000006,-99.1405,05,8365
05101A1-FRENTE23,Frente a No. 23,19.51269,-99.14112,05,8366
05101A1-ESTURISMO,Frente a Escuela Superior de Turismo,19.51332,-99.14157,05,8367
05101A1-TALLESTRELLB,Frente a Talleres Estrella Blanca,19.51578,-99.1431,05,8368
05101A1-PROLPERNTE,Prolongación Periférico Norte,19.51742,-99.14311,05,8369
05101A1-LECHEVERRIA,Luis Echeverria,19.52687,-99.14067,05,8370
05101A1-STATERESA,Santa Teresa,19.52907,-99.14208,05,8218
05101A1-FRENTEPLECAR,Frente a Panadería Lecaroz,19.52924,-99.14208,05,8218
05101A1-JFKENNEDY,John F. Kennedy,19.52983,-99.14208,05,8371
05101A1-AVCASTILLO,Av. del Castillo,19.53876,-99.14041,05,8372
05101A1-FRENTECOMER,Frente a Comercial Mexicana,19.54321,-99.13842,05,8373
05101A1-BJUAREZ,Benito Juárez,19.54411,-99.13791,05,8374
05101A1-MAUGOMEZ,Mauricio Gómez,19.55487,-99.13173,05,8375
05101A1-CNOBRECHA,Camino a la Brecha,19.55787,-99.13012,05,8376
05101A1-RAULHELMER,Raul Helmer,19.5638,-99.13508,05,8377
05101A1-CDA1MIGUEL,Cerrada 1 de San Miguel,19.56534,-99.13433,05,8378
05101A1-CDA11MIGUEL,Cerrada 11 de San Miguel,19.56688,-99.13352,05,8379
05101A1-CANTERALFONS,Cantera Alfonsa,19.56872000000001,-99.13243,05,8380
05101A1-CERROAZUL,Cerro Azul,19.56965,-99.13201,05,8381
05101A1-CANTERAS,Canteras,19.57192,-99.13156,05,8382
05101A1-LEONAVICARIO,Leona Vicario,19.57312,-99.13163,05,8383
05101A1-SANPEDRO,San Pedro,19.57532,-99.13112,05,8384
05101A0-5FEBRERO,5 de Febrero,19.48038,-99.11512,05,8344
05101A0-AHERRERA,Alberto Herrera,19.48161,-99.11465,05,8346
05101A0-CALZGPE,Calzada Guadalupe,19.48155,-99.11856,05,8347
05101A0-ALBARDON,Albardon,19.48958,-99.11803,05,4934
05101A0-COQUIMBO,Coquimbo,19.49466,-99.12215,05,8360
05101A0-CIENFUEGOS,Cienfuegos,19.49869,-99.12468,05,8385
05101A0-NEIVAMANIZA,Neiva y Manizales,19.50086,-99.12624,05,4933
05101A0-AVTICOMAN,Av. Ticoman,19.50207,-99.12742,05,8361
05101A0-BONAO,Bonao,19.50237000000001,-99.12893,05,8386
05101A0-AVIPN,Av. Instituto Politécnico Nacional,19.50284,-99.13149,05,5959
05101A0-JUANDIOSBATIZ,Juan de Dios Batiz,19.50322,-99.13348,05,4932
05101A0-FRENTEESIA,Frente a Escuela ESIA,19.50539,-99.13564,05,4931
05101A0-ARROYOSAUCE,Arroyo de los Sauces,19.50809,-99.1383,05,8363
05101A0-OTHONMENDI,Othon de Mendizabal,19.50973,-99.1399,05,4929
05101A0-CLINICA44,Frente a Clinica 44,19.51166,-99.14029,05,8266
05101A0-FRENTE547,Frente a No. 547,19.51219,-99.14072,05,8365
05101A0-UHLASALLE,Frente a Unidad Habitacional La Salle,19.51416,-99.14228,05,8387
05101A0-TEMPLODIANA,Templo de Diana,19.51601,-99.14342,05,8368
05101A0-JKENNEDY,John Fitzgerald Kennedy,19.52996,-99.14214,05,8371
05101A0-APANGO,Apango,19.55767,-99.13491,05,8388
05101A0-LERDOTEJADA,Lerdo de Tejada,19.56161,-99.13594,05,8226
05101A0-RAULHELMER,Raul Helmer,19.5638,-99.13511,05,8377
05101A0-CERROCONEJO,Cerro de los Conejos,19.56548,-99.13428,05,8378
05101A0-LOMAESCONDI,Loma Escondida,19.56707,-99.13345,05,8379
05101A0-13MIGUEL,Cerrada 13 de San Miguel,19.56896,-99.13235,05,8380
05101A0-CERROAZUL,Cerro Azul,19.56972,-99.13201,05,8381
05101A0-CANTERAS,Canteras,19.57193,-99.1316,05,8382
05101A0-LEONAVICARIO,Leona Vicario,19.57304,-99.13162,05,8383
05101A0-COMONFORT,Comonfort,19.57438,-99.13108,05,8284
05101A0-BRISAS,Brisas,19.57557000000001,-99.13109,05,8384
05101A0-SANMIGUELPAL,San Miguel y Palmas,19.57624,-99.13074,05,8389
0501010-JFKENNEDY,John Fitzgerald Kennedy,19.52985,-99.14212,05,8371
0501010-AVIPN,Av. Instituto Politécnico Nacional,19.50591,-99.12987,05,5957
0501010-FRENTEESIA,Frente Escuela ESIA,19.50805,-99.1313,05,8390
0501010-ANO1857,Año de 1857,19.51137,-99.13351,05,8391
0501010-PLANGPE,Plan de Guadalupe,19.51362,-99.13494,05,8392
0501010-BANDERA,Bandera,19.51473,-99.1351,05,8393
0501010-ESC201,Escuadrón 201,19.51578,-99.13508,05,8394
0501010-JCLEMENTE,José Clemente Orozco,19.51666,-99.13482,05,8395
0501010-ACUEDUCTO,Acueducto,19.51785,-99.13453,05,8396
0501010-LECHERIA,Frente a Lechería,19.51988,-99.13467,05,8397
0501010-CANDELARIA,Candelaria,19.52021,-99.13569,05,8398
0501010-SANMARCOS,San Marcos,19.52025,-99.1376,05,8399
0501010-TICOMAN,Ticoman,19.52125,-99.14118,05,8202
0501010-XICOTENCATL,Xicotencatl,19.52456,-99.14045,05,8400
0501010-JOAPARDAVE,Joaquin Pardave,19.5269,-99.14083,05,8370
0501010-MALEMAN,Miguel Aleman,19.5336,-99.14218,05,8401
0501010-GABRIELGUERR,Gabriel Guerra,19.53773,-99.14136,05,8402
0501010-HERALDO,Heraldo,19.53825,-99.14116,05,8403
0501010-PALMA,Palma,19.53909,-99.14086,05,8404
0501010-POTRERO,Potrero,19.54036,-99.14043,05,8405
0501010-LCARDENAS,Lázaro Cardenas,19.54132,-99.14004,05,8406
0501010-BCOMERMEXI,Bodega Comercial Mexicana,19.54334,-99.1391,05,8407
0501010-BJUAREZ,Benito Juárez,19.54459,-99.13855,05,8408
0501010-5MAYO,5 de Mayo,19.54728,-99.13747,05,8409
0501010-ALLENDE,Allende,19.5484,-99.13707,05,8410
0501010-2CDAVCARRA,Segunda Cerrada Venustiano Carranza,19.5491,-99.13684,05,8411
0501010-SEC160,Secundaria No. 160,19.55117000000001,-99.1367,05,8412
0501010-FCOVILLA,Francisco Villa,19.55212,-99.13661,05,8413
0501010-VCARRFCOIMAD,Primera Cerrada Venustano Carranza y Franciso Ignacio Madero,19.55527,-99.13601,05,8414
0501010-MAUGOMEZ,Mauricio Gómez,19.55628,-99.13565,05,8415
0501010-PALMERIN,Palmerin,19.55693,-99.13542,05,8416
0501010-APANGO,Apango,19.55755,-99.13496,05,8388
0501010-JUVENROSAS,Juventino Rosas,19.56043,-99.13351,05,8306
0501010-2DAMIGUEL,Segunda Cda. de San Miguel,19.56091,-99.13453,05,8417
0501010-SANMIGUEL,San Miguel,19.56158,-99.13597,05,8226
0501010-GENARONUNEZ,Genaro NuNez,19.56238,-99.13768,05,8225
0501010-LERDODETEJA,Lerdo de Tejada,19.56346,-99.13988,05,8418
0501010-RAULHELMER,Raul Helmer,19.56534,-99.13913,05,8419
0501010-GUTYCARDENAS,Guty Cardenas,19.56546,-99.13798,05,8420
0501010-BARCOBRE,Barranca del Cobre,19.567,-99.13754,05,8421
0501010-CERROCUBILE,Cerro del Cubilete,19.56865,-99.13643,05,8422
0501010-CERROAZUL,Cerro Azul,19.57039,-99.13481,05,8423
0501010-INDIABONITA,India Bonita,19.57078,-99.13469,05,8423
0501011-CERROGDOCHAT,Cerro Gordo y Cerro Chato,19.57104,-99.13462,05,8424
0501011-CERROAZUL,Cerro Azul,19.57033,-99.13482,05,8423
0501011-CERROCUBILE,Cerro del Cubilete,19.5686,-99.13644,05,8422
0501011-BARCOBRE,Barranca del Cobre,19.5669,-99.13752,05,8421
0501011-GUTYCARDENAS,Guty Cardenas,19.56532,-99.13805,05,8420
0501011-RAULHELMER,Raúl Helmer,19.56529,-99.13914,05,8419
0501011-AGUSTINLARA,Agustín Lara,19.56195,-99.13907,05,8425
0501011-LUISARCARAZ,Luis Arcaraz,19.56234,-99.13754,05,8225
0501011-SANMIGUEL,San Miguel,19.56159,-99.13591,05,8226
0501011-JUVENROSAS,Juventino Rosas,19.56043,-99.13345,05,8306
0501011-JOSEMOJICA,José Mojica,19.55973,-99.13198,05,8426
0501011-LAPRESA,La Presa,19.55928,-99.13108,05,8348
0501011-CALABRECHA,Camino a la Brecha,19.55799,-99.13005,05,8376
0501011-APANGO,Apango,19.55584,-99.13121,05,8427
0501011-MAUGOMEZ,Mauricio Gómez,19.55486,-99.13171,05,8375
0501011-DARIOFDEZ,Darío Fernandez,19.55314,-99.13266,05,8428
0501011-RUBENLENERO,Rubén LeNero,19.5524,-99.13308,05,8429
0501011-RCASTELLAN,Rosario Castellanos,19.5514,-99.13364,05,8430
0501011-CERRITO,Del Cerrito,19.54885,-99.13509,05,8431
0501011-MORELOS,Morelos,19.54643,-99.13646,05,8432
0501011-BJUAREZ,Benito Juárez,19.54408,-99.13792,05,8374
0501011-COMERMEXIC,Frente a Comercial Mexicana,19.54249,-99.13875,05,8433
0501011-FCOVILLA,Francisco Villa,19.54109,-99.13948,05,8434
0501011-PALMA,Palma,19.54004,-99.1399,05,8435
0501011-AVCASTILLO,Av. del Castillo,19.53879,-99.14037,05,8372
0501011-MALEMAN,Miguel Aleman,19.53355,-99.14177,05,8401
0501011-LCARDENAS,Lázaro Cardenas,19.5311,-99.14184,05,8436
0501011-JFKENNEDY,John F. Kennedy,19.52986,-99.14208,05,8371
0501011-STATERESA,Santa Teresa,19.52903,-99.14208,05,8218
0501011-LECHEVERRIA,Luis Echeverria,19.52711,-99.14081,05,8370
0501011-MOCTEZUMA,Moctezuma,19.52351,-99.14026,05,8437
0501011-LRALPTEPASTO,Lateral Puente la Pastora,19.52187,-99.14037,05,8438
0501011-PTEPASTORA,Bajo Puente la Pastora,19.5212,-99.14116,05,8202
0501011-SANMARCOS,San Marcos,19.52028,-99.13759,05,8399
0501011-CANDELARIA,Candelaria,19.52024,-99.13565,05,8398
0501011-FTELECHERIA,Frente a Lechería,19.51989,-99.13465,05,8397
0501011-COROZC21MZO,Clemente Orozco y 21 de Marzo,19.5166,-99.1348,05,8395
0501011-ESCUA201,Escuadrón 201,19.51573,-99.13504,05,8394
0501011-BANDERA,Bandera,19.51469,-99.13507,05,8393
0501011-PLANGPE,Plan de Guadalupe,19.5136,-99.13489,05,8392
0501011-AVPAIS,Av. del País,19.51129,-99.1334,05,8391
0501011-ESIA,Frente a Escuela ESIA,19.50806,-99.13127,05,8390
0501011-IPN,Instituto Politécnico Nacional,19.50573,-99.12952,05,5957
0501011-MOYOBAMBA,Moyobamba,19.50194,-99.12681,05,8439
0501011-CIENFUEGOS,Cienfuegos,19.49877,-99.12453,05,8385
0501011-COQUIMBO,Coquimbo,19.49466,-99.12198,05,8360
0501011-MINDIOSVER,Metro Indios Verdes,19.49354,-99.12078,05,8440
0800L2-STAMARTA,Santa Marta,19.35971,-98.99399,08,8500
0800L2-SANMIGUELTEO,San Miguel Teotongo,19.34357,-98.98944,08,8501
0800L2-LOMASESTANC,Lomas de la Estancia,19.34078,-99.00857,08,8502
0800L2-XALPA,Xalpa,19.33613,-99.0192,08,8503
0800L2-TORRESBUENA,Las Torres Buenavista,19.33183,-99.03079,08,8504
0800L2-QUETZALCOA,Quetzalcóatl,19.32806,-99.04355,08,8505
0800L2-CONST1917,Constitución de 1917,19.34503,-99.06265,08,8506
0800L1-INDIOSVERDE,Indios Verdes,19.49631,-99.12257,08,8507
0800L1-STAMATICOMAN,Santa María Ticomán,19.51146,-99.13368,08,8508
0800L1-PASTORA,La Pastora,19.52765,-99.14039,08,8509
0800L1-CAMPOSREVOL,Campos Revolución,19.54077,-99.14177,08,8510
0800L1-TLALPEXCO,Tlalpexco,19.54479,-99.12619,08,8511
0800L1-CUAUTEPEC,Cuautepec,19.55783,-99.13398,08,8512
010240-DNTELIBR,Sobre Av. División del Norte y Municipio Libre,19.37062858,-99.15695886,01,2445
010240-DNTEVENA,Sobre Av. División del Norte frente a Parque de los Venados,19.37245369,-99.15744626,01,2446
010240-DNTELAUR,Sobre Av. División del Norte y Miguel Laurent,19.3745408,-99.15802915,01,2447
010240-DNTEPILR,Sobre Av. División del Norte y Pilares,19.37651044,-99.15859289,01,2448
010240-DNTERIVI,Sobre Av. División del Norte y Glorieta de Riviera,19.37992567,-99.15958659,01,2449
010240-DNTEURRA,Sobre Av. División del Norte y Angel Urraza,19.38172365,-99.16008354,01,2450
010240-DNTEROMR,Sobre Av. División del Norte y Pedro Romero de Terrenos,19.39559691,-99.16891623,01,2451
010240-DNTEXOLA,Sobre Av. División del Norte y Xola,19.39835226,-99.17001434,01,2452
010240-DNTESUCR,Sobre Av. División del Norte y Glorieta Mariscal Sucre,19.39148158,-99.16527298,01,2453
010240-DNTEFRIA,Sobre Av. División del Norte y Heriberto Frías,19.3863586,-99.16141181,01,2454
010240-DNTEBEIS,Sobre Av. División del Norte y Concepción Beistegui,19.3890711,-99.16316001,01,2455
010240-DNTEFUEG,Sobre Av. División del Norte y Arbol del Fuego,19.33130846,-99.14453552,01,2456
010240-DNTEHOSP,Sobre Av. División del Norte frente a Hospitales,19.328828,-99.142709,01,2457
010240-DNTEMUSE,Sobre Av. División del Norte y Museo,19.3276235,-99.14163821,01,2458
010240-DNTENJUA,Sobre Av. División del Norte y Benito Juárez,19.31437856,-99.13663874,01,2459
010240-DNTEBOMB,Sobre Av. División del Norte y Calz. De las Bombas,19.30897639,-99.13370244,01,2460
010240-DNTEHGO,Sobre Av. División del Norte y Miguel Hidalgo,19.3226909,-99.13932068,01,2461
010240-DNTEMAQ,Sobre Av. División del Norte y Av. Miguel Angel de Quevedo,19.34291778,-99.14906814,01,2462
010240-DNTEAMER,Sobre Av. División del Norte y América,19.34585424,-99.14988961,01,2463
010240-DNTEPACF,Sobre Av. División del Norte y Av. Pacifico,19.33416268,-99.14651826,01,2464
010240-DNTECIRC,Sobre Av. División del Norte y Anillo de Circunvalación,19.33825567,-99.14765486,01,2465
010240-DNTEXICO,Sobre Av. División del Norte y Xicoténcatl,19.35467258,-99.1523923,01,2466
010240-DNTELOND,Sobre Av. División del Norte y Londres,19.35685909,-99.15301324,01,2467
010240-DNTECARR,Sobre Av. División del Norte y Carreteraco,19.34909711,-99.15079146,01,2468
010240-DNTEHGO2,Sobre Av. División del Norte y Miguel Hidalgo,19.35170904,-99.15155167,01,2469
010240-DNTEPOPO,Sobre Av. División del Norte y Av. Popocatepetl,19.36227113,-99.15456085,01,2470
010240-DNTECHUR,Sobre Av. División del Norte y Av. Río Churubusco,19.35871125,-99.1535958,01,2471
010240-DNTENEVA,Sobre Av. División del Norte y Av. Nevado,19.36021113,-99.15396855,01,2472
010240-DNTECAMP,Sobre Av. Nuevo León y Campeche,19.40881495,-99.17261592,01,2473
010240-DNTEOCA,Sobre Av. Nuevo León y Fernando Montes de Oca,19.41185175,-99.17231433,01,2474
010240-2SURJOJUT,Sobre Eje 2 Sur y Jojutla,19.41454283,-99.17443171,01,1950
010240-CHAPTAMP,Sobre Av. Chapultepec y Tampico,19.420739,-99.175415,01,1021
010240-NLTOPO,Sobre Av. Nuevo León y Topógrafos,19.40057488,-99.17059762,01,2475
010240-NLBFKN,Sobre Av. Nuevo León y Benjamín Franklin,19.40374622,-99.1713724,01,2476
010240-NLBJ,Sobre Av. Nuevo León y Av. Baja California,19.40614948,-99.17206068,01,2027
010240-DNTEZAPAT,Sobre Av. División del Norte y Emiliano Zapata,19.36658989,-99.15581233,01,2477
010240-DNTEANAY,Sobre Av. División del Norte y Calz. Gral. Anaya,19.35329922,-99.15201969,01,2478
010240-DNTEPINO,Sobre Av. División del Norte y los Pinos,19.34000643,-99.14821524,01,2479
010240-DNTENEZA,Sobre Av. División del Norte y Nezahualpilli,19.32466973,-99.13976978,01,2480
010240-DNTETLAL,Sobre Av. División del Norte y Calz. De Tlalpan,19.31981815,-99.13874601,01,2481
010241-DNTELIBR,Sobre Av. División del Norte y Municipio Libre,19.37008671,-99.15652983,01,1849
010241-DNTEVENA,Sobre Av. División del Norte frente a Parque de los Venados,19.372235,-99.157143,01,2446
010241-DNTELAUR,Sobre Av. División del Norte y Miguel Laurent,19.3737188,-99.15758079,01,2482
010241-DNTEPILAR,Sobre Av. División del Norte y Pilares,19.37580591,-99.15816368,01,2483
010241-DNTEUNIV,Sobre Av. División del Norte y Av. Universidad,19.37911305,-99.15873825,01,2484
010241-DNTEURRA,Sobre Av. División del Norte y Angel Urraza,19.38118175,-99.15970209,01,2485
010241-DNTEROME,Sobre Av. División del Norte y Pedro Romero de Terrenos,19.39519922,-99.16829027,01,2486
010241-DNTEXOLA,Sobre Av. División del Norte y Xola,19.39795493,-99.16968058,01,2487
010241-DNTESUCR,Sobre Av. División del Norte y Glorieta Mariscal Sucre,19.39041945,-99.16405563,01,2488
010241-DNTEUGE,Sobre Av. División del Norte y Eugenia,19.3857896,-99.1610208,01,2489
010241-DNTEMANC,Sobre Av. División del Norte y Gabriel Mancera,19.38954708,-99.1632911,01,2490
010241-DNTEXOTE,Sobre Av. División del Norte y Cda. De Xotepingo,19.33291635,-99.14548896,01,2491
010241-DNTEFUE,Sobre Av. División del Norte y Arbol de Fuego,19.33122745,-99.14412608,01,2456
010241-DNTEHOSP,Sobre Av. División del Norte frente a Hospitales,19.329008,-99.142422,01,2457
010241-DNTEMUSEO0,Sobre Av. División del Norte y Museo,19.32745213,-99.14120014,01,2458
010241-DNTEHGO,Sobre Av. División del Norte y Miguel Hidalgo,19.32242904,-99.13902535,01,2461
010241-DNTEBJUA,Sobre Av. División del Norte y Benito Juárez,19.31368302,-99.13618124,01,2492
010241-DNTEBOMB,Sobre Av. División del Norte y Calz. De las Bombas,19.30884116,-99.13325494,01,2460
010241-DNTEMAQ,Sobre Av. División del Norte y Av. Miguel Angel de Quevedo,19.34233975,-99.14862965,01,2493
010241-DNTEAMER,Sobre Av. División del Norte y América,19.345206,-99.149448,01,2494
010241-DNTECLAVE,Sobre Av. División del Norte y Clavellinas,19.33420809,-99.14624221,01,2464
010241-DNTECIRC,Sobre Av. División del Norte y Anillo de Circunvalación,19.3377951,-99.14724506,01,2495
010241-DNTEXOCO,Sobre Av. División del Norte y Xocoténcatl,19.35490771,-99.15220209,01,2466
010241-DNTELOND,Sobre Av. División del Norte y Londres,19.35696777,-99.15273721,01,2467
010241-DNTEH47,Sobre Av. División del Norte y Heroes del 47,19.35139304,-99.15118957,01,2496
010241-DNTEIRLA,Sobre Av. División del Norte e Irlanda,19.34852938,-99.15038616,01,2497
010241-DNTEPOPO,Sobre Av. División del Norte y Av. Popocatépetl,19.36152143,-99.15409357,01,1819
010241-DNTENEVA,Sobre Av. División del Norte y Av. Nevado,19.360279,-99.153735,01,2472
010241-DNTECHAP,Sobre Av. Veracruz y Av. Chapultepec,19.420315,-99.17656,01,394
010241-DNTEALEM,Sobre Av. División del Norte y Viaducto Miguel Alemán Valdés,19.39991557,-99.17015882,01,2498
010241-DNTETEHU,Sobre Av. División del Norte y Tehuantepec,19.40329466,-99.17105763,01,2499
010241-NLBJ,Sobre Av. Nuevo León y Av. Baja California,19.40564383,-99.17160298,01,1991
010241-NLCAMP,Sobre Av. Nuevo León y Campeche,19.408372,-99.172278,01,1935
010241-NLMICH,Sobre Av. Nuevo León y Av. Michoacan,19.41141802,-99.1722472,01,2474
010241-DNTEZAPAT,Sobre Av. División del Norte y Emiliano Zapata,19.36597574,-99.1553642,01,2500
010241-DNTEANAY,Sobre Av. División del Norte y Calz. General Anaya,19.35327236,-99.1517245,01,2478
010241-DNTEPINO,Sobre Av. División del Norte y los Pinos,19.33971955,-99.14786563,01,2479
010241-DNTENEZA,Sobre Av. División del Norte y Nezahualpilli,19.32452537,-99.13946503,01,2480
010241-ACOXVERE,Sobre Calz. Acoxpa y Vereda,19.2921826,-99.12424702,01,2501
010241-ACOXCUEM,Sobre Blvd. Adolfo Ruíz Cortines y Cto. Cuemanco Nte.,19.29280848,-99.1062776,01,2502
010240-PERICNAL,Sobre Anillo Periférico y Av. Canal Nacional,19.29579409,-99.1004925,01,2503
010240-PERICANAV,Sobre Anillo Periférico y Cañaverales,19.29326929,-99.10644922,01,2504
010240-ACOXTEJA,Sobre Calz. Acoxpa y Av. la Teja,19.29164177,-99.12214316,01,2505
010240-ACOXTLAL,Sobre Calz. Acoxpa y Calz. De Tlalpan,19.30098645,-99.14666003,01,602
010240-ACOXBORD,Sobre Calz. Acoxpa y Av. El Bordo,19.29962527,-99.14228038,01,607
010240-ACOXACOX,Sobre Calz. Acoxpa y Av. Acoxpa,19.29801069,-99.13823373,01,606
010240-ACOXGPE,Sobre Calz. Acoxpa y Calz. De Gpe.,19.29654039,-99.13449186,01,2506
010240-ACOXDN,Sobre Calz. Acoxpa y Av. División del Norte,19.29513308,-99.13102613,01,605
010240-ACOXMARTI,Sobre Calz. Acoxpa frente a Martí Terraza Coapa,19.29381591,-99.12779847,01,604
010240-ACOXMIRAM,Sobre Calz. Acoxpa y canal de Miramontes,19.29289577,-99.12538972,01,2507
010240-TLALP,Sobre Calz. De Tlalpan,19.3015376,-99.14682234,01,1634
010240-TLALCTOAZT,Sobre Calz. De Tlalpan y Cto. Estadio Azteca,19.30332805,-99.14551037,01,2508
010240-TLALTLALM,Sobre Calz. De Tlalpan y C. Tlalmanco,19.30476586,-99.144417,01,1635
010240-TLALVERGL,Sobre Calz. De Tlalpan y El Vergel,19.30711685,-99.14279135,01,1636
010240-TLALHUESO,Sobre Calz. De Tlalpan y Calz. Del Hueso,19.30938643,-99.14124174,01,1637
010240-TLALCHUES,Sobre Calz. De Tlalpan y pasando Calz. Del Hueso,19.31047119,-99.14089047,01,1638
010240-TLALBJUAZ,Sobre Calz. De Tlalpan y Benito Juárez,19.31371642,-99.13982711,01,1639
010240-TLALDN,Sobre Calz. De Tlalpan y Av. División del Norte,19.31577747,-99.13912443,01,1641
010240-ACOXPOTR,Sobre Calz. Acoxpa y El Potrero,19.29082977,-99.12008671,01,2509
010240-HCDACOX,Sobre Av. De la Hacienda y Calz. Acoxpa,19.28946759,-99.11627861,01,2510
010240-BLVDSAUZL,Sobre Blvd. Adolfo Ruíz Cortines y Av. Sauzales,19.29158602,-99.11034095,01,813
010240-BLVDVSTH,Sobre Blvd. Adolfo Ruíz Cortines y Hacienda Vista Hermosa,19.29454528,-99.10345186,01,811
010240-CUEMANC,Sobre Cuemanco,19.29443741,-99.10243336,01,2511
010240-PERIFRC,Sobre Anillo Periférico,19.29589478,-99.09814158,01,2512
010240-VERTZLIBR,Sobre Dr. J. M. Vertiz y  Municipio Libre,19.36987107,-99.15506318,01,1848
010240-VERTZLAURN,Sobre Dr. J. M. Vertiz y  Miguel Laurent,19.37340531,-99.15429519,01,2513
010240-VERTZBULG,Sobre Dr. J. M. Vertiz y  Bulgaria,19.37488764,-99.15403947,01,2514
010240-VERTZROMER,Sobre Dr. J. M. Vertiz y  Matias Romero,19.37842177,-99.15338571,01,2515
010240-VERTZURRA,Sobre Dr. J. M. Vertiz y  Angel Urraza,19.38002162,-99.153092,01,2516
010240-VERTZEUGE,Sobre Dr. J. M. Vertiz y  Eugenia,19.38436924,-99.15227706,01,2517
010240-VERTZADAL,Sobre Dr. J. M. Vertiz y  Torres Adalid,19.38841853,-99.15156656,01,2518
010240-VERTZCUMB,Sobre Dr. J. M. Vertiz y  Cumbres de Maltrata,19.39132898,-99.15103593,01,2519
010240-VERTZXOLA,Sobre Dr. J. M. Vertiz y  Xola,19.39532349,-99.150992,01,2520
010240-VERTZMORE,Sobre Dr. J. M. Vertiz y  La Morena,19.39800773,-99.15078494,01,2521
010240-VERTZOBRB,Sobre Dr. J. M. Vertiz y  Casa del Obrero Mundial,19.40180362,-99.15049319,01,2522
010240-VERTZALEM,Sobre Dr. J. M. Vertiz y  Viaducto Miguel Aleman,19.40372881,-99.15019018,01,2523
010240-VERTZPRIET,Sobre Dr. J. M. Vertiz e Ignacio Morones Prieto,19.40665732,-99.14966902,01,2524
010240-VERTZMRQZ,Sobre Dr. J. M. Vertiz y Dr. Márquez,19.4109416,-99.14891095,01,2525
010240-VERTZBALM,Sobre Dr. J. M. Vertiz y Dr. Balmis,19.41447567,-99.14829504,01,1005
010240-VERTZDLRIO,Sobre Dr. J. M. Vertiz y Dr. Martínez del Río,19.41708783,-99.14781163,01,2526
010240-VERTZBERN,Sobre Dr. J. M. Vertiz y Claudio Bernard,19.42030555,-99.14724302,01,2527
010240-VERTZLAVIS,Sobre Dr. J. M. Vertiz y Dr. Lavista,19.42356844,-99.146703,01,2528
010240-VERTZANDR,Sobre Dr. Lavista y Dr. Andrade,19.42356962,-99.14523607,01,2529
010240-VERTZLOZA,Sobre Dr. Andrade y Av. Dr. Río de la Loza,19.42478096,-99.14478944,01,1121
010240-LOZACTRAL,Sobre Av. Dr. Río de la Loza y Eje Ctrl. Lázaro Cárdenas,19.42459276,-99.1427889,01,1122
010240-FRAYBOLIV,Sobre Fray Servando Teresa de Mier y Simón Bolívar,19.42425156,-99.13994998,01,1123
010240-FRAYCATO,Sobre Fray Servando Teresa de Mier e Isabel la Católica,19.42400012,-99.13785414,01,1124
010240-FRAYXOCON,Sobre Fray Servando Teresa de Mier y Xocongo,19.42341759,-99.13125246,01,1125
010240-FRAYVIGA,Sobre Fray Servando Teresa de Mier y Calz. De la Viga,19.42307608,-99.12859457,01,2530
010240-TOPACARRE,Spbre Topacio y Cda. Carretones,19.42535384,-99.12806292,01,1071
010240-ROLDAN,Sobre Calle del Roldán ,19.42554455,-99.12673901,01,2531
010241-ROLDNPBL,Sobre Calle de Roldán y  Plaza de San Pablo,19.42556262,-99.12674855,01,2531
010241-PBLCRUCS,Sobre Plaza de San Pablo y Las Cruces,19.42628349,-99.12973065,01,2532
010241-IZAZGPINO,Sobre J. M. Izazaga y  J.M. Pino Suárez,19.42599213,-99.13273101,01,1073
010241-IZAZG5FEB,Sobre J. M. Izazaga y  5 de Febrero,19.42618931,-99.13496018,01,2533
010241-IZAZGCATO,Sobre J. M. Izazaga e Isabel la Católica,19.42636855,-99.13696072,01,1075
010241-IZAZGBOLI,Sobre J. M. Izazaga y Simón Bolívar,19.42655669,-99.13912322,01,1076
010241-IZAZGCTRL,Sobre J. M. Izazaga y Eje Ctral. Lázaro Cárdenas,19.42689818,-99.14161925,01,1078
010241-BLNBTONO,Sobre Av. Arcos de Belén y Buen Tono,19.42701415,-99.14354355,01,1079
010241-BLNBALDE,Sobre Av. Arcos de Belén y Balderas,19.42738076,-99.14842106,01,1081
010241-NHERLOZA,Sobre Av. Niños Heroes y Av. Dr. Río de la Loza,19.42522908,-99.14940977,01,1119
010241-NHERBERN,Sobre Av. Niños Heroes y Claudio Bernard,19.42247225,-99.1499883,01,2534
010241-NHERVELAS,Sobre Av. Niños Heroes y Calle Dr. Velasco,19.41963417,-99.15045244,01,2535
010241-NHERDLRIO,Sobre Av. Niños Heroes y Calle Dr. Martínez del Río,19.41771807,-99.15069833,01,2536
010241-NHERBALM,Sobre Av. Niños Heroes y Dr. Balmis,19.41517832,-99.15103889,01,972
010241-BALMVERT,Sobre  Dr. Balmis y Dr. J. M. Vertiz,19.41459297,-99.14852375,01,1005
010241-VERTZMRQZ,Sobre Dr. J. M. Vertiz y Dr. Márquez,19.41141147,-99.14898758,01,2537
010241-VERTZMRAN,Sobre Dr. J. M. Vertiz y Pedro Miranda,19.40771468,-99.14966046,01,2538
010241-VERTZALEMN,Sobre Dr. J. M. Vertiz y Viad. Miguel Alemán Váldes,19.40439752,-99.15024794,01,2539
010241-VERTZOBRER,Sobre Dr. J. M. Vertiz y Casa del Obrero Mundial,19.40229152,-99.1506365,01,2540
010241-VERTZMOREN,Sobre Dr. J. M. Vertiz y la Morena,19.39858599,-99.15093786,01,2541
010241-VERTZXOLA,Sobre Dr. J. M. Vertiz y Xola,19.39573002,-99.1511638,01,2520
010241-VERTZCUMBR,Sobre Dr. J. M. Vertiz y Cumbres de Maltrata,19.39274752,-99.15140866,01,2542
010241-VERTZADAL,Sobre Dr. J. M. Vertiz y Torres Adalid,19.38873473,-99.15170018,01,2518
010241-VERTZEUGE,Sobre Dr. J. M. Vertiz y Eugenia,19.38469445,-99.15242973,01,2517
010241-VERTZURRA,Sobre Dr. J. M. Vertiz y Ángel Urraza,19.38036492,-99.15322564,01,2516
010241-VERTZROMER,Sobre Dr. J. M. Vertiz y Matías Romero,19.378747,-99.15351934,01,2515
010241-VERTZITZA,Sobre Dr. J. M. Vertiz y Chichen Itza,19.37562866,-99.15408778,01,2543
010241-VERTZLAUR,Sobre Dr. J. M. Vertiz y Miguel Laurent,19.37373956,-99.15444786,01,2513
010241-VERTZLIBR,Sobre Dr. J. M. Vertiz y Municipio Libre,19.3702957,-99.15520641,01,2544
010241-TLALCALIZ,Sobre Calz. De Tlalpan y Cáliz,19.31792845,-99.1390025,01,1674
010241-TLALCOROL,Sobre Calz. De Tlalpan y Corola,19.31621992,-99.13961981,01,2545
010241-TLALTEXT,Sobre Calz. De Tlalpan y Textitlán,19.31302892,-99.14068324,01,1673
010241-TLALESFURZ,Sobre Calz. De Tlalpan y Esfuerzo,19.31079612,-99.14142381,01,1672
010241-TLALJUARZ,Sobre Calz. De Tlalpan y Juárez,19.30878015,-99.1422407,01,1671
010241-TLALHGO,Sobre Calz. De Tlalpan y Hidalgo,19.30747805,-99.14317242,01,1670
010241-TLALTLALM,Sobre Calz. De Tlalpan y Tlalmanco,19.30555196,-99.14459855,01,1669
010241-TLALAZTEC,Sobre Calz. De Tlalpan y antes de Estadio Azteca,19.30346311,-99.14613872,01,1668
010241-TLALEAZTE,Sobre Calz. De Tlalpan y Estadio Azteca,19.30257674,-99.14701363,01,2546
010241-TLALIMAN,Sobre Calz. De Tlalpan y Av. Del Imán,19.29972773,-99.14977141,01,2547
010241-TLALMURIL,Sobre Calz. De Tlalpan y Luis Murillo,19.29903108,-99.15071309,01,1608
010241-TLALACUE,Sobre Calz. De Tlalpan y Av. Acueducto,19.29819034,-99.15103594,01,773
010241-TLALPAZ,Sobre Calz. De Tlalpan y La Paz,19.29857041,-99.15042712,01,1633
010241-TLALACOX,Sobre Calz. De Tlalpan y Av. Acoxpa,19.29993658,-99.14855325,01,2548
010241-CALZACOX,Sobre Calz. Acoxpa,19.30078774,-99.14651708,01,602
010241-ACOXACOX,Sobre Calz. Acoxpa y 2 de Acoxpa,19.29911047,-99.14186113,01,2549
010241-ACOXNECX,Sobre Calz. Acoxpa y Club Necaxa,19.29792894,-99.13878572,01,601
010241-ACOXORO,Sobre Calz. Acoxpa y Club Oro,19.29629634,-99.13454877,01,2506
010241-ACOXDN,Sobre Calz. Acoxpa y Av. División del Norte,19.2952499,-99.13194947,01,596
010241-ACOXALTIL,Sobre Calz. Acoxpa y Altillo,19.29395072,-99.1288646,01,595
010241-ACOXMIRAM,Sobre Calz. Acoxpa y Canal de Miramontes,19.29298544,-99.12640821,01,594
010241-ACOXHUER,Sobre Calz. Acoxpa y Av. Huerta,19.2908744,-99.12093383,01,2550
010241-ACOXHACD,Sobre Calz. Acoxpa y Av. De la Hacienda,19.28939474,-99.11713516,01,2551
010241-PERFAROL,Sobre Anillo Periférico y Av. El Farol,19.28571188,-99.12417552,01,815
010241-PERFARO1,Sobre Anillo Periférico y Av. El Farol 2,19.28528729,-99.12392774,01,2552
010241-BLVDARC,Blvd. Adolfo Ruíz Cortines,19.28879015,-99.11570707,01,2553
010241-BLVDARC2,Blvd. Adolfo Ruíz Cortines 2,19.29106183,-99.11038818,01,2554
010241-BLVDCUEM,Blvd. Adolfo Ruíz Cortines y Cuemanco,19.2944374,-99.10244287,01,2511
010240-CTLALAZTEC,Sobre Calz. Tlalpan y E. Azteca,19.30221955,-99.14703405,01,1667
010240-CTLAL7IMSS,Sobre Calz. Tlalpan y Clínica 7 del IMSS,19.29992827,-99.14942942,01,720
010240-CTLALINE,Sobre Calz. de Tlalpan e Instituto Electoral,19.29907769,-99.15056197,01,1608
010240-RLEDUCTLAL,Renato Leduc y Calz. de Tlalpan,19.29781053,-99.15271669,01,719
010240-RLEDUCPERF,Renato Leduc y Anillo Periférico,19.2970341,-99.15620686,01,827
010240-PERFTIERR,Anillo Periférico y C. Tierra,19.30046939,-99.15970685,01,1599
010240-IMANSHRIN,Av. del Imán y Hospital Shriners,19.30154355,-99.15666171,01,2555
010240-CTOAZTIMAN,Cto. Azteca y Av. del Imán,19.30243108,-99.15828115,01,1600
010240-CTOAZTCAST,Cto. E. Azteca y San Cástulo,19.30561013,-99.1526834,01,2556
010240-CASTURSULA,San Cástulo y Av. Sta. Úrsula,19.30829102,-99.15179911,01,2557
010240-URSULARICA,Av. Sta. Úrsula y San Ricardo,19.31035203,-99.15681283,01,2558
010240-URSULAVALE,Av. Sta. Úrsula y San Valentin,19.31181581,-99.16165004,01,2559
010240-NEZAZTECAS,Nezahualpilli y Av. Aztecas,19.31580025,-99.16621346,01,2560
010240-AZTECSTEPALC,Av. Aztecas y Rey Tepálcatzin,19.3204284,-99.16219311,01,2561
010240-AZTECASTOPIT,Av. Aztecas y Rey Topitzin,19.32340672,-99.15949969,01,2562
010240-TOPITZMAY,Rey Topitzin y Mayas,19.32550039,-99.16172042,01,2563
010240-CANACUACAN,Canacuate y Canahutl,19.32603712,-99.16519237,01,2564
010240-AHUACAMEZQ,Ahuacan y Amezquite,19.32728156,-99.16740804,01,2565
010240-DNTEPACIF,Av. División del Norte y Pacifico,19.33391008,-99.14639433,01,2464
010240-DNTEFUEGO,Av. División del Norte y C. Árbol del Fuego,19.3312001,-99.14441765,01,2456
010240-DNTEHMG,Av. División del Norte y Hospital HMG,19.3291887,-99.14282906,01,2457
010240-DNTEMUSEO,Av. División del Norte y C. Museo,19.32755222,-99.14152651,01,2458
010240-DNTENEZAHUA,Av. División del Norte y Nezahualpilli,19.32540547,-99.13991146,01,2566
010240-DNTEMHGO,Av. División del Norte y C. Miguel Hidalgo,19.32273341,-99.13928885,01,2461
010240-DNTEBJUARZ,Av. División del Norte y Benito Juárez,19.32171142,-99.13898129,01,2567
010240-TLALPC4,Calz. Tlalpan y C. 4,19.31966806,-99.13849883,01,2481
010240-C4C11,C. 4 y C. 11,19.31897144,-99.13441864,01,2568
010240-AV4LIRA,Av. 4 y Lira,19.31887732,-99.13152631,01,2569
010240-MIRAMTSOFIU,Canal de Miramontes y Ofiuco,19.31754506,-99.12870826,01,2570
010240-MIRAMTSENM,Canal de Miramontes y Escuela Naval Militar,19.3153325,-99.12472654,01,2571
010240-ENMTEPETLA,Av. Escuela Canal Militar y Tepetlapa,19.3168131,-99.12408295,01,2179
010240-TEPETLACENTRL,Tepetlapa y Central,19.31646261,-99.11897243,01,2572
010240-TEPETLAORIENT,Tepetlapa y Oriental,19.3160425,-99.1145741,01,2573
010240-TEPETLARMADA,Tepetlapa y Armada de México,19.31565254,-99.11149474,01,2574
010240-TEPETLAMEDIN,Tepetlapa y Manuela Medina,19.31522478,-99.10705805,01,2575
010240-DGUEROSARIOC,Dolores Guerrero y Rosario Castellanos,19.3149981,-99.10371307,01,2576
010240-ROSARIOCONCH,Rosario Castellanos y Conchita Urquiza,19.31306549,-99.10348807,01,2577
010240-ROSARIOCELVAR,Rosario Castellanos y Elvira Vargas,19.31177415,-99.10393476,01,2578
010240-ELVARCANDELA,Elvira Vargas y Candelaria Pérez,19.31094752,-99.10112922,01,2579
010240-CANDELAPBOMBAS,Candelaria Pérez y Calz. de las Bombas,19.30745165,-99.10144358,01,2580
010240-SAUZALCUEMAN,Av. Sauzales y Office Depot Cuemanco,19.2958665,-99.11024032,01,2581
010241-SAUZACUEMAN,Av. Sauzales y Office Depot Cuemanco,19.29677586,-99.10990553,01,2582
010241-BOMBASCANDELP,Calz. de las Bombas y Candelaria Pérez,19.30714602,-99.10167117,01,2580
010241-CANDELPELVAR,Candelaria Pérez y Elvira Vargas,19.31088892,-99.10104685,01,2579
010241-ELVAROSARIOC,Elvira Vargas y Rosario Castellanos,19.31159943,-99.10379306,01,2578
010241-ROSARIOCONCH,Rosario Castellanos y Conchita Urquiza,19.31298293,-99.10337783,01,2577
010241-ROSARIOCDOLORES,Rosario Castellanos y C. Dolores Guerrero,19.31496003,-99.10355675,01,2576
010241-DOLGMEDINA,Dolores Guerrero y Manuela Medina,19.31530144,-99.10673148,01,2575
010241-TEPETLARMADA,Tepetlapa y Armada de México,19.31572001,-99.11114221,01,2574
010241-TEPETLAORNTL,Tepetlapa y Oriental,19.31602569,-99.11412591,01,2573
010241-ORINTLBOMBAS,Oriental y Calz. de las Bombas,19.31195179,-99.11496836,01,2583
010241-BOMBSCNTRL,Calz. de las Bombas y Central,19.31184951,-99.1199245,01,2584
010241-BOMBSPEDAGO,Calz. de las Bombas y Centro Pedagógico,19.31221458,-99.11772327,01,2585
010241-BOMBSCNLMTS,Calz. de las Bombas y Canal de Miramontes,19.31145677,-99.123758,01,2586
010241-MRMTSCB,Canal de Miramontes y C. B.,19.31327795,-99.12402942,01,2587
010241-MRMTSENM,Canal de Miramontes y Esc. Naval Militar,19.31503767,-99.12423403,01,2588
010241-MRMTSGVOSALA,Canal de Miramontes y Gustavo Salazar,19.3177026,-99.12833135,01,2570
010241-MRMTSAV4,Canal de Miramontes y Av. 4,19.31904601,-99.13102056,01,2589
010241-C4C11,C. 4 y C. 11,19.31917971,-99.13436592,01,2568
010241-C11C10,C. 11 y C. 10,19.31640587,-99.13465662,01,2590
010241-C11BJUARZ,C. 11 y Benito Juárez,19.31352104,-99.13499378,01,2591
010241-BJUARZDNTE,Benito Juárez y Av. División del Norte,19.31387148,-99.13611324,01,2492
010241-DNTEMHGO,Av. División del Norte y C. Miguel Hidalgo,19.32262593,-99.13901587,01,2461
010241-NTENEZAHUA,Av. División del Norte y Nezahualpilli,19.32457596,-99.13942148,01,2480
010241-DNTEMUSEO,Av. División del Norte y Calle Museo,19.32752929,-99.14122099,01,2458
010241-DNEHMG,Av. División del Norte y Hospital HMG,19.32919531,-99.14252137,01,2457
010241-DNTEFUEGO,Av. División del Norte y C. Árbol del Fuego,19.33127768,-99.14419212,01,2456
010241-DNTEJACARNDS,Av. División del Norte y Jacarandas,19.33342197,-99.14583587,01,2592
010241-DNTEPACIFIC,Av. División del Norte y Pacifico,19.33394776,-99.14632771,01,2464
010240-AHUACAMEZ,Ahuacan y Amezquite,19.32723189,-99.16756059,01,2565
010240-AHUACANA,Ahuacan y Canahutl,19.32639,-99.16518416,01,2564
010240-CANACUMAYS,Canacuate y Mayas,19.32507142,-99.1621824,01,2593
010240-TOPITZAZTCS,Rey Topiltzin y Av. Aztecas,19.32382041,-99.15987772,01,2594
010240-AZTCSTEPALC,Av. Aztecas y Rey Tepálcatzin,19.32088997,-99.16242171,01,2595
010240-AZTECSHUEMAN,Av. Aztecas y Rey Hueman,19.31926952,-99.16380536,01,2596
010240-AZTECSNEZAHU,Av. Aztecas y Nezahualpilli,19.31612123,-99.16661073,01,2597
010240-MEMOURSULA,San Guillermo y Sta. Ursula,19.31176422,-99.16231234,01,2598
010240-URSULARICAR,Av. Sta. Ursula y San Ricardo,19.31008334,-99.15729785,01,2599
010240-URSULABNJMN,Av. Sta. Ursula y San Benjamín,19.30818173,-99.15132652,01,2600
010240-AZTECASTULO,E. Azteca y San Cástulo,19.30579487,-99.15265387,01,2556
010240-AZTECACOSCO,Cto. E. Azteca y Coscomate,19.30092364,-99.15413071,01,2601
010240-LMURIPRQNOV,Luis Murillo y Parque de los Novios,19.29983108,-99.1522811,01,2602
05SEL9-AGRILC,Agrícola Oriental,19.404926,-99.071116,05,6498
05SEL9-VEL,Velódromo,19.408416,-99.105185,05,8441
05SEL9-MIXI,Mixiuhca,19.408445,-99.11247,05,8442
05SEL9-JAM,Jamaica,19.409164,-99.122688,05,8443
05SEL9-CHAB,Chabacano,19.40862,-99.133362,05,5901
05SEL9-LAZC,Lázaro Cárdenas,19.407283,-99.144035,05,8444
05SEL9-LAZC1,Lázaro Cárdenas,19.407108,-99.143982,05,8444
05SEL9-CHAB1,Chabacano,19.408442,-99.133803,05,5901
05SEL9-JAM1,Jamaica,19.409038,-99.122127,05,8445
05SEL9-MIXI1,Mixiuhca,19.40823,-99.11251,05,8442
05SEL9-VEL1,Velódromo,19.408233,-99.105185,05,8441
05SEL1-ISALC,Isabel La Católica,19.42401,-99.13786,05,8446
05SEL1-SALTOP,Salto del Agua,19.427052,-99.143587,05,8447
05SEL1-BALDOP,Balderas,19.427233,-99.148588,05,8448
05SEL1-CUAUOP,Cuauhtémoc,19.425695,-99.155099,05,5835
05SEL1-INSURGOP,Insurgentes,19.423092,-99.166634,05,5836
05SEL1-CHAPU,CETRAM Chapultepec,19.421598,-99.176322,05,8449
05SEL1-JUANPO,Juanacatlán,19.411978,-99.181651,05,8450
05SEL1-OBSER,Observatorio,19.397495,-99.199427,05,8451
05SEL1-TACUPS,CETRAM Tacubaya,19.40245,-99.188664,05,8452
05SEL1-JUANOP,Juanacatlán,19.412957,-99.182071,05,7818
05SEL1-SEVCHAPOP,Sevilla  y  Chapultepec,19.421748,-99.172562,05,8453
05SEL1-INSURGPO,Insurgentes,19.422771,-99.166031,05,8454
05SEL1-CUAUPO,Cuauhtémoc,19.425505,-99.154563,05,8455
05SEL1-BALDPO,Balderas,19.4272028,-99.1470721,05,8456
05SEL1-SALTPO,Salto del Agua,19.42462,-99.142894,05,8457
05SEL1-ALATACA,Alameda Tacubaya,19.401506,-99.18603,05,8458
05SEL1-ALATACD,Alameda Tacubaya,19.401614,-99.184905,05,7815
05SEL1-TACUOB,CETRAM Tacubaya,19.40275,-99.188376,05,8452
05SEL1-SEVCHAPPO,Sevilla  y  Chapultepec,19.421353,-99.172272,05,8459
05SEL1-ISALCA,Isabel La Catolica,19.426556,-99.138376,05,8460
05SEL1-PINSD,Pino Suárez,19.426249,-99.135068,05,8461
03SL01-PARIS,París,19.4323947200457,-99.1559054549711,03,3953
03SL01-REFORMA,Reforma,19.4311064831185,-99.1585442502942,03,3952
03SL01-HAMBURGO,Hamburgo,19.4291701614317,-99.1627973407535,03,3950
03SL01-AHUE,El Ahuehuete,19.4280679007477,-99.1650586323921,03,3948
03SL01-ANGEL,El Ángel,19.4264181434435,-99.1686575352059,03,3947
03SL01-DIANA,La Diana,19.4245828293295,-99.1725136283134,03,3945
03SL01-CHAPU,Chapultepec,19.423587082951,-99.1746736074434,03,3943
03SL01-ATACUBAYA,Alameda Tacubaya,19.401473,-99.185882,03,4231
03SL01-SALLE,De La Salle,19.4090200863265,-99.1834667351685,03,4232
03SL01-SALLEOP,De La Salle,19.4083683433015,-99.18420775806,03,4233
03SL01-CHAPUOP,Chapultepec,19.4240611808285,-99.1742584830995,03,3944
03SL01-DIANAOP,La Diana,19.4256682899915,-99.1708919701395,03,3946
03SL01-ANGELOP,El Ángel,19.4266862593866,-99.1686436204126,03,3947
03SL01-AHUEOP,El Ahuehuete,19.4284977639794,-99.1648342506882,03,3949
03SL01-HAMBURGOOP,Hamburgo,19.4300487645931,-99.1615048094483,03,3951
03SL01-REFORMAOP,Reforma,19.4314334434356,-99.158705393612,03,3952
03SL01-PARISOP,París,19.4326618198906,-99.1559580785714,03,3953
0400L9-TEPALCATES,Tepalcates,19.39107,-99.04647,04,4755
03SL09-VELODASC,Velódromo,19.408339,-99.1026591,03,4234
03SL09-PUEBLAOP,Puebla,19.4074362,-99.0834009,03,4235
03SL09-PUEBLAPO,Puebla,19.4072748,-99.0834321,03,4235
03SL09-PANTIASC,Pantitlán,19.4159836,-99.0744315,03,4236
03SL09-PANTIDESC,Pantitlán,19.4156322,-99.07134,03,4237
03SL09-VELODESC,Velódromo,19.40876684,-99.10080554,03,4238
0400L7-ESTADIOCU1,Ciudad Universitaria - Estadio C.U.,19.336131,-99.190557,04,4756
0400L7-PSICOLOGIA,Psicología,19.336833,-99.18719,04,4757
0400L7-COPILCO1,Av. Copilco,19.337171,-99.184349,04,4758
0400L7-HNOSVAZQUEZ1,Hermanos Vázquez,19.339445,-99.182058,04,4759
0400L7-ACASULCO1,Cerro Acasulco,19.34182,-99.181566,04,4760
0400L7-OXTOPULCO1,Oxtopulco,19.343358,-99.181255,04,4761
0400L7-MAQUEVEDO1,Miguel Ángel de Quevedo,19.346137,-99.180692,04,4762
0400L7-CERROHOM1,Cerro del Hombre,19.346127,-99.17723,04,4763
0400L7-ZARAGOZA1,Zaragoza,19.345744,-99.174071,04,4764
0400L7-MOCAMPO1,Melchor Ocampo,19.345461,-99.171738,04,4765
0400L7-MOCTEZUMA1,Moctezuma,19.345009,-99.168007,04,4766
0400L7-SNFRANCISCO1,Cuadrante San Francisco,19.344582,-99.164489,04,4767
0400L7-PSNFCO1,Puente San Francisco,19.34429,-99.162085,04,4768
0400L7-FNDEZLEAL,Fernández Leal,19.343963,-99.15939,04,4769
0400L7-EUROPA,Europa,19.343722,-99.1574,04,4770
0400L7-OCEANIA,Oceanía,19.343288,-99.154186,04,4771
0400L7-OHIO1,Ohio,19.342927,-99.151616,04,4772
0400L7-DIVNORTE1,Division Del Norte,19.342584,-99.149177,04,4773
0400L7-CENTRAL,Central,19.342344,-99.147477,04,4719
0400L7-CERROHUITZILAC,Cerro Huitzilac,19.341575,-99.141447,04,4718
0400L7-CENTRALSUR,Central del Sur,19.341269,-99.139155,04,4717
0400L7-MIRAMONTES1,Canal de Miramontes,19.340872,-99.136097,04,4774
0400L7-PETROLEOSM,Petróleos Mexicanos,19.340287,-99.133081,04,4775
0400L7-CECYT131,CECyT 13,19.339509,-99.130336,04,4776
0400L7-STAISABELTOLA1,Santa Isabel Tola,19.338679,-99.127475,04,4777
0400L7-NAVAL1,Escuela Naval Militar,19.337545,-99.123056,04,4778
0400L7-MHIDALGO1,Miguel Hidalgo,19.337248,-99.120182,04,4779
0400L7-EJIDO,Ejido,19.338208,-99.118395,04,4780
0400L7-SANPABLO,San Pablo,19.338743,-99.117503,04,4781
0400L7-TLAHUAC,Av. Tláhuac,19.337955,-99.10939,04,4782
0400L7-CULHUACAN1,Culhuacán,19.336862,-99.109045,04,4783
0400L7-GOBERNACION1,Gobernación,19.334339,-99.108846,04,4784
0400L7-EDUPUBLICA,Educación Pública,19.331741,-99.107862,04,4785
0400L7-GALVANI1,Luis Galvani,19.329589,-99.107199,04,4786
0400L7-SNANDREST1,San Andrés Tomatlán,19.328214,-99.10479,04,4787
0400L7-PROSPEROG,Próspero García,19.327564,-99.103325,04,4788
0400L7-ZAPATA1,Emiliano Zapata,19.32627,-99.100477,04,4789
0400L7-VIVEROS,Viveros,19.322691,-99.098114,04,4790
0400L7-LESTRELLA1,Lomas Estrella,19.322267,-99.096937,04,4791
0400L7-BAHAMAS,Bahamas,19.322549,-99.097268,04,4791
0400L7-PROGRESO,Progreso,19.325195,-99.098755,04,4792
0400L7-ZAPATA0,Emiliano Zapata,19.326354,-99.100254,04,4789
0400L7-SNANDREST0,San Andrés Tomatlán,19.328062,-99.104027,04,4793
0400L7-GALVANI0,Luis Galvani,19.32908,-99.106488,04,4794
0400L7-SAMUELMORSE,Samuel F. B. Morse,19.332358,-99.107907,04,4795
0400L7-GOBERNACION0,Gobernación,19.334029,-99.108537,04,4784
0400L7-CULHUACAN0,Culhuacán,19.336971,-99.108848,04,4783
0400L7-16SEPTIEMBRE,16 de Septiembre,19.339366,-99.115945,04,4796
0400L7-SANFRANCISCO,San Francisco,19.338604,-99.118105,04,4797
0400L7-MHIDALGO0,Miguel Hidalgo,19.337491,-99.12006,04,4779
0400L7-NAVAL0,Escuela Naval Militar,19.337629,-99.122502,04,4798
0400L7-STAISABELTOLA0,Santa Isabel Tola,19.338681,-99.126796,04,4799
0400L7-CECYT130,CECyT 13,19.339418,-99.129274,04,4800
0400L7-CUBILETE0,Cerro del Cubilete,19.340927,-99.134495,04,4801
0400L7-MIRAMONTES0,Canal de Miramontes,19.341221,-99.137121,04,4802
0400L7-TASQUEÑA,Tasqueña,19.341717,-99.140811,04,4716
0400L7-DIVNORTE0,División del Norte,19.342735,-99.148586,04,4715
0400L7-OHIO0,Ohio,19.343213,-99.152072,04,4803
0400L7-AMERICA,América,19.343609,-99.15495,04,4804
0400L7-ASIA,Asia,19.344081,-99.158543,04,4805
0400L7-PSNFCO0,Puente San Francisco,19.344486,-99.161872,04,4768
0400L7-SNFRANCISCO0,Cuadrante San Francisco,19.344715,-99.163755,04,4806
0400L7-MOCTEZUMA0,Moctezuma,19.345175,-99.16754,04,4807
0400L7-PINO,Pino,19.345473,-99.169998,04,4808
0400L7-MOCAMPO0,Melchor Ocampo,19.34571,-99.171945,04,4765
0400L7-ZARAGOZA0,Zaragoza,19.345916,-99.173648,04,4764
0400L7-CERROHOM0,Cerro del Hombre,19.346267,-99.176538,04,4809
0400L7-UNIVERSIDAD,Av. Universidad,19.346929,-99.179989,04,4810
0400L7-MAQUEVEDO0,Miguel Ángel de Quevedo,19.345973,-99.180917,04,4762
0400L7-OXTOPULCO0,Oxtopulco,19.343743,-99.181377,04,4761
0400L7-ACASULCO0,Cerro Acasulco,19.34211,-99.181713,04,4760
0400L7-HNOSVAZQUEZ0,Hermanos Vázquez,19.339219,-99.182337,04,4759
0400L7-COPILCO0,Av. Copilco,19.337715,-99.183604,04,4811
0400L7-RETCOPILCO,Retorno Copilco,19.337922,-99.18577,04,4812
0400L7-AGRARIO,Agrario,19.332679,-99.108209,04,4795
0400L7-LESTRELLA0,Lomas Estrella,19.322284,-99.095816,04,4813
0400L7-CALLE111,Calle 11,19.320403,-99.086092,04,4814
0400L7-PERIFERICO1,CETRAM Periférico,19.317592,-99.075669,04,4815
0400L7-PEÑISCOLA0,Peñiscola,19.319542,-99.079807,04,4816
0400L7-PEÑISCOLA1,Peñiscola,19.319347,-99.080117,04,4816
0400L7-SIRACUSA0,Siracusa,19.32176,-99.092465,04,4817
0400L7-SIRACUSA1,Siracusa,19.321426,-99.092178,04,4817
0400L7-CALLE110,Calle 11,19.32064,-99.085889,04,4814
0400L7-PERIFERICO0,CETRAM Periférico,19.31769,-99.075141,04,4818
0400L7-AV110,Av. 11,19.32026,-99.083916,04,4819
0400L7-AV111,Av. 11,19.320076,-99.084326,04,4819
0400L7-ESTADIOCU0,Ciudad Universitaria - Estadio C.U.,19.335801,-99.190501,04,4756
01025A01-DIVNTEMEX1,Prol. Div. Del Norte y Av. México,19.264722,-99.114792,01,2603
01025A01-DIVNTE20NOV1,Prol. Div. Del Norte y Av. 20 de noviembre,19.262023,-99.113242,01,2604
01025A01-DIVNTEMARC,Prol. Div. Del Norte y Arroyo San Marcos,19.259079,-99.111513,01,2605
01025A01-FRANCGLAD1,Francisco Goytia y Gladiolas,19.25662,-99.109262,01,2606
01025A01-FRANCDEPOX1,Francisco Goytia y Deportivo Xochimilco,19.255635,-99.106158,01,662
01025A01-NATIVHELIOT1,Cam. A Nativitas y C. Heliotropo,19.254403,-99.103868,01,2607
01025A01-BMADRESELVA1,Base Madreselva,19.251237,-99.099677,01,2608
01025A00-BMADRESELVA0,Base Madreselva,19.251363,-99.099531,01,2608
01025A00-NATIVLACUA,Cam. A Nativitas y Lirio Acuatico,19.252534,-99.101191,01,2609
01025A00-NATIVHELIOT0,Cam. A Nativitas y C. Heliotropo,19.254141,-99.103218,01,2610
01025A00-FRANCDEPOX0,Francisco Goytia y Deportivo Xochimilco,19.255912,-99.10623,01,662
01025A00-FRANCMARGA,Francisco Goytia y Margaritas,19.25691,-99.109307,01,2606
01025A00-FRANCUITL,Francisco Goytia y Cuitláhuac,19.258336,-99.110815,01,2611
01025A00-DIVNTE20NOV0,Prol. Div. Del Norte y 20 de Noviembre,19.260769,-99.112218,01,2612
01025A00-DIVNTEMEX0,Prol. Div. Del Norte y Av. México,19.264193,-99.114225,01,2613
01025A00-DIVNTEGRAM0,Prol. Div. Del Norte y Guadalupe I. Ramírez,19.265358,-99.114933,01,2614
01025A01-NATIVMADRE,Cam. a Nativitas y C. Madreselva,19.251351,-99.09938,01,2608
01025A00-NATIVSNLUCAS,Cam. a Nativitas y C. Río San Lucas,19.253089,-99.101885,01,2615
01025A00-NATIV16SEPT,Cam. a Nativitas y Av. 16 de Septiembre,19.255214,-99.104653,01,2616
01025A00-FRANCGLAD0,Francisco Goytia y Gladiolas,19.25661,-99.108475,01,2617
01025B01-MIRATAXQUE1,Canal de Miramontes y Calzada Taxqueña,19.341456,-99.137601,01,2618
01025B01-MIRASNANTONIO,Canal de Miramontes y Cerro de San Antonio,19.339358,-99.137417,01,2619
01025B01-MIRAGALVEZ,Canal de Miramontes y Gálvez,19.336607,-99.13716,01,2620
01025B01-MIRAPARQUE,Canal de Miramontes y Av. de El Parque,19.333642,-99.137116,01,2621
01025B01-MIRAVIRGEN,Canal de Miramontes y La Virgen,19.330646,-99.137084,01,2622
01025B01-MIRAXOTEPINGO,Canal de Miramontes y Xotepingo,19.328173,-99.137068,01,2623
01025B01-MIRA69,Canal de Miramontes y C. 69,19.325211,-99.136212,01,2624
01025B01-MIRAC9,Canal de Miramontes y Calle 9,19.323297,-99.134783,01,2625
01025B01-MIRALDEBARAN,Canal de Miramontes y Estrella Aldebarán,19.321468,-99.133377,01,2626
01025B01-MIRAPLAZAMI,Canal de Miramontes y Retorno U Plaza Miramontes,19.320073,-99.132307,01,2627
01025B01-MIRAMART,Canal de Miramontes y Mar de tranquilidad,19.31846,-99.130572,01,2628
01025B01-MIRAGAPA,Canal de Miramontes y Agapando,19.317083,-99.127785,01,2629
01025B01-MIRATZINNIAS,Canal de Miramontes y Tzinnias,19.316223,-99.125928,01,2630
01025B01-MIRANARDOS,Canal de Miramontes y Nardos,19.314293,-99.124452,01,2631
01025B01-MIRABOMBAS,Canal de Miramontes y Las Bombas,19.311463,-99.124085,01,2586
01025B01-MIRAMANTE,Canal de Miramontes y Rancho Mante,19.308072,-99.12436,01,2632
01025B01-MIRAHUESO1,Canal de Miramontes y Calz. Del Hueso,19.304358,-99.124747,01,2633
01025B01-MIRAMONZA,Canal de Miramontes y Monza,19.300429,-99.125082,01,2634
01025B01-MIRACANNES,Canal de Miramontes y Cannes,19.297393,-99.125375,01,2635
01025B01-MIRACOXPA,Canal de Miramontes y Calz. Acoxpa,19.293433,-99.125737,01,2636
01025B01-MIRACANTARO,Canal de Miramontes y El Cántaro,19.290328,-99.12603,01,593
01025B01-MIRACARRETA,Canal de Miramontes y Av. La Carreta,19.288497,-99.126215,01,592
01025B01-DIVNTEPERI,Prol. Div. Del Norte y Anillo Periférico,19.286922,-99.127181,01,2637
01025B01-DIVNTESNLOR,Prol. Div. Del Norte y Av. San Lorenzo,19.28226,-99.124908,01,2638
01025B01-DIVNTEBOSQUE,Prol. Div. Del Norte y Privada del Bosque,19.27933,-99.123198,01,2639
01025B01-DIVNTETLIB1,Prol. Div. Del Norte y Tierra y Libertad,19.276887,-99.121808,01,2640
01025B01-DIVNTEMUYU1,Prol. Div. Del Norte y Plan de Muyuguarda,19.274253,-99.120275,01,2641
01025B01-DIVNTEMARTIN,Prol. Div. Del Norte y Residencial San Martin,19.271682,-99.118811,01,2642
01025B01-DIVNTECLAVEL,Prol. Div. Del Norte y Clavel,19.268634,-99.11703,01,2643
01025B01-DIVNTEGRAM1,Prol. Div. Del Norte y Guadalupe I. Ramírez,19.267167,-99.11618,01,2644
01025B00-DIVNTEALCANF,Prol. Div. Del Norte y Alcanfores,19.268918,-99.116932,01,2643
01025B00-DIVNTEGOYT,Prol. Div. Del Norte y Francisco Goytia,19.27144,-99.118378,01,2645
01025B00-DIVNTEMUYU0,Prol. Div. Del Norte y Muyuguarda,19.273261,-99.119447,01,2646
01025B00-DIVNTEMAJU,Prol. Div. Del Norte y Contorno Majuelos,19.274619,-99.120235,01,2641
01025B00-DIVNTECONST,Prol. Div. Del Norte y Constitución de 1824,19.27922,-99.12289,01,2639
01025B00-DIVNTE10ABR,Prol. Div. Del Norte y 10 de Abril,19.282247,-99.12461,01,2638
01025B00-MIRAFORTIN,Canal de Miramontes y Fortín,19.288212,-99.125913,01,592
01025B00-MIRACOXPA,Canal de Miramontes y Calzada Acoxpa,19.292452,-99.125563,01,2647
01025B00-MIRACOAPLAZA,Canal de Miramontes y Coaplaza,19.294266,-99.125324,01,2648
01025B00-MIRABREV,Canal de Miramontes y Abrevadero,19.29626,-99.125192,01,2649
01025B00-MIRASIENA,Canal de Miramontes y Siena,19.300122,-99.124814,01,2634
01025B00-MIRAHUESO0,Canal de Miramontes y Calzada del Hueso,19.303325,-99.124498,01,2650
01025B00-MIRAVHERMOSA,Canal de Miramontes y Vista Hermosa,19.306842,-99.12424,01,2651
01025B00-MIRAALAMEDA,Canal de Miramontes y Alameda Sur,19.309472,-99.124007,01,2652
01025B00-MIRABOMBAS,Canal de Miramontes y Calz. De las Bombas,19.310922,-99.123897,01,2653
01025B00-MIRASALUD,Canal de Miramontes y C. De Salud,19.314463,-99.124157,01,2631
01025B00-MIRAWALMART,Canal de Miramontes y Walmart,19.316717,-99.126313,01,2654
01025B00-MIRACIRUELOS,Canal de Miramontes y Ciruelos,19.318377,-99.129761,01,2655
01025B00-MIRAGIGANTE,Canal de Miramontes y Gigante,19.320945,-99.132568,01,2656
01025B00-MIRASAINZ,Canal de Miramontes y Sainz Barada,19.323137,-99.134154,01,2657
01025B00-MIRARET50,Canal de Miramontes y Retorno 50,19.325107,-99.135743,01,2658
01025B00-MIRAVIRGEN,Canal de Miramontes y Calz. De la Virgen,19.329365,-99.136733,01,2659
01025B00-MIRAPULIDO,Canal de Miramontes y M.H. Pulido,19.333247,-99.136763,01,2269
01025B00-MIRAHMZX,Canal de Miramontes y Calle H MZ X,19.337242,-99.136837,01,2660
01025B00-MIRATASQUE0,Canal de Miramontes y Calz. Tasqueña,19.340767,-99.137223,01,2268
01025B01-MADEROVIOL,Francisco I. Madero y C. Violeta,19.261157,-99.101367,01,2661
01025B01-VIOLCIRCUNV,C. Violeta y C. Canal de Circunvalación,19.259033,-99.101876,01,2662
01025B01-VIOLCUITL,C. Violeta y C. Cuitláhuac,19.256952,-99.102337,01,2663
01025B01-GALSNLUCAS,Av. H. Galena y C. Río San Lucas,19.254802,-99.101315,01,2664
01025B01-GALMADRESELVA,Av. H. Galena y C. Madreselva,19.254098,-99.098466,01,2665
01025B01-GALCICLAMEN,Av. H. Galena y Ciclamen,19.253467,-99.096132,01,2666
01025B00-GALCICLAMEN,Av. H. Galena y C. Ciclamen,19.253535,-99.095999,01,2666
01025B00-GALMADRESELVA2,Av. H. Galena y Madreselva,19.2542,-99.098552,01,2665
01025B00-GALEANACJON,Av. H. Galena y 2do Callejón Galeana,19.254886,-99.101285,01,2664
01025B00-VIOLTRAJI,C. Violeta y Trajinera,19.257284,-99.10218,01,2663
01025B00-VIOLNEZA,C. Violeta y Nezahualcóyotl,19.259552,-99.101665,01,2667
01025B00-BGALEANA,Base Galeana,19.250841,-99.096462,01,2668
01025B00-GARDCICLAM,C. Gardenia y Calle Ciclamen,19.252141,-99.096186,01,2669
01025B00-MERCNATIV,C. del Mercado y Embarcadero Nativitas,19.252586,-99.094053,01,2670
01025B00-NATIVCENTRAL,C. Nativitas y C. Central,19.250309,-99.095014,01,2671
01025B00-XOCHMERCA,Carr. Xochimilco Tulyehualco y C. del Mercado,19.250217,-99.094808,01,2671
01025C00-DIVNTETLIB0,Prol. Div. Del Norte y Tierra y Libertad,19.276796,-99.121482,01,2640
01025C01-GPEDIVNORTE1,Av. Guadalupe I. Ramírez y Prol. Div. Del Norte,19.26588,-99.114932,01,677
01025C01-GPEZAC,Av. Guadalupe I. Ramírez y Zacatecas,19.265172,-99.111778,01,676
01025C01-GPEGLADIOLA1,Av. Guadalupe I. Ramírez y Gladiola,19.264458,-99.108428,01,675
01025C01-GPEMATAM,Av. Guadalupe I. Ramírez y Matamoros,19.264149,-99.106696,01,2672
01025C01-RAMIGUERRERO,Pedro Ramírez del Castillo y Vicente Guerrero,19.26337,-99.105404,01,2673
01025C01-NVOLGLORIA1,Av. Nuevo León y La Gloria,19.260721,-99.094121,01,2674
01025C01-NVOLPINO,Av. Nuevo León y Pino,19.259825,-99.09015,01,2675
01025C01-NVOLALCAT,Av. Nuevo León y Callejón Alcatraz,19.258739,-99.084608,01,2676
01025C01-NVOLHERENCIA,Av. Nuevo León y La Herencia,19.257863,-99.080058,01,2677
01025C01-ACTOPANCERR,Av. San Pedro Atocpan y Segunda Cerrada de Actopan,19.251674,-99.059932,01,2678
01025C00-ACTOPANLAZ2,Av. San Pedro Atocpan y Lázaro Cárdenas,19.249791,-99.058296,01,2679
01025C00-NVOLHUERTA,Av. Nuevo León y La Huerta,19.255465,-99.068492,01,2680
01025C00-NVOLALA,Av. Nuevo León y Alamo,19.25823,-99.081532,01,2681
01025C00-NVOLTLATIL,Av. Nuevo León y Callejón Tlatil,19.258814,-99.084454,01,2676
01025C00-NVOLGLORIA0,Av. Nuevo León y La Gloria,19.26077,-99.09394,01,2674
01025C00-PINOHID,C. Pino y Hidalgo,19.264238,-99.103062,01,672
01025C00-PINOMAT,C. Pino y Matamoros,19.264878,-99.106292,01,695
01025C00-GPEGLADIOLA0,Av. Guadalupe I. Ramírez y Gladiola,19.264699,-99.108451,01,675
01025C00-GPETABACH,Av. Guadalupe I. Ramírez y Tabachines,19.2654,-99.111738,01,676
01025C00-GPEDIVNORTE0,Av. Guadalupe I. Ramírez y Prol. Div. Del Norte,19.265918,-99.114328,01,696
01025C01-CUAUACUED,Av. Cuauhtémoc y Cerrada Acueducto,19.24822,-99.056947,01,2682
01025C01-CUAUPIRULES1,Av. Cuauhtémoc y Pirules,19.246747,-99.056647,01,2683
01025C01-SNGREGMIRAD1,San Gregorio - Oaxtepec y El Mirador,19.24189,-99.054362,01,2684
01025C01-SNGREGTEXAX1,San Gregorio - Oaxtepec y Texaxahualli,19.236537,-99.054299,01,2685
01025C01-SNGREGARCO1,San Gregorio - Oaxtepec y El Arco,19.232353,-99.0552,01,2686
01025C01-SNGREGACTOP,San Gregorio - Oaxtepec y Planta San Pedro Atocpan,19.220936,-99.053512,01,2687
01025C01-SNGREGTEXOM1,San Gregorio - Oaxtepec y Texomulco,19.21772,-99.051313,01,2688
01025C01-SNGREGHEROE1,San Gregorio - Oaxtepec y Niños Héroes,19.209302,-99.047563,01,2689
01025C01-NHERBARTOL,Niños Héroes y Fray Bartolomé de las Casas,19.204234,-99.047799,01,2690
01025C01-HIDMARTIN,Av. Miguel Hidalgo y Plaza San Martín,19.203308,-99.04705,01,2691
01025C01-HIDINDEP2,Av. Miguel Hidalgo y Independencia,19.203223,-99.045203,01,2692
01025C01-HIDINDEP,Av. Miguel Hidalgo y 2do Callejón Independencia,19.203168,-99.042957,01,2693
01025C01-PJALCJAL1,Prol. Jalisco y Callejón Jalisco,19.203207,-99.037483,01,2694
01025C01-JALZAPATA,Av. Jalisco Pte. y Glorieta de Zapata,19.197943,-99.034258,01,2695
01025C01-NVOLPTEPUEB1,Nuevo León Pte. y Puebla Pte.,19.196964,-99.03004,01,2696
01025C01-NVOLPTETLAX1,Nuevo León Pte. y Tlaxcala Norte,19.196887,-99.027974,01,2697
01025C01-NVOLPTENAY1,Nuevo León Pte. y Nayarit Norte,19.196689,-99.026021,01,2698
01025C01-NVOLPTENTE,Nuevo León Pte. y México Norte,19.196567,-99.023584,01,2699
01025C01-NTEPUEBLA,México Norte y Puebla Poniente,19.194797,-99.023701,01,2700
01025C01-NTEMICHOA,México Norte y Michoacán Ote.,19.192875,-99.023761,01,2701
01025C00-BMILPALTA,Base Milpa Alta,19.192825,-99.022884,01,2702
01025C00-SONPUE,Sonora y Puebla Ote.,19.194618,-99.022771,01,2703
01025C00-NVOLNTE,Nuevo León Ote. y México Norte,19.196657,-99.023377,01,2699
01025C00-NVOLPTENAY0,Nuevo León Pte. y Nayarit Norte,19.196827,-99.025781,01,2698
01025C00-NVOLPTETLAX0,Nuevo León Pte. y Tlaxcala Norte,19.197043,-99.027762,01,2697
01025C00-NVOLPTEPUEB0,Nuevo León Pte. y Puebla Norte,19.197135,-99.029728,01,2696
01025C00-NVOLZAPATA,Nuevo León Pte. y Glorieta de Zapata,19.198179,-99.033933,01,2695
01025C00-PJALCJAL0,Prol. Jalisco y Callejón Jalisco,19.203262,-99.03753,01,2694
01025C00-SNGREGTEZON,San Gregorio - Oaxtepec y Tezontlicpac,19.204761,-99.04338,01,2704
01025C00-SNGREGHEROE0,San Gregorio - Oaxtepec y Niños Héroes,19.208884,-99.047013,01,2705
01025C00-SNGREGACHA,San Gregorio - Oaxtepec y Achayatipac,19.21083,-99.047888,01,2706
01025C00-SNGREGMINA,San Gregorio - Oaxtepec y Camino a la Mina,19.213841,-99.048857,01,2707
01025C00-SNGREGTEXOM0,San Gregorio - Oaxtepec y Texomulco,19.217811,-99.051234,01,2688
01025C00-SNGREGARCO0,San Gregorio - Oaxtepec y El Arco,19.232335,-99.055092,01,2686
01025C00-SNGREGTEXAX0,San Gregorio - Oaxtepec y Texaxahualli,19.23658,-99.054162,01,2685
01025C00-SNGREGMIRAD0,San Gregorio - Oaxtepec y El Mirador,19.241752,-99.054235,01,2684
01025C00-CUAUPIRULES0,Av. Cuauhtémoc y Pirules,19.247405,-99.056631,01,2708
01025C00-CUAUSNGREG,Av. Cuauhtémoc y Acueducto San Gregorio,19.248962,-99.056785,01,2709
01025C01-NVOL16SEPT,Nuevo León y 16 de septiembre,19.262406,-99.103364,01,2710
01025C01-HIDALCIELO,Av. Miguel Hidalgo y Al Cielo,19.203391,-99.041242,01,2711
01025C01-HIDHEROES,Av. Miguel Hidalgo y Niños Héroes,19.203447,-99.047617,01,2712
01025C01-NHOAXTEPEC,Niños Héroes y San Gregorio - Oaxtepec,19.208754,-99.047403,01,2705
01025D01-MORELOSMAD,Av. José Ma. Morelos y Francisco I. Madero,19.262015,-99.104682,01,2713
01025D01-VIOLNVOL,C. Violeta y Nuevo León,19.262119,-99.101058,01,2714
01025D01-NVOLDALIA,Av. Nuevo León y Dalia,19.261852,-99.099171,01,2715
01025D01-NVOLROSA1,Av. Nuevo León y Canal de la Rosa,19.261355,-99.09687,01,2716
01025D01-NVOLCURVA1,Av. Nuevo León y La Curva,19.259128,-99.087492,01,2717
01025D01-NVOLPUENTE,Av. Nuevo León y Del Puente,19.257457,-99.077985,01,2718
01025D01-NVOLURRU1,Av. Nuevo León y Puente de Urrutia,19.25698,-99.075704,01,2719
01025D01-NVOLZARAG1,Av. Nuevo León y Ignacio Zaragoza,19.25628,-99.072437,01,2720
01025D01-PTECERRSJ,México Poniente y 3a Cerrada de Sor Juana,19.254385,-99.063803,01,2721
01025D01-ACTOPANCALT,Av. San Pedro Atocpan y Caltongo,19.253236,-99.061869,01,2722
01025D01-BSNGREGORIO,Base San Gregorio,19.249234,-99.056404,01,2723
01025D00-ACTOPANLAZ,Av. San Pedro Atocpan y Cerrada Lázaro Cárdenas,19.251973,-99.060102,01,2678
01025D00-ACTOPANMEX,Av. San Pedro Atocpan y Av. México,19.253423,-99.061959,01,2722
01025D00-CHAPMATEOS,Av. Chapultepec y Adolfo Lopez Mateos,19.255071,-99.06651,01,2724
01025D00-NVOLZARAG0,Av. Nuevo León y Ignacio Zaragoza,19.256315,-99.072178,01,2720
01025D00-NVOLURRU0,Av. Nuevo León y Puente de Urrutia,19.25702,-99.07559,01,2719
01025D00-NVOLMAGNOLIA,Av. Nuevo León y Magnolia,19.257452,-99.077795,01,2718
01025D00-NVOLROBLE,Av. Nuevo León y Roble,19.257905,-99.07992,01,2677
01025D00-NVOLCURVA0,Av. Nuevo León y La Curva,19.259212,-99.087644,01,2717
01025D00-NVOLSNLOR,Av. Nuevo León y Callejón San Lorenzo,19.259815,-99.089843,01,2675
01025D00-NVOLROSA0,Av. Nuevo León y Canal de la Rosa,19.261447,-99.096952,01,2716
01025D00-NVOLVIOLETA,Av. Nuevo León y Violeta,19.262226,-99.10061,01,2714
01025D00-CUAUSNGREG2,Av. Cuauhtémoc y Acueducto San Gregorio,19.249271,-99.056835,01,2709
01025D01-GPEMEXICO,Base en Av. Guadalupe I. Ramírez esquina con Av. México,19.264317,-99.107478,01,674
01025E01-ZACAPA,Zacapa,19.258154,-99.081546,01,2681
01025E01-CDAHUERTA,Cerrada la Huerta,19.255283,-99.068129,01,2680
01025E01-LCARDENAS,Lázaro Cárdenas,19.24985,-99.058517,01,2679
01025E00-CJONINDEPEND,2do. Callejón Independencia,19.203351,-99.043139,01,2693
01025E00-INDEPE,Independencia,19.203323,-99.044973,01,2692
01025E00-TENOCHGALLERA,Av. Tenochtitlán y Cda. la Gallera,19.252334,-99.069859,01,2725
01025E00-TENOCHALCOCA,Av. Tenochtitlán y Cjon. Alcocatitla,19.249868,-99.0713,01,2726
01025E00-TENOCHBENAVI,Av. Tenochtitlán y Lic. Pedro Benavides,19.246593,-99.075509,01,2727
01025E00-TENOCHPLANTA,Av. Tenochtitlán y La Planta,19.246366,-99.078857,01,2728
01025E00-TENOCHZAR,Av. Tenochtitlán y Calle Ignacio Zaragoza,19.247835,-99.07306,01,2729
01025E00-TENOCHJUAREZ,Av. Tenochtitlán y Cda. Benito Juarez,19.24673,-99.081665,01,2730
01025E00-XOCHMARGARITA,Carr. Xochimilco Tulyehualco y Margarita Maza de Juárez,19.247155,-99.084992,01,2731
01025E00-XOCHCOCO,Carr. Xochimilco Tulyehualco y Cocoxochitl,19.247386,-99.08677,01,2732
01025E00-XOCHPEÑA,Carr. Xochimilco Tulyehualco y Desiderio Peña,19.247666,-99.089054,01,2733
01025E00-XOCHCUAU,Carr. Xochimilco Tulyehualco y C. Cuauhtémoc,19.247947,-99.091304,01,2734
01025E00-XOCHZACAPA,Carr. Xochimilco Tulyehualco y Embarcadero Zacapa,19.248793,-99.093818,01,2735
01025E00-GLADGIRA,Gladiolas y Girasol,19.261934,-99.108483,01,2736
01025E00-CUAUGLAD,Av. Cuauhtémoc y Gladiolas,19.25972,-99.108536,01,2737
01025E00-GLADJSIERRA,Terminal Gladiolas y Justo Sierra,19.258775,-99.10758,01,2738
010Z3A01-TLACCUAU,Tlacolcatzin - Cuauhtémoc,19.344686,-99.100446,01,2739
010Z3A01-TETLILHUI,Tetlepanquetzanlzin - Ilhuicamina,19.345613,-99.101266,01,2740
010Z3A01-ILHUAXAC,Ilhuicamina - Axayacatl,19.346331,-99.103598,01,2741
010Z3A01-AXAYACUI,Axayacatl - Cuitláhuac,19.345142,-99.104081,01,2742
010Z3A01-CUITLAHUAC,Cuitláhuac - Av. Tláhuac,19.345798,-99.107142,01,2743
010Z3A01-TLAH16SEPT,Av. Tláhuac - 16 de septiembre,19.343184,-99.108021,01,2744
010Z3A01-TLAHTANQUE,Av. Tláhuac - El Tanque,19.340994,-99.108584,01,2745
010Z3A01-TLAHTAXQ,Av. Tláhuac - Calzada Taxqueña,19.338379,-99.109017,01,2746
010Z3A01-9TAXQZAPA,Eje 9 Sur Calz. Taxqueña - Zapata,19.339366,-99.115865,01,2747
010Z3A01-9TAXQSNFRA,Eje 9 Sur Calz. Taxqueña - San Francisco,19.338632,-99.118095,01,2748
010Z3A01-9TAXQHID1,Eje 9 Sur Calz. Taxqueña - Av. Miguel Hidalgo,19.337607,-99.119769,01,2749
010Z3A01-9TAXQEJE21,Eje 9 Sur Calz. Taxqueña - Eje 2 Ote. (Heroica Escuela Naval Militar),19.337696,-99.122492,01,2184
010Z3A01-9TAXQCALLA,Eje 9 Sur Calz. Taxqueña - Calle A,19.337967,-99.123893,01,2750
010Z3A01-9TAXQWALM,Eje 9 Sur Calz. Taxqueña - Walmart,19.338692,-99.126759,01,2751
010Z3A01-9TAXQCECYT,Eje 9 Sur Calz. Taxqueña - CECyT 13,19.339434,-99.129244,01,2752
010Z3A01-9TAXQUETZ,Eje 9 Sur Calz. Taxqueña - Cerro Quetzal,19.340359,-99.132644,01,2753
010Z3A01-9TAXQESTRE,Eje 9 Sur Calz. Taxqueña - Cerro de la Estrella,19.340964,-99.134528,01,2754
010Z3A01-9TAXQEJE1,Eje 9 Sur Calz. Taxqueña - Eje 1 Ote. Canal de Miramontes,19.341234,-99.13709,01,2755
010Z3A01-MIRAMTORR,Eje 1 Ote. Canal de Miramontes - Av. Cerro de Las Torres,19.343967,-99.137131,01,2756
010Z3F00-CETRAMTAS2,CETRAM STC Metro Tasqueña,19.344209,-99.138663,01,1683
010Z3A00-9TAXQMACUI,Eje 9 Sur Calz. Taxqueña - Cerro Macuiltepec,19.340863,-99.136052,01,2757
010Z3A00-9TAXQREFA,Eje 9 Sur Calz. Taxqueña - Refinería Azcapotzalco,19.340625,-99.134528,01,2754
010Z3A00-9TAXQREFM,Eje 9 Sur Calz. Taxqueña - Refinería Minatitlán,19.340026,-99.13242,01,2753
010Z3A00-9TAXQCAST,Eje 9 Sur Calz. Taxqueña - Erasmo Castellanos,19.339456,-99.130296,01,2758
010Z3A00-9TAXQAMAC,Eje 9 Sur Calz. Taxqueña - Amacuzac,19.338939,-99.128367,01,2759
010Z3A00-9TAXQPARQ,Eje 9 Sur Calz. Taxqueña - Parque Culhuacanes I,19.338257,-99.126163,01,2760
010Z3A00-9TAXQEJE20,Eje 9 Sur Calz. Taxqueña - Eje 2 Ote. (Heroica Escuela Naval Militar),19.337537,-99.123117,01,2761
010Z3A00-9TAXQHID0,Eje 9 Sur Calz. Taxqueña - Av. Miguel Hidalgo,19.337182,-99.120187,01,2762
010Z3A00-9TAXQSNFR,Eje 9 Sur Calz. Taxqueña - Ejido San Francisco,19.338187,-99.11835,01,2763
010Z3A00-9TAXTLAH,Eje 9 Sur Calz. Taxqueña - Av Tláhuac,19.337927,-99.109382,01,2764
010Z3A00-TLAHMOR,Av. Tláhuac - Morelos,19.339525,-99.108772,01,2765
010Z3A00-TLAHE,Av. Tláhuac - Calle E,19.34175,-99.108138,01,2766
010Z3A00-TLAHSORIANA,Av. Tláhuac - Soriana,19.343619,-99.10771,01,2767
010Z3A00-TLAHCUITLA,Av. Tláhuac - Cuitláhuac,19.345504,-99.107377,01,2743
010Z3A00-CUITLAXAY,Cuitláhuac - Axayacatl,19.345019,-99.104188,01,2742
010Z3A00-AXAYAILHUI,Axayacatl - Ilhuicamina,19.346185,-99.103722,01,2741
010Z3A00-ILHUTETLE,Ilhuicamina - Tetlepanquetzanlzin,19.345743,-99.101476,01,2740
010Z3A00-CUAUTLATO,Cuauhtémoc - Tlatolcatzin,19.344632,-99.100555,01,2739
010Z3A00-BTLATOCA,Base Tlatolcatzin y Cacama,19.346285,-99.099925,01,2768
010Z3F00-CETRAMTAS0,CETRAM STC Metro Tasqueña,19.342347,-99.139985,01,2769
010Z3F00-TLALTORR,Calzada de Tlalpan - Av. De las Torres,19.34183,-99.141393,01,2770
010Z3F00-TLALJES,Calzada de Tlalpan - Cerro de Jesús,19.345624,-99.144262,01,2771
010Z3F00-JESUMIRAM,Cerro de Jesús - Eje 1 Ote. Canal de Miramontes,19.345314,-99.137449,01,2772
010Z3F00-MIRAMTAXQ0,Eje 1 Ote. Canal de Miramontes - Calzada Taxqueña,19.341408,-99.137651,01,2618
010Z3F00-MIRAMSNANT,Eje 1 Ote. Canal de Miramontes - Cerro de San Antonio,19.339354,-99.137418,01,2619
010Z3F00-MIRAMGAL,Eje 1 Ote. Canal de Miramontes - Álvaro Gálvez y Fuentes,19.336603,-99.137159,01,2620
010Z3F00-MIRAMPARQ0,Eje 1 Ote. Canal de Miramontes - Av. Del Parque,19.333664,-99.137112,01,2621
010Z3F00-STANAPARR,Av. Santa Ana - Parroquia,19.330113,-99.136491,01,2270
010Z3F00-STANASOL0,Av. Santa Ana - Piedra del Sol,19.329871,-99.133215,01,2773
010Z3F00-STANAEUSEB,Av. Santa Ana - Eusebio Rosas de la Rosa,19.329638,-99.130425,01,2774
010Z3F00-STANACULHU0,Av. Santa Ana - Ejido de San Fco. Culhuacán,19.329479,-99.128858,01,2775
010Z3F00-STANAROM,Av. Santa Ana - Agustín Romero,19.329268,-99.126335,01,2776
010Z3F00-STANAVAL,Av. Santa Ana - H. Escuela Naval Militar,19.329145,-99.124684,01,2777
010Z3F00-STANABONFIL,Av. Santa Ana - Alfredo V. Bonfil,19.328975,-99.122692,01,2778
010Z3F00-STANASEQ0,Av. Santa Ana - Rosa Ma. Sequeira,19.328876,-99.121086,01,2779
010Z3F00-STANAABREG0,Av. Santa Ana - Mercedes Ábrego,19.328482,-99.116849,01,2780
010Z3F00-STANACIONAL,Av. Santa Ana - Av. Canal Nacional,19.32797,-99.109847,01,2781
010Z3F00-STANATLAH0,Av. Santa Ana - Av. Tláhuac,19.328701,-99.106807,01,2782
010Z3F00-TLAHSNAND0,Av. Tláhuac - Metro San Andrés Tomatlán,19.328272,-99.104886,01,2783
010Z3F00-TLAHPIRU0,Av. Tláhuac - Los Pirules,19.326907,-99.101906,01,2784
010Z3F00-TLAHPROG0,Av. Tláhuac - Progreso,19.325226,-99.098999,01,2785
010Z3F00-TLAHSICILIA,Av. Tláhuac - P° de Sicilia,19.322656,-99.098096,01,2786
010Z3F00-TLAHESTR0,Av. Tláhuac - Metro Lomas Estrella,19.322085,-99.095807,01,2787
010Z3F00-TLAHSIRACU,Av. Tláhuac - Siracusa,19.32162,-99.092903,01,2788
010Z3F00-TLAHSNLUIS0,Av. Tláhuac - San Luis,19.321252,-99.09078,01,2789
010Z3F00-TLAHTECNI,Av. Tláhuac - Técnicos Manuales,19.32071,-99.087521,01,2790
010Z3F00-TECNIMEXI0,Técnicos y Manuales - Cine Mexicano,19.317186,-99.088664,01,2791
010Z3F00-TECUHSNT0,Técnicos y Manuales - U.H. San Nicolás Tolentino,19.314412,-99.089318,01,2792
010Z3F00-TECNICHAL0,Técnicos y Manuales - Canal de Chalco,19.30894,-99.090863,01,2793
010Z3G00-TLAH11,Av. Tláhuac - Av. 11,19.320133,-99.084319,01,2794
010Z3G00-11LEBRIJA,Av. 11 - Lebrija.,19.323552,-99.083374,01,2795
010Z3G00-LEBRMENG,Lebrija - Mengibar,19.322934,-99.0784,01,2796
010Z3G00-LEBRSNLOR,Lebrija - Av. San Lorenzo,19.322471,-99.075573,01,2797
010Z3G00-MONZONPER,Monzón - Periférico,19.320397,-99.074426,01,2798
010Z3G00-PERIU,Periférico - Vuelta en U Av. Tláhuac,19.318682,-99.075425,01,2799
010Z3G00-PERIALLEN,Periférico - Ignacio Allende,19.321007,-99.073503,01,2800
010Z3G00-PERIESP0,Periférico - España,19.323139,-99.071829,01,2801
010Z3G00-PERICATA,Periférico - Catarroja,19.325275,-99.070079,01,2802
010Z3G00-PERIBILB0,Periférico - Bilbao,19.326499,-99.069128,01,2803
010Z3G00-REFAND2,Reforma - Andador 2,19.325802,-99.069222,01,2804
010Z3G00-REFORMA8,Av. Reforma - Andador 8,19.324644,-99.070187,01,2805
010Z3G00-REFRECLUSO,Av. Reforma - Esquina Suroeste Reclusorio,19.322523,-99.071903,01,2806
010Z3G00-REFZARAG,Av. Reforma - Ignacio Zaragoza,19.322036,-99.07123,01,2807
010Z3G00-REFPROGRE,Av. Reforma - Progreso,19.320981,-99.068693,01,2808
010Z3G00-REFRECLUSE,Av. Reforma - Esquina Sureste Reclusorio,19.319834,-99.065791,01,2809
010Z3G00-AZUCEJIDO,Azucena - Flor del Ejido,19.320815,-99.063958,01,2810
010Z3G00-AZUCE2,Azucena - Av. 2,19.319656,-99.062389,01,2811
010Z3G00-2ISIDRO,Av. 2 - San Isidro,19.318373,-99.063367,01,2812
010Z3G00-ISIDAV3,San Isidro - Av. 3,19.317176,-99.061886,01,2813
010Z3G00-ARBJACAR,Av. del Árbol - Jacarandas,19.315531,-99.06074,01,2814
010Z3H00-ISIDSNLOR,Ignacio Zaragoza - Lomas de San Lorenzo,19.319654,-99.072127,01,2815
010Z3H00-SNLORSTAC,Lomas de San Lorenzo - Camino a Santa Cruz,19.318523,-99.069493,01,2816
010Z3H00-STACRUZ0,Camino a Santa Cruz - Cda. Santa Cruz,19.316384,-99.070396,01,2817
010Z3H00-ARBTEXC,Av. del Árbol - Texcatl,19.315702,-99.068823,01,2818
010Z3H00-ARBZACAT,Av. del Árbol - Av. Zacatlán,19.315713,-99.065684,01,2819
010Z3H00-FLORNOVO,Flor del Ejido - Salvador Novo,19.316946,-99.065143,01,2820
010Z3H00-FLORISID,Flor del Ejido - San Isidro,19.318921,-99.064484,01,2821
010Z3E00-SEQMCAÑI0,Rosa María Sequeira - Manuela Cañizares,19.322153,-99.119243,01,2822
010Z3E00-SEQCVIRG,Rosa María Sequeira - Calzada de La Virgen,19.3198,-99.119442,01,2823
010Z3E00-CVIRGNAVAL,Calzada de La Virgen - Universidad Naval,19.31991,-99.117286,01,2824
010Z3C00-SEQMARQ0,Rosa María Sequeira - Mariquita Sánchez,19.326734,-99.119988,01,2825
010Z3C00-SEQMSAENZ0,Rosa María Sequeira - Manuela Sáenz,19.324222,-99.119044,01,2826
010Z3C00-MANUMERC0,Manuela Sáenz - Mercedes Abrego,19.323968,-99.116496,01,2827
010Z3C00-MANUARM0,Manuela Sáenz - Av. Carlota Armero,19.323613,-99.114464,01,2828
010Z3C00-MANUCATA,Manuela Sáenz - Catalina Buendía,19.323204,-99.109186,01,2829
010Z3C00-CVIRGBJOPU,Calzada de La Virgen - Bajo puente Carlota Armero,19.320692,-99.113055,01,2830
010Z3C00-CVIRGCOB0,Calzada de La Virgen - Magdalena Cobos,19.321028,-99.110565,01,2831
010Z3C00-CVIRGSOLOR,Calzada de La Virgen - Soledad Solorzano,19.321343,-99.10886,01,2832
010Z3C00-CVIRGMEDI,Calzada de La Virgen - Manuela Medina,19.3219,-99.105668,01,2833
010Z3C00-MEDVALEN,Manuela Medina - La Valentina,19.320011,-99.105991,01,2834
010Z3C00-MEDCORO0,Manuela Medina - Andador Las Coronelas,19.318043,-99.106409,01,2835
010Z3C00-MEDGUERR,Manuela Medina - Dolores Guerrero,19.315374,-99.106997,01,2575
010Z3C00-BUAMXOCH,Base UAM Xochimilco,19.307623,-99.102715,01,2836
010Z3D00-STANARMERO,Av. Santa Ana - Av. Carlota Armero,19.328319,-99.114051,01,2837
010Z3D00-ARMSNCHEZ,Av. Carlota Armero - Mariquita Sánchez,19.32665,-99.113874,01,2838
010Z3D00-ARMSAENZ0,Av. Carlota Armero - Av. Manuela Sáenz,19.32383,-99.11412,01,2828
010Z3D00-BOMB2ANDA,Calzada de Las Bombas - 2do Andador,19.30851,-99.103801,01,2839
010Z3D00-BOMBOJIT,Calzada de Las Bombas - Ojitlán,19.309401,-99.105679,01,2840
010Z3B00-TLAHCUL0,Av. Tláhuac - Metro Culhuacán,19.337032,-99.109035,01,2841
010Z3B00-TLAHPRESI,Av. Tláhuac - Presidencia,19.334339,-99.108855,01,2842
010Z3B00-TLAHWATT,Av. Tláhuac - Jacobo Watt,19.333605,-99.105639,01,2843
010Z3B00-WATTBLAN,Jacobo Watt - Águila Blanquinegra,19.333669,-99.102885,01,2844
010Z3B00-USMLUNA,Unidad San Marcos - Luna,19.337293,-99.103243,01,2845
010Z3F01-BCHALPERI,Base Canal de Chalco y Periférico,19.305583,-99.088184,01,2846
010Z3F01-TECNICHAL1,Técnicos y Manuales - Canal de Chalco,19.309072,-99.090734,01,2793
010Z3F01-TECUHSNT1,Técnicos y Manuales - U.H. San Nicolás Tolentino,19.314364,-99.089258,01,2792
010Z3F01-TECNIMEXI1,Técnicos y Manuales - Cine Mexicano,19.316974,-99.088621,01,2791
010Z3F01-TECNICINE,Técnicos y Manuales - Cinematografistas,19.318835,-99.088132,01,2847
010Z3F01-TECNITLAH,Técnicos y Manuales - Av. Tláhuac,19.320592,-99.087393,01,2790
010Z3F01-STANASOL1,Av. Santa Ana - Piedra del Sol,19.329962,-99.132777,01,2773
010Z3F01-STANARET22,Av. Santa Ana - Retorno 22,19.330094,-99.134372,01,2848
010Z3F01-9TAXQSTAISA,Eje 9 Sur Calz. Taxqueña - Cerro de Santa Isabel,19.341489,-99.139289,01,2849
010Z3F01-CETRAMTAS1,CETRAM STC Metro Tasqueña,19.34316,-99.140243,01,2850
010Z3G01-PROVPINOS,Providencia - Pinos,19.311418,-99.054388,01,2851
010Z3G01-PRIVPROV3,Providencia - Primera Priv. Providencia,19.309531,-99.055853,01,2852
010Z3G01-PROVTES2,Providencia - Tesoro,19.30795,-99.057003,01,2853
010Z3G01-3ATOYAC,Av. 3 - Río Atoyac,19.320544,-99.059021,01,2854
010Z3G01-PALMFRIO,Palma - Arroyo Frío,19.321752,-99.06036,01,2855
010Z3G01-PALMBRAU,Palmas - Lic. Braulio Maldonado,19.322812,-99.061899,01,2856
010Z3G01-PALMGARIB,Palmas - Jesús Garibay,19.323988,-99.063506,01,2857
010Z3G01-NILOPERL,Río Nilo - Río Perlitas,19.325278,-99.064944,01,2858
010Z3G01-NILOSTAC,Río Nilo - Av. Santa Cruz,19.326051,-99.066833,01,2859
010Z3G01-NILOPERI,Río Nilo - Periférico,19.326837,-99.068706,01,2860
010Z3G01-PERIBILB1,Periférico - Cda. de Bilbao,19.327105,-99.069063,01,2860
010Z3G01-PERIESP1,Periférico - España,19.323549,-99.071902,01,2801
010Z3G01-PERITLAH,Periférico - Av. Tláhuac,19.319139,-99.075352,01,2861
010Z3H01-B4UACM,Base Av. 4 UACM Tezonco,19.314264,-99.059061,01,2862
010Z3H01-ISIDAZUM,San Isidro - Azumbilla,19.313424,-99.057055,01,2863
010Z3H01-PROVTES,Providencia - Tesoro,19.307972,-99.057051,01,2853
010Z3H01-PROVHOSP,Providencia - Hospital,19.304689,-99.059738,01,2864
010Z3H01-PROVTLAH,Providencia - Av. Tláhuac,19.304638,-99.059708,01,2864
010Z3H01-PRIVPROV2,Providencia - Primera Privada Providencia,19.309255,-99.055911,01,2852
010Z3H01-PROVPINO,Providencia - Pino,19.311252,-99.054294,01,2851
010Z3H01-ISIDAXUM2,San Isidro - C. Azumbilla,19.313481,-99.056974,01,2863
010Z3H01-4 JACAR,Av. 4 - Jacarandas,19.314489,-99.05902,01,2862
010Z3H01-JACARARB,Jacarandas - Av. del Árbol,19.31545,-99.060647,01,2814
010Z3H01-ARBALHELI,Av. del Árbol - Alhelí,19.31764,-99.058924,01,2865
010Z3H01-ALHELI3,Alhelí - Av. 3,19.318819,-99.060302,01,2866
010Z3H01-3ORQUI,Av. 3 - Orquídea,19.317508,-99.061604,01,2813
010Z3H01-ORQUAV2,Orquídea - Av. 2,19.318574,-99.06308,01,2812
010Z3H01-ORQUFLOR,Orquídea - Flor del Ejido,19.319509,-99.064257,01,2867
010Z3H01-FLORAJUA,Flor del Ejido - Av. Benito Juárez,19.316977,-99.065188,01,2820
010Z3H01-FLORARB,Flor de Ejido - Av. del Árbol,19.315815,-99.065592,01,2819
010Z3H01-ARBHORT,Av. del Árbol - Hortencia,19.315772,-99.068836,01,2818
010Z3H01-STACRUZ1,Cda. Santa Cruz - Camino a Santa Cruz,19.316242,-99.070363,01,2817
010Z3H01-EVERALIB,EverandoGamiz - Libertad,19.317184,-99.072078,01,2868
010Z3H01-TLAHPERIOTE,Av. Tláhuac - Metro Periférico Ote.,19.317601,-99.074343,01,2869
010Z3H01-SNLORETLA,Av. San Lorenzo - Av. Tláhuac,19.318924,-99.075662,01,2799
010Z3H01-SNLORELEB,Av. San Lorenzo - Lebrija,19.32236,-99.075446,01,2797
010Z3H01-LEBRMIJ,Lebrija - Mijas,19.322983,-99.07825,01,2796
010Z3H01-LEBRAV11,Lebrija - Av.11,19.323862,-99.083275,01,2795
010Z3H01-TLAHMONZON,Av.11 - Monzón,19.322124,-99.083755,01,2870
010Z3H01-TLAH11MANT,Av. Tláhuac - Metro Calle 11. Mantenimiento,19.32056,-99.085727,01,2871
010Z3H01-TLAHSNLUIS1,Av. Tláhuac - San Luis,19.321404,-99.090506,01,2789
010Z3H01-TLAHCAPRI,Av. Tláhuac - Capri,19.321892,-99.093538,01,2872
010Z3H01-TLAHESTR1,Av. Tláhuac - Metro Lomas Estrella,19.3222,-99.095513,01,2787
010Z3H01-TLAHPROG1,Av. Tláhuac - Progreso,19.324888,-99.098675,01,2873
010Z3H01-TLAHPIRU1,Av. Tláhuac - De los Pirules,19.326949,-99.101598,01,2784
010Z3H01-TLAHSNAND1,Av. Tláhuac - Metro San Andrés Tomatlán,19.328011,-99.103934,01,2874
010Z3H01-STANATLAH1,Av. Santa Ana - Av. Tláhuac,19.328644,-99.107159,01,2782
010Z3H01-STANAPACH,Av. Santa Ana - Apaches,19.328227,-99.109195,01,2875
010Z3H01-STANAESIME,Av. Santa Ana - ESIME Culhuacán,19.328349,-99.110478,01,2876
010Z3H01-STANAABREG1,Av. Santa Ana - Mercedes Abrego,19.328791,-99.116316,01,2877
010Z3H01-STANAUHII,Av. Santa Ana - UH Culhuacán II,19.328986,-99.118599,01,2878
010Z3H01-STANASEQ1,Av. Santa Ana - Rosa Ma. Sequeira,19.329135,-99.120287,01,2879
010Z3H01-STANAXICAL,Av. Santa Ana - Ejido San Miguel Xicalco,19.329246,-99.122342,01,2778
010Z3H01-STANA2OTE,Av. Santa Ana - Eje 2 Ote. (Heroica Escuela Naval Militar),19.329399,-99.124094,01,2181
010Z3H01-STANAURSU,Av. Santa Ana - Ejido Santa Úrsula,19.329546,-99.125917,01,2880
010Z3H01-STANACULHU1,Av. Santa Ana - Ejido San Fco. Culhuacán,19.32972,-99.128227,01,2881
010Z3H01-STANAMEXICAL,Av. Santa Ana - Ejido de Mexicaltzingo,19.329774,-99.130121,01,2774
010Z3H01-STANAMIRAM,Av. Santa Ana - Eje 1 Ote. Canal de Miramontes,19.330275,-99.136471,01,2270
010Z3H01-MIRAMAV3,Eje 1 Ote. Canal de Miramontes - Av. 3,19.33577,-99.136818,01,2882
010Z3H01-MIRAMLOP,Eje 1 Ote. Canal de Miramontes - Ricardo Monges López,19.337805,-99.136934,01,2883
010Z3E01-CVIRGSEQUE,Calzada de La Virgen - Rosa María Sequeira,19.319767,-99.119148,01,2823
010Z3E01-SEQMCAÑI1,Rosa María Sequeira - Manuela Cañizares,19.3219,-99.119095,01,2822
010Z3E01-SEQMSAENZ1,Rosa María Sequeira - Manuela Sáenz,19.323841,-99.118948,01,2826
010Z3C01-MEDCORO1,Manuela Medina - Andador Las Coronelas,19.317845,-99.106313,01,2835
010Z3C01-MEDADEL,Manuela Medina - Adelita,19.319396,-99.105991,01,2884
010Z3C01-MEDCVIRG,Manuela Medina - Calzada de La Virgen,19.321858,-99.105437,01,2833
010Z3C01-CVIRGBUEN,Calzada de La Virgen - Catalina Buendía,19.321662,-99.108946,01,2832
010Z3C01-BUENDSAENZ,Catalina Buendía - Manuela Sáenz,19.323071,-99.109048,01,2829
010Z3C01-MANUREME,Manuela Sáenz - Remedios Valle,19.323476,-99.112049,01,2885
010Z3C01-MANUARM1,Manuela Sáenz - Av. Carlota Armero,19.323628,-99.113756,01,2886
010Z3C01-MANUMERC1,Manuela Sáenz - Mercedes Abrego,19.32397,-99.115869,01,2887
010Z3C01-MANUROSA,Manuela Sáenz - Rosa María Sequeira,19.324079,-99.118719,01,2826
010Z3C01-SEQMARQ1,Rosa María Sequeira - Mariquita Sánchez,19.326395,-99.119693,01,2825
010Z3C01-SEQSTANA,Rosa María Sequeira - Av. Santa Ana,19.328749,-99.120587,01,2888
010Z3D01-CVIRGCOB1,Calzada de La Virgen - Magdalena Cobos,19.321367,-99.110468,01,2831
010Z3D01-CVIRGARM,Calzada de La Virgen - Av. Carlota Armero,19.320877,-99.113036,01,2830
010Z3D01-ARMSAENZ1,Av. Carlota Armero - Av. Manuela Sáenz,19.323296,-99.113894,01,2886
010Z3D01-MANUHUITZ,Manuela Sáenz - Huitzilopochtli,19.323486,-99.112714,01,2889
010Z3D01-REMEMARI,Remedios Valle - Mariquita Sánchez,19.326009,-99.111021,01,2890
010Z3D01-MARICARL,Mariquita Sánchez - Av. Carlota Armero,19.326405,-99.11342,01,2891
010Z3D01-MARIMERCE,Mariquita Sánchez - Mercedes Ábrego,19.326698,-99.116542,01,2892
010Z3D01-MERCESTANA,Mercedes Ábrego - Av. Santa Ana,19.328409,-99.116506,01,2780
010Z3D01-STANARETU,Av. Santa Ana - Retorno en U,19.328489,-99.113854,01,2837
010Z3B01-BLUNAPLU,Base Luna y Plutón,19.337663,-99.101734,01,2893
010Z3B01-LUNAUSM,Luna - Unidad San Marcos,19.33748,-99.103183,01,2845
010Z3B01-AGUIWATT,Águila Blanquinegra - Jacobo Watt,19.333947,-99.102846,01,2844
010Z3B01-WATTGOBER,Jacobo Watt - Gobernación,19.333681,-99.105271,01,2843
010Z3B01-WATTTLAH,Jacobo Watt - Av. Tláhuac,19.334844,-99.108734,01,2894
010Z3B01-TLAHCUL1,Av. Tláhuac - Metro Culhuacán,19.336885,-99.108851,01,2841
05300B0-PUENTE,C. Puente,19.285969,-99.136914,05,8462
05300B1-AVTAMAUL,Av. Tamaulipas (frente walmart),19.356507,-99.277071,05,5833
05300B1-2AGLORIETA,Av. Santa Fe (segunda glorieta),19.359771,-99.269541,05,5830
05300B1-EXPOBANAM,Frente expo banamex,19.362353,-99.264034,05,5828
05300B1-FTECMRREY,Frente tec de monterrey,19.358977,-99.260992,05,8463
05300B1-FBANOR,Frente Banorte Tepepan,19.282083,-99.13929,05,5374
05300B1-FPASEOACO,Frente Centro comercial paseos Acoxpa,19.299395,-99.138248,05,8464
05300B0-TECMRREY,Pasando Tec de Monterrey,19.361073,-99.261005,05,8465
05300B0-PSAMARA,Frente plaza samara,19.368367,-99.259938,05,7919
05300B0-JUANGOR,Juan O Gorman,19.360369,-99.269756,05,5851
05300B0-ENRMORAL,Enrique del Moral (frente edificio movistar),19.358624,-99.272258,05,5831
05300B0-BAJPUENTE,Bajo puente de autopista México - la marquesa,19.357994,-99.27686,05,8466
05300B0-FDEZGRAEZ,Av. Carlos Fernandez Graez,19.353146,-99.281921,05,8467
05300B0-ACOXPTORRES,Calz. Acoxpa - Av. de las Torres,19.29858,-99.13865,05,8468
05300B1-EZAPLCABRERA,Emiliano Zapata - Luis Cabrera,19.32181,-99.22175,05,5792
010Z4A01-BMSANTANI,Base Metro Santa Anita,19.404211,-99.121351,01,2895
010Z4A01-E2CONUGUILLPRI,Eje 2 Ote. H Congreso de la Unión y Guillermo Prieto,19.406769,-99.121476,01,2896
010Z4A01-E2CONEJ3SMOR,Eje 2 Ote. H Congreso de la Unión y Eje 3 Sur Morelos,19.408873,-99.121556,01,2319
010Z4A01-E2CONMAGDMIXH,Eje 2 Ote. H Congreso de la Unión y Magdalena Mixhuca,19.411098,-99.121556,01,2897
010Z4A01-E2CONUNAVTALL,Eje 2 Ote. H Congreso de la Unión y Av. del  Taller,19.413543,-99.121454,01,994
010Z4A01-E2CONLOREBOTU1,Eje 2 Ote. H Congreso de la Unión y Lorenzo Boturini,19.416674,-99.121017,01,958
010Z4A01-E2CONLOREBOTU2,Eje 2 Ote. H Congreso de la Unión y Lorenzo Boturini,19.418718,-99.120782,01,2211
010Z4A01-E2CONUFRSTEMI,Eje 2 Ote. H Congreso de la Unión y Eje 1 Sur Fray Servando Teresa de Mier,19.42141,-99.120373,01,2898
010Z4A01-E2CONSTANTIRO,Eje 2 Ote. H Congreso de la Unión y Stand de Tiro,19.423922,-99.120051,01,2899
010Z4A01-E2CONMECAND,Eje 2 Ote. H Congreso de la Unión y Metro Candelaria,19.428252,-99.119235,01,2900
010Z4A01-E2CONEMIZAP,Eje 2 Ote. H Congreso de la Unión y Emiliano Zapata,19.431903,-99.118828,01,2901
010Z4A01-E2CONHERNACOZ,Eje 2 Ote. H Congreso de la Unión y Héroe de Nacozari,19.435636,-99.11864,01,2902
010Z4A01-E2CONUNEJ1ABA,Eje 2 Ote. H Congreso de la Unión y Eje 1 Nte. Abañiles,19.437841,-99.118346,01,2903
010Z4A01-E2CONMMORE,Eje 2 Ote. H Congreso de la Unión y Metro Morelos,19.439793,-99.117967,01,1703
010Z4A01-E2CONUNIAVCIR,Eje 2 Ote. H Congreso de la Unión y Av. Circunvalación,19.443517,-99.117311,01,2904
010Z4A01-E2CONGTALABAR,Eje 2 Ote. H Congreso de la Unión y Talabarteros,19.448624,-99.11609,01,2905
010Z4A01-E2CONCANTE,Eje 2 Ote. H Congreso de la Unión y Eje 2 Nte. Canal del Norte,19.449826,-99.115754,01,1733
010Z4A01-E2CONESTANO,Eje 2 Ote. H Congreso de la Unión y Estaño,19.451876,-99.115265,01,2906
010Z4A01-E2CONUNPLAT,Eje 2 Ote. H Congreso de la Unión y Platino,19.453604,-99.114823,01,2907
010Z4A01-E2CONOTE84,Eje 2 Ote. H Congreso de la Unión y Ote 84 (Metro Consulado),19.458575,-99.113617,01,2223
010Z4A01-E2CONOTE91,Eje 2 Ote. H Congreso de la Unión y Oriente 91,19.46098,-99.113037,01,2224
010Z4A01-E2CONUEJ3NTE,Eje 2 Ote. H Congreso de la Unión y Eje 3 Nte.,19.463574,-99.11221,01,1242
010Z4A01-E2CONOTE107,Eje 2 Ote. H Congreso de la Unión y Ote 107 (propuesta),19.46549,-99.111487,01,2908
010Z4A01-CONHFORD,Eje 2 Ote. H Congreso de la Unión y Av. Henry Ford,19.467218,-99.110725,01,2226
010Z4A01-E2CONVICOTE,Eje 2 Ote. H Congreso de la Unión y Victoria Ote.,19.468997,-99.109908,01,2227
010Z4A01-AVTALISN72B,Eje 4 Nte. Av Talisman y Norte 72-B,19.471382,-99.103725,01,2909
010Z4A01-AVTALISAV519,Eje 4 Nte. Av Talisman y Av. 519,19.465303,-99.089592,01,2910
010Z4A01-JLFABAV4141,José Loreto Fabela y Av. 414,19.470317,-99.07955,01,2911
010Z4A01-JLFCAMLIGA,José Loreto Fabela y Cam. de la Liga,19.47891,-99.077593,01,2912
010Z4A01-PINFCOMOR,Av. de los Pinos y Av. Francisco Morazán,19.475298,-99.07055,01,2913
010Z4A01-AVPINMONTCRU,Av. de los Pinos y Monte de las Cruces,19.47669,-99.069378,01,2914
010Z4A01-AVPINVOLPOP,Av. de los Pinos y Volcán Popocatépetl,19.478164,-99.068131,01,2915
010Z4A01-SMOQUETZA,Sierra Madre Oriental y Villa Quetzalcoatl,19.476123,-99.063489,01,2916
010Z4A01-AVMORCCAMP,Av. Morelia y C. Campeche,19.47635,-99.061412,01,2917
010Z4A01-AVMORTUXGUT,Av. Morelia y Tuxtla Gutierrez,19.476007,-99.059954,01,2918
010Z4A01-AVMORCUER1,Av. Morelia y Cuernavaca,19.4757,-99.058448,01,2919
010Z4A01-BMORTEP,Base Av. Morelia y Tepic,19.475258,-99.056447,01,2920
010Z4A00-BTORRAVCENT,Base Av. de las Torres y Av. Central,19.473568,-99.055208,01,2921
010Z4A00-AVMEXCHILP,Av. México y C. Chilpancingo,19.47345,-99.057743,01,2922
010Z4A00-AVMORCUER0,Av. Morelia y Cuernavaca,19.475754,-99.058448,01,2919
010Z4A00-AVMORCAMP,Av. Morelia y Campeche,19.476409,-99.061256,01,2917
010Z4A00-SMORVOLIZTA,Sierra Madre Oriental y Volcán Iztaccíhuatl,19.476349,-99.063375,01,2916
010Z4A00-VOLPOPCOFPERO,Volcán Popocatépetl y Cofre de Perote,19.475282,-99.065137,01,2923
010Z4A00-VOLPOPAVDEPIN,Volcán Popocatépetl y Av. de Los Pinos,19.47829,-99.068007,01,2915
010Z4A00-AVPINVOLZUN,Av. de los Pinos y Volcán de Zunil,19.476988,-99.069302,01,2914
010Z4A00-VOLZUNVOLACATE,Volcán de Zunil y Volcán de Acatemango,19.478262,-99.070818,01,2924
010Z4A00-EDOPEDOZACA,Estado de Puebla y Estado de Zacatecas,19.479671,-99.072057,01,2925
010Z4A00-EDOPUEDODUR,Estado de Puebla y Estado de Durango,19.480294,-99.073925,01,2926
010Z4A00-EDOPUEBAJCALI,Estado de Puebla y Estado de Baja California,19.480971,-99.075845,01,2927
010Z4A00-JLFABFCOMOR,José Loreto Fabela y Av. Francisco Morazán,19.48066,-99.077297,01,1268
010Z4A00-JLFPTOMATZ,José Loreto Fabela y Pto. Mazatlán,19.477807,-99.078382,01,1269
010Z4A00-JLFABAV4140,José Loreto Fabela y Av. 414,19.470783,-99.079807,01,2928
010Z4A00-NAV510CDA510,Eje 4 Nte. Av. 510 y Cda. de Av. 510,19.464602,-99.083312,01,2929
010Z4A00-EJ2NT510AV503,Eje 4 Nte. Av. 510 y Av. 503,19.466811,-99.09327,01,2930
010Z4A00-N84AVVICOTE,Norte 84 y Av. Victoria Ote.,19.46612,-99.100445,01,2931
010Z4A00-VICEJE3INGEDM0,Av. Victoria Ote. y Eje 3 Ote. Ing.  Eduardo Molina,19.466797,-99.102608,01,2932
010Z4A00-EDMOLHENRF,Eje 3 Ote. Ing Eduardo Molina y Henry Ford,19.465052,-99.104074,01,2933
010Z4A00-EDMOOTE103,Eje 3 Ote. Ing Eduardo Molina y Oriente 103,19.462683,-99.105073,01,2934
010Z4A00-EDMOOTE950,Eje 3 Ote. Ing Eduardo Molina y Oriente 95,19.460604,-99.105958,01,2935
010Z4A00-EDMOOTE870,Eje 3 Ote. Ing Eduardo Molina y Oriente 87,19.457549,-99.107137,01,2936
010Z4A00-EDMOOTE830,Eje 3 Ote. Ing Eduardo Molina y Oriente 83,19.454322,-99.10844,01,2937
010Z4A00-E3INEDMOPIN,Eje 3 Ote. Ing Eduardo Molina y Calle Platino,19.452153,-99.109268,01,2938
010Z4A00-PLATMARAVI,Platino y Maravillas,19.452802,-99.111507,01,2939
010Z4A00-PLATCONGRUN,Platino y Eje 2 Ote. H. Congreso de la Unión,19.453767,-99.114671,01,2907
010Z4A00-PLATZACA,Platino y Zacahuapan,19.45438,-99.116786,01,2940
010Z4A00-PLATROSA,Platino y Sta. Rosa,19.455047,-99.118902,01,2941
010Z4A00-CPLARAYA,C. Platino y Rayas,19.455846,-99.121504,01,2942
010Z4A00-CPLAEJ1BOLEO,C. Platino y Eje 1 Ote. Boleo,19.456445,-99.123514,01,2258
010Z4A00-E1BOLCOBR,Eje 1 Ote. Boleo y Cobre,19.454221,-99.12436,01,2943
010Z4A00-E1Y2CANTE,Eje 1 Ote. Boleo y Eje 2 Nte. Canal del Norte,19.452224,-99.124854,01,1737
010Z4A00-E1AVTRABGRA,Eje 1 Ote. Av. del  Trabajo y Granada,19.45028,-99.125558,01,2944
010Z4A00-E1BOLRIV,Eje 1 Ote. Boleo y Rivero,19.447406,-99.126022,01,2945
010Z4A00-E1BOLCARI,Eje 1 Ote. Boleo y Caridad,19.44513,-99.124687,01,2946
010Z4A00-E1BOLGRAN,Eje 1 Ote. Boleo y Eje 1 Nte. Granaditas,19.442889,-99.123332,01,1704
010Z4A00-E1ALMANPE,Eje 1 Ote Vidal Alcocer y Manual de la Peña,19.440368,-99.123416,01,2947
010Z4A00-E1VJOSJOAQH,Eje 1 Ote. Vidal Alcocer y C. de José Joaquín de Herrera,19.438795,-99.123672,01,2948
010Z4A00-E1VIDALMALEM,Eje 1 Ote. Vidal Alcocer y Gral. Miguel Alemán,19.43659,-99.124052,01,2949
010Z4A00-E1VIDALMIGNEG,Eje 1 Ote. Vidal Alcocer y Miguel Negrete,19.434086,-99.12444,01,2950
010Z4A00-E1CIRCCORRE,Eje 1 Ote. Anillo de Circunvalación y Corregidora,19.430986,-99.124933,01,2951
010Z4A00-E1ACIRREPSAL,Eje 1 Ote. Anillo de Circunvalación y República de El Salvador,19.428417,-99.125306,01,2952
010Z4A00-E1ACIRSNPABL,Eje 1 Ote. Anillo de Circunvalación y Plaza de san Pablo,19.425756,-99.125705,01,2953
010Z4A00-E1SFRASETMIE,Eje 1 Ote. Anillo de Circunvalación y Eje 1 Sur Fray Servando Teresa de Mier,19.423177,-99.126051,01,2954
010Z4A00-E1OTEVIGCAVIG,Eje 1 Ote. Calz de la Viga y Calz de la Viga,19.421469,-99.126803,01,2955
010Z4A00-E1CLVIGLBOTU,Eje 1 Ote. Calz de la Viga y Lorenzo Boturini,19.417555,-99.127704,01,961
010Z4A00-E1CLVIGJMARG,Eje 1 Ote. Calz de la Viga y José María Árgeda,19.415682,-99.127976,01,2956
010Z4A00-E1CLVIGCJON,Eje 1 Ote. Calz de la Viga y Cjón.,19.41122,-99.127842,01,2249
010Z4A00-VIGAMOLINE,Eje 1 Ote. Calz de la Viga y Av. Andrés Molina Enriquez,19.407351,-99.128773,01,2957
010Z4A00-VIGAPIED,Eje 1 Ote. Calz de la Viga y Viaducto Río de la Piedad,19.403917,-99.129027,01,2958
010Z4A00-E1CLVIGCORU,Eje 1 Ote. Calz de la Viga y La Coruña,19.401285,-99.129083,01,2959
010Z4A00-LACORUSUR77,La Coruña y Sur 77,19.401282,-99.126813,01,2960
010Z4A00-LACORCALZVIG,La Coruña y Eje 2  Ote. Calz de la Viga,19.40129,-99.125225,01,2961
010Z4A00-AVHIDSABIN,Av. Hidalgo y Sabinos,19.401851,-99.123282,01,2962
010Z4A00-EJ2CNGUCANAC,Base Eje 2 Ote. H. Congreso de la Unión y Prol. Canal Nacional,19.40234,-99.121464,01,2963
010Z4B01-E2CONUNPELU,Eje 2 Ote. H Congreso de la Unión y Peluqueros,19.446192,-99.116666,01,2220
010Z4B01-OTE91NTE72A,Oriente 91 y Norte 72-A,19.459871,-99.108682,01,2964
010Z4B01-N72AANALBCOR,Norte 72-A y Eje 3 Nte. Ángel Albino de Corzo,19.462031,-99.107655,01,1241
010Z4B01-N72AOTE1071,Norte 72-A y Oriente 107,19.464094,-99.106906,01,2965
010Z4B01-N72AHENRFORD1,Norte 72-A y Av. Henry Ford,19.46552,-99.106361,01,2966
010Z4B01-N72AAVVICTOTE,Norte 72-A y Av. Victoria Ote.,19.467473,-99.105657,01,2967
010Z4B01-N72AOTE121,Norte 72-A y Oriente 121,19.469853,-99.104672,01,2968
010Z4B01-N72EJAVTALIS,Norte 72-A y Eje 4 Nte. Av. Talismán,19.471441,-99.104031,01,2909
010Z4B01-CONSREPESIN1,Constitución de la República y Estado de Sinaloa,19.482047,-99.074012,01,2969
010Z4B01-EDSIEDMOR1,Estado de Sinaloa y Estado de Morelos,19.484294,-99.072954,01,2970
010Z4B01-EDSIEDOTABA1,Estado de Sinaloa y Estado de Tabasco,19.486576,-99.072108,01,2971
010Z4B01-EDSINVAYAL,Estado de Sinaloa y Av. Villa de Ayala,19.489324,-99.070994,01,2972
010Z4B01-VAYAATLACO,Eje 6 Nte. Villa de Ayala y Atlacomulco,19.489252,-99.069803,01,2973
010Z4B01-VAYALAGMORE,Eje 6 Nte. Villa de Ayala y Lagos de Moreno,19.489956,-99.072185,01,2974
010Z4B01-VAYATOT,Eje 6 Nte. Villa de Ayala y Atotonilco,19.490425,-99.07473,01,2975
010Z4B01-VAYATOYAC1,Eje 6 Nte. Villa de Ayala y Atoyac,19.490739,-99.076348,01,2976
010Z4B01-EJ6NVILLAYTIX,Base Eje 6 Norte Villa de Ayala y Tixtla,19.490713,-99.077815,01,2977
010Z4B00-VAYACUNI,Eje 6 Nte. Villa de Ayala y Cam. de la Unión,19.490198,-99.075083,01,2975
010Z4B00-AYALABCS,Eje 6 Nte. Villa de Ayala y Estado Baja California Sur,19.489896,-99.073191,01,2978
010Z4B00-VAYEDSIN,Eje 6 Nte. Villa de Ayala y Estado de Sinaloa,19.48946,-99.071156,01,2972
010Z4B00-EDSIEDOTABA0,Estado de Sinaloa y Estado de Tabasco,19.48682,-99.072108,01,2971
010Z4B00-EDSIEDMOR0,Estado de Sinaloa y Estado de Morelos,19.484524,-99.072993,01,2970
010Z4B00-EDSINCONSREP,Estado de Sinaloa y Constitución de la República,19.482282,-99.07385,01,2969
010Z4B00-N72AOTE125,Norte 72-A y Oriente 125,19.471188,-99.104249,01,2979
010Z4B00-N72AVICOTE,Norte 72-A y Victoria Ote.,19.467861,-99.105638,01,2967
010Z4B00-N72AHENRFORD0,Norte 72-A y Av. Henry Ford,19.465791,-99.10639,01,2966
010Z4B00-N72AOTE1070,Norte 72-A y Oriente 107,19.464335,-99.106914,01,2965
010Z4B00-NTE72AEJ3N,Norte 72-A y Eje 3 Nte.,19.46242,-99.107655,01,1241
010Z4B00-N172OTE91,Norte 72-A y Oriente 91,19.45997,-99.108577,01,2964
010Z4B00-N172AOTE85,Norte 72-A y Oriente 85,19.456783,-99.109926,01,2980
010Z4B00-OTE83NTE76A,Oriente 83 y Norte 76-A,19.45438,-99.108984,01,2981
010Z4C00-INSRGNECAX,Av. Insurgentes y Av. Necaxa,19.478068,-99.130288,01,2982
010Z4C00-NECROMESCO,Av. Necaxa y Rómulo Escobar,19.476865,-99.126685,01,2983
010Z4C00-ROMESCOEXCE,Rómulo Escobar y Excelsior,19.473657,-99.127738,01,2984
010Z4C00-EXCCALMISTE,Excelsior y Calz. de los Misterios,19.472077,-99.123774,01,2985
010Z4C00-CGPEVICOTE,Calz. Guadalupe y Av. Victoria Ote.,19.473125,-99.121583,01,2986
010Z4C00-VICGRANATE1,Av. Victoria Ote. y Prol. Granate,19.472121,-99.11848,01,2987
010Z4C00-VICFCHIDL0,Av. Victoria Ote. y F. C. Hidalgo,19.470962,-99.115114,01,2261
010Z4C00-VICOTEAER0,Av. Victoria Ote. y Aerolito,19.469912,-99.112267,01,2988
010Z4C00-VICEJECONGUN0,Av. Victoria Ote. y Eje 2 Ote. H. Congreso de la Unión,19.469025,-99.109712,01,2989
010Z4C00-VICOTEN70,Av. Victoria Ote. y Norte 70,19.468035,-99.106952,01,2990
010Z4C00-VICOTEEDUMOL,Av. Victoria Ote. y Eduardo Molina,19.466755,-99.103465,01,2991
010Z4C00-VICN82B,Av. Victoria Ote. y Norte 82-B,19.465766,-99.100646,01,2931
010Z4C00-BVICOTEN88A,Base Av. Victoria Ote. y Norte 88-A,19.465248,-99.098163,01,2992
010Z4C01-VICTN84,Av. Victoria Ote. y Norte 84,19.465975,-99.100247,01,2931
010Z4C01-VICOTEN70A,Av. Victoria Ote. y Norte 70-A,19.468147,-99.106657,01,2990
010Z4C01-VICEJECONGUN1,Av. Victoria Ote. y Eje 2 Ote. H. Congreso de la Unión,19.46922,-99.10965,01,2989
010Z4C01-VICOTEAER1,Av. Victoria Ote. y Aerolito,19.470063,-99.112041,01,2988
010Z4C01-VICFCHIDL1,Av. Victoria Ote. y F. C. Hidalgo,19.470896,-99.114417,01,2261
010Z4C01-VICGRANATE2,Av. Victoria Ote. y Prol. Granate,19.472169,-99.11818,01,2987
010Z4C01-VICGUADA,Av. Victoria Ote. y Calz. de Guadalupe,19.473328,-99.121447,01,2986
010Z4C01-VICCORON,Av. Victoria Ote. y C. La Corona,19.473942,-99.123284,01,2993
010Z4C01-VICBUENTON,Av. Victoria Ote. y Buen Tono,19.474917,-99.126069,01,2994
010Z4C01-FUNMONALPI,Fundidora de Monterrey y Alpina,19.475223,-99.128156,01,2995
010Z4C01-CETRMPOTR,Base CETRAM Metro Potrero y,19.476713,-99.131698,01,2996
010Z4D00-AVHENRFORDALI,Av. Henry Ford y Alicia,19.471175,-99.121897,01,2997
010Z4D00-HENFORGRACI,Av. Henry Ford y Graciela,19.470234,-99.119215,01,2998
010Z4D00-HENFORSARA,Av. Henry Ford y Sara,19.469472,-99.117002,01,2999
010Z4D00-SAREJ3NTE0,Sara y Eje 3 Nte.,19.46638,-99.119012,01,3000
010Z4D00-SARAYABEL,Sara y Abel,19.463266,-99.121125,01,3001
010Z4D00-OTE91NTE500,Oriente 91 y Norte 50,19.46228,-99.118658,01,3002
010Z4D00-OTE91NTE56,Oriente 91 y Norte 56,19.461745,-99.116232,01,3003
010Z4D00-OTE91CONG,Oriente 91 y Eje 2 Ote. H. Congreso de la Unión,19.461103,-99.113339,01,2224
010Z4D00-OTE91NTE66A,Oriente 91 y Norte 66-A,19.460534,-99.11063,01,3004
010Z4D00-OTE91NTE74,Oriente 91 y Norte 74,19.459731,-99.108239,01,2964
010Z4D00-OTE95E3ORIEN0,Oriente 95 y Eje 3 Oriente,19.460082,-99.106163,01,3005
010Z4D00-OTE95NTE840,Oriente 95 y Norte 84,19.458956,-99.103455,01,3006
010Z4D00-OTE95NTE92,Oriente 95 y Norte 92,19.457759,-99.100552,01,3007
010Z4D00-N92OTE87,Norte 92 y Oriente 87,19.45512,-99.101472,01,3008
010Z4D00-N92OTE83,Norte 92 y Oriente 83,19.452384,-99.102447,01,3009
010Z4D00-BO83NTE86,Base Oriente 83 y Norte 86,19.453188,-99.104666,01,3010
010Z4D01-N86OTE81,Norte 86 y Oriente 81,19.45191,-99.105297,01,3011
010Z4D01-OTE81N92,Oriente 81 y Norte 92,19.450958,-99.103054,01,3012
010Z4D01-N92OTE85,Norte 92 y Oriente 85,19.453514,-99.101878,01,3013
010Z4D01-N92OTE91,Norte 92 y Oriente 91,19.456492,-99.1008,01,3014
010Z4D01-OTE95N88A,Oriente 95 y Norte 88-A,19.458444,-99.100857,01,3015
010Z4D01-OTE95NTE841,Oriente 95 y Norte 84,19.459308,-99.102982,01,3016
010Z4D01-OTE95E3OTE1,Oriente 95 y Eje 3 Oriente,19.460345,-99.105386,01,3017
010Z4D01-OTE95N74,Oriente 95 y Norte 74,19.460982,-99.107535,01,3018
010Z4D01-OTE95N70,Oriente 95 y Norte 70,19.461546,-99.109368,01,3019
010Z4D01-OTE91N66,Oriente 91 y Norte 66,19.460705,-99.110985,01,3004
010Z4D01-91CONGUN1,Oriente 91 y Eje 2 Ote. H. Congreso de la Unión,19.461147,-99.11292,01,2224
010Z4D01-OTE91NTE56A,Oriente 91 y Norte 56-A,19.461734,-99.11566,01,3020
010Z4D01-OTE91NTE501,Oriente 91 y Norte 50,19.462348,-99.118462,01,3002
010Z4D01-ABELSARA,Abel y Sara,19.463028,-99.120638,01,3021
010Z4D01-SAREJ3NTE1,Sara y Eje 3 Nte.,19.465998,-99.118995,01,3000
010Z4D01-SARAHENFOR,Sara y Av. Henry Ford,19.469223,-99.116838,01,2999
010Z4D01-HENFOREST,Av. Henry Ford y Estela,19.470425,-99.119304,01,2998
010Z4D01-HFORDCGPE,Av. Henry Ford y Calz. de Guadalupe,19.471441,-99.122195,01,2997
010Z4E00-BPLSANPB,Base Eje 1 Ote. y Plaza de San Pablo,19.425319,-99.125859,01,2254
010Z4E00-AVCIRPAN,Av. Circunvalación y Panaderos,19.445645,-99.118768,01,3022
010Z4E00-AVCIRPIN,Av. Circunvalación y Pintores,19.448144,-99.121078,01,3023
010Z4E00-AVCICENPL,Av. Circunvalación y Central de Plomeros,19.449721,-99.122556,01,3024
010Z4E00-TBLJARCER,Talabarteros y Jarcería,19.450968,-99.124862,01,3025
010Z4F01-CETRMSANLAZA,Base CETRAM Metro San Lázaro,19.429757,-99.11449,01,3026
010Z4F01-E3EDMOLHNACO,Eje 3 Ote. Ing Eduardo Molina y Héroe de Nacozari,19.435711,-99.114481,01,3027
010Z4F01-EDMOLABAN,Eje 3 Ote. Ing Eduardo Molina y Eje 1 Nte. Abañiles,19.437632,-99.11414,01,499
010Z4F01-E3MOLHORT,Eje 3 Ote. Ing Eduardo Molina y Hortelanos,19.44049,-99.113543,01,3028
010Z4F01-EDMOPAIL,Eje 3 Ote. Ing Eduardo Molina y Paileros,19.442627,-99.112783,01,3029
010Z4F01-EDMOLELEC,Eje 3 Ote. Ing Eduardo Molina y Electricistas,19.445779,-99.111589,01,3030
010Z4F01-E3EDMOLOFI,Eje 3 Ote. Ing Eduardo Molina y Av. Oficios,19.448524,-99.110562,01,1731
010Z4F01-E3INGEDMOLAL,Eje 3 Ote. Ing Eduardo Molina y Aluminio,19.450081,-99.109991,01,3031
010Z4F01-CIRINTRCONS,Eje 3 Ote. Ing Eduardo Molina y Circuito Interior Río Consulado,19.452251,-99.108646,01,3032
010Z4F01-EDMOOTE831,Eje 3 Ote. Ing Eduardo Molina y Oriente 83,19.454512,-99.107814,01,3033
010Z4F01-EDMOOTE871,Eje 3 Ote. Ing Eduardo Molina y Oriente 87,19.456193,-99.107199,01,3034
010Z4F01-EDMOOTE91,Eje 3 Ote. Ing Eduardo Molina y Oriente 91,19.457793,-99.106551,01,3035
010Z4F01-EDMOOTE951,Eje 3 Ote. Ing Eduardo Molina y Oriente 95,19.459842,-99.10572,01,3036
010Z4F01-N92ANGALBCOR,Norte 92 y Eje 3 Nte. Ángel Albino de Corzo,19.459267,-99.099675,01,1201
010Z4F01-N92HENRFOR,Norte 92 y Henry Ford,19.462597,-99.098401,01,3037
010Z4F01-N92AVVICOTE,Norte 92 y Av. Victoria Ote.,19.464622,-99.097646,01,3038
010Z4F01-EMZAPIGNALLE1,Emiliano Zapata y Cjon. Ignacio Allende,19.466562,-99.085989,01,3039
010Z4F01-ZAPE5RGUAD,Emiliano Zapata y Eje 5 Nte. Av. Río Guadalupe,19.468402,-99.084588,01,3040
010Z4F01-SJAALVOBR1,Eje 5 Norte Calz. San Juan de Aragón y Álvaro Obregón,19.470289,-99.085796,01,3041
010Z4F01-SJARYJUAFRSC1,Eje 5 Norte Calz. San Juan de Aragón y Juan Francisco,19.472465,-99.087106,01,3042
010Z4F01-CSAJUARAG,Eje 5 Norte Calz. San Juan de Aragón y Cam. San Juan de Aragón,19.474746,-99.088474,01,3043
010Z4F01-SJARPTOENS1,Cam. San Juan de Aragón y Puerto Ensenada,19.474561,-99.08666,01,3044
010Z4F01-SJARPTOACA,Cam. San Juan de Aragón y Puerto Acapulco,19.474243,-99.084959,01,3045
010Z4F01-PTOACAPTOTAMP1,Puerto Acapulco y Puerto Tampico,19.47641,-99.084223,01,3046
010Z4F01-PTOACAPTOMAZA,Puerto Acapulco y Puerto Mazatlán,19.478481,-99.083894,01,3047
010Z4F01-PTOACACAMLIGA,Puerto Acapulco y Cam. de La Liga,19.481167,-99.083414,01,3048
010Z4F01-CAMSECENSE1,Cam. De La Secretaría y Cam. de La Enseñanza,19.484412,-99.082929,01,3049
010Z4F01-CSECPARCEN1,Cam. De La Secretaría y Cam. Parque Central,19.486699,-99.082494,01,3050
010Z4F01-CSECAVREPMEX,Cam. De La Secretaría y Av. República Mexicana,19.490144,-99.082122,01,3051
010Z4F01-LEALDEJ9VILAYA,Av. León de los Aldama y Eje 6 Nte. Villa de Ayala,19.491276,-99.080835,01,3052
010Z4F01-VAYAAPATZ,Eje 6 Nte. Villa de Ayala y Apatzngán,19.490923,-99.07891,01,3053
010Z4F01-VAYATOYAC2,Eje 6 Nte. Villa de Ayala y Atoyac,19.490518,-99.076736,01,2976
010Z4F01-VAYEDOZACAT,Eje 6 Nte. Villa de Ayala y Estado de Zacatecas,19.488674,-99.068884,01,3054
010Z4F01-AVVALLZAPC2,Av. Valle de las Zapatas y Calle 2,19.488791,-99.066867,01,3055
010Z4F01-VZAPVZAMB1,Av. Valle de las Zapatas y Av. Valle del Zambezi,19.488368,-99.064554,01,3056
010Z4F01-AVVALLZAPC12,Av. Valle de las Zapatas y Calle 12,19.487863,-99.061789,01,3057
010Z4F01-VZAPFLOM,Av. Valle de las Zapatas y Secundaria Flores Magón,19.487325,-99.058943,01,3058
010Z4F01-AVVALLZAP,Av. Valle de las Zapatas y Av. Valle de Santiago,19.486813,-99.055985,01,3059
010Z4F01-VSTGOVLYUK1,Av. Valle de Santiago y Av. Valle del Yukon,19.488397,-99.054824,01,3060
010Z4F01-VALLSTGYANG,Av. Valle de Santiago y Av. del  Valle del Yang - Tse,19.490871,-99.054931,01,3061
010Z4F01-VSTGOPERIBLVD,Av. Valle de Santiago y Anillo Periférico Blvd.,19.49352,-99.053908,01,3062
010Z4F01-VALLSTGARNO,Av. Valle de Santiago y Valle del Arno,19.496807,-99.052448,01,3063
010Z4F01-VSGOVDON,Av. Valle de Santiago y Av. Valle del Don,19.498986,-99.051473,01,3064
010Z4F01-STGOSANCOL1,Av. Valle de Santiago y Salvador Sánchez Colin,19.501383,-99.050429,01,3065
010Z4F01-VSTGOCGUADI,Av. Valle de Santiago y Valle de Gudiana,19.503413,-99.049521,01,3066
010Z4F01-VGUADVPERDI,Valle de Guadiana y Valle Perdido,19.502265,-99.046283,01,3067
010Z4F01-RETUGUATAJO,Retorno en U Valle de Guadania y Valle del Tajo,19.501795,-99.04304,01,3068
010Z4F01-GUADVPERDI,Av. Valle de Guadania y Valle Perdido,19.502453,-99.045925,01,3067
010Z4F01-BGUADAVVSTG,Base Av. Valle de Guadania y Av. Valle de Santiago,19.503747,-99.04929,01,3066
010Z4F00-VSTGOSCOLIN,Av. Valle de Santiago y Salvador Sánchez Colin,19.501447,-99.050641,01,3065
010Z4F00-VSTOGLAZAC,Av. Valle de Santiago y Lázaro Cárdenas,19.49943,-99.051649,01,3069
010Z4F00-STGOLOPMAT,Av. Valle de Santiago y Av. Pdte. Adolfo López Mateos,19.497492,-99.052472,01,3070
010Z4F00-STGRALAVCAM,Av. Valle de Santiago y Av. Gral. Ávila Camacho,19.495216,-99.053485,01,3071
010Z4F00-VSTGOVOLGA,Av. Valle de Santiago y Av. Valle del Volga,19.4917,-99.055006,01,3072
010Z4F00-VALLSTGYUK0,Av. Valle de Santiago y Av. Valle del Yukon,19.488915,-99.055015,01,3073
010Z4F00-VALLSTGZAP,Av. Valle de Santiago y Av. Valle de las Zapatas,19.487093,-99.055721,01,3059
010Z4F00-VZAPVGRAND,Av. Valle de las Zapatas y Valle Grande,19.487512,-99.0583,01,3074
010Z4F00-VZAPVONI,Av. Valle de las Zapatas y Valle de Oniteper,19.487924,-99.060568,01,3075
010Z4F00-VZAPVZAMB,Av. Valle de las Zapatas y Av. Valle del Zambezi,19.488565,-99.064031,01,3076
010Z4F00-VZAPVARRIB,Av. Valle de las Zapatas y Valle de Arriba,19.488996,-99.066466,01,3055
010Z4F00-VAYATAMAZUL,Eje 6 Nte. Villa de Ayala y Tamazula,19.491026,-99.077939,01,2977
010Z4F00-VAYALEALDA,Eje 6 Nte. Villa de Ayala y Av. León de los Aldama,19.491561,-99.08053,01,3052
010Z4F00-CSECRCPORV,Cam. De la Secretaría y Cam. del Porvenir,19.48975,-99.082246,01,3051
010Z4F00-CSECPARCEN0,Cam. De la Secretaría y Cam. Parque Central,19.4872,-99.082439,01,3077
010Z4F00-CAMSECENSE0,Cam. De la Secretaría y Cam. de la Enseñanza,19.484633,-99.082977,01,3049
010Z4F00-CSECCASUR,Cam. De la Secretaría y Cam. Sur,19.482751,-99.08335,01,3078
010Z4F00-PTOACASALC,Puerto Acapulco y Pto. Salina Cruz,19.480659,-99.083725,01,3079
010Z4F00-PTOACAPMAZ,Puerto Acapulco y Pto. de Mazatlán,19.478757,-99.084035,01,3047
010Z4F00-PTOACAPTPCO,Puerto Acapulco y Puerto Tampico,19.47676,-99.084405,01,3046
010Z4F00-ACASJARAG,Puerto Acapulco y Camino San Juan Aragón,19.47451,-99.08481,01,3045
010Z4F00-SJARPTOENS0,Cam. San Juan de Aragón y Puerto Ensenada,19.474706,-99.086409,01,3044
010Z4F00-SJARPTOCOAT,Cam. San Juan de Aragón y Puerto Coatzacoalcos,19.475092,-99.08847,01,3043
010Z4F00-SJARJUAFRSC0,Eje 5 Norte Calz. San Juan de Aragón y Juan Francisco,19.472699,-99.087537,01,3080
010Z4F00-SJAALVOBR0,Eje 5 Norte Calz. San Juan de Aragón y Álvaro Obregón,19.470712,-99.086315,01,3081
010Z4F00-SAJAYEMIZAP,Eje 5 Norte Calz. San Juan de Aragón y Emiliano Zapata,19.468537,-99.084673,01,3040
010Z4F00-EMZAPIGNALLE0,Emiliano Zapata y Cjon. Ignacio Allende,19.466773,-99.085977,01,3039
010Z4F00-EMZAPE4AV510,Emiliano Zapata y Eje 4 Nte. Av. 510,19.465316,-99.086231,01,3082
010Z4F00-AV503AV508,Av. 503 y Av. 508,19.463355,-99.094714,01,1203
010Z4F00-AV503TERC503,Av. 503 y Tercera 503,19.460611,-99.095769,01,3083
010Z4F00-503ANGALNCORZ,Av. 503 y Eje 3 Nte. Ángel Albino de Corzo,19.458511,-99.09659,01,1246
010Z4F00-AV503AV503,Av. 503 y Av. 503,19.455968,-99.097398,01,3084
010Z4F00-TLACCAIRO,Tlacos y Cairo,19.454271,-99.096322,01,3085
010Z4F00-CIRINTCONP,Circuito Interior Av. Río Consulado y Pekin,19.450255,-99.09189,01,3086
010Z4F00-PEKINYESTERLI,Pekin y Esterlinas,19.447667,-99.092601,01,3087
010Z4F00-PEKINAFRI,Pekin y Av. África,19.445144,-99.093548,01,3088
010Z4F00-PEKINYPERSIA,Pekin y Persia,19.443024,-99.094331,01,3089
010Z4F00-PEKINJAPO,Pekin y Japón,19.440862,-99.09512,01,1722
010Z4F00-AVOCEJERIC,Av. Oceanía y Jericó,19.439478,-99.097809,01,3090
010Z4F00-AVOCECANT,Av. Oceanía y Cantón,19.437996,-99.101014,01,3091
010Z4F00-OCGRALBONIFS,Av. Oceanía y Gral. Bonifacio Salinas,19.436582,-99.104217,01,3092
010Z4F00-HERNACANFO,Héroe de Nacozari y Ánfora,19.434324,-99.111084,01,3093
010Z4F00-HNE3INGEDMOL,Héroe de Nacozari y Eje 3 Ote. Ing.  Eduardo Molina,19.435427,-99.114409,01,3027
010Z4F00-EMMBSANLAZ,Eje 3 Ote. Ing Eduardo Molina y MB San Lázaro,19.430973,-99.115451,01,3094
010Z4F00-IGNZARG4IGNZ,Calz. Ignacio Zaragoza y 4 de Ignacio Zaragoza,19.426626,-99.110422,01,3095
010Z4G01-LEOALDEJID,Av. León de los Aldama y Ejido,19.493943,-99.078955,01,3096
010Z4G01-LEALDCALP,Av. León de los Aldama y Calpulalpan,19.496278,-99.077266,01,3097
010Z4G01-LEASANJULAG,Av. León de los Aldama y San Juan de los Lagos,19.498417,-99.075743,01,3098
010Z4G01-LEOALDOTU,Av. León de los Aldama y Otumba,19.50042,-99.074298,01,3099
010Z4G01-LEALDRIOREM,Av. León de los Aldama y Av. Río de los Remedios,19.501816,-99.073295,01,3100
010Z4G01-VILCHRISCO,Refugio Vilchis y Av. FFCC del Risco Los Reyes,19.505098,-99.072182,01,3101
010Z4G01-VILCHBAZ,Refugio Vilchis y Gobernador Gustavo Baz,19.507249,-99.071113,01,3102
010Z4G01-ALMATSCOL,Vía Adolfo López Mateos y Gobernador Sánchez Colin,19.509077,-99.069434,01,3103
010Z4G01-ALMATHANK,Vía Adolfo López Mateos y Gobernador Carlos Hank González,19.510681,-99.067963,01,3104
010Z4G01-HANKGONZ,Gobernador Carlos Hank González,19.509952,-99.065438,01,3105
010Z4G01-GCHGJGARLUN1,Gobernador Carlos Hank González y Gob. Lic. Joaquín Garcia Luna,19.509008,-99.063058,01,3106
010Z4G01-GCHGBEJUA1,Gobernador Carlos Hank González y Lic. Benito Juárez,19.508039,-99.060646,01,3107
010Z4G01-GCHGJLUSOLO1,Gobernador Carlos Hank González y Gob. José Luis Solorzano,19.507064,-99.058217,01,3108
010Z4G01-HANKMEDIN,Gobernador Carlos Hank González y Gob. Ing. Manuel Medina Garduño,19.506108,-99.055751,01,3109
010Z4G01-HANKGFERGON,Gobernador Carlos Hank González y Gob. Gral. Fernando González,19.504829,-99.052573,01,3110
010Z4G01-GOBCHGVALLSTG,Gobernador Carlos Hank González y Av. Valle de Santiago,19.503826,-99.050091,01,3111
010Z4G00-HANKFERGON,Gobernador Carlos Hank González y Gob. Gral. Fernando González,19.504884,-99.052263,01,3110
010Z4G00-HANKMEDINA,Gobernador Carlos Hank González y Gob. Ing. Manuel Medina Garduño,19.50619,-99.055496,01,3109
010Z4G00-HANKSOLORZ,Gobernador Carlos Hank González y Gob. José Luis Solorzano,19.507132,-99.057922,01,3108
010Z4G00-GCHGBEJUA0,Gobernador Carlos Hank González y Lic. Benito Juárez,19.508101,-99.060348,01,3107
010Z4G00-GCHGJGARLU0,Gobernador Carlos Hank González y Gob. Lic. Joaquín Garcia Luna,19.509072,-99.062795,01,3106
010Z4G00-GCHGGZAPE,Gobernador Carlos Hank González y Gob. R. Zepeda,19.510018,-99.065187,01,3105
010Z4G00-GCHGALOMAT,Gobernador Carlos Hank González y Vía Adolfo López Mateos,19.510975,-99.067579,01,3112
010Z4G00-VIAALMSANZCOL,Vía Adolfo López Mateos y Sánchez Colin,19.509321,-99.069633,01,3103
010Z4G00-VIAALMGUSBAZ,Vía Adolfo López Mateos y Gustavo Baz,19.50767,-99.071191,01,3102
010Z4G00-GDLOPHOUS,Gobernador Darío López y Houston,19.505703,-99.072594,01,3113
010Z4G00-GDLNUEMEX,Gobernador Darío López y Nuevo México,19.503889,-99.07378,01,3114
010Z4G00-LEALDCAMREA,León de los Aldama y Camino Real,19.501946,-99.073762,01,3115
010Z4G00-GDLOTUMBA,Gobernador Darío López y Otumba,19.500798,-99.074541,01,3099
010Z4G00-GDLSJDLAGO,Gobernador Darío López y San Juan de los Lagos,19.498793,-99.075949,01,3098
010Z4G00-GOBDILOCALP,Gobernador Darío López y Calpulalpan,19.496701,-99.07749,01,3116
010Z4G00-GDLOPEJID,Gobernador Darío López y Ejido,19.494479,-99.079043,01,3117
010Z4G00-GDLE6VIAYA,Gobernador Darío López y Eje 6 Nte. Villa de Ayala,19.491756,-99.081024,01,3118
010Z4H01-BMPINOSURZ,Base Metro Pino Suárez y,19.426123,-99.130904,01,3119
010Z4H01-MEDMILFSTMIER,Escuela Médico Militar y Eje 1 Sur Fray Servando Teresa de Mier,19.423791,-99.13102,01,1125
010Z4H01-E2CONAVCECIROBE,Eje 2 Ote. H Congreso de la Unión y Cecilio Róbelo,19.425922,-99.119701,01,3120
010Z4H01-EDMOCALINGZARA,Av. Eduardo Molina y Calz. Ignacio Zaragoza,19.429285,-99.115493,01,3121
010Z4H01-ZARMANRIVCAM,Calz. Ignacio Zaragoza y Manuel Rivera Cambas,19.424908,-99.106666,01,3122
010Z4H01-MIGJACJOSRIVE,Miguel Jacintes y José Rivera,19.426603,-99.105675,01,3123
010Z4H01-MIGUJACIIZTACC,Miguel Jacintes y Av. Iztaccíhuatl,19.428938,-99.104342,01,3124
010Z4H01-OTE146E1NTE1,Oriente 146 y Eje 1 Nte.,19.431776,-99.10276,01,495
010Z4H01-OTE146NTE21,Oriente 146 y Norte 21,19.433413,-99.101866,01,3125
010Z4H01-OTE146NTE25,Oriente 146 y Norte 25,19.434994,-99.101004,01,3126
010Z4H01-AVINDNTE29,Av. de la Industria y Norte 29,19.436306,-99.099422,01,3127
010Z4H01-AVINSDOTE154,Av. de la Industria y Oriente 154,19.4372,-99.097414,01,3128
010Z4H01-AVINDOTE158,Av. de la Industria y Oriente 158,19.437969,-99.095706,01,3129
010Z4H01-AVOCEPER,Av. Oceanía y Persia,19.441955,-99.09202,01,3130
010Z4H01-AVOCEBALBO,Av. Oceanía y Balboas,19.443899,-99.089271,01,3131
010Z4H01-OCEALBOCE,Av. Oceanía y Alberca Oceanía,19.447871,-99.083642,01,3132
010Z4H01-AVOCEDEPOCE1,Av. Oceanía y Deportivo Oceanía,19.449568,-99.081307,01,3133
010Z4H01-AVOCMETDEPOCE,Av. Oceanía y Metro Deportivo Oceanía,19.450941,-99.078912,01,3134
010Z4H01-JLFABV5081,José Loreto Fabela y Av. 508,19.45648,-99.080301,01,3135
010Z4H01-JLFBOSARAG,José Loreto Fabela y A-2 Bosque de Aragón,19.461161,-99.080489,01,3136
010Z4H01-JLFABN510,José Loreto Fabela y Norte 510,19.463572,-99.080616,01,3137
010Z4H01-EDZACEDMORE,Estado de Zacatecas y Estado de Morelos,19.483398,-99.070714,01,3138
010Z4H01-EDZACYEDTAB1,Estado de Zacatecas y Estado de Tabasco,19.485916,-99.069753,01,3139
010Z4H01-EDZACE6VILLAYA,Estado de Zacatecas y Eje 6 Nte. Villa de Ayala,19.488396,-99.068775,01,3054
010Z4H01-AVVALLALTCALP1,Av. Valle Alto y Calpulalpan,19.49037,-99.067438,01,3140
010Z4H01-VALTOVZAMB,Av. Valle Alto y Av. Valle del Zambezi,19.491811,-99.06676,01,3141
010Z4H01-VALTOVYANIS,Av. Valle Alto y Valle del Yanise,19.493534,-99.066058,01,3142
010Z4H01-VALTOVYANGT,Av. Valle Alto y Av. del  Valle del Yang - Tse,19.495059,-99.065407,01,3143
010Z4H01-YANGBARDAG,Av. del  Valle del Yang-Tse y Valle de Bardagi,19.494301,-99.06324,01,3144
010Z4H01-VALLYANGCARV,Av. del  Valle del Yang-Tse y Valle del Carvajal,19.493641,-99.061694,01,3145
010Z4H01-VALLYANGDANU,Av. del  Valle del Yang-Tse y Valle del Danubio,19.49263,-99.059144,01,3146
010Z4H01-VALLYANGANGE,Av. del  Valle del Yang-Tse y Valle del Ganges,19.49184,-99.05709,01,3147
010Z4H01-YANGSTGO1,Av. del  Valle del Yang-Tse y Av. Valle de Santiago,19.491121,-99.055334,01,3148
010Z4H01-VALLYANGMAIZ,Av. del  Valle del Yang-Tse y Valle del Maíz,19.490098,-99.052712,01,3149
010Z4H01-VALLYANGMEX,Av. del  Valle del Yang-Tse y Valle de México,19.489252,-99.050621,01,3150
010Z4H01-VALLYANGCEN,Av. del  Valle del Yang-Tse y Av. Central,19.488519,-99.048771,01,3151
010Z4H01-CENTVALLEZAP,Av. Central y Av. Valle de las Zapatas,19.486138,-99.049685,01,3152
010Z4H01-BVYANGVMOT,Base Av. del  Valle del Yang-Tse y Valle de La Mota,19.488586,-99.04871,01,3151
010Z4H00-VALLYANGMEKO,Av. del  Valle del Yang-Tse y Valle de Mekong,19.489717,-99.051451,01,3153
010Z4H00-YANGSTGO0,Av. del  Valle del Yang-Tse y Av. Valle de Santiago,19.490994,-99.054683,01,3061
010Z4H00-VALLYANGFINA,Av. del  Valle del Yang-Tse y Valle de Finalledo,19.492159,-99.057606,01,3154
010Z4H00-VALLYANGCERRA,Av. del  Valle del Yang-Tse y Valle de Cerrato,19.493164,-99.060121,01,3155
010Z4H00-VALLYANGBAVIS,Av. del  Valle del Yang-Tse y Valle de Bavispe,19.494197,-99.062707,01,3156
010Z4H00-VYANGVALT,Av. del  Valle del Yang-Tse y Av. Valle Alto,19.495096,-99.064958,01,3143
010Z4H00-AVVALLALTTEPA,Av. Valle Alto y Av. Tepatitlán,19.492513,-99.066682,01,3157
010Z4H00-AVVALLALTCALP0,Av. Valle Alto y Calpulalpan,19.490582,-99.067519,01,3140
010Z4H00-ORIZAVILLAYA,Orizaba y Villa de Ayala,19.488695,-99.068349,01,3158
010Z4H00-EDZACYEDTAB0,Estado de Zacatecas y Estado de Tabasco,19.486163,-99.069798,01,3139
010Z4H00-EDZACMERCPRO,Estado de Zacatecas y Mercado Providencia,19.483849,-99.070685,01,3159
010Z4H00-EDZACCONREP,Estado de Zacatecas y Constitución de la República,19.481761,-99.071486,01,1258
010Z4H00-CONSREPESIN0,Constitución de la República y Estado de Sinaloa,19.482199,-99.073734,01,2969
010Z4H00-JLFZOOLARAG,José Loreto Fabela y Zoológico de Aragón,19.461455,-99.080837,01,3136
010Z4H00-JLFABAV5080,José Loreto Fabela y Av. 508,19.457222,-99.080592,01,1208
010Z4H00-JLFABAV506,José Loreto Fabela y Av. 506,19.453462,-99.081864,01,1248
010Z4H00-AV503SEG565,Av. 508 y Segunda de 565,19.450949,-99.08024,01,3160
010Z4H00-AVOCEDEPOCE0,Av. Oceanía y Deportivo Oceanía,19.449105,-99.082843,01,1148
010Z4H00-AVOCEBOLI,Av. Oceanía y Bolívares,19.444485,-99.089268,01,3161
010Z4H00-AVOCESIB,Av. Oceanía y Siberia,19.443062,-99.091277,01,3162
010Z4H00-AVOCEMARRUE,Av. Oceanía y Marruecos,19.441192,-99.094023,01,3163
010Z4H00-AVOCEASIA,Av. Oceanía y Av. Asia,19.440172,-99.096259,01,3164
010Z4H00-HNE2CONGUNIO,Héroe de Nacozari y Eje 2 Ote. H. Congreso de la Unión,19.435886,-99.118551,01,2216
010Z4H00-HNE1ANICIRCU,Héroe de Nacozari y Eje 1 Ote. Anillo de Circunvalación,19.436455,-99.12372,01,2949
010Z4H00-SPABTOPA,San Pablo y Topacio,19.42603,-99.127901,01,1071
010Z4I01-C15CALZIGNZAR,Calle 15 y Calz. Ignacio Zaragoza,19.424195,-99.10314,01,3165
010Z4I01-C15AVIZTAC,Calle 15 y Av. Iztaccíhuatl,19.425894,-99.102188,01,3166
010Z4I01-AVIZTOTE152,Av. Iztaccíhuatl y Oriente 152,19.427908,-99.102945,01,3167
010Z4I01-IZTAOTE146,Av. Iztaccíhuatl y Oriente 146,19.429461,-99.104032,01,3168
010Z4I01-OTE162NTE37,Oriente 162 y Norte 37,19.437859,-99.094315,01,3169
010Z4I01-NTE37AVFFCCIND,Norte 37 y Av. F.F.C.C. Industrial,19.438735,-99.096134,01,3170
010Z4I01-FFCCINDNTE29,Av. F.F.C.C. Industrial y Norte 29,19.437332,-99.099727,01,3171
010Z4I01-FFCCINDNTE25,Av. F.F.C.C. Industrial y Norte 25,19.436017,-99.102671,01,3172
010Z4I01-NTE25OTE146,Norte 25 y Oriente 146,19.435147,-99.101113,01,3126
010Z4I01-OTE146E1NTE2,Oriente 146 y Eje 1 Nte.,19.432204,-99.102677,01,495
010Z4I01-OTE146AVIZTACCI,Oriente 146 y Av. Iztaccíhuatl,19.429698,-99.104103,01,3168
010Z4I01-AVIZTAC13,Av. Iztaccíhuatl y C. 13,19.42732,-99.103058,01,3173
010Z4I01-AVIZTAC17,Av. Iztaccíhuatl y C. 17,19.424876,-99.10134,01,3174
010Z4I01-C20IGNZARG,C. 20 y Calz. Ignacio Zaragoza,19.422531,-99.100306,01,3175
010Z4I01-IGNZARGC17,Base Calz. Ignacio Zaragoza y C. 17,19.423315,-99.102055,01,3176
010Z4J01-METRAERO,Base Metro Aeropuerto,19.419165,-99.096465,01,3177
010Z4J01-IGNCALLOTE174,Calz. Ignacio Zaragoza y Calle Ote. 174,19.421824,-99.099071,01,3178
010Z4J01-OTE174N3,Oriente 174 y Norte 3,19.423513,-99.098214,01,3179
010Z4J01-OTE172N91,Oriente 172 y Norte 9,19.425818,-99.097518,01,3180
010Z4J01-OTE172N171,Oriente 172 y Norte 17,19.428422,-99.09604,01,492
010Z4J01-OTE172N251,Oriente 172 y Norte 25,19.431073,-99.094559,01,3181
010Z4J01-OTE172N291,Oriente 172 y Norte 29,19.433294,-99.093343,01,3182
010Z4J01-OTE172N371,Oriente 172 y Norte 37,19.436349,-99.091672,01,3183
010Z4J01-OTE172AVPE1,Oriente 172 y Av. del  Peñón,19.439399,-99.089955,01,1692
010Z4J01-N172TRANS,Norte 172 y Transval,19.442661,-99.088,01,3184
010Z4J01-TRANSOCEA,Transval y Av. Oceanía,19.443545,-99.089527,01,3131
010Z4J01-PTOTAMPICDMAD,Puerto Tampico y Puerto Ciudad Madero,19.475867,-99.079406,01,1260
010Z4J01-PTOTAMTUX1,Puerto Tampico y Puerto Tuxpan,19.476208,-99.081541,01,3185
010Z4J01-PTOTAMPPTOACA,Puerto Tampico y Puerto Acapulco,19.476626,-99.084113,01,3046
010Z4J01-PTOMAZENSEN1,Puerto Mazatlán y Puerto Ensenada,19.478937,-99.085674,01,3186
010Z4J01-PTOMAZCOATZ,Puerto Mazatlán y Puerto Coatzacoalcos,19.47928,-99.087824,01,3187
010Z4J01-PTOCOASCRU1,Puerto Coatzacoalcos y Puerto Salina Cruz,19.48105,-99.087573,01,3188
010Z4J01-PTOCOATORT163,Puerto Coatzacoalcos y Oriente 163,19.483768,-99.087117,01,3189
010Z4J01-N92BOTE1691,Norte 92-B y Oriente 169,19.486671,-99.086024,01,3190
010Z4J01-OTE173N941,Oriente 173 y Norte 94-A,19.488017,-99.084603,01,3191
010Z4J01-OPREPMEX,Ópalo y República Mexicana,19.490173,-99.083506,01,3192
010Z4J01-CAUVILLAYAL1,Base Cuautla y Villa de Ayala,19.491742,-99.083332,01,3193
010Z4J00-CAUVILLAYAL0,Base Cuautla y Villa de Ayala,19.491748,-99.083402,01,3193
010Z4J00-REPMEXOPAL,República Méxicana y Ópalo,19.490242,-99.083617,01,3192
010Z4J00-OTE173N940,Oriente 173 y Norte 94-A,19.488187,-99.084835,01,3191
010Z4J00-NT92BOTE1690,Norte 92-B y Oriente 169,19.48687,-99.086053,01,3190
010Z4J00-NT92OTE163,Norte 92-B y Oriente 163,19.483932,-99.087179,01,3189
010Z4J00-PTOCOASALICRU0,Puerto Coatzacoalcos y Puerto Salina Cruz,19.481272,-99.087619,01,3188
010Z4J00-PTOCOAPMAZ,Puerto Coatzacoalcos y Puerto Mazatlán,19.479367,-99.087963,01,3187
010Z4J00-PTOMAZENSEN0,Puerto Mazatlán y Puerto Ensenada,19.47885,-99.085861,01,3186
010Z4J00-PTOMAZACA,Puerto Mazatlán y Puerto Acapulco,19.478588,-99.084133,01,3047
010Z4J00-PTOTAMTUX0,Puerto Tampico y Puerto Tuxpan,19.476123,-99.081738,01,3185
010Z4J00-PTOTAMJLORFAB,Puerto Tampico y José Loreto Fabela,19.475728,-99.07922,01,1260
010Z4J00-AVOCMTRRUB,Av. Oceanía y Metro Romero Rubio,19.440422,-99.094523,01,3194
010Z4J00-OTE172AVPE0,Oriente 172 y Av. del  Peñón,19.439792,-99.08998,01,1692
010Z4J00-OTE172N370,Oriente 172 y Norte 37,19.436612,-99.091754,01,3183
010Z4J00-OTE172N290,Oriente 172 y Norte 29,19.433543,-99.093452,01,3182
010Z4J00-OTE172N250,Oriente 172 y Norte 25,19.431395,-99.094631,01,3181
010Z4J00-OTE172N170,Oriente 172 y Norte 17,19.428918,-99.096016,01,492
010Z4J00-OTE172N90,Oriente 172 y Norte 9,19.426089,-99.097616,01,3180
010Z4J00-ORT172N3,Oriente 172 y Norte 3,19.423684,-99.098891,01,3195
010Z4K01-UNIACONSTREP,"Camino de la Unión ""A"" y Constitución de la República",19.482564,-99.076402,01,1259
010Z4K01-UNAPARQCEN,"Camino de la Unión ""A"" y Camino Parque Central",19.485658,-99.075729,01,3196
010Z4K01-UNCAMCOOP1,Camino de la Unión y Camino de la Cooperación,19.488004,-99.075284,01,3197
010Z4K01-UNIREPMEX,Camino de la Unión y República Mexicana,19.489953,-99.074895,01,3198
010Z4K01-TAMZDOLHID1,Tamazula y Dolores Hidalgo,19.492854,-99.07673,01,3199
010Z4K01-TIXHUAJLEO,Tixtla y Huajuapan de León,19.49421,-99.075149,01,3200
010Z4K01-TAMHERNACOZ1,Tamazula y Héroe de Nacozari,19.496125,-99.07437,01,3201
010Z4K01-TAMZOLA1,Tamazula y Tamazola,19.498371,-99.072773,01,3202
010Z4K01-OTULEONALDA,Otumba y León de los Aldama,19.500481,-99.074173,01,3099
010Z4K01-PALMGOBMORL1,Presidente Adolfo López Mateos y Gobernador P. Morales,19.503958,-99.069049,01,3203
010Z4K01-PRTADLFLOMTOL,Presidente Adolfo López Mateos y Toluca,19.502777,-99.066087,01,3204
010Z4K01-JOHKENNVER,Av. John F. Kennedy y Veracruz,19.500388,-99.063654,01,3205
010Z4K01-JOHKENNACAP1,Av. John F. Kennedy y Acapulco,19.498022,-99.057776,01,3206
010Z4K01-JFKVSTGO,Av. John F. Kennedy y Av. Valle de Santiago,19.496117,-99.053115,01,3207
010Z4K01-RIOREMAVCENT,Base Blvd. Río de los Remedios y Av. Central,19.492698,-99.046929,01,3208
010Z4K00-PALMVALLSANT,Presidente Adolfo López Mateos y Av. Valle de Santiago,19.49699,-99.052297,01,3063
010Z4K00-JOHKENNACAP0,Av. John F. Kennedy y Acapulco,19.498064,-99.057626,01,3206
010Z4K00-JOHFKENVERA,Av. John F. Kennedy y Veracruz,19.500399,-99.063486,01,3205
010Z4K00-MORPALMATE,Morelia y Presidente Adolfo López Mateos,19.502446,-99.065453,01,3209
010Z4K00-PALMGOBMORL0,Presidente Adolfo López Mateos y Gobernador P. Morales,19.503984,-99.068855,01,3203
010Z4K00-PALMREFVILCHI,Presidente Adolfo López Mateos y Refugio Vilchis,19.505242,-99.072064,01,3101
010Z4K00-RIOREMTAMAZ,Río de los Remedios y Tamazula,19.501097,-99.071379,01,3210
010Z4K00-TAMAZOLA0,Tamazula y Tamazola,19.498541,-99.072772,01,3202
010Z4K00-TAMHERNACOZ0,Tamazula y Héroe de Nacozari,19.496309,-99.074366,01,3201
010Z4K00-TAMYHUALEO,Tamazula y Huajuapan de León,19.494635,-99.075549,01,3211
010Z4K00-TAMZDOLHID0,Tamazula y Dolores Hidalgo,19.49311,-99.076663,01,3199
010Z4K00-TAMNVILLAYA,Tamazula y Norte de Villa de Ayala,19.4911,-99.078082,01,3212
010Z4K00-UNCAMCOOP0,Camino de la Unión y Camino de la Cooperación,19.488157,-99.075319,01,3197
010Z4K00-CUPARCEN,Camino de la Unión y Camino Parque Central,19.485868,-99.075767,01,3196
010Z4K00-CUNCALLAMIS,Camino de la Unión y Tercer Callejón Amistad,19.482812,-99.076396,01,1259
010Z4K00-JLFCAMILIGA,José Loreto Fabela y Camino de la Liga,19.479115,-99.077892,01,2912
010Z2A00-AVPAZ,Av. De la Paz,19.346016,-99.189869,01,3213
010Z2A00-ALTAVISTA1,Altavista,19.348347,-99.190366,01,3214
010Z2A00-REFORMA,Reforma,19.348566,-99.193392,01,3215
010Z2A00-DIEGORIVERA,Diego Rivera,19.349331,-99.196795,01,3216
010Z2A00-AIDA,Aida,19.349091,-99.199108,01,3217
010Z2A00-PERIFERICO2,Periferico,19.349424,-99.200638,01,3218
010Z2A00-LEONFELIPE,Leon Felipe,19.351318,-99.200653,01,3219
010Z2A00-JARDIN,Jardin,19.353917,-99.199966,01,3220
010Z2A00-AVFLORES,Av. Las Flores,19.355459,-99.199096,01,854
010Z2A00-GTZAMORA,Gutierrez Zamora,19.357487,-99.198501,01,3221
010Z2A00-CONDOR2,Condor,19.361646,-99.196613,01,3222
010Z2A00-AVCENTENARIO2,Av. Centenario,19.365689,-99.195475,01,3223
010Z2A00-GRALANAYA,General Anaya,19.366091,-99.19757,01,3224
010Z2A00-AZCAPOTZALCO,Azcapotzalco,19.366302,-99.199744,01,3225
010Z2A00-IZTAPALPA2,Iztapalapa,19.366375,-99.201981,01,3226
010Z2A00-MEJIADELGAD,Mejia Delgado,19.366611,-99.20721,01,3227
010Z2A00-LOMASDELANG2,Loma del Angel,19.366709,-99.21267,01,3228
010Z2A00-CALZARCADAS1,Calz. De las Arcadas,19.364856,-99.220468,01,3229
010Z2A00-NUM89,# 89,19.364414,-99.223331,01,3230
010Z2A00-CALZCERRETAS1,Calz. De las Carretas,19.364842,-99.224632,01,3231
010Z2A00-CALZROMERIA1,Calz. De la Romeria,19.366185,-99.22341,01,3232
010Z2A00-CHARRERIA1,Charreria,19.367824,-99.221546,01,3233
010Z2A00-NACIMIENTO,Nacimiento,19.368357,-99.220029,01,3234
010Z2A00-BASEPLA,Base Plateros,19.369516,-99.218796,01,3235
010Z2A00-CHARRERIA2,Charreria,19.368169,-99.221144,01,3236
010Z2A00-CALZCARRETAS2,Calz. De las Carretas,19.367736,-99.222184,01,3237
010Z2A00-CALZROMERIA2,Calz. De la Romeria,19.366761,-99.222863,01,3238
010Z2A00-CALZARCADAS2,Calz. De las Arcadas,19.365241,-99.224668,01,3231
010Z2A00-NUM891,# 89,19.364305,-99.223269,01,3230
010Z2A00-TACUBA,Tacuba,19.365048,-99.199024,01,3239
010Z2A00-CALZLEONES5,Calz. De los Leones,19.364783,-99.196005,01,3240
010Z2A00-ETNA,Etna,19.363438,-99.195126,01,3241
010Z2A00-PERIFERICO3,Periferico,19.363492,-99.191799,01,803
010Z2A00-BARRMUERTO1,Barranca del Muerto,19.361475,-99.189397,01,3242
010Z2A00-CORREGIDORA,Corregidora,19.359498,-99.18965,01,3243
010Z2A00-SOFIA,Sofia,19.357758,-99.18983,01,3244
010Z2A00-ROBERBOCKER,Roberto Böcker,19.355121,-99.190127,01,3245
010Z2A00-TLACOPAC,Tlacopac,19.354086,-99.190287,01,3246
010Z2A00-MALUISA,Maria Luisa,19.351482,-99.19055,01,3247
010Z2A00-ALTAVISTA2,Altavista,19.34888,-99.190786,01,3248
010Z2A00-LASFLORES,Las Flores,19.347308,-99.19046,01,3249
010Z2A00-DRGALVEZ,Dr. Galvez,19.34404,-99.190437,01,3250
010Z2A00-BASEDRGALV,Base Dr. Galvez,19.343638,-99.190071,01,3251
010Z2B00-CDA5MAY,Cda. De 5 de Mayo,19.365324,-99.208963,01,3252
010Z2B00-LOMASANAHU1,Lomas de Anahuac,19.364462,-99.211289,01,3253
010Z2B00-TARANGOII2,Tarango II,19.36182,-99.21378,01,3254
010Z2B00-CONALEPOB,Conalep A. Obregon,19.360168,-99.216802,01,3255
010Z2B00-CDAOLMOS2,Cda. De los Olmos,19.359115,-99.218452,01,3256
010Z2B00-CIUDMADERA2,Ciudad Madera,19.358761,-99.220364,01,3257
010Z2B00-C6,C. 6,19.358916,-99.223103,01,3258
010Z2B00-WALMARTSUR,Walmart Centenario Sur,19.360854,-99.222165,01,3259
010Z2B00-BASEREDONDO,Base Llano Redondo,19.355863,-99.244581,01,3260
010Z2B00-AVCENTENARIO1,Av. Centenario,19.353636,-99.244231,01,3261
010Z2B00-PRINCIPAL,Principal,19.359126,-99.231913,01,3262
010Z2B00-FRACCTARANGO,Fraccionamiento Ex Hacienda Tarango,19.361209,-99.222443,01,3259
010Z2C00-CETRAMBAM1,Base CETRAM Barranca del Muerto,19.361767,-99.190016,01,3263
010Z2C00-ALPES,Alpes,19.362679,-99.191039,01,3264
010Z2C00-ALTTENS,Alta Tension,19.366457,-99.205041,01,3265
010Z2C00-LOMPLAT,Lomas de Plateros,19.366622,-99.209438,01,3266
010Z2C00-LOMANUE,Loma Nueva,19.365975,-99.215806,01,3267
010Z2C00-CDACENTENAR1,Cda. Centenario,19.364917,-99.218368,01,3268
010Z2C00-RINCONCENT1,Rinconada Centenario,19.363979,-99.222803,01,3269
010Z2C00-GARDENIA,Gardenia,19.361992,-99.225191,01,3270
010Z2C00-JOSEGALVEZM,Jose Galvez Moya,19.360848,-99.227597,01,3271
010Z2C00-GCARMONA,G. Carmona,19.359938,-99.229022,01,3272
010Z2C00-CARMADRAZ,Carlos A. Madrazo,19.360074,-99.230592,01,3273
010Z2C00-PRINCIPAL1,Principal,19.359364,-99.23178,01,3262
010Z2C00-ANGELREYES,Angel Reyes,19.35872,-99.23307,01,3274
010Z2C00-QUERETARO,Queretaro,19.357559,-99.235192,01,3275
010Z2C00-MARGARI,Margarita,19.356364,-99.237113,01,3276
010Z2C00-CPTOCEGUAYO,Cam. Puerto Ceguayo,19.356093,-99.239143,01,3277
010Z2C00-CUNO,C. Uno,19.355085,-99.241268,01,3278
010Z2C00-TENOCHT,Tenochtitlan,19.354409,-99.242654,01,3279
010Z2C00-LLANORED,Llano Redondo,19.35366,-99.244032,01,3261
010Z2C00-UNID3004,Unidad 3004,19.352557,-99.246542,01,3280
010Z2C00-UNID3002,Unidad 3002,19.351641,-99.248322,01,3281
010Z2C00-UNID2761,Unidad 2761,19.350791,-99.249447,01,3282
010Z2C00-TARANG1,Tarango I,19.349336,-99.25164,01,3283
010Z2C00-TEMIS1,Temis,19.348027,-99.253852,01,3284
010Z2C00-LAJOYA,La Joya,19.343683,-99.2573,01,3285
010Z2C00-BASEBOSQUES,Base Bosques,19.343249,-99.257256,01,3285
010Z2C00-TEMIS2,Temis,19.347934,-99.253754,01,3284
010Z2C00-TARANGO1,Tarango,19.349163,-99.251651,01,3283
010Z2C00-RANAREA,Rancho Arealco,19.350157,-99.249984,01,3286
010Z2C00-FRENT3004,Frente a 3004,19.351477,-99.248272,01,3281
010Z2C00-BANDAFAR,Banda Farfan,19.352476,-99.246369,01,3280
010Z2C00-CASABLCA,Casa Blanca,19.353244,-99.24468,01,3287
010Z2C00-ANAHUAC,Anahuac,19.354114,-99.24297,01,3279
010Z2C00-CMIXTECA,C. Mixteca,19.354812,-99.241475,01,3278
010Z2C00-PALMAS,Palmas,19.355832,-99.240462,01,3288
010Z2C00-GUAJIRAS1,Guajiras,19.35592,-99.238894,01,3277
010Z2C00-PIPITOS,Pipitos,19.356191,-99.237136,01,3276
010Z2C00-QUERETARO1,Queretaro,19.35744,-99.235091,01,3275
010Z2C00-ANGELREYES1,Angel Reyes,19.358482,-99.233188,01,3274
010Z2C00-AVNVOLEON,Av. Nuevo Leon,19.359929,-99.230511,01,3273
010Z2C00-PINO,Pino,19.359798,-99.228943,01,3272
010Z2C00-JOSEGALVEZM1,Jose Galvez Moya,19.36083,-99.227392,01,3271
010Z2C00-PROL5MAY,Prol. 5 de Mayo,19.361863,-99.225116,01,3270
010Z2C00-ISLASBERRY,Islas Berry,19.359225,-99.223978,01,3289
010Z2C00-CDMADERA,Ciudad Madera,19.358621,-99.220448,01,3257
010Z2C00-CDAOLMOS1,Cda. De los Olmos,19.358917,-99.218746,01,3256
010Z2C00-CONALOBREGON1,Conalep A. Obregon,19.360079,-99.216667,01,3255
010Z2C00-TARANGOII,Tarango II,19.361679,-99.213608,01,3254
010Z2C00-LOMASANAHUAC,Lomas de Anahuac,19.364584,-99.210969,01,3253
010Z2C00-5MAYO,5 de Mayo,19.365289,-99.208561,01,3252
010Z2C00-AVLUZFUER,Av. Luz y Fuerza,19.365274,-99.20485,01,3290
010Z2C00-AVREVOL,Av. Revolucion,19.362885,-99.189488,01,3291
010Z2C00-CETRAMBAM2,Base CETRAM Barranca del Muerto,19.361708,-99.19017,01,3263
010Z2D00-ANDES1,Andes,19.360656,-99.192304,01,3292
010Z2D00-CALZLEONES1,Calz. De los Leones,19.359876,-99.197391,01,3293
010Z2D00-LUISKUHNE,Luis Kuhne,19.359815,-99.200669,01,3294
010Z2D00-ALCANFORES1,Alcanfores,19.359774,-99.203118,01,3295
010Z2D00-ALFONCASDR1,Alfonso Caso Andrade,19.359686,-99.206344,01,3296
010Z2D00-MEDANOS,Medanos,19.357253,-99.206748,01,3297
010Z2D00-BARRPILAR,Barranca Pilares,19.354607,-99.206969,01,3298
010Z2D00-ROMFARRIL1,Romulo O' Farril,19.351939,-99.20731,01,3299
010Z2D00-CALZAGUILAS1,Calz. De las Aguilas,19.355071,-99.215143,01,3300
010Z2D00-CESCOLLO,C. Escollo,19.356018,-99.215972,01,3301
010Z2D00-6CDATARANG1,6a. Cerrada de Tarango,19.353709,-99.217555,01,3302
010Z2D00-ANDADOR6B1,Andador 6B,19.35316,-99.219918,01,3303
010Z2D00-ANDADOR12A,Andador 12,19.352311,-99.22229,01,3304
010Z2D00-CDAOYAMEL1,Cda. Oyamel,19.351348,-99.22495,01,3305
010Z2D00-BASETARANGO,Base Tarango,19.350644,-99.228588,01,3306
010Z2D00-CDAOYAMEL2,Cda. Oyamel,19.351275,-99.225054,01,3305
010Z2D00-ANDADOR12B,Andador 12,19.352271,-99.222171,01,3304
010Z2D00-ANDADOR6B2,Andador 6B,19.353101,-99.219985,01,3303
010Z2D00-6CDATARANG2,6a. Cerrada de Tarango,19.353584,-99.21766,01,3302
010Z2D00-CALZAGUILAS2,Calz. De las Aguilas,19.355578,-99.215558,01,3307
010Z2D00-TORRENTE1,Torrente,19.359501,-99.209187,01,3308
010Z2D00-ALFONCASDR2,Alfonso Caso Andrade,19.35961,-99.206699,01,3296
010Z2D00-LUISKHNE2,Luis Kuhne,19.359768,-99.200859,01,3294
010Z2D00-FUJIYAMA1,Fujiyama,19.362516,-99.200814,01,3309
010Z2D00-CALZLEONES2,Calz. De los Leones,19.362747,-99.196309,01,3310
010Z2E00-BASEPUENTCOL1,Base Puente Colorado,19.347607,-99.231567,01,3311
010Z2E00-LUISALCONED,Luis Alconedo,19.365739,-99.19069,01,3312
010Z2E00-TIZIANO1,Tiziano,19.374154,-99.191933,01,922
010Z2E00-BENVECELLINI,Benvenuto Cellini,19.375898,-99.191645,01,859
010Z2E00-CETRAMMIX1,Base CETRAM Mixcoac,19.375318,-99.18817,01,3313
010Z2E00-CETRAMIXC2,Base CETRAM Mixcoac,19.375636,-99.188036,01,3313
010Z2E00-TIZIANO2,Tiziano,19.373723,-99.188079,01,3314
010Z2E00-CATAÑEDA,La Castañeda,19.371002,-99.188365,01,3315
010Z2E00-MIGCABR,Miguel Cabrera,19.369445,-99.188534,01,3316
010Z2E00-MERCEDGOM,Merced Gomez,19.366813,-99.188842,01,3317
010Z2E00-JUANTINOCO,Juan Tinoco,19.364731,-99.189096,01,3318
010Z2E00-BARRMUERTO2,Barranca del Muerto,19.363205,-99.189236,01,3291
010Z2E00-BASEPUENTCOL2,Base Puente Colorado,19.347533,-99.233068,01,3319
010Z2F00-FUJIYAMA2,Fujiyama,19.36364,-99.195908,01,3320
010Z2F00-CONDOR1,Condor,19.362241,-99.196445,01,3321
010Z2F00-CALZAGUILAS3,Calz. De las Aguilas,19.360035,-99.197556,01,3293
010Z2F00-GUITIERREZAMO1,Gutierrez Zamora,19.35803,-99.198444,01,3322
010Z2F00-ESPIGONES1,Espigones,19.358122,-99.203012,01,3323
010Z2F00-ALFONCASDR1,Alfonso Caso Andrade,19.358321,-99.206409,01,3324
010Z2F00-TORRENTE2,Torrente,19.358811,-99.21007,01,3325
010Z2F00-ISLA1,Isla,19.357793,-99.213298,01,3326
010Z2F00-ROMFARRIL2,Romulo O' Farril,19.355646,-99.21548,01,3307
010Z2F00-4CDAAGUILAS,4ta. Cda. De Las Aguilas,19.353496,-99.216226,01,3327
010Z2F00-CERRO1,Cerro,19.351397,-99.218259,01,3328
010Z2F00-LLANURAS,Llanuras,19.350399,-99.221241,01,3329
010Z2F00-BAHIA,Bahia,19.349808,-99.223165,01,3330
010Z2F00-FRESNOS1,Fresnos,19.349314,-99.225331,01,3331
010Z2F00-JACARANDAS,Jacarandas,19.348667,-99.228456,01,3332
010Z2F00-PUENTEMETLAC1,Puente Metlac,19.348514,-99.230018,01,3333
010Z2F00-PUENTEMORA,Puente Moralillo,19.347949,-99.231583,01,3311
010Z2F00-PICAGREGOS,Picagregos,19.347372,-99.233903,01,3334
010Z2F00-PICAGREGOSII,Picagregos II,19.345789,-99.237932,01,3335
010Z2F00-SUPERVIAPONI1,Supervia Poniente,19.343992,-99.241385,01,3336
010Z2F00-GAVILANES1,Gavilanes,19.342689,-99.24463,01,3337
010Z2F00-TECOLOTES,Tecolotes,19.342162,-99.246405,01,3338
010Z2F00-BARRANCATARAN1,Barranca de Tarango,19.340552,-99.248665,01,3339
010Z2F00-URSUS1,Ursus,19.339838,-99.250211,01,3340
010Z2F00-PARQAXOMIATLI,Parque Axomiatla I,19.340951,-99.251967,01,3341
010Z2F00-PRAQAXOMIATLAII,Parque Axomiatla II,19.342185,-99.253711,01,3342
010Z2F00-LACUMBRE,La Cumbre,19.341879,-99.259366,01,3343
010Z2F00-REIMS,Reims,19.340796,-99.261524,01,3344
010Z2F00-CALZAGUILAS4,Calz. De las Aguilas,19.339673,-99.263836,01,3345
010Z2F00-3ACDATEP2,3ra. Cda. De Potrero de Tepito,19.337321,-99.268011,01,3346
010Z2F00-2ACDATEP1,2da. Cda. Torres de Tepito,19.335898,-99.269968,01,3347
010Z2F00-CDATORRTEP1,1a. Cda. Torres de Tepito,19.335285,-99.271337,01,3348
010Z2F00-TIANQUISC,Tianquiscoapan,19.334235,-99.272945,01,3349
010Z2F00-BASESNBART1,Base San Bartolo,19.332925,-99.274744,01,3350
010Z2F00-BASESNBART2,Base San Bartolo,19.332843,-99.274775,01,3350
010Z2F00-AGUATITLA,Aguatitla,19.334172,-99.272935,01,3349
010Z2F00-CDATORRTEP2,1a. Cda. Torres de Tepito,19.335173,-99.271315,01,3348
010Z2F00-2ACDATEP2,2da. Cda. Torres de Tepito,19.335715,-99.270057,01,3347
010Z2F00-3ACDATEP1,3ra. Cda. de Potrero de Tepito,19.337095,-99.268167,01,3346
010Z2F00-CALZAGUILAS5,Calz. De las Aguilas,19.339332,-99.26428,01,3351
010Z2F00-HAVRE,Havre,19.338637,-99.262048,01,3352
010Z2F00-NORMANDIA,Normandia,19.340131,-99.259991,01,3353
010Z2F00-CONDCIMA,Condominios La Cima,19.341635,-99.258225,01,3354
010Z2F00-CILIADA,C. Iliada,19.342044,-99.254385,01,3355
010Z2F00-PARQAXOMIATL,Parque Axomiatla,19.341513,-99.252527,01,3356
010Z2F00-URSUS2,Ursus,19.339588,-99.250873,01,3357
010Z2F00-BARRANCATARAN2,Barranca de Tarango,19.340608,-99.248281,01,3339
010Z2F00-HALCONES,Halcones,19.341952,-99.246564,01,3338
010Z2F00-GALVENES2,Gavilanes,19.342507,-99.244622,01,3337
010Z2F00-SUPERVIAPONT2,Supervia Poniente,19.343616,-99.241763,01,3358
010Z2F00-DEALBATROS,De los Albatros,19.345422,-99.238296,01,3359
010Z2F00-CORMORANES,De los Cormoranes,19.346762,-99.235643,01,3360
010Z2F00-CRIONAZAS,C. Rio Nazas,19.347741,-99.231749,01,3311
010Z2F00-PUENTEMETLAC2,Puente Metlac,19.34829,-99.230267,01,3333
010Z2F00-ALCANFORES,Alcanfores,19.34852,-99.228896,01,3332
010Z2F00-FRESNOS2,Fresnos,19.349125,-99.225702,01,3331
010Z2F00-3ERCDABAHIA,3ra. Cda. Bahia,19.349626,-99.223361,01,3330
010Z2F00-LLANURAS2,Llanuras,19.350212,-99.221425,01,3329
010Z2F00-CERRO2,Cerro,19.351348,-99.218085,01,3328
010Z2F00-SERRANIA,Serrania,19.3523,-99.216378,01,3361
010Z2F00-WALMAGUILAS,Walmart Las Aguilas,19.353766,-99.215985,01,3327
010Z2F00-ROMFARRIL3,Romulo O' Farril,19.355329,-99.215542,01,3307
010Z2F00-ISLA2,Isla,19.357559,-99.213525,01,3326
010Z2F00-MARISMA,Marisma,19.357823,-99.211664,01,3362
010Z2F00-TORRENTE3,Torrente,19.358048,-99.210004,01,3363
010Z2F00-ALFONCASDR412,Alfonso Caso Andrade,19.35814,-99.206776,01,3324
010Z2F00-ESPIGONES2,Espigones,19.357967,-99.203358,01,3323
010Z2F00-CALZLEONES3,Calz. De los Leones,19.357694,-99.198793,01,3221
010Z2F00-CALZAGUILAS6,Calz. De las Aguilas,19.359761,-99.197537,01,3293
010Z2F00-CETRAMIXC3,Base CETRAM Mixcoac,19.375294,-99.188488,01,3313
010Z2H00-MIGOCARA,Miguel Ocaranza,19.363897,-99.191957,01,3364
010Z2H00-ESTIO,Estio,19.364145,-99.193299,01,3365
010Z2H00-CALZLOENES4,Calz. De los Leones,19.364159,-99.195381,01,3366
010Z2H00-DIAGUITAS,Diaguitas,19.355427,-99.237776,01,3367
010Z2H00-BASEQUESO1,Base Queso,19.354362,-99.235761,01,3368
010Z2H00-BASEQUESO2,Base Queso,19.354585,-99.235704,01,3368
010Z2I00-TECNOAO1,Tecnologico AO,19.357431,-99.240065,01,3369
010Z2I00-BASECEHUAYO,Base Cehuayo,19.358406,-99.241681,01,3370
010Z2I00-AVROSAL,Av. Del Rosal,19.357109,-99.239937,01,3369
010Z2I00-PORTACENTENA,Portal Centenario,19.36276,-99.223825,01,3371
010Z2I00-RINCONCENT2,Rinconada Centenario,19.363797,-99.222884,01,3269
010Z2I00-MONTECARLO,Montecarlo,19.364585,-99.220686,01,3229
010Z2I00-CDCENTENAR2,Cda. Centenario,19.364833,-99.218118,01,3268
010Z2I00-LOMASANGEL3,Lomas del Angel,19.365826,-99.215762,01,3267
010Z2I00-LOMASDELANG,Loma del Angel,19.366552,-99.212955,01,3228
010Z2I00-LOMASANGEL2,Lomas de Plateros,19.366472,-99.209523,01,3266
010Z2I00-MEJIADELGAD,Mejia Delgado,19.366408,-99.207619,01,3227
010Z2J00-CETRAMTACUB,Base CETRAM Tacubaya,19.402597,-99.186714,01,3372
010Z2J00-ANTONMACEO,Antonio Maceo,19.4051,-99.185675,01,3373
010Z2J00-AVJOSEMARTI,Av. Jose Marti,19.403561,-99.18475,01,3374
010Z2J00-JOSEMARVIGIL,Jose Maria Vigil,19.401599,-99.184885,01,3375
010Z2J00-AVPARQUELIRA,Av. Parque Lira,19.400405,-99.184999,01,3376
010Z2J00-HEROES1810,Heroes de 1810,19.39782,-99.185243,01,3377
010Z2J00-11ABRIL,11 de Abril,19.396082,-99.185445,01,3378
010Z2J00-CALLE2,Calle 2,19.39273,-99.185826,01,3379
010Z2J00-SANPEDPINOS,San Pedro de los Pinos,19.391556,-99.185973,01,3380
010Z2J00-PERIFERICO1,Periferico,19.391179,-99.188613,01,3381
010Z2J00-JACOBCALLOB,Jacobo Callot,19.381558,-99.191946,01,3382
010Z2J00-BARRMUERTO3,Barranca del Muerto,19.363918,-99.191463,01,919
010Z2J00-TECNOAO2,Tecnologico AO,19.357798,-99.239371,01,3383
010Z2J00-URRACA1,Urraca,19.359697,-99.23718,01,3384
010Z2J00-MILANO,Milano,19.360433,-99.23545,01,3385
010Z2J00-CUCURU,Cucuru,19.361228,-99.233527,01,3386
010Z2J00-BASETEPEACA1,Base Tepeaca,19.362627,-99.236331,01,3387
010Z2J00-BASETEPEACA2,Base Tepeaca,19.362622,-99.236417,01,3387
010Z2J00-PRESA,Presa,19.362657,-99.233719,01,3388
010Z2J00-ABUBILLAS,Abubillas,19.362156,-99.233054,01,3389
010Z2J00-GERIFALTE,Gerifalte,19.36097,-99.234297,01,3390
010Z2J00-URRACA2,Urraca,19.35986,-99.236987,01,3384
010Z2J00-TECNOAO3,Tecnologico AO,19.357971,-99.239339,01,3383
010Z2J00-GUAJIRAS2,Guajiras,19.356163,-99.239317,01,3277
010Z2J00-IZTAPALAPA1,Iztapalapa,19.365211,-99.202292,01,3391
010Z2J00-ANDES2,Andes,19.363737,-99.193121,01,3365
010Z2J00-REMBRANDT,Rembrandt,19.381373,-99.191539,01,3382
010Z2J00-CALLE18,Calle 18,19.387469,-99.189827,01,925
010Z2J00-RIOBECERRA,Rio Becerra,19.393451,-99.188203,01,3392
010Z2J00-AVJALISCO,Av. Jalisco,19.397781,-99.189678,01,3393
010Z2J00-VIADUCTO,Viaducto,19.399479,-99.188785,01,3394
010Z2J00-MBTACUBA,MB Tacubaya,19.40186,-99.187435,01,3395
010Z2J00-CETRAMTACU2,Base CETRAM Tacubaya,19.402353,-99.186706,01,3372
01020A00-BASEBLVR1,Bulevar Puerto Aéreo BASE,19.420354,-99.095977,01,3396
01020A00-BASEBLVR2,Bulevar Puerto Aéreo BASE,19.420488,-99.096061,01,3396
01020A00-CIBAHSTABAR,Circuito Interior - Bahía de Santa Bárbara,19.434291,-99.171364,01,3397
01020A00-CICASTOMAS,Circuito Interior - Casco de Santo Tomas,19.452789,-99.163926,01,3398
01020A00-CICLZDMIST,Circuito Interior -Calzada de los Misterios,19.461662,-99.127236,01,3399
01020A00-CICLZGPE,Circuito Interior - Calzada de Guadalupe,19.461259,-99.126029,01,3400
01020A00-CIEJE1NTE1,Circuito Interior - Eje 1 Norte,19.448592,-99.164814,01,3401
01020A00-CIEJE1NTE2,Circuito Interior - Eje 1 Norte,19.447505,-99.16458,01,3402
01020A00-CIENCARORTIZ,Circuito Interior - Encarnación Ortiz,19.4637,-99.148416,01,3403
01020A00-CIFORMOSA,Circuito Interior - Formosa,19.44696,-99.088424,01,3404
01020A00-CIMTOCHAPU,Circuito Interior - Metro Chapultepec,19.419434,-99.177326,01,3405
01020A00-CINTE92,Circuito Interior - Norte 92,19.450719,-99.102843,01,3012
01020A00-CIOCEANLB,Circuito Interior - Metro Oceanía Línea B,19.445852,-99.086953,01,3406
01020A00-CIPAGANINI,Circuito Interior - Puente de Paganini,19.465121,-99.133452,01,3407
01020A00-CIRALBAH,Circuito Interior - Albahaca,19.46198,-99.160128,01,3408
01020A00-CIRAVMIST,Circuito Interior - Av. Misterios,19.461555,-99.128088,01,3409
01020A00-CIRBENHILL,Circuito Interior - Benjamín Hill,19.409051,-99.183438,01,3410
01020A00-CIRCHOPO,Circuito Interior -Chopo,19.462957,-99.152621,01,3411
01020A00-CIRCIPRES,Circuito Interior - Ciprés,19.463424,-99.155354,01,3412
01020A00-CIRCLINIMSS,Circuito Interior - Clínica del IMSS,19.422932,-99.09491,01,3413
01020A00-CIRCONST,Circuito Interior - Constituyentes,19.417219,-99.179167,01,3414
01020A00-CIRDIAZMIR,Circuito Interior - Díaz Mirón,19.449693,-99.164068,01,3415
01020A00-CIREDUMOL1,Circuito Interior - Metro Eduardo Molina,19.45105,-99.105048,01,3416
01020A00-CIREDUMOL2,Circuito Interior - Eduardo Molina,19.452662,-99.10943,01,3417
01020A00-CIREJE2NTE,Circuito Interior - Eje 2 Norte,19.459958,-99.162574,01,3418
01020A00-CIREJE2NTE1,Circuito Interior - Eje 2 Norte,19.458682,-99.162911,01,3419
01020A00-CIREJECENTR,Circuito Interior - Eje Central,19.465323,-99.137107,01,3420
01020A00-CIRFCOPIMEN,Circuito Interior - Fancisco Pimentel,19.44001,-99.167339,01,3421
01020A00-CIRFERRHGO,Circuito Interior - Ferrocarril Hidalgo,19.459801,-99.12305,01,3422
01020A00-CIRFLORIN,Circuito Interior - Florines,19.449917,-99.099141,01,3423
01020A00-CIRGRANCAN,Circuito Interior - Gran Canal,19.450442,-99.103374,01,3424
01020A00-CIRHOSPRAZ,Circuito Interior - Hospital de la Raza,19.464163,-99.14498,01,3425
01020A00-CIRIVSNCOSME,Circuito Interior - Rivera de San Cosme,19.443082,-99.165726,01,1476
01020A00-CIRJERICO,Circuito Interior - Jericó,19.451266,-99.093823,01,3426
01020A00-CIRJUANAC,Circuito Interior - Juanacatlán,19.412654,-99.181049,01,3427
01020A00-CIRLEIBNITZ,Circuito Interior - Leibnitz,19.42571,-99.176604,01,3428
01020A00-CIRMARNAC,Circuito Interior - Marina Nacional,19.435603,-99.169788,01,3429
01020A00-CIRMERTMIST,Circuito Interior - Metro Misterios,19.462946,-99.13045,01,3430
01020A00-CIRMETARAGO,Circuito Interior - Metro Aragón,19.451006,-99.096222,01,3431
01020A00-CIRMETOCEA,Circuito Interior - Metro Oceanía,19.444987,-99.087116,01,3432
01020A00-CIRMETRARG,Circuito Interior - Metro Aragón,19.451429,-99.09643,01,3433
01020A00-CIRMORE,Circuito Interior - Morelos,19.439861,-99.085459,01,3434
01020A00-CIRMTOEDUMOL,Circuito Interior - Metro Eduardo Molina,19.451588,-99.105187,01,3011
01020A00-CIRMTOJUANA,Circuito Interior - Metro Juanacatlán,19.412782,-99.181693,01,941
01020A00-CIRMTROCEAL5,Circuito Interior - Metro Oceanía L5,19.445075,-99.086605,01,3435
01020A00-CIRNTE13,Circuito Interior - Norte 13,19.425923,-99.09328,01,3436
01020A00-CIRNTE29,Circuito Interior - Norte 29,19.431836,-99.089954,01,3437
01020A00-CIRNTE3,Circuito Interior - Norte 3,19.423775,-99.094439,01,3438
01020A00-CIRNTE33,Circuito Interior - Norte 33,19.43363,-99.088997,01,3439
01020A00-CIROTE35,Circuito Interior - Oriente 35,19.437403,-99.086609,01,3440
01020A00-CIRPEKIN,Circuito Interior - Pekín,19.449854,-99.091524,01,3441
01020A00-CIRPINE,Circuito Interior - Pino,19.463157,-99.153955,01,3442
01020A00-CIRRIOTIBER,Circuito Interior - Río Tíber,19.433878,-99.170896,01,3443
01020A00-CIRSANDALO,Circuito Interior -Sándalo,19.463209,-99.148218,01,3444
01020A00-CIRTAMAG,Circuito Interior - Tamagno,19.464684,-99.133488,01,3407
01020A00-CIRTATZAYA,Circuito Interio - Atzayacatl,19.439555,-99.168081,01,3445
01020A00-CIRTAVEDUMOL,Circuito Interior - Av Eduardo Molina,19.452719,-99.108314,01,3446
01020A00-CIRTAVJARD,Circuito Interior - Av Jardín,19.464175,-99.156899,01,3447
01020A00-CIRTAVPEÑ,Circuito Interior - Av. del Peñón,19.437213,-99.086164,01,3448
01020A00-CIRTCIPRES,Circuito Interior - Ciprés,19.463758,-99.154708,01,3449
01020A00-CIRTCONGUNI1,Circuito Interior - Congreso de la Unión,19.455738,-99.114774,01,3450
01020A00-CIRTCONGUNI2,Circuito Interior - Congreso de la Unión,19.455862,-99.113916,01,3451
01020A00-CIRTERMIAEREA,Circuito Interior -Metro Terminal Aérea,19.433894,-99.088201,01,3452
01020A00-CIRTETELAOR,Circuito Interior - Tetela del Oro,19.45682,-99.116076,01,3453
01020A00-CIRTFERRHGO,Circuito Interior - Ferrocarril Hidalgo,19.459849,-99.121798,01,3454
01020A00-CIRTFLORMAG,Circuito Interior - Flores Magón,19.455449,-99.163576,01,3455
01020A00-CIRTGUAYABO,Circuito Interior - Guayabo,19.463415,-99.152691,01,3456
01020A00-CIRTHOSPRAZA,Circuito Interior - Hospital la Raza,19.464543,-99.145524,01,3457
01020A00-CIRTINAV535,Circuito Interior - Av 535,19.449851,-99.090845,01,3458
01020A00-CIRTINTCHELI,Circuito Interior - Chelines,19.450262,-99.099506,01,3459
01020A00-CIRTINTNTE13,Circuito Interior - Norte 13,19.425264,-99.093136,01,3460
01020A00-CIRTINTRUBLOS,Circuito Interior - Rublos,19.452056,-99.094506,01,3461
01020A00-CIRTLIRIO,Circuito Interior - Lirio,19.461596,-99.160847,01,3462
01020A00-CIRTMANUCARP,Circuito Interior - Manuel Carpio,19.451477,-99.164015,01,3463
01020A00-CIRTMETCONSU,Circuito Interior - Metro Consulado,19.454851,-99.113637,01,3464
01020A00-CIRTMETRMIST,Circuito Interior- Metro Misterios,19.463349,-99.130243,01,3430
01020A00-CIRTMTOVALLGMZ,Circuito Interior - Metro Valle Gómez,19.458941,-99.118996,01,3465
01020A00-CIRTMTROCONSU,Circuito Interior - Metro Consulado,19.455071,-99.112942,01,3466
01020A00-CIRTNTE17,Circuito Interior - Norte 17,19.42779,-99.092228,01,3467
01020A00-CIRTNTE180,Circuito Interior - Norte 180,19.442719,-99.086077,01,3468
01020A00-CIRTNTE25,Circuito Interior - Norte 25,19.430299,-99.090805,01,3469
01020A00-CIRTNTE58A,Circuito Interior - Norte 58-A,19.457238,-99.115642,01,3470
01020A00-CIRTNTE74,Circuito Interior - Norte 74,19.453804,-99.110429,01,3471
01020A00-CIRTPLZGALE,Circuito Interior - Plaza Galerías,19.435673,-99.170454,01,3472
01020A00-CIRTRENAN,Circuito Interior - Renan,19.431844,-99.172907,01,3473
01020A00-CIRTRIOBALS,Circuito Interior - Río Balsas,19.430965,-99.172659,01,3474
01020A00-CIRTRIODUERO,Circuito Interior - Río Duero,19.428382,-99.174285,01,3475
01020A00-CIRTSDIAZMIRO,Circuito Interior - S. Díaz Mirón,19.450439,-99.164486,01,3476
01020A00-CIRTSIBE,Circuito Interior - Siberia,19.440535,-99.085723,01,3477
01020A00-CIRTTHEIRS,Circuito Interior - Thiers,19.429925,-99.173902,01,3478
01020A00-CIRTVALLGMZ,Circuito Interior - Metro Valle Gómez,19.458644,-99.119489,01,3479
01020A00-CIRVICEEGUIA,Circuito Interior - Vicente Eguía,19.408552,-99.18414,01,938
01020A00-CIRVICHUG,Circuito Interior - Víctor Hugo,19.428502,-99.174763,01,3480
01020A00-CITERMAEREA,Circuito Interior - Metro terminal Aérea,19.435175,-99.088108,01,3481
01020A00-CLZGPE,Circuito Interior - Calzada Guadalupe,19.460799,-99.126053,01,3482
01020B00-BEETHCONSTA,Beethoven - Constantino,19.460459,-99.131277,01,3483
01020B00-BEETHEJECEN,Beethoven - Eje Central,19.461625,-99.137435,01,3484
01020B00-BEETHTETRAZZIN,Beethoven - Tetrazzini,19.46097,-99.133082,01,3485
01020B00-CALZVALLMARTINE,Calzada Vallejo - Martinelli,19.461042,-99.140798,01,3486
01020B00-CLZMIST,Beethoven - Calzada de los Misterios,19.459443,-99.128089,01,3487
01020B00-JUVERCALZMIST,Juventino Rosas - Calzada de los Misterios,19.457388,-99.129454,01,3488
01020B00-JUVERCONST,Juventino Rosas - Constantino,19.458455,-99.13241,01,3489
01020B00-JUVEROSEJECENT,Juventino Rosas - Eje Central,19.460137,-99.137942,01,301
01020B00-JUVRCALZGPE,Juventino Rosas - Calzada de Guadalupe,19.457006,-99.128405,01,3490
01020B00-MELLPLATINO,Mellado - Platino,19.456731,-99.125153,01,3491
01020B00-MERCBEETH,Beethoven - Mercado Beethoven,19.46002,-99.130017,01,3492
01020B00-PLACONGRUNION,Platino - Congreso de la Union,19.453706,-99.115248,01,2907
01020B00-PLATCALZGPE,Platino - Calzada de Guadalupe,19.457659,-99.127512,01,3493
01020B00-PLATFERRHGO1,Platino - Ferrocarril Hidalgo,19.456699,-99.1243,01,3494
01020B00-PLATFERRHGO2,Platino - Ferrocarril Hidalgo,19.456658,-99.124637,01,3494
01020B00-PLATICALLES,Platino - Parque Plutarco Elias Calles,19.454911,-99.1192,01,2941
01020B00-PLATIMELLADO,Platino - Mellado,19.456889,-99.12493,01,3491
01020C00-ANTOVALPINO,Antonio Valeriano -Pino,19.468447,-99.152499,01,3495
01020C00-ANTVAL26,Antonio Valeriano - Calle 26,19.468026,-99.148965,01,3496
01020C00-ANTVAL30,Antonio Valeriano - Calle 30,19.467845,-99.146593,01,3497
01020C00-ANTVALCALZVALL,Antonio Valeriano - Calzada Vallejo,19.467127,-99.144031,01,3498
01020C00-ANTVALCIPRES1,Antonio Valeriano - Ciprés,19.46837,-99.153943,01,3499
01020C00-ANTVALCIPRES2,Antpnio Valeriano - Ciprés,19.468284,-99.154298,01,3499
01020C00-ANTVALGERANIO,Antonio Valeriano - Geranio,19.46782,-99.149365,01,3496
01020C00-ANTVALPARQJARD,Antonio Valeriano - Parque Jardín,19.468951,-99.159046,01,3500
01020C00-ANTVALPINO,Antonio Valeriano - Pino,19.468095,-99.151824,01,3501
01020C00-ANTVALQUICHES,Antonio Valeriano - Quiches,19.467536,-99.146987,01,3502
01020C00-ANTVALSABINO1,Antonio Valeriano - Sabino,19.468689,-99.156685,01,3503
01020C00-ANTVALSABINO2,Antonio Valeriano - C. Sabino,19.468594,-99.157025,01,3503
01020C00-ANTVALVALLE,Antonio Valeriano - Vallejo,19.467551,-99.144261,01,3504
01020C00-AVJARDVOCA6,Av. Jardin - Voca 6,19.467375,-99.159452,01,3505
01020C00-AVJARDVOCA60,Av.Jardin - Voca 6,19.466957,-99.15917,01,3506
01020C00-BAJOPUENTE,Ciudad Jardin - Bajo Puente,19.463782,-99.159103,01,3507
01020C00-CALZVALLGODARD,Calzada Vallejo - Godard,19.470241,-99.144588,01,3508
01020C00-CETRAMRAZABAS,CETRAM La Raza BASE,19.468165,-99.14022,01,3509
01020C00-GODRLEOPOLAUER,Godard - Leopoldo Auer,19.470295,-99.142089,01,3510
01020C00-PARJARDIN,Av. Jardin - Parque Jardín,19.468749,-99.159158,01,3500
01020D00-CETRAMRAZA,CETRAM La Raza BASE,19.46991,-99.137226,01,3511
01020D00-CETRAMRAZAINS,Insurgentes - CETRAM La Raza,19.468175,-99.138763,01,3512
01020D00-INSURCIRINTER,Insurgentes - Circuito Interior,19.465431,-99.138665,01,3513
01020D00-INSURGCIRCVE,Insurgentes - Clave,19.46617,-99.140738,01,3514
01020D00-MEYERINSUR,Meyerbeer - Insurgentes,19.468099,-99.138238,01,3515
01021A00-CIMARTIRES,Circuito Interior y Martires de la Conquista,19.400696,-99.179644,01,3516
01021A00-CINTBFRANK,Circuito Interior y Benjamin Franklin,19.405363,-99.177961,01,3517
01021A00-CIRINT11ABR,Circuito Interior y 11 de Abril,19.396911,-99.180866,01,3518
01021A00-CIRINT13SEP,Circuito Interior y 13 de Septiembre,19.398952,-99.180266,01,3519
01021A00-CIRINTCALL17,Circuito Interior y calle 17,19.388565,-99.182298,01,3520
01021A00-CIRINTCALL21,Circuito Interior y Calle 21,19.387114,-99.182472,01,3521
01021A00-CIRINTCALL9,Circuito Interior y Calle 9,19.391067,-99.182006,01,3522
01021A00-CIRINTEMPR,Circuito Interior y Empresa,19.376022,-99.186562,01,3523
01021A00-CIRINTGOYA,Circuito Interior y Goya,19.373995,-99.186986,01,3524
01021A00-CIRINTHOLB,Circuito Interior Y Holbein,19.38075,-99.184738,01,3525
01021A00-CIRINTINEGI,Circuito Interior e INEGI,19.379476,-99.185279,01,3526
01021A00-CIRINTMAZA,Circuito Interior y Mazatlán,19.40897,-99.179713,01,3527
01021A00-CIRINTPROG,Circuito Interior y Progreso,19.404288,-99.178352,01,3528
01021A00-CIRINTRUBE,Circuito Interior y Rubens,19.378287,-99.185745,01,3529
01021A00-CIRINTSNANT,Circuito Interior y San Antonio,19.385004,-99.183016,01,3530
01021A00-CIRINTTINTO,Circuito Interior y Tintoreto,19.383585,-99.183605,01,3531
01021A00-CIRJOSEMAR,Circuito Interior y José Martí,19.402539,-99.178957,01,3532
01021A00-CIRPUENTMORE,Circuito Interior y Puente la Morena,19.395176,-99.181315,01,3533
01021A00-CITAMA,Circuito Interior y Tamaulipas,19.406679,-99.178349,01,3534
01021A00-MAZAGUSMELG,Mazatlán y Agustín Melgar,19.417792,-99.174933,01,3535
01021A00-MAZAJUAESCU,Mazatlán y Juan Escutia,19.415414,-99.17624,01,3536
01021A00-MAZALFREY,Mazatlán y Alfonso Reyes,19.409825,-99.179435,01,3537
01021A00-MAZAMICHO,Mazatlán y Michoacán,19.41124,-99.178638,01,3538
01021A00-MAZAVICSUAR,Mazatlán y Vicente Suárez,19.412676,-99.177836,01,3539
01021A00-REVANDCONCH,Revolución y Andrés de la Concha,19.368737,-99.188308,01,3540
01021A00-REVBARRMUERT,Revolución y Metro Barranca del Muerto,19.361539,-99.189069,01,3242
01021A00-REVDIEGBE,Revolución y Diego Becerra,19.366591,-99.188561,01,3317
01021A00-REVDRGALV,Revolución y Dr. Gálvez,19.344284,-99.190093,01,3250
01021A00-REVEJE10SUR,Revolución y Eje 10 sur,19.338369,-99.192223,01,3541
01021A00-REVFELIVILLNUE,Revolución y Felipe Villa Nueva,19.360127,-99.189276,01,3542
01021A00-REVFERNVILLA,Revolución y Fernando Villalpando,19.353586,-99.190031,01,3543
01021A00-REVJOSCAST,Revolución y José del Castillo,19.37203,-99.187747,01,3544
01021A00-REVJOSMARVEL,Revolución y José María Velazco,19.364239,-99.188859,01,3545
01021A00-REVLOSJUAR,Revolución y Los Juárez,19.370662,-99.188093,01,3315
01021A00-REVMARILUIS,Revolución y María Luisa,19.351032,-99.190317,01,3546
01021A00-REVOLSOFIA,Revolución y Sofía,19.357153,-99.189607,01,3547
01021A00-REVOLYCAUAH,Revolución y Cuauhtémoc,19.341657,-99.190843,01,3548
01021A00-REVRICARCAST,Revolución y Ricardo Castro,19.355672,-99.189783,01,3549
01021A00-REVYALTA,Revolución y Altamirano,19.339589,-99.191635,01,3550
01021A01-CIRINTBFRANK,Circuito Interior y Benjamin Franklin,19.408557,-99.184141,01,938
01021A01-CLIN4Y8BASE,Clínica 4 y 8 (BASE),19.335812,-99.201395,01,3551
01021A01-EJE10SURDONG,Eje 10 sur y Donato Guerra,19.33824,-99.195371,01,3552
01021A01-EJE10SURIGLE,Eje 10 sur e Iglesia,19.337046,-99.198364,01,3553
01021A01-REVALTAM,Revolución y Altamirano,19.340503,-99.191576,01,3554
01021A01-REVANDRECAST,Revolución y Andrea del Castagno,19.383359,-99.186933,01,3555
01021A01-REVBARRMUER,Revolución y Metro Barranca del Muerto,19.361913,-99.189378,01,3242
01021A01-REVCORREG,Revolución y Corregidora,19.360291,-99.189601,01,3542
01021A01-REVCUAU,Revolución y Cuauhtémoc,19.342502,-99.19089,01,3556
01021A01-REVEJE10SUR,Revolución y Eje 10 sur,19.339066,-99.192122,01,3557
01021A01-REVLMTRMIXC,Revolución y Metro Mixcoac,19.376638,-99.187756,01,3558
01021A01-REVOLCALL10,Revolución y Calle 10,19.389362,-99.186246,01,3559
01021A01-REVOLCALL22,Revolución y Calle 22,19.386139,-99.186614,01,3560
01021A01-REVOLMURRIL,Revolución y Murrillo,19.37919,-99.18742,01,3561
01021A01-REVOREMBRA,Revolución y Rembrandt,19.381307,-99.18713,01,3562
01021A01-REVPROGRES,Revolución y Progreso,19.406547,-99.184523,01,3563
01021A01-REVSNANTONIO,Revolución y San Antonio,19.384405,-99.186805,01,3564
01021B00-CINTAGUSMELG,Circuito Interior y Agustín Melgar,19.41905,-99.177482,01,3405
01021B00-CINTFCOMARQ,Circuito Interior y Francisco Márquez,19.412652,-99.181093,01,3427
01021B01-ESTADIOCU,Estadio CU (BASE),19.334221,-99.190992,01,3565
01021B01-REVSNJERON,Revolución y Puente San Jerononimo,19.337238,-99.193366,01,3566
01021D00-ALTALORETO,Altamirano y Loreto,19.339787,-99.192336,01,3567
01021D00-BARRMUREV,Barranca del Muerto y Revolución,19.363147,-99.188759,01,1865
01021D00-BARRMUSHZ,Barranca del Muerto y Tiburcio Sánchez,19.36337,-99.190016,01,3568
01021D00-C10CAMREATOL,Calle 10 y Camino Real a Toluca,19.390711,-99.201533,01,3569
01021D00-C10CTROSOC,Calle 10 y Centro Social,19.390216,-99.195554,01,3570
01021D00-CALL10CANA,Calle 10 y Canario,19.389989,-99.194104,01,3571
01021D00-CALL4GRUTAS,Calle 4 y Grutas,19.391163,-99.18992,01,3572
01021D00-CENTRLTOLT,Central y Toltecas,19.390555,-99.192347,01,3573
01021D00-CETRAMOBSERV,CETRAM Observatorio,19.39874,-99.200906,01,3574
01021D00-FERRVALLALPI,Ferrocarril del Valle y Alpina,19.33933,-99.197004,01,3575
01021D00-FERRVALLCAMP,Ferrocarril del Valle y Campamento,19.340075,-99.194984,01,3576
01021D00-HGOCUAU,Miguel Hidalgo y Cuauhtémoc,19.337914,-99.199719,01,3577
01021D00-JOSEMAVSAGR,José María Velazco y Sagredo,19.36448,-99.187934,01,3578
01021D00-PERISNANT,Periférico y San Antonio,19.384332,-99.190923,01,3579
01021D00-SGREDPLATER,Sagredo y Plateros,19.363637,-99.187991,01,3580
01021D00-SUR122MINAREN,Sur 122 y Minas de Arena,19.398771,-99.198987,01,3581
01021D01-MINARENARET,Minas de Arena y Retorno,19.396984,-99.204044,01,3582
01021D01-PERIROSTREP,Periférico y Rosa Trepadora,19.372042,-99.191987,01,3583
01021D01-PERISNANTONIO,Periférico y San Antonio,19.3854,-99.190938,01,3584
01021D01-PERITINOCO,Periférico y Juan Tinoco,19.364955,-99.191245,01,3585
01021D01-RIOTACANA,Rio de Tacubaya y Canario,19.399359,-99.192888,01,928
01021D01-RIOTACCISN,Rio de Tacubaya y Cisne,19.397931,-99.196629,01,3586
01021D01-RIOTACFAISA,Rio de Tacubaya y Faisán,19.399077,-99.194971,01,3587
01022A00-BASEMIXC,Mixcoac BASE,19.369987,-99.184432,01,3588
01022A00-RIOCEJE6SUR2,Rio Churubusco y Eje 6 Sur,19.372329,-99.103133,01,3589
01022A00-RIOCEJECENTR,Rio Churubusco y Eje Central,19.357926,-99.152835,01,3590
01022A00-RIOCELECTRICIS,Rio Churubusco y Electricistas,19.374572,-99.102403,01,3591
01022A00-RIOCERMIZTAP,Rio Churubusco y Av. Ermita Iztapalapa,19.358907,-99.131378,01,3592
01022A00-RIOCFILIPINAS,Rio Churubusco y Filipinas,19.357749,-99.149509,01,3593
01022A00-RIOCFISCALES,Rio Churubusco y Fiscales,19.370102,-99.113606,01,3594
01022A00-RIOCHAGTZ,Rio Churubusco y Agustín Gutiérrez,19.358367,-99.160875,01,3595
01022A00-RIOCHANDMO,Rio Churubusco y Andrés Molina Enríquez,19.361612,-99.129772,01,3596
01022A00-RIOCHANTILLAS,Rio Churubusco y Antillas,19.357514,-99.144917,01,3597
01022A00-RIOCHAÑIL,Rio Churubusco y Añil,19.403172,-99.098375,01,3598
01022A00-RIOCHAPATLA,Rio Churubusco y Canal de Apatlaco,19.380609,-99.101551,01,3599
01022A00-RIOCHAUDI,Rio Churubusco y Auditores,19.370206,-99.11173,01,3600
01022A00-RIOCHAVENA,Rio Churubusco y Avena,19.401894,-99.09855,01,3601
01022A00-RIOCHAVGIRA,Rio Churubusco y Av. Girasol,19.383606,-99.10113,01,3602
01022A00-RIOCHAVMEX,Rio Churubusco y Av. México,19.359012,-99.170155,01,3603
01022A00-RIOCHAVSIN,Rio Churubusco y Av. Sinatel,19.364796,-99.127844,01,3604
01022A00-RIOCHBEL,Rio Churubusco y Bélgica,19.357618,-99.147056,01,3605
01022A00-RIOCHCAFETAL,Rio Churubusco y Cafetal,19.39905,-99.098947,01,3606
01022A00-RIOCHCALZVIGA,Rio Churubusco y Calzada de la Viga,19.369628,-99.121998,01,3607
01022A00-RIOCHCIRUJA,Rio Churubusco y Cirujanos,19.369879,-99.117505,01,3608
01022A00-RIOCHCTROCOM,Rio Churubusco y  Centro Comercial,19.381771,-99.101385,01,3609
01022A00-RIOCHDIVNTE,Rio Churubusco y División del Norte,19.357986,-99.154109,01,3610
01022A00-RIOCHFINLAY,Rio Churubusco y Carolos Juan Finlay,19.387962,-99.10072,01,3611
01022A00-RIOCHINSTDEP,Rio Churubusco y Alberca-Instituto del Deporte,19.358036,-99.156003,01,3612
01022A00-RIOCHOTE106,Rio Churubusco y Oriente 106,19.392637,-99.100257,01,3613
01022A00-RIOCHOTE112,Rio Churubusco y Oriente 112,19.390377,-99.100482,01,3614
01022A00-RIOCHOTE114,Rio Churubusco y Oriente 114,19.389886,-99.10053,01,3615
01022A00-RIOCHOTE116,Rio Churubusco y Oriente 116,19.389045,-99.100616,01,3616
01022A00-RIOCHPECALLES1,Rio churubusco y Plutarco Elías Calles,19.396496,-99.099318,01,3617
01022A00-RIOCHPECALLES2,Rio Churubusco y Plutarco Elías Calles,19.357293,-99.139559,01,3618
01022A00-RIOCHSUR73A,Rio Churubusco y Sur 73-A,19.356937,-99.134283,01,3619
01022A00-RIOCHTEZONT,Rio Churubusco y Canal de Tezontle,19.38632,-99.100749,01,3620
01022A00-RIOCHUAZAF,Rio Churubusco y Azafrán,19.40098,-99.098676,01,3621
01022A00-RIOCHURECR,Rio Churubusco  y Recreo,19.393445,-99.100163,01,3622
01022A00-RIOCHVETER,Rio Churubusco y Veterinarios,19.369787,-99.118973,01,3623
01022A00-RIOCJUECES,Rio Churubusco y Jueces,19.370001,-99.115288,01,3624
01022A00-RIOCMEXCOY,Rio Churubusco y México Coyoacán,19.358509,-99.163122,01,3625
01022A00-RIOCMONTOCA,Rio Churubusco y Montes de Oca,19.358204,-99.15792,01,3626
01022A00-RIOCPURISI,Rio Churubusco y Av. Purísima,19.378688,-99.101822,01,3627
01022A00-RIOCRETOÑO,Rio Churubusco y Retoño,19.368734,-99.12537,01,3628
01022A00-RIOCSANFELIP,Rio Churubusco y San Felipe,19.358722,-99.167029,01,3629
01022A00-RIOCUNI,Rio Churubusco y Universidad,19.359687,-99.171482,01,3630
01022A00-RIOCYUCATAN,Rio Churubusco y Yucatán,19.371312,-99.104474,01,3631
01022A00-RIOMIXBMUERTO,Rio Mixcoac y Barranca del Muerto,19.36519,-99.177552,01,1861
01022A00-RIOMIXCALLE2,Rio Mixcoac y Calle 2,19.362348,-99.174547,01,3632
01022A00-RIOMIXGALIX,Rio Mixcoac y Galicia,19.369839,-99.183312,01,3633
01022A00-RIOMIXINSUR,Rio Mixcoac y Insurgentes,19.367548,-99.180016,01,3634
01022A00-RIOMIXMORAS,Rio Mixcoac y Moras,19.364061,-99.176374,01,3635
01022A00-RIOMIXPATRIO,Rio Mixcoac y Patriotismo,19.372486,-99.187071,01,3636
01022A00-RIOMIXPMANACAR,Rio Mixcoac y Plaza Manacar,19.368852,-99.181809,01,3637
01022A00-RIOMIXREVOL,Rio Mixcoac y Revolución,19.372711,-99.187643,01,3638
01022A00-RIOMIXRSARO,Rio Mixcoac y Rodríguez Saro,19.366301,-99.178652,01,3639
01022A00-RIOMIXSIMONB,Rio Mixcoac y Simón Bolívar,19.371559,-99.185934,01,3640
01022A01-RIOAVENA2,Rio Churubusco y Avena,19.401609,-99.097761,01,3641
01022A01-RIOC105A,Rio Churubusco y Sur 105-A,19.369311,-99.117085,01,3642
01022A01-RIOC107A,Rio Churubusco y Sur 107-A,19.369372,-99.11611,01,3643
01022A01-RIOCALDAMA,Rio Churubusco y Aldama,19.3581,-99.165116,01,3644
01022A01-RIOCAÑOJUAR,Rio Churubusco y Año de Juárez,19.370372,-99.104901,01,3645
01022A01-RIOCAVMEX,Rio Churubusco y Av. México,19.358606,-99.170576,01,3646
01022A01-RIOCCALZVIG2,Rio Churubusco y Calzada de la Viga,19.368955,-99.122833,01,3647
01022A01-RIOCCENTE,Rio Churubusco y Centenario,19.358033,-99.163786,01,3648
01022A01-RIOCCNA,Rio Churubusco y CNA,19.35662,-99.141217,01,3649
01022A01-RIOCCORINA,Rio Churubusco y Corina,19.357531,-99.154589,01,3650
01022A01-RIOCDIPL,Rio Churubusco y Diplomaticos,19.376968,-99.101233,01,3651
01022A01-RIOCDIVNTE,Rio Churubusco y División del Norte,19.357471,-99.153408,01,3652
01022A01-RIOCEJE6SUR,Rio Churubusco y Eje 6 sur,19.371713,-99.102913,01,3653
01022A01-RIOCESTETAS,Rio Churubusco y Estetas,19.375909,-99.101372,01,3654
01022A01-RIOCEXHAGPE,Rio Churubusco y Ex Hacienda de Guadalupe,19.361698,-99.128938,01,3655
01022A01-RIOCFCOMORAZAN,Rio Churubusco y Francisco Morazán,19.416631,-99.097838,01,1054
01022A01-RIOCGMZFARIAS,Rio Churubusco y Gómez Farías,19.357863,-99.160681,01,3656
01022A01-RIOCGRALANAYA,Rio Churubusco y General Anaya -Tlalpan,19.357042,-99.145665,01,3657
01022A01-RIOCHABSO,Rio Churubusco y Abasolo,19.357923,-99.162073,01,3658
01022A01-RIOCHAPATL,Rio Churubusco y Canal de Apatlaco,19.380073,-99.100792,01,3659
01022A01-RIOCHAVTE,Rio Churubusco y Av. TE,19.396109,-99.098521,01,3660
01022A01-RIOCHCAFETAL,Rio Churubusco y Cafetal,19.398692,-99.098164,01,3661
01022A01-RIOCHCALL11,Rio Churubusco y Calle 11,19.412021,-99.097485,01,3662
01022A01-RIOCHCALL5,Rio Churubusco y Calle 5,19.414027,-99.097792,01,3663
01022A01-RIOCHCENTRONAL,Rio Churubusco y Centro Nacional,19.356603,-99.140208,01,3664
01022A01-RIOCHCORINA,Rio Churubusco y Privada Corina,19.357653,-99.156829,01,3665
01022A01-RIOCHGRALRADAM,Rio Churubusco y General Radamés Gaxiola,19.369563,-99.112515,01,3666
01022A01-RIOCHIZTAP,Rio Churubusco y Ermita Iztapalapa,19.358437,-99.131016,01,3667
01022A01-RIOCHLENINDIG,Rio churubusco y Lenguas Indígenas,19.382393,-99.100466,01,3668
01022A01-RIOCHMATAMOROS,Rio Churubusco y Mariano Matamoros,19.358337,-99.16924,01,3669
01022A01-RIOCHNEUMATOL,Rio Churubusco y Neumatologos,19.374659,-99.10154,01,3670
01022A01-RIOCHOLANDA,Rio Churubusco y Holanda,19.357122,-99.147839,01,3671
01022A01-RIOCHOTE,Rio Churubusco y Oriente,19.394605,-99.09875,01,3672
01022A01-RIOCHOTE106,Rio churubusco y Oriente 106,19.392303,-99.099026,01,3673
01022A01-RIOCHOTE112,Rio Churubusco y Oriente 112,19.390095,-99.099233,01,3674
01022A01-RIOCHOTE116,Rio Churubusco y Oriente 116,19.388729,-99.099383,01,3675
01022A01-RIOCHOTE160,Rio Churubusco y Oriente 160,19.365411,-99.126703,01,3676
01022A01-RIOCHTEZON,Rio Churubusco y Canal de Tezontle,19.385072,-99.100096,01,3677
01022A01-RIOCHXICO,Rio Churubusco y Xicoténcatl,19.357185,-99.149075,01,3678
01022A01-RIOCIMSS10,Rio Churubusco y IMSS 10,19.369044,-99.121044,01,3679
01022A01-RIOCMIRAMONT,Rio Churubusco y Miramontes,19.356256,-99.135198,01,3680
01022A01-RIOCOSAMAY,Rio Churubusco y Osa Mayor,19.356953,-99.132153,01,3681
01022A01-RIOCPREPA2,Rio Churubusco y Prepa 2,19.383598,-99.100287,01,3682
01022A01-RIOCPURISIMA,Rio Churubusco y Purísima,19.377939,-99.101095,01,3683
01022A01-RIOCRTNO110,Rio Churubusco y Rtno 110,19.368307,-99.124809,01,3684
01022A01-RIOCRTNO206,Rio Churubusco y Rtno 206,19.362353,-99.12854,01,3685
01022A01-RIOCSNPEDRO,Rio Churubusco y San Pedro,19.357724,-99.158171,01,3686
01022A01-RIOCSUR101A,Rio Churubusco y Sur 101-A,19.369165,-99.119188,01,3687
01022A01-RIOCSUR103,Rio Churubusco y Sur 103,19.369267,-99.11783,01,3688
01022A01-RIOMIXANGEL,Rio Mixcoac y Del Ángel,19.369582,-99.183805,01,3689
01022A01-RIOMIXBARRMUE,Rio Mixcoac y Barranca del Muerto,19.365172,-99.17811,01,1827
01022A01-RIOMIXMANZA,Rio Mixcoac y Manzano,19.362151,-99.174988,01,3690
01022A01-RIOMIXUNI,Rio Mixcoac y Universidad,19.359534,-99.172125,01,3691
01022B00-ORIEN102SUR145,Oriente 102 y Sur 145,19.394037,-99.097346,01,3692
01022B00-SUR173OTE102,Sur173 y Ote. 102,19.393588,-99.092659,01,2291
01022B01-BLVUPPICSA,Blvd Puerto Aéreo y UPPICSA BASE,19.395206,-99.09252,01,3693
01022C00-EJE5PUERISPUBLI,Eje 5 La Purísima y  Publicistas,19.377971,-99.09905,01,3694
01022C00-EJE5PURICHURUB,Eje 5 La Purísima y Rio Churubusco,19.378231,-99.100923,01,3683
01022C00-HUALGEREN,Hualquila y Gerentes,19.374149,-99.098582,01,3695
01022C00-RIOCEJE5LAPURI,Rio Churubusco y Eje 5 La Purísima,19.376459,-99.097071,01,3696
01022C01-APACHURUBU,Canal de Apatlaco y Canal de Rio Churubusco,19.37965,-99.096167,01,3697
01022C01-APATEPEH,Canal de Apatlaco y Tepehua,19.379982,-99.099494,01,3698
01022C01-RIOCHUANALIS,Rio de Churubusco y Analistas,19.378646,-99.096512,01,3699
01022C01-RIOCHUAQ,Rio Churubusco y Huaiquila,19.37489,-99.098482,01,3700
01022C01-RIOCHUPURISIM,Rio Churubusco y Purísimas,19.377747,-99.097026,01,3701
01022D00-AV5CALL12,Av. 5 y Calle 12,19.369587,-99.108158,01,3702
01022D00-AV5CALL8,Av. 5  y Calle 8,19.36643,-99.108953,01,3703
01022D00-AV5CAMPESIO,Av. 5 y Campesionos,19.352835,-99.110461,01,3704
01022D00-AV5ERMI,Av. 5 y Ermita,19.356373,-99.111271,01,3705
01022D00-AV5ESCUA201,Av. 5 y Escuadron 201,19.364544,-99.109412,01,3706
01022D00-GRANJBASE,Granjeros BASE,19.351598,-99.110564,01,3707
01022D01-AGUSYAAV5,Agustin Yañez y  Av. 5,19.364864,-99.109296,01,3706
01022D01-AV5CAMP,Av. 5 y Campesinos,19.353196,-99.111099,01,3708
01022D01-AV5ERMI,Av. 5 y Ermita,19.356794,-99.11148,01,3709
01022D01-AV5LEÑA,Av. 5 y Leñadores,19.353933,-99.111069,01,3710
01022D01-AV5SARABIA,Av. 5 y Sarabia,19.360783,-99.110557,01,3711
01022D01-CALL6AV5,Calle 6  y Av. 5,19.364524,-99.10737,01,3712
01022D01-JUAREZC10,Año de Juárez y Calle 10,19.367436,-99.10589,01,3713
01022D01-JUAREZC8,Año de Juárez y Calle 8,19.36591,-99.106508,01,3714
01022D01-RIOCDAREYES,Rio Churubusco y Cerrada los Reyes,19.370647,-99.105736,01,3715
040L12-TASQUEÑA,Tasqueña,19.342846,-99.139594,04,4820
040L12-DIVNTE,División del Norte,19.34219,-99.148832,04,4821
040L12-PACIFICO1,Pacífico,19.33764,-99.150112,04,4822
040L12-EJE101,Eje 10,19.334152,-99.151283,04,4823
040L12-CANTIL1,Cantil,19.329655,-99.15428,04,4824
040L12-MOCTEZUMA1,Moctezuma,19.328257,-99.155442,04,4825
040L12-IXTLIX1,Ixtlixochitl,19.325249,-99.158097,04,4826
040L12-TOPILTZIN1,Topiltzin,19.323442,-99.159652,04,4827
040L12-TEPALC1,Tepalcatzin,19.320447,-99.162351,04,4828
040L12-MOCTECUZOMA1,Moctecuzoma,19.317224,-99.165162,04,4829
040L12-PAPATZIN1,Papatzin,19.314176,-99.167829,04,4830
040L12-CANTERA1,Cantera,19.311884,-99.17085,04,4831
040L12-TITA1,Tita Avendaño,19.31017,-99.174002,04,4832
040L12-CEFIRO1,Cefiro,19.308041,-99.179694,04,4833
040L12-PERISUR,Perisur,19.304892,-99.185954,04,4834
040L12-CEFIRO0,Cefiro,19.307384,-99.180866,04,4835
040L12-TITA0,Tita Avendaño,19.310024,-99.174676,04,4836
040L12-CANTERA0,Cantera,19.311979,-99.170895,04,4831
040L12-PAPATZIN0,Papatzín,19.314285,-99.167957,04,4830
040L12-MOCTECUZOMA0,Moctecuzoma,19.317328,-99.165298,04,4829
040L12-TEPALC0,Tepalcatzin,19.320553,-99.162484,04,4828
040L12-TOPILTZIN0,Topiltzin,19.323544,-99.15978,04,4827
040L12-IXTLIX0,Ixtlixochitl,19.32534,-99.158224,04,4826
040L12-MOCTEZUMA0,Moctezuma,19.328097,-99.155812,04,4825
040L12-CANTIL0,Cantil,19.329607,-99.154391,04,4824
040L12-EJE100,Eje 10,19.333495,-99.151289,04,4837
040L12-PACIFICO0,Pacífico,19.335295,-99.148219,04,4838
040L12-PINOS0,Los Pinos,19.340028,-99.147911,04,4839
100001-ZINAC,Zinacantepec,19.28,-99.695,10,8593
100001-TOLUCA,Toluca Centro,19.27,-99.641,10,8594
100001-METEPEC,Metepec,19.277,-99.575,10,8595
100001-LERMA,Lerma,19.279,-99.515,10,8596
100001-SANTAFE,Santa Fe,19.364,-99.269,10,8597
050115-MTACUBAYA,Metro Tacubaya,19.40203,-99.18733,05,8469
050115-JARDIN,Jardin,19.39348,-99.19702,05,8470
050115-PARALELA3,Paralela 3,19.39229,-99.19925,05,8471
050115-PDIAZ,Porfirio Diaz,19.38011,-99.24411,05,8472
050115-1NOV,Primero de noviembre,19.39016,-99.20585,05,7897
050115-ANADE,Anade,19.39272,-99.19822,05,8473
050115-SUR118,Sur 118,19.39353,-99.19659,05,8470
050115-CANARIO,Calle Canario,19.39603,-99.19316,05,8474
050115-JOAQGALLO,Joaquin gallo,19.37151,-99.26075,05,5827
0800L3-PINOSCONST,Los Pinos Constituyentes,19.41304,-99.19146,08,8513
0800L3-VQUIROGA,Vasco de Quiroga,19.38422,-99.2318,08,8514
0800L3-CINETECA,Cineteca Nacional/Bodega de Arte,19.39121,-99.22905,08,8515
0800L3-PARCUR,PARCUR/Colegio de Arquitectos,19.39678,-99.22217,08,8516
0800L3-PANTDOLORES,Panteón Dolores,19.4073,-99.20097,08,8517
0800L3-CHARRERIA,Charrería,19.39969,-99.21301,08,8518
